ISO-10303-21;
HEADER;
FILE_DESCRIPTION (( 'STEP AP214' ),
    '1' );
FILE_NAME ('Same_Sky_CMT-7525-03-SMT-TR.step',
    '2025-03-13T15:41:19',
    ( '' ),
    ( '' ),
    'SwSTEP 2.0',
    'SolidWorks 2024',
    '' );
FILE_SCHEMA (( 'AUTOMOTIVE_DESIGN' ));
ENDSEC;

DATA;
#1 = EDGE_LOOP ( 'NONE', ( #3361, #764, #1505, #1745 ) ) ;
#2 = DIRECTION ( 'NONE',  ( 0.000000000000000000, 0.000000000000000000, -1.000000000000000000 ) ) ;
#3 = ORIENTED_EDGE ( 'NONE', *, *, #1529, .T. ) ;
#4 = CARTESIAN_POINT ( 'NONE',  ( 0.2519685039370078705, 0.005905511811023621965, -0.04330708661417323468 ) ) ;
#5 = CARTESIAN_POINT ( 'NONE',  ( 0.000000000000000000, 0.000000000000000000, -0.04330708661417323468 ) ) ;
#6 = ADVANCED_FACE ( 'NONE', ( #3397 ), #1759, .F. ) ;
#7 = EDGE_CURVE ( 'NONE', #2571, #1936, #2448, .T. ) ;
#8 = VECTOR ( 'NONE', #1039, 39.37007874015748143 ) ;
#9 = DIMENSIONAL_EXPONENTS ( 1.000000000000000000, 0.000000000000000000, 0.000000000000000000, 0.000000000000000000, 0.000000000000000000, 0.000000000000000000, 0.000000000000000000 ) ;
#10 = VERTEX_POINT ( 'NONE', #1526 ) ;
#11 = DIRECTION ( 'NONE',  ( 0.000000000000000000, 1.000000000000000000, 0.000000000000000000 ) ) ;
#12 = VECTOR ( 'NONE', #1894, 39.37007874015748143 ) ;
#13 = DIRECTION ( 'NONE',  ( 0.000000000000000000, -1.000000000000000000, 0.000000000000000000 ) ) ;
#14 = CARTESIAN_POINT ( 'NONE',  ( 0.2125171209223771784, 0.000000000000000000, 0.000000000000000000 ) ) ;
#15 = VECTOR ( 'NONE', #855, 39.37007874015748143 ) ;
#16 = VECTOR ( 'NONE', #2500, 39.37007874015748143 ) ;
#17 = PLANE ( 'NONE',  #140 ) ;
#18 = FACE_OUTER_BOUND ( 'NONE', #3774, .T. ) ;
#19 = AXIS2_PLACEMENT_3D ( 'NONE', #1491, #468, #1555 ) ;
#20 = COLOUR_RGB ( '',0.7921568627450980005, 0.8196078431372548767, 0.9333333333333333481 ) ;
#21 = LINE ( 'NONE', #3649, #164 ) ;
#22 = CARTESIAN_POINT ( 'NONE',  ( 0.2755905511811023167, 0.007874015748031495954, 0.000000000000000000 ) ) ;
#23 = VERTEX_POINT ( 'NONE', #1847 ) ;
#24 = VECTOR ( 'NONE', #4244, 39.37007874015748143 ) ;
#25 = DIRECTION ( 'NONE',  ( 0.000000000000000000, -1.000000000000000000, 0.000000000000000000 ) ) ;
#26 = ORIENTED_EDGE ( 'NONE', *, *, #4203, .T. ) ;
#27 = DIRECTION ( 'NONE',  ( 1.000000000000000000, 0.000000000000000000, 0.000000000000000000 ) ) ;
#28 = EDGE_LOOP ( 'NONE', ( #2062, #3742, #3222, #3538, #568, #430, #3064, #3549, #2613, #3315, #1270, #270, #4037, #3502 ) ) ;
#29 = CARTESIAN_POINT ( 'NONE',  ( 0.2952755905511810774, 0.000000000000000000, 0.000000000000000000 ) ) ;
#30 = VECTOR ( 'NONE', #1338, 39.37007874015748143 ) ;
#31 = CARTESIAN_POINT ( 'NONE',  ( 0.2423982634753465981, 0.000000000000000000, -0.2474772587960445136 ) ) ;
#32 = ORIENTED_EDGE ( 'NONE', *, *, #3919, .T. ) ;
#33 = CARTESIAN_POINT ( 'NONE',  ( -4.321602884038738329E-18, 0.01377952755905511792, -0.1673228346456692439 ) ) ;
#34 = COLOUR_RGB ( '',0.7921568627450980005, 0.8196078431372548767, 0.9333333333333333481 ) ;
#35 = CARTESIAN_POINT ( 'NONE',  ( 0.04330708661417322081, 0.005905511811023621965, 0.000000000000000000 ) ) ;
#36 = AXIS2_PLACEMENT_3D ( 'NONE', #1054, #3933, #3908 ) ;
#37 = EDGE_CURVE ( 'NONE', #1952, #233, #3156, .T. ) ;
#38 = ORIENTED_EDGE ( 'NONE', *, *, #265, .T. ) ;
#39 = EDGE_CURVE ( 'NONE', #854, #1369, #3723, .T. ) ;
#40 = FACE_BOUND ( 'NONE', #1474, .T. ) ;
#41 = CARTESIAN_POINT ( 'NONE',  ( 0.000000000000000000, 0.09842519685039370636, -0.2519685039370078150 ) ) ;
#42 = FACE_OUTER_BOUND ( 'NONE', #1476, .T. ) ;
#43 = ADVANCED_FACE ( 'NONE', ( #4062 ), #171, .F. ) ;
#44 = DIMENSIONAL_EXPONENTS ( 1.000000000000000000, 0.000000000000000000, 0.000000000000000000, 0.000000000000000000, 0.000000000000000000, 0.000000000000000000, 0.000000000000000000 ) ;
#45 = CARTESIAN_POINT ( 'NONE',  ( 0.2755905511811023167, 0.01377952755905511792, -0.2027559055118110243 ) ) ;
#46 = CARTESIAN_POINT ( 'NONE',  ( 0.01968503937007874682, 0.01377952755905511792, -0.1279527559055117503 ) ) ;
#47 = VERTEX_POINT ( 'NONE', #1783 ) ;
#48 = ORIENTED_EDGE ( 'NONE', *, *, #105, .T. ) ;
#49 = ORIENTED_EDGE ( 'NONE', *, *, #81, .F. ) ;
#50 = CARTESIAN_POINT ( 'NONE',  ( 0.2159380734659533951, 0.000000000000000000, -0.2252485748521993181 ) ) ;
#51 = CARTESIAN_POINT ( 'NONE',  ( 0.2952755905511810774, 0.005905511811023621965, -0.2603201588329113747 ) ) ;
#52 = PLANE ( 'NONE',  #554 ) ;
#53 = ORIENTED_EDGE ( 'NONE', *, *, #129, .F. ) ;
#54 = CARTESIAN_POINT ( 'NONE',  ( 0.2419871213828459766, 0.001181102362204725044, -0.2237765555597085732 ) ) ;
#55 = CARTESIAN_POINT ( 'NONE',  ( 0.2450242994299839938, 0.000000000000000000, -0.2418466451050068911 ) ) ;
#56 = LINE ( 'NONE', #379, #1674 ) ;
#57 = CARTESIAN_POINT ( 'NONE',  ( 0.2519685039370078705, 0.09842519685039370636, -0.2952755905511810774 ) ) ;
#58 = FILL_AREA_STYLE_COLOUR ( '', #4207 ) ;
#59 = LINE ( 'NONE', #1125, #2634 ) ;
#60 = DIRECTION ( 'NONE',  ( 0.000000000000000000, 1.000000000000000000, 0.000000000000000000 ) ) ;
#61 = ADVANCED_FACE ( 'NONE', ( #2168 ), #1178, .F. ) ;
#62 = ADVANCED_FACE ( 'NONE', ( #2120 ), #3766, .T. ) ;
#63 = CARTESIAN_POINT ( 'NONE',  ( 0.2125171209223771784, 0.001181102362204724610, -0.2479511653124368553 ) ) ;
#64 = ORIENTED_EDGE ( 'NONE', *, *, #421, .F. ) ;
#65 = VERTEX_POINT ( 'NONE', #2087 ) ;
#66 = ORIENTED_EDGE ( 'NONE', *, *, #565, .T. ) ;
#67 = CARTESIAN_POINT ( 'NONE',  ( 0.2296708417437458849, 0.001181102362204724176, -0.2365996786877646862 ) ) ;
#68 = DIRECTION ( 'NONE',  ( -1.000000000000000000, 0.000000000000000000, 0.000000000000000000 ) ) ;
#69 = ORIENTED_EDGE ( 'NONE', *, *, #4098, .F. ) ;
#70 = ADVANCED_BREP_SHAPE_REPRESENTATION ( 'Same_Sky_CMT-7525-03-SMT-TR', ( #3689, #800, #3666, #3754, #3756, #958, #965, #867, #3714, #1542 ), #652 ) ;
#71 = PLANE ( 'NONE',  #1105 ) ;
#72 = CARTESIAN_POINT ( 'NONE',  ( 0.2412964182470536956, 0.001181102362204724176, -0.2281510087530594089 ) ) ;
#73 = DIRECTION ( 'NONE',  ( 0.000000000000000000, 0.000000000000000000, -1.000000000000000000 ) ) ;
#74 = ORIENTED_EDGE ( 'NONE', *, *, #236, .T. ) ;
#75 = LINE ( 'NONE', #316, #2201 ) ;
#76 = CARTESIAN_POINT ( 'NONE',  ( 0.06731011842309610194, 0.09842519685039370636, -0.2111574609974264938 ) ) ;
#77 = VECTOR ( 'NONE', #3496, 39.37007874015748143 ) ;
#78 = CARTESIAN_POINT ( 'NONE',  ( 0.2755905511811023167, 0.01377952755905511792, -0.2027559055118110243 ) ) ;
#79 = AXIS2_PLACEMENT_3D ( 'NONE', #3782, #3437, #3827 ) ;
#80 = ADVANCED_FACE ( 'NONE', ( #4115 ), #463, .T. ) ;
#81 = EDGE_CURVE ( 'NONE', #1648, #3777, #450, .T. ) ;
#82 = ORIENTED_EDGE ( 'NONE', *, *, #2690, .T. ) ;
#83 = VECTOR ( 'NONE', #3194, 39.37007874015748143 ) ;
#84 = ORIENTED_EDGE ( 'NONE', *, *, #3443, .T. ) ;
#85 = EDGE_CURVE ( 'NONE', #2173, #2441, #787, .T. ) ;
#86 = FILL_AREA_STYLE_COLOUR ( '', #34 ) ;
#87 = PLANE ( 'NONE',  #1113 ) ;
#88 = VECTOR ( 'NONE', #187, 39.37007874015748143 ) ;
#89 = VERTEX_POINT ( 'NONE', #3078 ) ;
#90 = CARTESIAN_POINT ( 'NONE',  ( 0.2474704235050325385, 0.001181102362204727863, -0.2264689855057832046 ) ) ;
#91 = CARTESIAN_POINT ( 'NONE',  ( 0.04330708661417322081, 0.09842519685039370636, -1.067128122525102820E-18 ) ) ;
#92 = AXIS2_PLACEMENT_3D ( 'NONE', #3612, #663, #3290 ) ;
#93 = FACE_BOUND ( 'NONE', #2386, .T. ) ;
#94 = ORIENTED_EDGE ( 'NONE', *, *, #3301, .T. ) ;
#95 = VECTOR ( 'NONE', #813, 39.37007874015748143 ) ;
#96 = DIRECTION ( 'NONE',  ( 0.000000000000000000, 0.000000000000000000, -1.000000000000000000 ) ) ;
#97 = DIRECTION ( 'NONE',  ( 1.000000000000000000, 0.000000000000000000, 0.000000000000000000 ) ) ;
#98 = VECTOR ( 'NONE', #2946, 39.37007874015748143 ) ;
#99 = UNCERTAINTY_MEASURE_WITH_UNIT (LENGTH_MEASURE( 1.000000000000000082E-05 ), #431, 'distance_accuracy_value', 'NONE');
#100 = LINE ( 'NONE', #1052, #3866 ) ;
#101 = LENGTH_MEASURE_WITH_UNIT ( LENGTH_MEASURE( 0.02539999999999999897 ), #3001 );
#102 = VERTEX_POINT ( 'NONE', #147 ) ;
#103 = ORIENTED_EDGE ( 'NONE', *, *, #2774, .F. ) ;
#104 = PLANE ( 'NONE',  #3392 ) ;
#105 = EDGE_CURVE ( 'NONE', #1841, #3830, #507, .T. ) ;
#106 = CARTESIAN_POINT ( 'NONE',  ( 0.2285398033068938295, 0.001181102362204726995, -0.2411956145366499493 ) ) ;
#107 = VERTEX_POINT ( 'NONE', #485 ) ;
#108 = FILL_AREA_STYLE ('',( #1469 ) ) ;
#109 = CARTESIAN_POINT ( 'NONE',  ( 0.2364952633835375184, 0.000000000000000000, -0.2411042272248341833 ) ) ;
#110 = PLANE ( 'NONE',  #3319 ) ;
#111 = EDGE_CURVE ( 'NONE', #4041, #3298, #3806, .T. ) ;
#112 = EDGE_CURVE ( 'NONE', #608, #2424, #2105, .T. ) ;
#113 = EDGE_LOOP ( 'NONE', ( #1964, #2789, #1925, #3620, #1374, #2125 ) ) ;
#114 = DIRECTION ( 'NONE',  ( -1.000000000000000000, 0.000000000000000000, 0.000000000000000000 ) ) ;
#115 = CARTESIAN_POINT ( 'NONE',  ( 0.2952755905511810774, 0.000000000000000000, -0.09251968503937006705 ) ) ;
#116 = LINE ( 'NONE', #2730, #1951 ) ;
#117 = ORIENTED_EDGE ( 'NONE', *, *, #631, .F. ) ;
#118 = EDGE_LOOP ( 'NONE', ( #3685, #1243, #1078, #998 ) ) ;
#119 = DIRECTION ( 'NONE',  ( -1.000000000000000000, 0.000000000000000000, 0.000000000000000000 ) ) ;
#120 = FILL_AREA_STYLE ('',( #142 ) ) ;
#121 = CARTESIAN_POINT ( 'NONE',  ( 0.2523777795902025778, 0.001181102362204726995, -0.2356632060749228874 ) ) ;
#122 = ORIENTED_EDGE ( 'NONE', *, *, #635, .T. ) ;
#123 = PRESENTATION_STYLE_ASSIGNMENT (( #802 ) ) ;
#124 = EDGE_CURVE ( 'NONE', #1885, #3061, #1807, .T. ) ;
#125 = FACE_OUTER_BOUND ( 'NONE', #4223, .T. ) ;
#126 = CARTESIAN_POINT ( 'NONE',  ( 0.2473715883965013074, 0.000000000000000000, -0.2394271304464066774 ) ) ;
#127 = FACE_OUTER_BOUND ( 'NONE', #492, .T. ) ;
#128 = ORIENTED_EDGE ( 'NONE', *, *, #979, .F. ) ;
#129 = EDGE_CURVE ( 'NONE', #2895, #941, #3778, .T. ) ;
#130 = DIRECTION ( 'NONE',  ( 1.000000000000000000, 0.000000000000000000, 0.000000000000000000 ) ) ;
#131 = EDGE_CURVE ( 'NONE', #2291, #879, #1158, .T. ) ;
#132 =( LENGTH_UNIT ( ) NAMED_UNIT ( * ) SI_UNIT ( $, .METRE. ) );
#133 = CARTESIAN_POINT ( 'NONE',  ( 0.000000000000000000, 0.005905511811023621965, 0.000000000000000000 ) ) ;
#134 = LINE ( 'NONE', #1460, #2219 ) ;
#135 = APPLICATION_PROTOCOL_DEFINITION ( 'draft international standard', 'automotive_design', 1998, #2858 ) ;
#136 = AXIS2_PLACEMENT_3D ( 'NONE', #793, #3752, #2112 ) ;
#137 = ORIENTED_EDGE ( 'NONE', *, *, #3331, .T. ) ;
#138 = ORIENTED_EDGE ( 'NONE', *, *, #1583, .F. ) ;
#139 = VECTOR ( 'NONE', #25, 39.37007874015748143 ) ;
#140 = AXIS2_PLACEMENT_3D ( 'NONE', #1716, #1027, #636 ) ;
#141 = LINE ( 'NONE', #3115, #2024 ) ;
#142 = FILL_AREA_STYLE_COLOUR ( '', #20 ) ;
#143 = FACE_OUTER_BOUND ( 'NONE', #1441, .T. ) ;
#144 = ORIENTED_EDGE ( 'NONE', *, *, #3372, .T. ) ;
#145 = AXIS2_PLACEMENT_3D ( 'NONE', #4217, #654, #3285 ) ;
#146 = LINE ( 'NONE', #1157, #2408 ) ;
#147 = CARTESIAN_POINT ( 'NONE',  ( 0.04330708661417322081, 0.005905511811023620231, 4.268512490100411279E-18 ) ) ;
#148 = DIRECTION ( 'NONE',  ( -0.000000000000000000, -1.000000000000000000, -0.000000000000000000 ) ) ;
#149 = CARTESIAN_POINT ( 'NONE',  ( 0.2952755905511810774, 0.007874015748031495954, -0.09251968503937006705 ) ) ;
#150 = VECTOR ( 'NONE', #594, 39.37007874015748143 ) ;
#151 = ORIENTED_EDGE ( 'NONE', *, *, #1134, .F. ) ;
#152 = CARTESIAN_POINT ( 'NONE',  ( 0.2204156618412838886, 0.000000000000000000, -0.2346043530049621850 ) ) ;
#153 = ORIENTED_EDGE ( 'NONE', *, *, #2129, .F. ) ;
#154 = CARTESIAN_POINT ( 'NONE',  ( 0.2952755905511810774, 0.01377952755905511792, -0.1673228346456692994 ) ) ;
#155 = VECTOR ( 'NONE', #3712, 39.37007874015748143 ) ;
#156 = DIRECTION ( 'NONE',  ( 0.000000000000000000, 0.000000000000000000, 1.000000000000000000 ) ) ;
#157 = ADVANCED_FACE ( 'NONE', ( #125 ), #824, .T. ) ;
#158 = COLOUR_RGB ( '',0.7921568627450980005, 0.8196078431372548767, 0.9333333333333333481 ) ;
#159 = ADVANCED_FACE ( 'NONE', ( #1273 ), #3073, .F. ) ;
#160 = ORIENTED_EDGE ( 'NONE', *, *, #929, .T. ) ;
#161 = VECTOR ( 'NONE', #1240, 39.37007874015748143 ) ;
#162 = LINE ( 'NONE', #3412, #1679 ) ;
#163 = EDGE_CURVE ( 'NONE', #1057, #1830, #2836, .T. ) ;
#164 = VECTOR ( 'NONE', #3018, 39.37007874015748143 ) ;
#165 = ORIENTED_EDGE ( 'NONE', *, *, #350, .T. ) ;
#166 = DIRECTION ( 'NONE',  ( 0.000000000000000000, 0.000000000000000000, 1.000000000000000000 ) ) ;
#167 = LENGTH_MEASURE_WITH_UNIT ( LENGTH_MEASURE( 0.02539999999999999897 ), #782 );
#168 = FACE_OUTER_BOUND ( 'NONE', #3763, .T. ) ;
#169 = ORIENTED_EDGE ( 'NONE', *, *, #1662, .F. ) ;
#170 = SURFACE_SIDE_STYLE ('',( #1098 ) ) ;
#171 = PLANE ( 'NONE',  #359 ) ;
#172 = CARTESIAN_POINT ( 'NONE',  ( 0.2418055602775336654, 0.001181102362204736753, -0.2283510142210174731 ) ) ;
#173 = DIRECTION ( 'NONE',  ( 0.000000000000000000, -1.000000000000000000, 0.000000000000000000 ) ) ;
#174 = DIRECTION ( 'NONE',  ( 0.000000000000000000, 0.000000000000000000, -1.000000000000000000 ) ) ;
#175 = ORIENTED_EDGE ( 'NONE', *, *, #4201, .F. ) ;
#176 = CARTESIAN_POINT ( 'NONE',  ( 0.2166613397371305871, 0.000000000000000000, -0.2313742900534231928 ) ) ;
#177 = ORIENTED_EDGE ( 'NONE', *, *, #2340, .F. ) ;
#178 = DIRECTION ( 'NONE',  ( 1.000000000000000000, 0.000000000000000000, 0.000000000000000000 ) ) ;
#179 = CARTESIAN_POINT ( 'NONE',  ( 0.000000000000000000, 0.005905511811023620231, -0.04330708661417323468 ) ) ;
#180 = ADVANCED_FACE ( 'NONE', ( #4134 ), #1534, .F. ) ;
#181 = CARTESIAN_POINT ( 'NONE',  ( 0.2952755905511810774, 0.007874015748031495954, -0.09251968503937006705 ) ) ;
#182 = EDGE_CURVE ( 'NONE', #808, #1397, #1958, .T. ) ;
#183 = ADVANCED_FACE ( 'NONE', ( #960 ), #17, .F. ) ;
#184 = VERTEX_POINT ( 'NONE', #2363 ) ;
#185 = DIRECTION ( 'NONE',  ( 0.000000000000000000, 0.000000000000000000, 1.000000000000000000 ) ) ;
#186 = EDGE_CURVE ( 'NONE', #2175, #1619, #2598, .T. ) ;
#187 = DIRECTION ( 'NONE',  ( 0.000000000000000000, 0.000000000000000000, -1.000000000000000000 ) ) ;
#188 = VERTEX_POINT ( 'NONE', #3311 ) ;
#189 = CARTESIAN_POINT ( 'NONE',  ( 0.000000000000000000, 0.09724409448818897850, 0.000000000000000000 ) ) ;
#190 = DIRECTION ( 'NONE',  ( 1.000000000000000000, 0.000000000000000000, 0.000000000000000000 ) ) ;
#191 = CARTESIAN_POINT ( 'NONE',  ( 0.2125171209223771784, 0.001181102362204724827, -0.2479511653124368553 ) ) ;
#192 = ORIENTED_EDGE ( 'NONE', *, *, #2290, .T. ) ;
#193 = LINE ( 'NONE', #2536, #1949 ) ;
#194 = VERTEX_POINT ( 'NONE', #1342 ) ;
#195 = CARTESIAN_POINT ( 'NONE',  ( 0.2755905511811023167, 0.09842519685039370636, -0.1476377952755905665 ) ) ;
#196 = DIRECTION ( 'NONE',  ( 1.000000000000000000, 0.000000000000000000, 0.000000000000000000 ) ) ;
#197 = ORIENTED_EDGE ( 'NONE', *, *, #920, .T. ) ;
#198 = CARTESIAN_POINT ( 'NONE',  ( 0.000000000000000000, 0.007874015748031495954, 0.000000000000000000 ) ) ;
#199 = CARTESIAN_POINT ( 'NONE',  ( 0.2755905511811023167, 0.01377952755905511792, -0.09251968503937006705 ) ) ;
#200 = LINE ( 'NONE', #959, #4069 ) ;
#201 = CARTESIAN_POINT ( 'NONE',  ( 0.2502751504790298731, 0.000000000000000000, -0.2292231230771135109 ) ) ;
#202 = ORIENTED_EDGE ( 'NONE', *, *, #2038, .T. ) ;
#203 = PLANE ( 'NONE',  #1539 ) ;
#204 = VECTOR ( 'NONE', #838, 39.37007874015748143 ) ;
#205 = PLANE ( 'NONE',  #3389 ) ;
#206 = EDGE_CURVE ( 'NONE', #252, #3407, #2272, .T. ) ;
#207 = ADVANCED_FACE ( 'NONE', ( #363 ), #1634, .F. ) ;
#208 = ORIENTED_EDGE ( 'NONE', *, *, #105, .F. ) ;
#209 = CARTESIAN_POINT ( 'NONE',  ( 0.2519685039370078705, 0.09842519685039370636, 0.000000000000000000 ) ) ;
#210 = DIRECTION ( 'NONE',  ( -1.000000000000000000, 0.000000000000000000, 0.000000000000000000 ) ) ;
#211 = VECTOR ( 'NONE', #542, 39.37007874015748143 ) ;
#212 = CARTESIAN_POINT ( 'NONE',  ( 0.000000000000000000, 0.01377952755905511792, -0.1279527559055117503 ) ) ;
#213 = CARTESIAN_POINT ( 'NONE',  ( 0.2134380584367668587, 0.001181102362204724393, -0.2246974930740982257 ) ) ;
#214 = ORIENTED_EDGE ( 'NONE', *, *, #3081, .F. ) ;
#215 = CARTESIAN_POINT ( 'NONE',  ( 0.1476377952755905387, 0.007874015748031495954, -0.04724409448818890633 ) ) ;
#216 = VECTOR ( 'NONE', #3855, 39.37007874015748143 ) ;
#217 = CLOSED_SHELL ( 'NONE', ( #4118, #207, #2554, #1788, #3374, #3739 ) ) ;
#218 = ORIENTED_EDGE ( 'NONE', *, *, #3634, .F. ) ;
#219 = CARTESIAN_POINT ( 'NONE',  ( 0.01968503937007875376, 0.000000000000000000, -0.1771653543307086243 ) ) ;
#220 = AXIS2_PLACEMENT_3D ( 'NONE', #3209, #259, #3621 ) ;
#221 = VECTOR ( 'NONE', #4013, 39.37007874015748143 ) ;
#222 = VERTEX_POINT ( 'NONE', #2669 ) ;
#223 = VECTOR ( 'NONE', #866, 39.37007874015748143 ) ;
#224 = CARTESIAN_POINT ( 'NONE',  ( 0.2441151679336857894, 0.000000000000000000, -0.2295100913512183316 ) ) ;
#225 = LINE ( 'NONE', #3467, #1738 ) ;
#226 = CARTESIAN_POINT ( 'NONE',  ( 0.000000000000000000, 0.000000000000000000, -0.2519685039370078150 ) ) ;
#227 = DIRECTION ( 'NONE',  ( 0.000000000000000000, 1.000000000000000000, 0.000000000000000000 ) ) ;
#228 = AXIS2_PLACEMENT_3D ( 'NONE', #4205, #587, #865 ) ;
#229 = CARTESIAN_POINT ( 'NONE',  ( 0.2204156618412838886, 0.001181102362204724610, -0.2346043530049621850 ) ) ;
#230 = ORIENTED_EDGE ( 'NONE', *, *, #1985, .T. ) ;
#231 = CARTESIAN_POINT ( 'NONE',  ( 0.04330708661417322081, 0.000000000000000000, -0.2519685039370078150 ) ) ;
#232 = LINE ( 'NONE', #1935, #1180 ) ;
#233 = VERTEX_POINT ( 'NONE', #2301 ) ;
#234 = DIRECTION ( 'NONE',  ( -0.000000000000000000, -1.000000000000000000, -0.000000000000000000 ) ) ;
#235 = CARTESIAN_POINT ( 'NONE',  ( 0.2440046036314134081, 0.000000000000000000, -0.2473642006701784468 ) ) ;
#236 = EDGE_CURVE ( 'NONE', #2446, #391, #3611, .T. ) ;
#237 = FACE_OUTER_BOUND ( 'NONE', #3246, .T. ) ;
#238 = CARTESIAN_POINT ( 'NONE',  ( 0.2478045811609084215, 0.001181102362204736753, -0.2383759301655974383 ) ) ;
#239 = ORIENTED_EDGE ( 'NONE', *, *, #2203, .T. ) ;
#240 = CARTESIAN_POINT ( 'NONE',  ( 0.2397826947586081947, 0.000000000000000000, -0.2472526305132199953 ) ) ;
#241 = ORIENTED_EDGE ( 'NONE', *, *, #3356, .T. ) ;
#242 = FACE_OUTER_BOUND ( 'NONE', #4216, .T. ) ;
#243 = CARTESIAN_POINT ( 'NONE',  ( 0.2364952633835375184, 0.000000000000000000, -0.2411042272248341833 ) ) ;
#244 = ADVANCED_FACE ( 'NONE', ( #660 ), #1979, .F. ) ;
#245 = EDGE_CURVE ( 'NONE', #3471, #3182, #2133, .T. ) ;
#246 = ADVANCED_FACE ( 'NONE', ( #3448 ), #2711, .F. ) ;
#247 = ORIENTED_EDGE ( 'NONE', *, *, #1107, .T. ) ;
#248 = DIRECTION ( 'NONE',  ( 0.000000000000000000, 0.000000000000000000, 1.000000000000000000 ) ) ;
#249 = DIRECTION ( 'NONE',  ( 1.000000000000000000, 0.000000000000000000, 0.000000000000000000 ) ) ;
#250 = DIMENSIONAL_EXPONENTS ( 1.000000000000000000, 0.000000000000000000, 0.000000000000000000, 0.000000000000000000, 0.000000000000000000, 0.000000000000000000, 0.000000000000000000 ) ;
#251 = CARTESIAN_POINT ( 'NONE',  ( 0.2515857852975623143, 0.000000000000000000, -0.2316297479556460870 ) ) ;
#252 = VERTEX_POINT ( 'NONE', #734 ) ;
#253 = CARTESIAN_POINT ( 'NONE',  ( 0.2755905511811023167, 0.01377952755905511792, -0.2027559055118110243 ) ) ;
#254 = CARTESIAN_POINT ( 'NONE',  ( 0.04330708661417322081, 0.000000000000000000, -0.04330708661417323468 ) ) ;
#255 = EDGE_LOOP ( 'NONE', ( #684, #1166, #3821, #810 ) ) ;
#256 = CARTESIAN_POINT ( 'NONE',  ( 0.2519685039370078705, 0.005905511811023621965, 0.000000000000000000 ) ) ;
#257 = CARTESIAN_POINT ( 'NONE',  ( 0.2524468610152140191, 0.001181102362204724610, -0.2374582370148601296 ) ) ;
#258 = CARTESIAN_POINT ( 'NONE',  ( 0.2519685039370078705, 0.005905511811023586403, -0.2952755905511810774 ) ) ;
#259 = DIRECTION ( 'NONE',  ( 0.000000000000000000, -1.000000000000000000, 0.000000000000000000 ) ) ;
#260 = CARTESIAN_POINT ( 'NONE',  ( 0.2416560278954011931, 0.001181102362204736753, -0.2426386949885412925 ) ) ;
#261 = DIRECTION ( 'NONE',  ( -1.000000000000000000, 0.000000000000000000, 0.000000000000000000 ) ) ;
#262 = CARTESIAN_POINT ( 'NONE',  ( 0.04724409448818898960, 0.000000000000000000, -0.1181102362204723977 ) ) ;
#263 = ADVANCED_FACE ( 'NONE', ( #2521 ), #1835, .F. ) ;
#264 = ORIENTED_EDGE ( 'NONE', *, *, #1263, .T. ) ;
#265 = EDGE_CURVE ( 'NONE', #3757, #3794, #859, .T. ) ;
#266 = ORIENTED_EDGE ( 'NONE', *, *, #85, .F. ) ;
#267 = CARTESIAN_POINT ( 'NONE',  ( 0.01968503937007875376, 0.007874015748031495954, -0.2027559055118109688 ) ) ;
#268 = DIRECTION ( 'NONE',  ( 1.000000000000000000, 0.000000000000000000, 0.000000000000000000 ) ) ;
#269 = CARTESIAN_POINT ( 'NONE',  ( 0.2455386879503793085, 0.000000000000000000, -0.2252840180546854532 ) ) ;
#270 = ORIENTED_EDGE ( 'NONE', *, *, #3130, .F. ) ;
#271 = PRODUCT_DEFINITION_CONTEXT ( 'detailed design', #2858, 'design' ) ;
#272 = LINE ( 'NONE', #3520, #1477 ) ;
#273 = DIRECTION ( 'NONE',  ( 0.000000000000000000, 0.000000000000000000, -1.000000000000000000 ) ) ;
#274 = ORIENTED_EDGE ( 'NONE', *, *, #2795, .T. ) ;
#275 = LINE ( 'NONE', #1591, #816 ) ;
#276 = CARTESIAN_POINT ( 'NONE',  ( 0.2293582098258634128, 0.000000000000000000, -0.2418060450149789042 ) ) ;
#277 = CARTESIAN_POINT ( 'NONE',  ( 0.1476377952755905387, 0.007874015748031495954, -0.07086614173228343583 ) ) ;
#278 = ORIENTED_EDGE ( 'NONE', *, *, #3486, .T. ) ;
#279 = CARTESIAN_POINT ( 'NONE',  ( 0.07518413417112761177, 0.09842519685039370636, -0.2387165161155367921 ) ) ;
#280 = CARTESIAN_POINT ( 'NONE',  ( 0.2468564010061902181, 0.001181102362204736753, -0.2325747723257934607 ) ) ;
#281 = PRESENTATION_STYLE_ASSIGNMENT (( #3463 ) ) ;
#282 = CARTESIAN_POINT ( 'NONE',  ( 0.2490430008121971572, 0.000000000000000000, -0.2450557421702466709 ) ) ;
#283 = VERTEX_POINT ( 'NONE', #531 ) ;
#284 = PRESENTATION_LAYER_ASSIGNMENT (  '', '', ( #4051 ) ) ;
#285 = FACE_OUTER_BOUND ( 'NONE', #1659, .T. ) ;
#286 = AXIS2_PLACEMENT_3D ( 'NONE', #2665, #693, #493 ) ;
#287 = VECTOR ( 'NONE', #3067, 39.37007874015748143 ) ;
#288 = ORIENTED_EDGE ( 'NONE', *, *, #2095, .T. ) ;
#289 = ORIENTED_EDGE ( 'NONE', *, *, #245, .F. ) ;
#290 = VECTOR ( 'NONE', #1453, 39.37007874015748143 ) ;
#291 = CARTESIAN_POINT ( 'NONE',  ( 0.000000000000000000, 0.005905511811023621965, -0.04330708661417323468 ) ) ;
#292 = ADVANCED_FACE ( 'NONE', ( #3837 ), #3485, .F. ) ;
#293 = CARTESIAN_POINT ( 'NONE',  ( 0.2559055118110236671, 0.07480314960629921850, -0.1003937007874015908 ) ) ;
#294 = AXIS2_PLACEMENT_3D ( 'NONE', #2752, #3744, #521 ) ;
#295 = CARTESIAN_POINT ( 'NONE',  ( 0.2170964463368089958, 0.000000000000000000, -0.2317492321286260537 ) ) ;
#296 = VECTOR ( 'NONE', #3975, 39.37007874015748143 ) ;
#297 = EDGE_LOOP ( 'NONE', ( #3935, #2282, #522, #462 ) ) ;
#298 = DIRECTION ( 'NONE',  ( 0.000000000000000000, 0.000000000000000000, 1.000000000000000000 ) ) ;
#299 = ADVANCED_FACE ( 'NONE', ( #1541 ), #882, .T. ) ;
#300 = LINE ( 'NONE', #1219, #2570 ) ;
#301 = CARTESIAN_POINT ( 'NONE',  ( 0.01968503937007875029, 0.01377952755905511792, -0.1673228346456692439 ) ) ;
#302 = VECTOR ( 'NONE', #340, 39.37007874015748143 ) ;
#303 = VERTEX_POINT ( 'NONE', #4129 ) ;
#304 = LINE ( 'NONE', #3847, #3926 ) ;
#305 = CARTESIAN_POINT ( 'NONE',  ( 0.2479941578986147310, 0.000000000000000000, -0.2458094797552823341 ) ) ;
#306 = DIRECTION ( 'NONE',  ( 0.000000000000000000, 1.000000000000000000, 0.000000000000000000 ) ) ;
#307 = VERTEX_POINT ( 'NONE', #2810 ) ;
#308 = CARTESIAN_POINT ( 'NONE',  ( 0.01968503937007874682, 0.007874015748031495954, 0.000000000000000000 ) ) ;
#309 = STYLED_ITEM ( 'NONE', ( #4023 ), #3754 ) ;
#310 =( CONVERSION_BASED_UNIT ( 'INCH', #3896 ) LENGTH_UNIT ( ) NAMED_UNIT ( #250 ) );
#311 = DIRECTION ( 'NONE',  ( 0.000000000000000000, 0.000000000000000000, -1.000000000000000000 ) ) ;
#312 = ORIENTED_EDGE ( 'NONE', *, *, #1671, .F. ) ;
#313 = PLANE ( 'NONE',  #3103 ) ;
#314 = VERTEX_POINT ( 'NONE', #179 ) ;
#315 = VERTEX_POINT ( 'NONE', #514 ) ;
#316 = CARTESIAN_POINT ( 'NONE',  ( 0.2755905511811023167, 0.007874015748031495954, -0.2027559055118110243 ) ) ;
#317 = LINE ( 'NONE', #2997, #30 ) ;
#318 = CARTESIAN_POINT ( 'NONE',  ( 0.04330708661417322081, 0.000000000000000000, 0.000000000000000000 ) ) ;
#319 = EDGE_CURVE ( 'NONE', #2330, #4083, #225, .T. ) ;
#320 = DIRECTION ( 'NONE',  ( -1.000000000000000000, 0.000000000000000000, -1.971276677246371272E-16 ) ) ;
#321 = CARTESIAN_POINT ( 'NONE',  ( 0.04330708661417322081, 0.000000000000000000, 0.000000000000000000 ) ) ;
#322 = CARTESIAN_POINT ( 'NONE',  ( 0.2166613397371305871, 0.001181102362204724610, -0.2313742900534231928 ) ) ;
#323 = DIRECTION ( 'NONE',  ( 1.204669080539449837E-16, 0.000000000000000000, -1.000000000000000000 ) ) ;
#324 = EDGE_CURVE ( 'NONE', #2205, #2313, #2857, .T. ) ;
#325 = ORIENTED_EDGE ( 'NONE', *, *, #3445, .T. ) ;
#326 = ADVANCED_FACE ( 'NONE', ( #4155 ), #1214, .T. ) ;
#327 = DIRECTION ( 'NONE',  ( -1.000000000000000000, 0.000000000000000000, 0.000000000000000000 ) ) ;
#328 = CARTESIAN_POINT ( 'NONE',  ( 0.2516632532310873471, 0.000000000000000000, -0.2413279923327273924 ) ) ;
#329 = CARTESIAN_POINT ( 'NONE',  ( 0.2952755905511810774, 0.005905511811023621965, -0.2519685039370078705 ) ) ;
#330 = ORIENTED_EDGE ( 'NONE', *, *, #3550, .T. ) ;
#331 = CARTESIAN_POINT ( 'NONE',  ( 0.000000000000000000, 0.09842519685039370636, -0.09251968503937003929 ) ) ;
#332 = FILL_AREA_STYLE ('',( #86 ) ) ;
#333 = DIRECTION ( 'NONE',  ( -1.000000000000000000, 0.000000000000000000, 0.000000000000000000 ) ) ;
#334 = VERTEX_POINT ( 'NONE', #2464 ) ;
#335 = CARTESIAN_POINT ( 'NONE',  ( 0.2952755905511810774, 0.005905511811023612424, -0.2519685039370078705 ) ) ;
#336 = FACE_OUTER_BOUND ( 'NONE', #118, .T. ) ;
#337 = EDGE_LOOP ( 'NONE', ( #264, #3162, #1686, #2398 ) ) ;
#338 = LINE ( 'NONE', #2644, #3857 ) ;
#339 = SURFACE_SIDE_STYLE ('',( #2973 ) ) ;
#340 = DIRECTION ( 'NONE',  ( 0.000000000000000000, 1.000000000000000000, 0.000000000000000000 ) ) ;
#341 = CARTESIAN_POINT ( 'NONE',  ( 0.03581405543097011812, 0.09724409448818897850, -0.2387165161155367921 ) ) ;
#342 = CARTESIAN_POINT ( 'NONE',  ( 0.2559055118110236671, 0.08661417322834646937, -0.1948818897637795144 ) ) ;
#343 = CARTESIAN_POINT ( 'NONE',  ( 0.01968503937007875376, 0.007874015748031495954, -0.2027559055118109688 ) ) ;
#344 = FACE_OUTER_BOUND ( 'NONE', #655, .T. ) ;
#345 = ORIENTED_EDGE ( 'NONE', *, *, #3303, .F. ) ;
#346 = DIRECTION ( 'NONE',  ( 0.000000000000000000, 0.000000000000000000, -1.000000000000000000 ) ) ;
#347 = CARTESIAN_POINT ( 'NONE',  ( 0.04330708661417322081, 0.005905511811023621965, -0.2952755905511810219 ) ) ;
#348 = ORIENTED_EDGE ( 'NONE', *, *, #3081, .T. ) ;
#349 = CARTESIAN_POINT ( 'NONE',  ( 0.2952755905511810774, 0.09842519685039370636, -0.1948818897637795144 ) ) ;
#350 = EDGE_CURVE ( 'NONE', #1787, #2227, #769, .T. ) ;
#351 = EDGE_CURVE ( 'NONE', #3205, #1811, #467, .T. ) ;
#352 = CARTESIAN_POINT ( 'NONE',  ( 0.2276769841937895389, 0.001181102362204726995, -0.2405381256320099359 ) ) ;
#353 = VERTEX_POINT ( 'NONE', #3123 ) ;
#354 = PLANE ( 'NONE',  #2635 ) ;
#355 = MECHANICAL_DESIGN_GEOMETRIC_PRESENTATION_REPRESENTATION (  '', ( #2198 ), #3646 ) ;
#356 = ORIENTED_EDGE ( 'NONE', *, *, #1106, .F. ) ;
#357 = FACE_BOUND ( 'NONE', #1927, .T. ) ;
#358 = VECTOR ( 'NONE', #381, 39.37007874015748854 ) ;
#359 = AXIS2_PLACEMENT_3D ( 'NONE', #1121, #803, #190 ) ;
#360 = LINE ( 'NONE', #1286, #3604 ) ;
#361 = CARTESIAN_POINT ( 'NONE',  ( 0.2440944881889763884, 0.09724409448818897850, -0.1318897637795275468 ) ) ;
#362 = AXIS2_PLACEMENT_3D ( 'NONE', #2790, #2808, #1146 ) ;
#363 = FACE_OUTER_BOUND ( 'NONE', #2792, .T. ) ;
#364 = CARTESIAN_POINT ( 'NONE',  ( 0.2952755905511810774, 0.007874015748031495954, -0.1279527559055117780 ) ) ;
#365 = CIRCLE ( 'NONE', #3447, 0.01181102362204726648 ) ;
#366 = ORIENTED_EDGE ( 'NONE', *, *, #1983, .F. ) ;
#367 = AXIS2_PLACEMENT_3D ( 'NONE', #2249, #3199, #268 ) ;
#368 = ORIENTED_EDGE ( 'NONE', *, *, #3059, .T. ) ;
#369 = ORIENTED_EDGE ( 'NONE', *, *, #324, .F. ) ;
#370 = CARTESIAN_POINT ( 'NONE',  ( 0.2189791247458602874, 0.001181102362204724176, -0.2272094099644471066 ) ) ;
#371 = SURFACE_SIDE_STYLE ('',( #2029 ) ) ;
#372 = STYLED_ITEM ( 'NONE', ( #2412 ), #3689 ) ;
#373 = CARTESIAN_POINT ( 'NONE',  ( 0.2490430008121971572, 0.001181102362204726995, -0.2450557421702466709 ) ) ;
#374 = ORIENTED_EDGE ( 'NONE', *, *, #351, .T. ) ;
#375 = CARTESIAN_POINT ( 'NONE',  ( 0.01968503937007873988, 0.000000000000000000, -0.09251968503937003929 ) ) ;
#376 = EDGE_CURVE ( 'NONE', #1057, #188, #789, .T. ) ;
#377 = VECTOR ( 'NONE', #4160, 39.37007874015748143 ) ;
#378 = CARTESIAN_POINT ( 'NONE',  ( 0.2478045811609084215, 0.001181102362204724176, -0.2383759301655974383 ) ) ;
#379 = CARTESIAN_POINT ( 'NONE',  ( 0.01968503937007874682, 0.01377952755905511792, -0.1279527559055117503 ) ) ;
#380 = ADVANCED_FACE ( 'NONE', ( #805 ), #1473, .T. ) ;
#381 = DIRECTION ( 'NONE',  ( -0.7071067811865474617, -0.000000000000000000, -0.7071067811865474617 ) ) ;
#382 = EDGE_CURVE ( 'NONE', #941, #1648, #452, .T. ) ;
#383 = LINE ( 'NONE', #3334, #3733 ) ;
#384 = DIRECTION ( 'NONE',  ( 1.000000000000000000, 0.000000000000000000, 0.000000000000000000 ) ) ;
#385 = PLANE ( 'NONE',  #2710 ) ;
#386 = LINE ( 'NONE', #63, #1886 ) ;
#387 = ORIENTED_EDGE ( 'NONE', *, *, #1868, .F. ) ;
#388 = ORIENTED_EDGE ( 'NONE', *, *, #2879, .T. ) ;
#389 = CARTESIAN_POINT ( 'NONE',  ( 0.2296708417437458849, 0.000000000000000000, -0.2365996786877646862 ) ) ;
#390 = CARTESIAN_POINT ( 'NONE',  ( 0.2603201588329119853, 0.005905511811023621965, -0.2952755905511810774 ) ) ;
#391 = VERTEX_POINT ( 'NONE', #1810 ) ;
#392 = LENGTH_MEASURE_WITH_UNIT ( LENGTH_MEASURE( 0.02539999999999999897 ), #1653 );
#393 = CARTESIAN_POINT ( 'NONE',  ( 0.2474302781145604757, 0.000000000000000000, -0.2337111990098350855 ) ) ;
#394 = DIRECTION ( 'NONE',  ( 1.000000000000000000, 0.000000000000000000, 0.000000000000000000 ) ) ;
#395 = DIRECTION ( 'NONE',  ( -0.000000000000000000, -1.000000000000000000, -0.000000000000000000 ) ) ;
#396 = LINE ( 'NONE', #2437, #3263 ) ;
#397 = ADVANCED_FACE ( 'NONE', ( #4044 ), #2786, .T. ) ;
#398 = CARTESIAN_POINT ( 'NONE',  ( 0.000000000000000000, 0.000000000000000000, -0.2479511653124368553 ) ) ;
#399 = ADVANCED_FACE ( 'NONE', ( #827 ), #110, .F. ) ;
#400 = EDGE_CURVE ( 'NONE', #65, #2309, #2148, .T. ) ;
#401 = CARTESIAN_POINT ( 'NONE',  ( 0.2523476684197294984, 0.001181102362204724827, -0.2352882744895792022 ) ) ;
#402 = UNCERTAINTY_MEASURE_WITH_UNIT (LENGTH_MEASURE( 1.000000000000000082E-05 ), #4047, 'distance_accuracy_value', 'NONE');
#403 = LINE ( 'NONE', #1717, #155 ) ;
#404 = CARTESIAN_POINT ( 'NONE',  ( 0.01968503937007875376, 0.007874015748031495954, 0.000000000000000000 ) ) ;
#405 = EDGE_LOOP ( 'NONE', ( #4139, #3873, #3670, #3351 ) ) ;
#406 = ORIENTED_EDGE ( 'NONE', *, *, #1905, .T. ) ;
#407 = CARTESIAN_POINT ( 'NONE',  ( 0.2204120754361634515, 0.000000000000000000, -0.2287260962897575967 ) ) ;
#408 = DIRECTION ( 'NONE',  ( 0.000000000000000000, -1.000000000000000000, 0.000000000000000000 ) ) ;
#409 = CARTESIAN_POINT ( 'NONE',  ( 0.2323809225981256776, 0.001181102362204726995, -0.2439337430918299687 ) ) ;
#410 = ORIENTED_EDGE ( 'NONE', *, *, #4177, .F. ) ;
#411 = CARTESIAN_POINT ( 'NONE',  ( 0.2440106244838436966, 0.001181102362204724176, -0.2423203977398476205 ) ) ;
#412 = DIRECTION ( 'NONE',  ( -1.000000000000000000, 0.000000000000000000, 0.000000000000000000 ) ) ;
#413 = LINE ( 'NONE', #1756, #3384 ) ;
#414 = DIRECTION ( 'NONE',  ( -1.000000000000000000, 0.000000000000000000, 0.000000000000000000 ) ) ;
#415 = EDGE_CURVE ( 'NONE', #668, #2657, #1101, .T. ) ;
#416 = CARTESIAN_POINT ( 'NONE',  ( 0.2523476684197294984, 0.000000000000000000, -0.2352882744895792022 ) ) ;
#417 =( NAMED_UNIT ( * ) PLANE_ANGLE_UNIT ( ) SI_UNIT ( $, .RADIAN. ) );
#418 = VECTOR ( 'NONE', #826, 39.37007874015748143 ) ;
#419 = CLOSED_SHELL ( 'NONE', ( #2719, #3898, #4175, #397, #2672, #1790 ) ) ;
#420 = VERTEX_POINT ( 'NONE', #3784 ) ;
#421 = EDGE_CURVE ( 'NONE', #2098, #2384, #2407, .T. ) ;
#422 = EDGE_LOOP ( 'NONE', ( #1022, #3236, #4014, #2186 ) ) ;
#423 = AXIS2_PLACEMENT_3D ( 'NONE', #3879, #928, #311 ) ;
#424 = ORIENTED_EDGE ( 'NONE', *, *, #3669, .T. ) ;
#425 = CARTESIAN_POINT ( 'NONE',  ( 0.2559055118110236671, 0.04724409448818898266, -0.1003937007874015908 ) ) ;
#426 = ADVANCED_FACE ( 'NONE', ( #127 ), #487, .F. ) ;
#427 = SURFACE_STYLE_FILL_AREA ( #120 ) ;
#428 = PLANE ( 'NONE',  #1403 ) ;
#429 = VECTOR ( 'NONE', #2141, 39.37007874015748143 ) ;
#430 = ORIENTED_EDGE ( 'NONE', *, *, #2641, .F. ) ;
#431 =( CONVERSION_BASED_UNIT ( 'INCH', #484 ) LENGTH_UNIT ( ) NAMED_UNIT ( #4233 ) );
#432 = CARTESIAN_POINT ( 'NONE',  ( 0.2345538511480255162, 0.000000000000000000, -0.2399974993010051405 ) ) ;
#433 = AXIS2_PLACEMENT_3D ( 'NONE', #2335, #695, #3371 ) ;
#434 = CARTESIAN_POINT ( 'NONE',  ( 0.2166613397371305871, 0.001181102362204724610, -0.2313742900534231928 ) ) ;
#435 = ORIENTED_EDGE ( 'NONE', *, *, #1008, .F. ) ;
#436 = PRESENTATION_LAYER_ASSIGNMENT (  '', '', ( #2648 ) ) ;
#437 = FACE_OUTER_BOUND ( 'NONE', #1566, .T. ) ;
#438 = AXIS2_PLACEMENT_3D ( 'NONE', #2893, #4187, #1251 ) ;
#439 = VECTOR ( 'NONE', #664, 39.37007874015748143 ) ;
#440 = CARTESIAN_POINT ( 'NONE',  ( 0.2362204724409449064, 0.07480314960629921850, -0.1003937007874015630 ) ) ;
#441 = EDGE_CURVE ( 'NONE', #89, #3824, #1160, .T. ) ;
#442 = ORIENTED_EDGE ( 'NONE', *, *, #1209, .T. ) ;
#443 = VERTEX_POINT ( 'NONE', #3010 ) ;
#444 = DIRECTION ( 'NONE',  ( 0.000000000000000000, 1.000000000000000000, 0.000000000000000000 ) ) ;
#445 = DIRECTION ( 'NONE',  ( 0.000000000000000000, 0.000000000000000000, 1.000000000000000000 ) ) ;
#446 = CARTESIAN_POINT ( 'NONE',  ( 0.2308558153918095768, 0.001181102362204726995, -0.2428993168360763510 ) ) ;
#447 = ADVANCED_FACE ( 'NONE', ( #3668 ), #1377, .F. ) ;
#448 = ADVANCED_FACE ( 'NONE', ( #2703 ), #2640, .F. ) ;
#449 = EDGE_LOOP ( 'NONE', ( #2333, #4172, #3542, #4173 ) ) ;
#450 = LINE ( 'NONE', #4042, #1459 ) ;
#451 = CARTESIAN_POINT ( 'NONE',  ( 0.2452418637815984293, 0.000000000000000000, -0.2304184560273716542 ) ) ;
#452 = LINE ( 'NONE', #3438, #1799 ) ;
#453 = ORIENTED_EDGE ( 'NONE', *, *, #1647, .F. ) ;
#454 = DIRECTION ( 'NONE',  ( -0.000000000000000000, -0.000000000000000000, -1.000000000000000000 ) ) ;
#455 = ORIENTED_EDGE ( 'NONE', *, *, #1032, .F. ) ;
#456 = CARTESIAN_POINT ( 'NONE',  ( 0.2512144527473138544, 0.000000000000000000, -0.2307956733371189506 ) ) ;
#457 = ORIENTED_EDGE ( 'NONE', *, *, #3423, .F. ) ;
#458 = ORIENTED_EDGE ( 'NONE', *, *, #2774, .T. ) ;
#459 = CARTESIAN_POINT ( 'NONE',  ( 0.2952755905511810774, 0.005905511811023621965, -0.2519685039370078705 ) ) ;
#460 = CARTESIAN_POINT ( 'NONE',  ( 0.01968503937007875376, 0.007874015748031495954, -0.2027559055118109688 ) ) ;
#461 = LINE ( 'NONE', #2799, #1467 ) ;
#462 = ORIENTED_EDGE ( 'NONE', *, *, #979, .T. ) ;
#463 = PLANE ( 'NONE',  #4193 ) ;
#464 = ADVANCED_FACE ( 'NONE', ( #2683 ), #2012, .F. ) ;
#465 = CARTESIAN_POINT ( 'NONE',  ( 0.000000000000000000, 0.000000000000000000, 0.000000000000000000 ) ) ;
#466 = EDGE_CURVE ( 'NONE', #2291, #2309, #1005, .T. ) ;
#467 = LINE ( 'NONE', #2450, #903 ) ;
#468 = DIRECTION ( 'NONE',  ( 0.000000000000000000, 1.000000000000000000, 0.000000000000000000 ) ) ;
#469 = ORIENTED_EDGE ( 'NONE', *, *, #1978, .F. ) ;
#470 = DIRECTION ( 'NONE',  ( 1.000000000000000000, 0.000000000000000000, 0.000000000000000000 ) ) ;
#471 = EDGE_CURVE ( 'NONE', #1712, #4145, #1041, .T. ) ;
#472 = CARTESIAN_POINT ( 'NONE',  ( 0.2134380584367668587, 0.000000000000000000, -0.2246974930740982812 ) ) ;
#473 = ORIENTED_EDGE ( 'NONE', *, *, #1432, .T. ) ;
#474 = FACE_OUTER_BOUND ( 'NONE', #575, .T. ) ;
#475 = MECHANICAL_DESIGN_GEOMETRIC_PRESENTATION_REPRESENTATION (  '', ( #4051 ), #1858 ) ;
#476 = ORIENTED_EDGE ( 'NONE', *, *, #3897, .T. ) ;
#477 = VECTOR ( 'NONE', #3436, 39.37007874015748143 ) ;
#478 = FACE_OUTER_BOUND ( 'NONE', #2535, .T. ) ;
#479 = FACE_OUTER_BOUND ( 'NONE', #3944, .T. ) ;
#480 = PLANE ( 'NONE',  #3253 ) ;
#481 = VERTEX_POINT ( 'NONE', #434 ) ;
#482 = VECTOR ( 'NONE', #1527, 39.37007874015748143 ) ;
#483 = VECTOR ( 'NONE', #1489, 39.37007874015748143 ) ;
#484 = LENGTH_MEASURE_WITH_UNIT ( LENGTH_MEASURE( 0.02539999999999999897 ), #2754 );
#485 = CARTESIAN_POINT ( 'NONE',  ( 0.2419871213828459766, 0.000000000000000000, -0.2237765555597085732 ) ) ;
#486 = PLANE ( 'NONE',  #1461 ) ;
#487 = PLANE ( 'NONE',  #1946 ) ;
#488 = AXIS2_PLACEMENT_3D ( 'NONE', #1715, #986, #1009 ) ;
#489 = ORIENTED_EDGE ( 'NONE', *, *, #714, .T. ) ;
#490 = CARTESIAN_POINT ( 'NONE',  ( 0.2367764256653306643, 0.000000000000000000, -0.2463176025352780407 ) ) ;
#491 = ADVANCED_FACE ( 'NONE', ( #1358, #93 ), #354, .F. ) ;
#492 = EDGE_LOOP ( 'NONE', ( #366, #2139, #2234, #1993 ) ) ;
#493 = DIRECTION ( 'NONE',  ( 0.000000000000000000, 0.000000000000000000, 1.000000000000000000 ) ) ;
#494 = VECTOR ( 'NONE', #2883, 39.37007874015748143 ) ;
#495 = VECTOR ( 'NONE', #3904, 39.37007874015748143 ) ;
#496 = EDGE_CURVE ( 'NONE', #557, #2664, #1085, .T. ) ;
#497 = ADVANCED_FACE ( 'NONE', ( #3026 ), #675, .T. ) ;
#498 = EDGE_CURVE ( 'NONE', #1580, #3858, #3349, .T. ) ;
#499 = MECHANICAL_DESIGN_GEOMETRIC_PRESENTATION_REPRESENTATION (  '', ( #3053 ), #1347 ) ;
#500 = LINE ( 'NONE', #4091, #1123 ) ;
#501 = PRODUCT_CONTEXT ( 'NONE', #2106, 'mechanical' ) ;
#502 = VERTEX_POINT ( 'NONE', #2663 ) ;
#503 = DIRECTION ( 'NONE',  ( 0.000000000000000000, 1.000000000000000000, 0.000000000000000000 ) ) ;
#504 = PLANE ( 'NONE',  #3795 ) ;
#505 = ORIENTED_EDGE ( 'NONE', *, *, #601, .T. ) ;
#506 = LINE ( 'NONE', #3137, #3166 ) ;
#507 = LINE ( 'NONE', #3404, #897 ) ;
#508 = LINE ( 'NONE', #2869, #550 ) ;
#509 = EDGE_LOOP ( 'NONE', ( #3877, #2865, #1194, #915 ) ) ;
#510 = DIRECTION ( 'NONE',  ( -0.000000000000000000, -1.000000000000000000, -0.000000000000000000 ) ) ;
#511 = EDGE_LOOP ( 'NONE', ( #2599, #2927, #1999, #3704 ) ) ;
#512 = CARTESIAN_POINT ( 'NONE',  ( 0.1476377952755905387, 0.007874015748031495954, -0.05905511811023617108 ) ) ;
#513 = DIRECTION ( 'NONE',  ( 0.000000000000000000, 0.000000000000000000, -1.000000000000000000 ) ) ;
#514 = CARTESIAN_POINT ( 'NONE',  ( 0.2440944881889763884, 0.09842519685039370636, -0.1318897637795275468 ) ) ;
#515 = FACE_OUTER_BOUND ( 'NONE', #2742, .T. ) ;
#516 = EDGE_CURVE ( 'NONE', #2943, #1780, #2993, .T. ) ;
#517 = EDGE_CURVE ( 'NONE', #252, #646, #3987, .T. ) ;
#518 = CARTESIAN_POINT ( 'NONE',  ( 0.2227161143295339485, 0.000000000000000000, -0.2365270130452394870 ) ) ;
#519 = ORIENTED_EDGE ( 'NONE', *, *, #688, .F. ) ;
#520 = CARTESIAN_POINT ( 'NONE',  ( 0.01968503937007875029, 0.007874015748031495954, -0.1673228346456692439 ) ) ;
#521 = DIRECTION ( 'NONE',  ( 0.000000000000000000, 0.000000000000000000, 1.000000000000000000 ) ) ;
#522 = ORIENTED_EDGE ( 'NONE', *, *, #1030, .T. ) ;
#523 = DIRECTION ( 'NONE',  ( 0.000000000000000000, 0.000000000000000000, -1.000000000000000000 ) ) ;
#524 = DIRECTION ( 'NONE',  ( 0.000000000000000000, 1.000000000000000000, 0.000000000000000000 ) ) ;
#525 = CARTESIAN_POINT ( 'NONE',  ( 0.2755905511811023167, 0.007874015748031495954, -0.1279527559055117780 ) ) ;
#526 = CARTESIAN_POINT ( 'NONE',  ( 0.2403180000440609254, 0.001181102362204736753, -0.2424717077656828312 ) ) ;
#527 = ORIENTED_EDGE ( 'NONE', *, *, #1614, .F. ) ;
#528 = CARTESIAN_POINT ( 'NONE',  ( 0.1476377952755905387, 0.000000000000000000, -0.2362204724409448231 ) ) ;
#529 = ORIENTED_EDGE ( 'NONE', *, *, #3710, .T. ) ;
#530 = DIRECTION ( 'NONE',  ( -0.000000000000000000, -1.000000000000000000, -0.000000000000000000 ) ) ;
#531 = CARTESIAN_POINT ( 'NONE',  ( 0.2519685039370078705, 0.000000000000000000, -0.2519685039370078705 ) ) ;
#532 = CARTESIAN_POINT ( 'NONE',  ( 0.2952755905511810774, 0.005905511811023621965, -0.04330708661417322081 ) ) ;
#533 = LINE ( 'NONE', #1860, #1740 ) ;
#534 = ADVANCED_FACE ( 'NONE', ( #4030 ), #2354, .F. ) ;
#535 = CARTESIAN_POINT ( 'NONE',  ( 0.2512144527473138544, 0.001181102362204724827, -0.2307956733371189506 ) ) ;
#536 = ORIENTED_EDGE ( 'NONE', *, *, #1269, .F. ) ;
#537 = DIRECTION ( 'NONE',  ( 0.000000000000000000, 0.000000000000000000, 1.000000000000000000 ) ) ;
#538 = VECTOR ( 'NONE', #1669, 39.37007874015748143 ) ;
#539 = DIRECTION ( 'NONE',  ( 1.161645184805897749E-16, 0.000000000000000000, -1.000000000000000000 ) ) ;
#540 = EDGE_CURVE ( 'NONE', #2823, #3019, #2065, .T. ) ;
#541 = EDGE_LOOP ( 'NONE', ( #2237, #1324, #1941, #2287 ) ) ;
#542 = DIRECTION ( 'NONE',  ( 1.000000000000000000, 0.000000000000000000, 0.000000000000000000 ) ) ;
#543 = CARTESIAN_POINT ( 'NONE',  ( 0.2315411044120694595, 0.000000000000000000, -0.2433708278541454328 ) ) ;
#544 = EDGE_CURVE ( 'NONE', #3434, #2114, #1329, .T. ) ;
#545 = CARTESIAN_POINT ( 'NONE',  ( 0.2952755905511810774, 0.007874015748031495954, -0.1279527559055117780 ) ) ;
#546 = CARTESIAN_POINT ( 'NONE',  ( 0.2467269262982546840, 0.001181102362204736753, -0.2403714474996919426 ) ) ;
#547 = CARTESIAN_POINT ( 'NONE',  ( 0.2175064433867681390, 0.000000000000000000, -0.2260526818963340678 ) ) ;
#548 = EDGE_LOOP ( 'NONE', ( #3465, #666, #2807, #529 ) ) ;
#549 = CARTESIAN_POINT ( 'NONE',  ( 0.2333895262084521582, 0.000000000000000000, -0.2445551858173807824 ) ) ;
#550 = VECTOR ( 'NONE', #871, 39.37007874015748143 ) ;
#551 = AXIS2_PLACEMENT_3D ( 'NONE', #3406, #2432, #2758 ) ;
#552 = ORIENTED_EDGE ( 'NONE', *, *, #7, .F. ) ;
#553 = CARTESIAN_POINT ( 'NONE',  ( 0.01968503937007873988, 0.007874015748031495954, -0.09251968503937003929 ) ) ;
#554 = AXIS2_PLACEMENT_3D ( 'NONE', #725, #2660, #3364 ) ;
#555 = ORIENTED_EDGE ( 'NONE', *, *, #544, .T. ) ;
#556 = VECTOR ( 'NONE', #2597, 39.37007874015748143 ) ;
#557 = VERTEX_POINT ( 'NONE', #3330 ) ;
#558 = CARTESIAN_POINT ( 'NONE',  ( -4.339299682018179909E-18, 0.007874015748031495954, -0.1673228346456692439 ) ) ;
#559 = VECTOR ( 'NONE', #3970, 39.37007874015748143 ) ;
#560 = CARTESIAN_POINT ( 'NONE',  ( 0.2755905511811023167, 0.007874015748031495954, 0.000000000000000000 ) ) ;
#561 = VECTOR ( 'NONE', #4080, 39.37007874015748143 ) ;
#562 = CARTESIAN_POINT ( 'NONE',  ( 0.2227161143295339485, 0.001181102362204724610, -0.2365270130452394870 ) ) ;
#563 = ORIENTED_EDGE ( 'NONE', *, *, #2005, .T. ) ;
#564 = DIRECTION ( 'NONE',  ( 0.000000000000000000, -1.000000000000000000, 0.000000000000000000 ) ) ;
#565 = EDGE_CURVE ( 'NONE', #4145, #2981, #56, .T. ) ;
#566 = VECTOR ( 'NONE', #3273, 39.37007874015748143 ) ;
#567 = DIRECTION ( 'NONE',  ( 0.7071067811865476838, 0.000000000000000000, 0.7071067811865474617 ) ) ;
#568 = ORIENTED_EDGE ( 'NONE', *, *, #544, .F. ) ;
#569 = LINE ( 'NONE', #1915, #12 ) ;
#570 = CARTESIAN_POINT ( 'NONE',  ( 0.2388256175636223333, 0.000000000000000000, -0.2470273365318265135 ) ) ;
#571 = DIRECTION ( 'NONE',  ( 0.000000000000000000, -1.000000000000000000, 0.000000000000000000 ) ) ;
#572 = FACE_OUTER_BOUND ( 'NONE', #3771, .T. ) ;
#573 = EDGE_CURVE ( 'NONE', #1914, #2183, #944, .T. ) ;
#574 = ADVANCED_FACE ( 'NONE', ( #3256 ), #2258, .T. ) ;
#575 = EDGE_LOOP ( 'NONE', ( #1947, #1702, #4094, #26 ) ) ;
#576 = CARTESIAN_POINT ( 'NONE',  ( 0.01968503937007875029, 0.007874015748031495954, -0.1673228346456692439 ) ) ;
#577 = EDGE_CURVE ( 'NONE', #1356, #2981, #4230, .T. ) ;
#578 = ORIENTED_EDGE ( 'NONE', *, *, #4150, .T. ) ;
#579 = DIRECTION ( 'NONE',  ( 0.7071067811865475727, 0.000000000000000000, -0.7071067811865473507 ) ) ;
#580 = CARTESIAN_POINT ( 'NONE',  ( 0.2450242994299839938, 0.000000000000000000, -0.2418466451050068911 ) ) ;
#581 = ORIENTED_EDGE ( 'NONE', *, *, #3840, .T. ) ;
#582 = ORIENTED_EDGE ( 'NONE', *, *, #2419, .F. ) ;
#583 = LINE ( 'NONE', #267, #1609 ) ;
#584 = LINE ( 'NONE', #1544, #2289 ) ;
#585 = CARTESIAN_POINT ( 'NONE',  ( 0.2444348840932862033, 0.001181102362204724827, -0.2247487287647567389 ) ) ;
#586 = VERTEX_POINT ( 'NONE', #1274 ) ;
#587 = DIRECTION ( 'NONE',  ( 0.000000000000000000, -1.000000000000000000, 0.000000000000000000 ) ) ;
#588 = CARTESIAN_POINT ( 'NONE',  ( 0.2952755905511810774, 0.000000000000000000, 0.000000000000000000 ) ) ;
#589 = ORIENTED_EDGE ( 'NONE', *, *, #2322, .T. ) ;
#590 = CARTESIAN_POINT ( 'NONE',  ( 0.2952755905511810774, 0.000000000000000000, -0.04330708661417322081 ) ) ;
#591 = CARTESIAN_POINT ( 'NONE',  ( 0.2315411044120694595, 0.001181102362204724610, -0.2433708278541454328 ) ) ;
#592 = DIRECTION ( 'NONE',  ( 1.000000000000000000, 0.000000000000000000, 0.000000000000000000 ) ) ;
#593 = VERTEX_POINT ( 'NONE', #1296 ) ;
#594 = DIRECTION ( 'NONE',  ( 0.000000000000000000, 0.000000000000000000, -1.000000000000000000 ) ) ;
#595 = CARTESIAN_POINT ( 'NONE',  ( 0.2441151679336857894, 0.001181102362204736753, -0.2295100913512183316 ) ) ;
#596 = CARTESIAN_POINT ( 'NONE',  ( 0.000000000000000000, 0.01377952755905511792, 0.000000000000000000 ) ) ;
#597 = DIRECTION ( 'NONE',  ( 1.000000000000000000, 0.000000000000000000, 0.000000000000000000 ) ) ;
#598 = VERTEX_POINT ( 'NONE', #2605 ) ;
#599 = EDGE_CURVE ( 'NONE', #651, #3738, #3962, .T. ) ;
#600 = DIRECTION ( 'NONE',  ( 0.000000000000000000, -1.000000000000000000, 0.000000000000000000 ) ) ;
#601 = EDGE_CURVE ( 'NONE', #2357, #2856, #2983, .T. ) ;
#602 = VERTEX_POINT ( 'NONE', #347 ) ;
#603 = ORIENTED_EDGE ( 'NONE', *, *, #3897, .F. ) ;
#604 = EDGE_CURVE ( 'NONE', #283, #2664, #1351, .T. ) ;
#605 = CARTESIAN_POINT ( 'NONE',  ( 0.03581405543097011812, 0.09842519685039370636, -0.2387165161155367921 ) ) ;
#606 = CYLINDRICAL_SURFACE ( 'NONE', #2075, 0.06681323916723287681 ) ;
#607 = CARTESIAN_POINT ( 'NONE',  ( 0.2248256226085678378, 0.000000000000000000, -0.2382794085376810367 ) ) ;
#608 = VERTEX_POINT ( 'NONE', #1622 ) ;
#609 = LINE ( 'NONE', #3272, #296 ) ;
#610 = DIRECTION ( 'NONE',  ( 0.000000000000000000, 1.000000000000000000, 0.000000000000000000 ) ) ;
#611 = DIRECTION ( 'NONE',  ( 1.000000000000000000, 0.000000000000000000, 0.000000000000000000 ) ) ;
#612 = ORIENTED_EDGE ( 'NONE', *, *, #2966, .T. ) ;
#613 = CARTESIAN_POINT ( 'NONE',  ( 0.01968503937007875376, 0.01377952755905511792, -0.2027559055118109688 ) ) ;
#614 = CARTESIAN_POINT ( 'NONE',  ( 0.2468191828891524719, 0.000000000000000000, -0.2465004751305575337 ) ) ;
#615 = CARTESIAN_POINT ( 'NONE',  ( 0.000000000000000000, 0.000000000000000000, -0.04330708661417323468 ) ) ;
#616 = EDGE_LOOP ( 'NONE', ( #3575, #2226, #1405, #2093 ) ) ;
#617 = CARTESIAN_POINT ( 'NONE',  ( 0.2519685039370078705, 0.000000000000000000, -0.2952755905511810774 ) ) ;
#618 = CARTESIAN_POINT ( 'NONE',  ( 0.2322758279525234393, 0.001181102362204736753, -0.2385018471245217708 ) ) ;
#619 = DIRECTION ( 'NONE',  ( -0.000000000000000000, -1.000000000000000000, -0.000000000000000000 ) ) ;
#620 = CARTESIAN_POINT ( 'NONE',  ( 0.2409797423529303484, 0.000000000000000000, -0.2474319173518990667 ) ) ;
#621 = ORIENTED_EDGE ( 'NONE', *, *, #1070, .T. ) ;
#622 = FACE_OUTER_BOUND ( 'NONE', #3846, .T. ) ;
#623 = VECTOR ( 'NONE', #3444, 39.37007874015748143 ) ;
#624 = EDGE_CURVE ( 'NONE', #2222, #3858, #2585, .T. ) ;
#625 = EDGE_LOOP ( 'NONE', ( #1884, #2560, #563, #2474 ) ) ;
#626 = ORIENTED_EDGE ( 'NONE', *, *, #111, .T. ) ;
#627 = FACE_OUTER_BOUND ( 'NONE', #3072, .T. ) ;
#628 = VECTOR ( 'NONE', #1970, 39.37007874015748143 ) ;
#629 = VECTOR ( 'NONE', #1711, 39.37007874015748143 ) ;
#630 = LINE ( 'NONE', #957, #559 ) ;
#631 = EDGE_CURVE ( 'NONE', #1780, #3769, #645, .T. ) ;
#632 = CARTESIAN_POINT ( 'NONE',  ( 0.2134380584367668587, 0.001181102362204724393, -0.2246974930740982257 ) ) ;
#633 = AXIS2_PLACEMENT_3D ( 'NONE', #2336, #2649, #1698 ) ;
#634 = ADVANCED_FACE ( 'NONE', ( #3913 ), #997, .T. ) ;
#635 = EDGE_CURVE ( 'NONE', #3891, #303, #3596, .T. ) ;
#636 = DIRECTION ( 'NONE',  ( 1.000000000000000000, 0.000000000000000000, 0.000000000000000000 ) ) ;
#637 = VECTOR ( 'NONE', #2911, 39.37007874015748143 ) ;
#638 = CARTESIAN_POINT ( 'NONE',  ( 0.04330708661417322081, 0.005905511811023621965, -0.04330708661417323468 ) ) ;
#639 = LINE ( 'NONE', #1720, #4018 ) ;
#640 = FACE_OUTER_BOUND ( 'NONE', #1112, .T. ) ;
#641 = AXIS2_PLACEMENT_3D ( 'NONE', #1954, #13, #3268 ) ;
#642 = VERTEX_POINT ( 'NONE', #669 ) ;
#643 = CARTESIAN_POINT ( 'NONE',  ( 0.000000000000000000, 0.01377952755905511965, -0.09251968503937003929 ) ) ;
#644 = CARTESIAN_POINT ( 'NONE',  ( 0.2520110918647412435, 0.001181102362204724610, -0.2403801435392138863 ) ) ;
#645 = LINE ( 'NONE', #2308, #3310 ) ;
#646 = VERTEX_POINT ( 'NONE', #3278 ) ;
#647 = DIRECTION ( 'NONE',  ( 0.000000000000000000, 1.000000000000000000, 0.000000000000000000 ) ) ;
#648 = VECTOR ( 'NONE', #1822, 39.37007874015748143 ) ;
#649 = CARTESIAN_POINT ( 'NONE',  ( 0.04330708661417322081, 0.005905511811023621965, -0.2519685039370078150 ) ) ;
#650 = CARTESIAN_POINT ( 'NONE',  ( 0.07518413417112761177, 0.09842519685039370636, -0.2111574609974264938 ) ) ;
#651 = VERTEX_POINT ( 'NONE', #1987 ) ;
#652 =( GEOMETRIC_REPRESENTATION_CONTEXT ( 3 ) GLOBAL_UNCERTAINTY_ASSIGNED_CONTEXT ( ( #2550 ) ) GLOBAL_UNIT_ASSIGNED_CONTEXT ( ( #3088, #417, #2773 ) ) REPRESENTATION_CONTEXT ( 'NONE', 'WORKASPACE' ) );
#653 = LINE ( 'NONE', #2390, #3376 ) ;
#654 = DIRECTION ( 'NONE',  ( 0.000000000000000000, 0.000000000000000000, 1.000000000000000000 ) ) ;
#655 = EDGE_LOOP ( 'NONE', ( #1097, #2402, #1289, #2434, #555, #2369, #2277, #3461 ) ) ;
#656 = ORIENTED_EDGE ( 'NONE', *, *, #1129, .F. ) ;
#657 = DIRECTION ( 'NONE',  ( 0.000000000000000000, 1.000000000000000000, 0.000000000000000000 ) ) ;
#658 = CARTESIAN_POINT ( 'NONE',  ( 0.2519685039370078705, 0.005905511811023621965, -0.04330708661417323468 ) ) ;
#659 = LINE ( 'NONE', #3991, #757 ) ;
#660 = FACE_OUTER_BOUND ( 'NONE', #2691, .T. ) ;
#661 = EDGE_CURVE ( 'NONE', #3757, #557, #3297, .T. ) ;
#662 = EDGE_CURVE ( 'NONE', #4169, #2205, #3937, .T. ) ;
#663 = DIRECTION ( 'NONE',  ( 1.000000000000000000, 0.000000000000000000, 0.000000000000000000 ) ) ;
#664 = DIRECTION ( 'NONE',  ( -0.000000000000000000, -1.000000000000000000, -0.000000000000000000 ) ) ;
#665 = DIRECTION ( 'NONE',  ( 0.000000000000000000, 1.000000000000000000, 0.000000000000000000 ) ) ;
#666 = ORIENTED_EDGE ( 'NONE', *, *, #3762, .T. ) ;
#667 = CARTESIAN_POINT ( 'NONE',  ( 0.2952755905511810774, 0.007874015748031495954, -0.2027559055118110243 ) ) ;
#668 = VERTEX_POINT ( 'NONE', #849 ) ;
#669 = CARTESIAN_POINT ( 'NONE',  ( 0.2125171209223771784, 0.000000000000000000, -0.2479511653124368553 ) ) ;
#670 = ORIENTED_EDGE ( 'NONE', *, *, #3839, .T. ) ;
#671 = LINE ( 'NONE', #999, #2764 ) ;
#672 = CARTESIAN_POINT ( 'NONE',  ( 0.2258313998707726367, 0.001181102362204726995, -0.2390673543921023880 ) ) ;
#673 = ORIENTED_EDGE ( 'NONE', *, *, #4203, .F. ) ;
#674 = CARTESIAN_POINT ( 'NONE',  ( 0.000000000000000000, 0.005905511811023621965, -0.2519685039370078150 ) ) ;
#675 = PLANE ( 'NONE',  #2137 ) ;
#676 = ORIENTED_EDGE ( 'NONE', *, *, #3998, .T. ) ;
#677 = CARTESIAN_POINT ( 'NONE',  ( 0.2412964182470536956, 0.0005905511811023620881, -0.2281510087530594089 ) ) ;
#678 = PRESENTATION_STYLE_ASSIGNMENT (( #3629 ) ) ;
#679 = DIRECTION ( 'NONE',  ( 0.000000000000000000, 0.000000000000000000, -1.000000000000000000 ) ) ;
#680 = DIRECTION ( 'NONE',  ( 0.000000000000000000, 0.000000000000000000, 1.000000000000000000 ) ) ;
#681 = CARTESIAN_POINT ( 'NONE',  ( 0.01968503937007874682, 0.007874015748031495954, -0.1279527559055117503 ) ) ;
#682 = DIRECTION ( 'NONE',  ( 0.000000000000000000, -1.000000000000000000, 0.000000000000000000 ) ) ;
#683 = VERTEX_POINT ( 'NONE', #3498 ) ;
#684 = ORIENTED_EDGE ( 'NONE', *, *, #1671, .T. ) ;
#685 = CARTESIAN_POINT ( 'NONE',  ( 0.2175064433867681390, 0.001181102362204724176, -0.2260526818963340678 ) ) ;
#686 = CARTESIAN_POINT ( 'NONE',  ( 0.2293582098258634128, 0.001181102362204726995, -0.2418060450149789042 ) ) ;
#687 = ADVANCED_FACE ( 'NONE', ( #2868 ), #2215, .T. ) ;
#688 = EDGE_CURVE ( 'NONE', #1468, #900, #3779, .T. ) ;
#689 = EDGE_LOOP ( 'NONE', ( #4249, #94, #1723, #3283, #1197 ) ) ;
#690 = CARTESIAN_POINT ( 'NONE',  ( 0.2523476684197294984, 0.001181102362204724610, -0.2352882744895792022 ) ) ;
#691 = CARTESIAN_POINT ( 'NONE',  ( 0.01968503937007873988, 0.000000000000000000, -0.09251968503937003929 ) ) ;
#692 = AXIS2_PLACEMENT_3D ( 'NONE', #1728, #1003, #2048 ) ;
#693 = DIRECTION ( 'NONE',  ( 0.000000000000000000, 1.000000000000000000, 0.000000000000000000 ) ) ;
#694 = VECTOR ( 'NONE', #4240, 39.37007874015748143 ) ;
#695 = DIRECTION ( 'NONE',  ( 0.000000000000000000, 0.000000000000000000, 1.000000000000000000 ) ) ;
#696 = CARTESIAN_POINT ( 'NONE',  ( 0.2755905511811023167, 0.007874015748031495954, -0.1279527559055117780 ) ) ;
#697 = VECTOR ( 'NONE', #2825, 39.37007874015748143 ) ;
#698 = DIRECTION ( 'NONE',  ( 0.000000000000000000, 0.000000000000000000, 1.000000000000000000 ) ) ;
#699 = PLANE ( 'NONE',  #1406 ) ;
#700 = AXIS2_PLACEMENT_3D ( 'NONE', #3749, #3015, #3355 ) ;
#701 = CARTESIAN_POINT ( 'NONE',  ( 0.000000000000000000, 0.09842519685039370636, -0.1673228346456692439 ) ) ;
#702 = ORIENTED_EDGE ( 'NONE', *, *, #2348, .T. ) ;
#703 = VECTOR ( 'NONE', #1402, 39.37007874015748143 ) ;
#704 = EDGE_LOOP ( 'NONE', ( #1102, #3454, #348, #3980 ) ) ;
#705 = ORIENTED_EDGE ( 'NONE', *, *, #111, .F. ) ;
#706 = CARTESIAN_POINT ( 'NONE',  ( 0.2221807089063431440, 0.000000000000000000, -0.2304239485043729219 ) ) ;
#707 =( CONVERSION_BASED_UNIT ( 'INCH', #2004 ) LENGTH_UNIT ( ) NAMED_UNIT ( #1279 ) );
#708 = CARTESIAN_POINT ( 'NONE',  ( 0.01968503937007873988, 0.007874015748031495954, -0.09251968503937003929 ) ) ;
#709 = ORIENTED_EDGE ( 'NONE', *, *, #832, .F. ) ;
#710 = DIRECTION ( 'NONE',  ( 0.000000000000000000, 0.000000000000000000, 1.000000000000000000 ) ) ;
#711 = VECTOR ( 'NONE', #1520, 39.37007874015748143 ) ;
#712 = EDGE_CURVE ( 'NONE', #1033, #2895, #1050, .T. ) ;
#713 = CARTESIAN_POINT ( 'NONE',  ( 0.2416560278954011931, 0.000000000000000000, -0.2426386949885412925 ) ) ;
#714 = EDGE_CURVE ( 'NONE', #2424, #3495, #899, .T. ) ;
#715 = CARTESIAN_POINT ( 'NONE',  ( 0.000000000000000000, 0.007874015748031495954, -0.2027559055118109688 ) ) ;
#716 = EDGE_LOOP ( 'NONE', ( #3883, #169, #791, #1247 ) ) ;
#717 = CARTESIAN_POINT ( 'NONE',  ( 0.06731011842309610194, 0.09842519685039370636, -0.2544645476115997007 ) ) ;
#718 = CARTESIAN_POINT ( 'NONE',  ( 0.2755905511811023167, 0.000000000000000000, 0.000000000000000000 ) ) ;
#719 = DIRECTION ( 'NONE',  ( 0.000000000000000000, 0.000000000000000000, 1.000000000000000000 ) ) ;
#720 = DIRECTION ( 'NONE',  ( 0.000000000000000000, 1.000000000000000000, 0.000000000000000000 ) ) ;
#721 = LINE ( 'NONE', #2041, #2928 ) ;
#722 = ORIENTED_EDGE ( 'NONE', *, *, #662, .F. ) ;
#723 = VERTEX_POINT ( 'NONE', #2170 ) ;
#724 = CARTESIAN_POINT ( 'NONE',  ( 0.2232207406143511541, 0.001181102362204724176, -0.2313387466748072219 ) ) ;
#725 = CARTESIAN_POINT ( 'NONE',  ( 0.2952755905511810774, 0.005905511811023621965, -0.2519685039370078705 ) ) ;
#726 = VERTEX_POINT ( 'NONE', #3530 ) ;
#727 = CARTESIAN_POINT ( 'NONE',  ( 0.2496978280159020958, 0.001181102362204727863, -0.2284859246414890632 ) ) ;
#728 = CARTESIAN_POINT ( 'NONE',  ( 0.2427871252849561901, 0.000000000000000000, -0.2287366008685305097 ) ) ;
#729 = DIRECTION ( 'NONE',  ( 0.000000000000000000, 0.000000000000000000, 1.000000000000000000 ) ) ;
#730 = ADVANCED_FACE ( 'NONE', ( #572 ), #1528, .F. ) ;
#731 = LINE ( 'NONE', #3388, #2704 ) ;
#732 = LINE ( 'NONE', #1736, #2224 ) ;
#733 = ADVANCED_FACE ( 'NONE', ( #1748 ), #2779, .F. ) ;
#734 = CARTESIAN_POINT ( 'NONE',  ( 0.2952755905511810774, 0.000000000000000000, -0.04330708661417322081 ) ) ;
#735 = PLANE ( 'NONE',  #2621 ) ;
#736 = CARTESIAN_POINT ( 'NONE',  ( 0.2424153244051282519, 0.000000000000000000, -0.2239310166428099824 ) ) ;
#737 = EDGE_LOOP ( 'NONE', ( #117, #2008, #1901, #424 ) ) ;
#738 = ORIENTED_EDGE ( 'NONE', *, *, #2937, .F. ) ;
#739 = CARTESIAN_POINT ( 'NONE',  ( 0.2362204724409449064, 0.08661417322834646937, -0.1003937007874015630 ) ) ;
#740 =( NAMED_UNIT ( * ) PLANE_ANGLE_UNIT ( ) SI_UNIT ( $, .RADIAN. ) );
#741 = DIRECTION ( 'NONE',  ( 0.000000000000000000, 0.000000000000000000, -1.000000000000000000 ) ) ;
#742 = ORIENTED_EDGE ( 'NONE', *, *, #1153, .F. ) ;
#743 = SURFACE_STYLE_FILL_AREA ( #3403 ) ;
#744 = CARTESIAN_POINT ( 'NONE',  ( 0.2480230403736264078, 0.001181102362204724176, -0.2372541087183444031 ) ) ;
#745 = DIRECTION ( 'NONE',  ( 0.000000000000000000, 0.000000000000000000, -1.000000000000000000 ) ) ;
#746 = EDGE_LOOP ( 'NONE', ( #2149, #3545, #3325, #2518 ) ) ;
#747 = LINE ( 'NONE', #4090, #4001 ) ;
#748 = EDGE_CURVE ( 'NONE', #314, #651, #3075, .T. ) ;
#749 = VECTOR ( 'NONE', #2656, 39.37007874015748143 ) ;
#750 = STYLED_ITEM ( 'NONE', ( #1446 ), #965 ) ;
#751 = CARTESIAN_POINT ( 'NONE',  ( 0.2522705759497831934, 0.000000000000000000, -0.2343309102836534930 ) ) ;
#752 = EDGE_CURVE ( 'NONE', #1885, #3182, #798, .T. ) ;
#753 = ADVANCED_FACE ( 'NONE', ( #479 ), #2720, .F. ) ;
#754 = VECTOR ( 'NONE', #2638, 39.37007874015748143 ) ;
#755 = VECTOR ( 'NONE', #1167, 39.37007874015748143 ) ;
#756 = ORIENTED_EDGE ( 'NONE', *, *, #1359, .F. ) ;
#757 = VECTOR ( 'NONE', #3335, 39.37007874015748143 ) ;
#758 = ORIENTED_EDGE ( 'NONE', *, *, #3613, .T. ) ;
#759 = AXIS2_PLACEMENT_3D ( 'NONE', #2177, #3796, #3145 ) ;
#760 = DIRECTION ( 'NONE',  ( -1.000000000000000000, 0.000000000000000000, 0.000000000000000000 ) ) ;
#761 = CARTESIAN_POINT ( 'NONE',  ( 0.07518413417112761177, 0.09842519685039370636, -0.2111574609974264938 ) ) ;
#762 = DIRECTION ( 'NONE',  ( 0.000000000000000000, 0.000000000000000000, 1.000000000000000000 ) ) ;
#763 = VECTOR ( 'NONE', #3907, 39.37007874015748143 ) ;
#764 = ORIENTED_EDGE ( 'NONE', *, *, #752, .F. ) ;
#765 = CARTESIAN_POINT ( 'NONE',  ( 0.2444348840932862033, 0.001181102362204727863, -0.2247487287647567389 ) ) ;
#766 = DIRECTION ( 'NONE',  ( 0.000000000000000000, 0.000000000000000000, -1.000000000000000000 ) ) ;
#767 = CARTESIAN_POINT ( 'NONE',  ( 0.2468564010061902181, 0.000000000000000000, -0.2325747723257934607 ) ) ;
#768 = AXIS2_PLACEMENT_3D ( 'NONE', #3146, #3838, #2456 ) ;
#769 = LINE ( 'NONE', #1449, #3792 ) ;
#770 = ORIENTED_EDGE ( 'NONE', *, *, #3659, .F. ) ;
#771 = AXIS2_PLACEMENT_3D ( 'NONE', #3074, #4039, #185 ) ;
#772 = CARTESIAN_POINT ( 'NONE',  ( 0.01968503937007875376, 0.01377952755905511792, -0.2027559055118109688 ) ) ;
#773 = DIRECTION ( 'NONE',  ( 1.000000000000000000, 0.000000000000000000, 0.000000000000000000 ) ) ;
#774 = AXIS2_PLACEMENT_3D ( 'NONE', #3958, #1014, #2324 ) ;
#775 = CARTESIAN_POINT ( 'NONE',  ( 0.2952755905511810774, 0.005905511811023621965, 0.000000000000000000 ) ) ;
#776 = EDGE_CURVE ( 'NONE', #874, #1580, #3381, .T. ) ;
#777 = EDGE_LOOP ( 'NONE', ( #3699, #4159, #1370, #1486 ) ) ;
#778 = EDGE_CURVE ( 'NONE', #3800, #4002, #2116, .T. ) ;
#779 = VERTEX_POINT ( 'NONE', #1116 ) ;
#780 = ORIENTED_EDGE ( 'NONE', *, *, #112, .F. ) ;
#781 = FACE_OUTER_BOUND ( 'NONE', #3402, .T. ) ;
#782 =( LENGTH_UNIT ( ) NAMED_UNIT ( * ) SI_UNIT ( $, .METRE. ) );
#783 = DIRECTION ( 'NONE',  ( -0.8944271909999157444, 0.000000000000000000, -0.4472135954999583163 ) ) ;
#784 = EDGE_CURVE ( 'NONE', #1952, #2173, #1443, .T. ) ;
#785 = ORIENTED_EDGE ( 'NONE', *, *, #4235, .T. ) ;
#786 =( NAMED_UNIT ( * ) PLANE_ANGLE_UNIT ( ) SI_UNIT ( $, .RADIAN. ) );
#787 = LINE ( 'NONE', #1140, #477 ) ;
#788 = CARTESIAN_POINT ( 'NONE',  ( 0.2418055602775336654, 0.001181102362204724176, -0.2283510142210174731 ) ) ;
#789 = LINE ( 'NONE', #4086, #2552 ) ;
#790 = DIRECTION ( 'NONE',  ( 0.000000000000000000, 0.000000000000000000, 1.000000000000000000 ) ) ;
#791 = ORIENTED_EDGE ( 'NONE', *, *, #2340, .T. ) ;
#792 = CARTESIAN_POINT ( 'NONE',  ( 0.000000000000000000, 0.007874015748031495954, -0.1279527559055117503 ) ) ;
#793 = CARTESIAN_POINT ( 'NONE',  ( 0.1476377952755905387, 0.007874015748031495954, -0.2362204724409448231 ) ) ;
#794 = CARTESIAN_POINT ( 'NONE',  ( 0.2440944881889763884, 0.09842519685039370636, -0.1318897637795275468 ) ) ;
#795 = DIRECTION ( 'NONE',  ( -1.000000000000000000, 0.000000000000000000, -1.204669080539449837E-16 ) ) ;
#796 = EDGE_LOOP ( 'NONE', ( #1431, #4045, #2809, #1666 ) ) ;
#797 = LINE ( 'NONE', #2750, #561 ) ;
#798 = LINE ( 'NONE', #1409, #3854 ) ;
#799 = CARTESIAN_POINT ( 'NONE',  ( 0.000000000000000000, 0.007874015748031495954, -0.09251968503937003929 ) ) ;
#800 = MANIFOLD_SOLID_BREP ( '凸台-拉伸3[1]', #1668 ) ;
#801 = ORIENTED_EDGE ( 'NONE', *, *, #3691, .F. ) ;
#802 = SURFACE_STYLE_USAGE ( .BOTH. , #3435 ) ;
#803 = DIRECTION ( 'NONE',  ( 0.000000000000000000, 0.000000000000000000, 1.000000000000000000 ) ) ;
#804 = DIRECTION ( 'NONE',  ( -1.000000000000000000, 0.000000000000000000, 0.000000000000000000 ) ) ;
#805 = FACE_OUTER_BOUND ( 'NONE', #1055, .T. ) ;
#806 = EDGE_CURVE ( 'NONE', #3880, #1629, #2158, .T. ) ;
#807 = ADVANCED_FACE ( 'NONE', ( #3466 ), #1213, .F. ) ;
#808 = VERTEX_POINT ( 'NONE', #1856 ) ;
#809 = LINE ( 'NONE', #3460, #982 ) ;
#810 = ORIENTED_EDGE ( 'NONE', *, *, #2692, .F. ) ;
#811 = CARTESIAN_POINT ( 'NONE',  ( 0.2952755905511810774, 0.007874015748031495954, 0.000000000000000000 ) ) ;
#812 = PLANE ( 'NONE',  #3735 ) ;
#813 = DIRECTION ( 'NONE',  ( 0.000000000000000000, 0.000000000000000000, 1.000000000000000000 ) ) ;
#814 = VECTOR ( 'NONE', #3157, 39.37007874015748143 ) ;
#815 = ORIENTED_EDGE ( 'NONE', *, *, #1840, .T. ) ;
#816 = VECTOR ( 'NONE', #346, 39.37007874015748143 ) ;
#817 = VECTOR ( 'NONE', #1487, 39.37007874015748143 ) ;
#818 = PLANE ( 'NONE',  #3802 ) ;
#819 = DIRECTION ( 'NONE',  ( -1.000000000000000000, 0.000000000000000000, 0.000000000000000000 ) ) ;
#820 = ORIENTED_EDGE ( 'NONE', *, *, #2155, .F. ) ;
#821 = VECTOR ( 'NONE', #1437, 39.37007874015748854 ) ;
#822 = VECTOR ( 'NONE', #2050, 39.37007874015748143 ) ;
#823 = DIRECTION ( 'NONE',  ( 0.000000000000000000, 0.000000000000000000, 1.000000000000000000 ) ) ;
#824 = PLANE ( 'NONE',  #2904 ) ;
#825 = CARTESIAN_POINT ( 'NONE',  ( 0.2427871252849561901, 0.001181102362204736753, -0.2287366008685305097 ) ) ;
#826 = DIRECTION ( 'NONE',  ( 0.000000000000000000, 1.000000000000000000, 0.000000000000000000 ) ) ;
#827 = FACE_OUTER_BOUND ( 'NONE', #3341, .T. ) ;
#828 = AXIS2_PLACEMENT_3D ( 'NONE', #2150, #3503, #1144 ) ;
#829 = ORIENTED_EDGE ( 'NONE', *, *, #3524, .F. ) ;
#830 = CARTESIAN_POINT ( 'NONE',  ( 0.2378227443157902854, 0.000000000000000000, -0.2467172585078814540 ) ) ;
#831 = ORIENTED_EDGE ( 'NONE', *, *, #856, .T. ) ;
#832 = EDGE_CURVE ( 'NONE', #194, #941, #3817, .T. ) ;
#833 = CARTESIAN_POINT ( 'NONE',  ( 0.000000000000000000, 0.09842519685039370636, -0.2111574609974264938 ) ) ;
#834 = AXIS2_PLACEMENT_3D ( 'NONE', #1242, #4226, #4206 ) ;
#835 = EDGE_CURVE ( 'NONE', #1811, #3884, #1202, .T. ) ;
#836 = CARTESIAN_POINT ( 'NONE',  ( 0.04330708661417322081, 0.005905511811023621965, -0.2519685039370078150 ) ) ;
#837 = VECTOR ( 'NONE', #1072, 39.37007874015748143 ) ;
#838 = DIRECTION ( 'NONE',  ( 0.000000000000000000, 1.000000000000000000, 0.000000000000000000 ) ) ;
#839 = CARTESIAN_POINT ( 'NONE',  ( 0.2952755905511810774, 0.005905511811023621965, -0.2603201588329113747 ) ) ;
#840 =( GEOMETRIC_REPRESENTATION_CONTEXT ( 3 ) GLOBAL_UNCERTAINTY_ASSIGNED_CONTEXT ( ( #3411 ) ) GLOBAL_UNIT_ASSIGNED_CONTEXT ( ( #3128, #2154, #3105 ) ) REPRESENTATION_CONTEXT ( 'NONE', 'WORKASPACE' ) );
#841 = DIRECTION ( 'NONE',  ( 0.000000000000000000, -1.000000000000000000, 0.000000000000000000 ) ) ;
#842 = CARTESIAN_POINT ( 'NONE',  ( 0.2276769841937895389, 0.001181102362204724610, -0.2405381256320099359 ) ) ;
#843 = ORIENTED_EDGE ( 'NONE', *, *, #1481, .F. ) ;
#844 = LINE ( 'NONE', #3822, #711 ) ;
#845 = CARTESIAN_POINT ( 'NONE',  ( 0.000000000000000000, 0.005905511811023621965, -0.2952755905511810219 ) ) ;
#846 = VERTEX_POINT ( 'NONE', #2847 ) ;
#847 = DIRECTION ( 'NONE',  ( -0.8944271909999157444, 0.000000000000000000, -0.4472135954999583163 ) ) ;
#848 = CARTESIAN_POINT ( 'NONE',  ( 0.01968503937007875029, 0.01377952755905511792, -0.1673228346456692439 ) ) ;
#849 = CARTESIAN_POINT ( 'NONE',  ( 0.04330708661417322081, 0.005905511811023621965, -0.04330708661417323468 ) ) ;
#850 = CARTESIAN_POINT ( 'NONE',  ( 0.1476377952755905387, 0.007874015748031495954, -0.04724409448818890633 ) ) ;
#851 = CARTESIAN_POINT ( 'NONE',  ( 0.2159380734659533951, 0.001181102362204736753, -0.2252485748521993181 ) ) ;
#852 = ORIENTED_EDGE ( 'NONE', *, *, #2591, .T. ) ;
#853 = CARTESIAN_POINT ( 'NONE',  ( 0.2293582098258634128, 0.000000000000000000, -0.2418060450149789042 ) ) ;
#854 = VERTEX_POINT ( 'NONE', #2436 ) ;
#855 = DIRECTION ( 'NONE',  ( 0.000000000000000000, 0.000000000000000000, 1.000000000000000000 ) ) ;
#856 = EDGE_CURVE ( 'NONE', #334, #3942, #1321, .T. ) ;
#857 = ORIENTED_EDGE ( 'NONE', *, *, #1531, .T. ) ;
#858 = CARTESIAN_POINT ( 'NONE',  ( 0.2480036409997810609, 0.000000000000000000, -0.2360802147388931516 ) ) ;
#859 = LINE ( 'NONE', #839, #755 ) ;
#860 = LINE ( 'NONE', #2199, #4015 ) ;
#861 = EDGE_CURVE ( 'NONE', #2624, #602, #3428, .T. ) ;
#862 = CARTESIAN_POINT ( 'NONE',  ( 0.000000000000000000, 0.005905511811023621965, -0.04330708661417323468 ) ) ;
#863 = CARTESIAN_POINT ( 'NONE',  ( 0.2276769841937895389, 0.000000000000000000, -0.2405381256320099359 ) ) ;
#864 = ORIENTED_EDGE ( 'NONE', *, *, #3558, .T. ) ;
#865 = DIRECTION ( 'NONE',  ( 0.000000000000000000, 0.000000000000000000, -1.000000000000000000 ) ) ;
#866 = DIRECTION ( 'NONE',  ( 0.000000000000000000, 1.000000000000000000, 0.000000000000000000 ) ) ;
#867 = MANIFOLD_SOLID_BREP ( '凸台-拉伸3[4]', #2761 ) ;
#868 = ORIENTED_EDGE ( 'NONE', *, *, #1209, .F. ) ;
#869 = DIRECTION ( 'NONE',  ( 0.000000000000000000, 1.000000000000000000, 0.000000000000000000 ) ) ;
#870 = CARTESIAN_POINT ( 'NONE',  ( 0.2506276412142675047, 0.000000000000000000, -0.2432572194595873094 ) ) ;
#871 = DIRECTION ( 'NONE',  ( 0.000000000000000000, 0.000000000000000000, 1.000000000000000000 ) ) ;
#872 = CARTESIAN_POINT ( 'NONE',  ( 0.2364952633835375184, 0.001181102362204736753, -0.2411042272248341833 ) ) ;
#873 = CARTESIAN_POINT ( 'NONE',  ( 0.2137232430112674664, 0.000000000000000000, -0.2247253440622300202 ) ) ;
#874 = VERTEX_POINT ( 'NONE', #2723 ) ;
#875 = CARTESIAN_POINT ( 'NONE',  ( 0.2237924766327330228, 0.000000000000000000, -0.2374268567085417725 ) ) ;
#876 = EDGE_LOOP ( 'NONE', ( #82, #1457, #3003, #4021 ) ) ;
#877 = LINE ( 'NONE', #553, #1798 ) ;
#878 = CARTESIAN_POINT ( 'NONE',  ( 0.2310204568959660920, 0.000000000000000000, -0.2375936329805812541 ) ) ;
#879 = VERTEX_POINT ( 'NONE', #33 ) ;
#880 = VERTEX_POINT ( 'NONE', #54 ) ;
#881 = CARTESIAN_POINT ( 'NONE',  ( 0.2461485436517173164, 0.000000000000000000, -0.2314601543190771271 ) ) ;
#882 = PLANE ( 'NONE',  #3589 ) ;
#883 = ADVANCED_FACE ( 'NONE', ( #1416 ), #4026, .F. ) ;
#884 = FACE_OUTER_BOUND ( 'NONE', #3020, .T. ) ;
#885 = CARTESIAN_POINT ( 'NONE',  ( 0.000000000000000000, 0.01377952755905511792, -0.1673228346456692439 ) ) ;
#886 = CARTESIAN_POINT ( 'NONE',  ( 0.2432484214611869422, 0.001181102362204724827, -0.2242315308076134051 ) ) ;
#887 = ADVANCED_FACE ( 'NONE', ( #3664 ), #3326, .F. ) ;
#888 = ORIENTED_EDGE ( 'NONE', *, *, #3874, .T. ) ;
#889 = FACE_OUTER_BOUND ( 'NONE', #2143, .T. ) ;
#890 = EDGE_CURVE ( 'NONE', #2727, #910, #653, .T. ) ;
#891 = PRESENTATION_LAYER_ASSIGNMENT (  '', '', ( #1512 ) ) ;
#892 = CARTESIAN_POINT ( 'NONE',  ( 0.000000000000000000, 0.005905511811023621965, 0.000000000000000000 ) ) ;
#893 = EDGE_LOOP ( 'NONE', ( #3114, #2787, #442, #369, #722, #202 ) ) ;
#894 = DIRECTION ( 'NONE',  ( 1.204669080539449837E-16, 0.000000000000000000, -1.000000000000000000 ) ) ;
#895 = CARTESIAN_POINT ( 'NONE',  ( 0.2409797423529303484, 0.000000000000000000, -0.2474319173518990667 ) ) ;
#896 = VECTOR ( 'NONE', #981, 39.37007874015748143 ) ;
#897 = VECTOR ( 'NONE', #1470, 39.37007874015748143 ) ;
#898 = CARTESIAN_POINT ( 'NONE',  ( 0.04724409448818898266, 0.001181102362204724610, -0.1476377952755905110 ) ) ;
#899 = LINE ( 'NONE', #3500, #1794 ) ;
#900 = VERTEX_POINT ( 'NONE', #335 ) ;
#901 = LINE ( 'NONE', #3601, #2770 ) ;
#902 = VECTOR ( 'NONE', #804, 39.37007874015748143 ) ;
#903 = VECTOR ( 'NONE', #2089, 39.37007874015748143 ) ;
#904 = ORIENTED_EDGE ( 'NONE', *, *, #2180, .F. ) ;
#905 = PLANE ( 'NONE',  #3042 ) ;
#906 = CARTESIAN_POINT ( 'NONE',  ( 0.2296708417437458849, 0.000000000000000000, -0.2365996786877646862 ) ) ;
#907 = CIRCLE ( 'NONE', #828, 0.01181102362204724046 ) ;
#908 = ORIENTED_EDGE ( 'NONE', *, *, #2939, .F. ) ;
#909 = VECTOR ( 'NONE', #2602, 39.37007874015748143 ) ;
#910 = VERTEX_POINT ( 'NONE', #3366 ) ;
#911 = LINE ( 'NONE', #3487, #3391 ) ;
#912 = VECTOR ( 'NONE', #3171, 39.37007874015748143 ) ;
#913 = LINE ( 'NONE', #560, #4202 ) ;
#914 = VECTOR ( 'NONE', #3493, 39.37007874015748143 ) ;
#915 = ORIENTED_EDGE ( 'NONE', *, *, #265, .F. ) ;
#916 = UNCERTAINTY_MEASURE_WITH_UNIT (LENGTH_MEASURE( 1.000000000000000082E-05 ), #2798, 'distance_accuracy_value', 'NONE');
#917 = CARTESIAN_POINT ( 'NONE',  ( 0.2952755905511810774, 0.08661417322834646937, -0.04330708661417322081 ) ) ;
#918 = AXIS2_PLACEMENT_3D ( 'NONE', #2207, #610, #537 ) ;
#919 = PLANE ( 'NONE',  #1804 ) ;
#920 = EDGE_CURVE ( 'NONE', #2330, #854, #3347, .T. ) ;
#921 = EDGE_CURVE ( 'NONE', #315, #3652, #3624, .T. ) ;
#922 = ORIENTED_EDGE ( 'NONE', *, *, #2901, .F. ) ;
#923 = LINE ( 'NONE', #2486, #2066 ) ;
#924 = CARTESIAN_POINT ( 'NONE',  ( 0.2490430008121971572, 0.001181102362204724610, -0.2450557421702466709 ) ) ;
#925 = ORIENTED_EDGE ( 'NONE', *, *, #2055, .F. ) ;
#926 = DIRECTION ( 'NONE',  ( -0.000000000000000000, -1.000000000000000000, -0.000000000000000000 ) ) ;
#927 = CARTESIAN_POINT ( 'NONE',  ( 0.2474302781145604757, 0.001181102362204736753, -0.2337111990098350855 ) ) ;
#928 = DIRECTION ( 'NONE',  ( 1.000000000000000000, 0.000000000000000000, 0.000000000000000000 ) ) ;
#929 = EDGE_CURVE ( 'NONE', #2313, #1212, #2899, .T. ) ;
#930 = VERTEX_POINT ( 'NONE', #375 ) ;
#931 = PLANE ( 'NONE',  #3930 ) ;
#932 = EDGE_LOOP ( 'NONE', ( #3168, #1378, #197, #1509 ) ) ;
#933 = ORIENTED_EDGE ( 'NONE', *, *, #2496, .F. ) ;
#934 = DIRECTION ( 'NONE',  ( -1.000000000000000000, -0.000000000000000000, -0.000000000000000000 ) ) ;
#935 = CARTESIAN_POINT ( 'NONE',  ( 0.2166613397371305871, 0.000000000000000000, -0.2313742900534231928 ) ) ;
#936 = DIMENSIONAL_EXPONENTS ( 1.000000000000000000, 0.000000000000000000, 0.000000000000000000, 0.000000000000000000, 0.000000000000000000, 0.000000000000000000, 0.000000000000000000 ) ;
#937 = CARTESIAN_POINT ( 'NONE',  ( 0.2419871213828459766, 0.001181102362204724827, -0.2237765555597085732 ) ) ;
#938 = ORIENTED_EDGE ( 'NONE', *, *, #81, .T. ) ;
#939 = CARTESIAN_POINT ( 'NONE',  ( 0.07518413417112761177, 0.09724409448818897850, -0.2111574609974264938 ) ) ;
#940 = FACE_OUTER_BOUND ( 'NONE', #28, .T. ) ;
#941 = VERTEX_POINT ( 'NONE', #2991 ) ;
#942 = DIRECTION ( 'NONE',  ( 1.000000000000000000, 0.000000000000000000, 0.000000000000000000 ) ) ;
#943 = CARTESIAN_POINT ( 'NONE',  ( 0.2367764256653306643, 0.001181102362204724610, -0.2463176025352780407 ) ) ;
#944 = LINE ( 'NONE', #277, #749 ) ;
#945 = ADVANCED_FACE ( 'NONE', ( #3966 ), #71, .F. ) ;
#946 = DIRECTION ( 'NONE',  ( 0.000000000000000000, 0.000000000000000000, -1.000000000000000000 ) ) ;
#947 = CARTESIAN_POINT ( 'NONE',  ( 0.2388719244674815667, 0.001181102362204736753, -0.2420935710782197992 ) ) ;
#948 = CARTESIAN_POINT ( 'NONE',  ( 0.2952755905511810774, 0.007874015748031499423, -0.04330708661417322081 ) ) ;
#949 = CARTESIAN_POINT ( 'NONE',  ( 0.000000000000000000, 0.000000000000000000, -0.2027559055118109688 ) ) ;
#950 = ORIENTED_EDGE ( 'NONE', *, *, #3350, .F. ) ;
#951 = CARTESIAN_POINT ( 'NONE',  ( 0.07518413417112761177, 0.09842519685039370636, -0.2387165161155367921 ) ) ;
#952 = ADVANCED_FACE ( 'NONE', ( #1357 ), #1066, .F. ) ;
#953 = EDGE_CURVE ( 'NONE', #2694, #880, #3203, .T. ) ;
#954 = ADVANCED_FACE ( 'NONE', ( #2086 ), #3765, .T. ) ;
#955 = ORIENTED_EDGE ( 'NONE', *, *, #382, .T. ) ;
#956 = ORIENTED_EDGE ( 'NONE', *, *, #2413, .T. ) ;
#957 = CARTESIAN_POINT ( 'NONE',  ( 0.2755905511811023167, 0.007874015748031495954, -0.1673228346456692994 ) ) ;
#958 = MANIFOLD_SOLID_BREP ( '凸台-拉伸4', #3167 ) ;
#959 = CARTESIAN_POINT ( 'NONE',  ( 0.01968503937007873988, 0.01377952755905511792, -0.09251968503937003929 ) ) ;
#960 = FACE_OUTER_BOUND ( 'NONE', #3910, .T. ) ;
#961 = UNCERTAINTY_MEASURE_WITH_UNIT (LENGTH_MEASURE( 1.000000000000000082E-05 ), #310, 'distance_accuracy_value', 'NONE');
#962 = CARTESIAN_POINT ( 'NONE',  ( -4.339299682018179909E-18, 0.007874015748031495954, -0.1673228346456692439 ) ) ;
#963 = DIRECTION ( 'NONE',  ( -1.000000000000000000, 0.000000000000000000, 0.000000000000000000 ) ) ;
#964 = PLANE ( 'NONE',  #1118 ) ;
#965 = MANIFOLD_SOLID_BREP ( '凸台-拉伸2[1]', #4055 ) ;
#966 = ORIENTED_EDGE ( 'NONE', *, *, #163, .F. ) ;
#967 = CARTESIAN_POINT ( 'NONE',  ( 0.2952755905511810774, 0.007874015748031495954, 0.000000000000000000 ) ) ;
#968 = CARTESIAN_POINT ( 'NONE',  ( 0.2323809225981256776, 0.001181102362204724610, -0.2439337430918299687 ) ) ;
#969 = CARTESIAN_POINT ( 'NONE',  ( 0.04330708661417322081, 0.005905511811023621965, 0.000000000000000000 ) ) ;
#970 = ORIENTED_EDGE ( 'NONE', *, *, #4005, .F. ) ;
#971 = PLANE ( 'NONE',  #220 ) ;
#972 = COLOUR_RGB ( '',0.7921568627450980005, 0.8196078431372548767, 0.9333333333333333481 ) ;
#973 = CARTESIAN_POINT ( 'NONE',  ( 0.2523476684197294984, 0.000000000000000000, -0.2352882744895792022 ) ) ;
#974 = ORIENTED_EDGE ( 'NONE', *, *, #1695, .F. ) ;
#975 = DIRECTION ( 'NONE',  ( -0.000000000000000000, -0.000000000000000000, -1.000000000000000000 ) ) ;
#976 = CIRCLE ( 'NONE', #1518, 0.02952755905511810289 ) ;
#977 = EDGE_CURVE ( 'NONE', #3492, #420, #146, .T. ) ;
#978 = VERTEX_POINT ( 'NONE', #2738 ) ;
#979 = EDGE_CURVE ( 'NONE', #2035, #3407, #2783, .T. ) ;
#980 = EDGE_LOOP ( 'NONE', ( #2838, #1776, #3090, #1304 ) ) ;
#981 = DIRECTION ( 'NONE',  ( 0.000000000000000000, 1.000000000000000000, 0.000000000000000000 ) ) ;
#982 = VECTOR ( 'NONE', #4146, 39.37007874015748143 ) ;
#983 = AXIS2_PLACEMENT_3D ( 'NONE', #3948, #1694, #745 ) ;
#984 = PRODUCT_RELATED_PRODUCT_CATEGORY ( 'part', '', ( #3109 ) ) ;
#985 = CARTESIAN_POINT ( 'NONE',  ( 3.201384367575308459E-18, 0.09842519685039370636, -0.2519685039370078150 ) ) ;
#986 = DIRECTION ( 'NONE',  ( 0.000000000000000000, 0.000000000000000000, 1.000000000000000000 ) ) ;
#987 = AXIS2_PLACEMENT_3D ( 'NONE', #3147, #3515, #2860 ) ;
#988 = DIRECTION ( 'NONE',  ( -1.000000000000000000, 0.000000000000000000, 0.000000000000000000 ) ) ;
#989 = VECTOR ( 'NONE', #3630, 39.37007874015748143 ) ;
#990 = FACE_OUTER_BOUND ( 'NONE', #3197, .T. ) ;
#991 = CARTESIAN_POINT ( 'NONE',  ( 0.2755905511811023167, 0.007874015748031495954, -0.09251968503937006705 ) ) ;
#992 = LINE ( 'NONE', #1220, #909 ) ;
#993 =( GEOMETRIC_REPRESENTATION_CONTEXT ( 3 ) GLOBAL_UNCERTAINTY_ASSIGNED_CONTEXT ( ( #1010 ) ) GLOBAL_UNIT_ASSIGNED_CONTEXT ( ( #1000, #3658, #1354 ) ) REPRESENTATION_CONTEXT ( 'NONE', 'WORKASPACE' ) );
#994 = ORIENTED_EDGE ( 'NONE', *, *, #4076, .T. ) ;
#995 = LINE ( 'NONE', #2654, #3508 ) ;
#996 = ORIENTED_EDGE ( 'NONE', *, *, #2006, .F. ) ;
#997 = PLANE ( 'NONE',  #3921 ) ;
#998 = ORIENTED_EDGE ( 'NONE', *, *, #3215, .F. ) ;
#999 = CARTESIAN_POINT ( 'NONE',  ( 0.2755905511811023167, 0.01377952755905511792, -0.09251968503937006705 ) ) ;
#1000 =( CONVERSION_BASED_UNIT ( 'INCH', #3344 ) LENGTH_UNIT ( ) NAMED_UNIT ( #1341 ) );
#1001 = DIRECTION ( 'NONE',  ( 0.000000000000000000, 0.000000000000000000, -1.000000000000000000 ) ) ;
#1002 = ORIENTED_EDGE ( 'NONE', *, *, #1839, .T. ) ;
#1003 = DIRECTION ( 'NONE',  ( 0.000000000000000000, 1.000000000000000000, 0.000000000000000000 ) ) ;
#1004 = DIRECTION ( 'NONE',  ( 0.000000000000000000, 0.000000000000000000, 1.000000000000000000 ) ) ;
#1005 = LINE ( 'NONE', #715, #221 ) ;
#1006 = CARTESIAN_POINT ( 'NONE',  ( 0.2952755905511810774, 0.09842519685039370636, -0.2519685039370078705 ) ) ;
#1007 = CARTESIAN_POINT ( 'NONE',  ( 0.2952755905511810774, 0.007874015748031495954, -0.1673228346456692994 ) ) ;
#1008 = EDGE_CURVE ( 'NONE', #102, #2098, #506, .T. ) ;
#1009 = DIRECTION ( 'NONE',  ( 1.000000000000000000, 0.000000000000000000, 0.000000000000000000 ) ) ;
#1010 = UNCERTAINTY_MEASURE_WITH_UNIT (LENGTH_MEASURE( 1.000000000000000082E-05 ), #1000, 'distance_accuracy_value', 'NONE');
#1011 = CARTESIAN_POINT ( 'NONE',  ( 0.2952755905511810774, 0.01377952755905511792, -0.2027559055118110243 ) ) ;
#1012 = ADVANCED_FACE ( 'NONE', ( #3155 ), #3892, .F. ) ;
#1013 = EDGE_CURVE ( 'NONE', #1787, #2492, #3475, .T. ) ;
#1014 = DIRECTION ( 'NONE',  ( -1.000000000000000000, 0.000000000000000000, 0.000000000000000000 ) ) ;
#1015 = EDGE_CURVE ( 'NONE', #1918, #726, #4140, .T. ) ;
#1016 = ORIENTED_EDGE ( 'NONE', *, *, #2795, .F. ) ;
#1017 = CARTESIAN_POINT ( 'NONE',  ( 0.2204120754361634515, 0.001181102362204724176, -0.2287260962897575967 ) ) ;
#1018 = CARTESIAN_POINT ( 'NONE',  ( 0.2499209237140228301, 0.001181102362204726995, -0.2441973484478732748 ) ) ;
#1019 = ORIENTED_EDGE ( 'NONE', *, *, #3781, .F. ) ;
#1020 = CARTESIAN_POINT ( 'NONE',  ( 0.2952755905511810774, 0.01377952755905511792, -0.09251968503937006705 ) ) ;
#1021 = DIRECTION ( 'NONE',  ( -1.000000000000000000, 0.000000000000000000, 0.000000000000000000 ) ) ;
#1022 = ORIENTED_EDGE ( 'NONE', *, *, #2591, .F. ) ;
#1023 = LINE ( 'NONE', #2317, #2473 ) ;
#1024 = DIRECTION ( 'NONE',  ( 0.000000000000000000, 1.000000000000000000, 0.000000000000000000 ) ) ;
#1025 = CARTESIAN_POINT ( 'NONE',  ( 0.01968503937007874682, 0.007874015748031495954, 0.000000000000000000 ) ) ;
#1026 = EDGE_CURVE ( 'NONE', #3880, #1841, #3825, .T. ) ;
#1027 = DIRECTION ( 'NONE',  ( 0.000000000000000000, 0.000000000000000000, 1.000000000000000000 ) ) ;
#1028 = CARTESIAN_POINT ( 'NONE',  ( 0.2519685039370078705, 0.000000000000000000, -0.04330708661417323468 ) ) ;
#1029 = DIRECTION ( 'NONE',  ( 1.000000000000000000, 0.000000000000000000, 0.000000000000000000 ) ) ;
#1030 = EDGE_CURVE ( 'NONE', #1893, #2035, #2508, .T. ) ;
#1031 = EDGE_LOOP ( 'NONE', ( #3383, #214, #455, #1145 ) ) ;
#1032 = EDGE_CURVE ( 'NONE', #1043, #683, #2940, .T. ) ;
#1033 = VERTEX_POINT ( 'NONE', #1872 ) ;
#1034 = ORIENTED_EDGE ( 'NONE', *, *, #2209, .F. ) ;
#1035 = CARTESIAN_POINT ( 'NONE',  ( 0.2221807089063431440, 0.001181102362204724176, -0.2304239485043729219 ) ) ;
#1036 = FILL_AREA_STYLE_COLOUR ( '', #1067 ) ;
#1037 = DIRECTION ( 'NONE',  ( 0.000000000000000000, 0.000000000000000000, -1.000000000000000000 ) ) ;
#1038 = ORIENTED_EDGE ( 'NONE', *, *, #3213, .F. ) ;
#1039 = DIRECTION ( 'NONE',  ( 1.000000000000000000, 0.000000000000000000, 0.000000000000000000 ) ) ;
#1040 = FACE_OUTER_BOUND ( 'NONE', #337, .T. ) ;
#1041 = LINE ( 'NONE', #2380, #629 ) ;
#1042 = AXIS2_PLACEMENT_3D ( 'NONE', #4, #1082, #1393 ) ;
#1043 = VERTEX_POINT ( 'NONE', #590 ) ;
#1044 = DIRECTION ( 'NONE',  ( 0.000000000000000000, 0.000000000000000000, 1.000000000000000000 ) ) ;
#1045 = VECTOR ( 'NONE', #657, 39.37007874015748143 ) ;
#1046 = VECTOR ( 'NONE', #2337, 39.37007874015748143 ) ;
#1047 = LINE ( 'NONE', #3753, #1410 ) ;
#1048 = LINE ( 'NONE', #1310, #3107 ) ;
#1049 = AXIS2_PLACEMENT_3D ( 'NONE', #3499, #2169, #4116 ) ;
#1050 = B_SPLINE_CURVE_WITH_KNOTS ( 'NONE', 3,
 ( #3548, #172, #825, #595, #4166, #2892, #280, #927, #2511, #2239, #1201, #238, #1553, #546, #3828, #3552, #2260, #1920, #260, #526, #947, #3231, #872, #2190, #3573, #3478, #618, #2870, #2534, #3850, #2846, #1598, #1849, #4186, #1875, #3159, #3186, #4143, #1225, #2562, #1250, #2919, #851, #4213, #1278, #2588, #213 ),
 .UNSPECIFIED., .F., .F.,
 ( 4, 1, 1, 1, 1, 1, 1, 1, 1, 1, 1, 1, 1, 1, 1, 1, 1, 1, 1, 1, 1, 1, 1, 1, 1, 1, 1, 1, 1, 1, 1, 1, 1, 1, 1, 1, 1, 1, 1, 1, 1, 1, 1, 1, 4 ),
 ( 0.000000000000000000, 4.182637316152484219E-05, 8.063625044673849410E-05, 0.0001171327034207353992, 0.0001521333803146326122, 0.0001858098557965565546, 0.0002180190833177164287, 0.0002492613653222185729, 0.0002801669536349616751, 0.0003099762425883454092, 0.0003385663211554387742, 0.0003670527204817054193, 0.0003963808923721108806, 0.0004256193396098922562, 0.0004538721168143734623, 0.0004819095931802812446, 0.0005107765158538869537, 0.0005417104294786179684, 0.0005756620138243456449, 0.0006136046665234243594, 0.0006558779959237140715, 0.0006796301471788012338, 0.0007065978131914207741, 0.0007366372870142886935, 0.0007698957651978006718, 0.0008061037607598846300, 0.0008457129299033459315, 0.0008884900047785674335, 0.0009344040785945295462, 0.0009805495626596816977, 0.001024011729098054518, 0.001064796275802902667, 0.001102887737218791317, 0.001138176678866035943, 0.001170806463569640720, 0.001200655429485818996, 0.001228048083606046378, 0.001253434207941521309, 0.001277671710772783267, 0.001301043111819459716, 0.001323658902103615025, 0.001345861685123110000, 0.001367672952600230800, 0.001389314259558889790, 0.001411228382855071913 ),
 .UNSPECIFIED. ) ;
#1051 = CARTESIAN_POINT ( 'NONE',  ( 0.06731011842309610194, 0.09842519685039370636, -0.2820236027297099435 ) ) ;
#1052 = CARTESIAN_POINT ( 'NONE',  ( 0.2166613397371305871, 0.000000000000000000, -0.2479511653124368553 ) ) ;
#1053 = VECTOR ( 'NONE', #3955, 39.37007874015748143 ) ;
#1054 = CARTESIAN_POINT ( 'NONE',  ( 0.04330708661417322081, 0.005905511811023621965, -0.2519685039370078150 ) ) ;
#1055 = EDGE_LOOP ( 'NONE', ( #1038, #3136, #4087, #1774 ) ) ;
#1056 = AXIS2_PLACEMENT_3D ( 'NONE', #2323, #3564, #298 ) ;
#1057 = VERTEX_POINT ( 'NONE', #256 ) ;
#1058 = ORIENTED_EDGE ( 'NONE', *, *, #1718, .T. ) ;
#1059 = CARTESIAN_POINT ( 'NONE',  ( 0.2282793567692240067, 0.001181102362204724176, -0.2355193797495434838 ) ) ;
#1060 = LINE ( 'NONE', #3039, #2714 ) ;
#1061 = EDGE_CURVE ( 'NONE', #602, #2571, #3183, .T. ) ;
#1062 = AXIS2_PLACEMENT_3D ( 'NONE', #794, #1399, #3354 ) ;
#1063 = EDGE_CURVE ( 'NONE', #879, #2676, #2866, .T. ) ;
#1064 = CARTESIAN_POINT ( 'NONE',  ( 0.2333895262084521582, 0.001181102362204726995, -0.2445551858173807824 ) ) ;
#1065 = ORIENTED_EDGE ( 'NONE', *, *, #1817, .F. ) ;
#1066 = PLANE ( 'NONE',  #692 ) ;
#1067 = COLOUR_RGB ( '',0.7921568627450980005, 0.8196078431372548767, 0.9333333333333333481 ) ;
#1068 = CARTESIAN_POINT ( 'NONE',  ( 0.2345538511480255162, 0.001181102362204724176, -0.2399974993010051405 ) ) ;
#1069 = DIRECTION ( 'NONE',  ( 0.000000000000000000, 0.000000000000000000, 1.000000000000000000 ) ) ;
#1070 = EDGE_CURVE ( 'NONE', #3824, #3124, #4209, .T. ) ;
#1071 = CARTESIAN_POINT ( 'NONE',  ( 0.01968503937007873988, 0.01377952755905511792, -0.09251968503937003929 ) ) ;
#1072 = DIRECTION ( 'NONE',  ( 0.000000000000000000, 1.000000000000000000, 0.000000000000000000 ) ) ;
#1073 = DIRECTION ( 'NONE',  ( 0.000000000000000000, 0.000000000000000000, -1.000000000000000000 ) ) ;
#1074 = DIRECTION ( 'NONE',  ( 0.000000000000000000, 0.000000000000000000, -1.000000000000000000 ) ) ;
#1075 = FACE_OUTER_BOUND ( 'NONE', #625, .T. ) ;
#1076 = ORIENTED_EDGE ( 'NONE', *, *, #2102, .T. ) ;
#1077 = ORIENTED_EDGE ( 'NONE', *, *, #1083, .F. ) ;
#1078 = ORIENTED_EDGE ( 'NONE', *, *, #1263, .F. ) ;
#1079 =( LENGTH_UNIT ( ) NAMED_UNIT ( * ) SI_UNIT ( $, .METRE. ) );
#1080 = CARTESIAN_POINT ( 'NONE',  ( 0.2524468610152140191, 0.001181102362204726995, -0.2374582370148601296 ) ) ;
#1081 = VERTEX_POINT ( 'NONE', #2531 ) ;
#1082 = DIRECTION ( 'NONE',  ( -1.000000000000000000, 0.000000000000000000, 0.000000000000000000 ) ) ;
#1083 = EDGE_CURVE ( 'NONE', #2676, #1426, #3526, .T. ) ;
#1084 = CARTESIAN_POINT ( 'NONE',  ( 0.2480036409997810609, 0.001181102362204724176, -0.2360802147388931516 ) ) ;
#1085 = LINE ( 'NONE', #3626, #1601 ) ;
#1086 = ORIENTED_EDGE ( 'NONE', *, *, #3242, .T. ) ;
#1087 = EDGE_CURVE ( 'NONE', #1830, #3481, #304, .T. ) ;
#1088 = CARTESIAN_POINT ( 'NONE',  ( 0.1476377952755905387, 0.007874015748031495954, -0.2244094488188975722 ) ) ;
#1089 = EDGE_CURVE ( 'NONE', #1436, #3853, #2167, .T. ) ;
#1090 = LINE ( 'NONE', #1714, #3332 ) ;
#1091 = CARTESIAN_POINT ( 'NONE',  ( 0.2465567951530249213, 0.000000000000000000, -0.2258483512558231709 ) ) ;
#1092 = ORIENTED_EDGE ( 'NONE', *, *, #1434, .F. ) ;
#1093 = ORIENTED_EDGE ( 'NONE', *, *, #1867, .T. ) ;
#1094 = CARTESIAN_POINT ( 'NONE',  ( 0.2952755905511810774, 0.005905511811023621965, 0.000000000000000000 ) ) ;
#1095 = DIRECTION ( 'NONE',  ( 0.000000000000000000, 1.000000000000000000, 0.000000000000000000 ) ) ;
#1096 = CARTESIAN_POINT ( 'NONE',  ( 0.2524361124097484477, 0.001181102362204726995, -0.2363895417226684892 ) ) ;
#1097 = ORIENTED_EDGE ( 'NONE', *, *, #977, .T. ) ;
#1098 = SURFACE_STYLE_FILL_AREA ( #108 ) ;
#1099 = CARTESIAN_POINT ( 'NONE',  ( -4.339299682018179909E-18, 0.01377952755905511792, -0.1673228346456692439 ) ) ;
#1100 = CARTESIAN_POINT ( 'NONE',  ( 0.2428859970672434532, 0.000000000000000000, -0.2425852137139840325 ) ) ;
#1101 = LINE ( 'NONE', #2124, #483 ) ;
#1102 = ORIENTED_EDGE ( 'NONE', *, *, #1906, .F. ) ;
#1103 = FACE_OUTER_BOUND ( 'NONE', #2985, .T. ) ;
#1104 = SURFACE_STYLE_USAGE ( .BOTH. , #2746 ) ;
#1105 = AXIS2_PLACEMENT_3D ( 'NONE', #2701, #4010, #2637 ) ;
#1106 = EDGE_CURVE ( 'NONE', #2680, #1408, #569, .T. ) ;
#1107 = EDGE_CURVE ( 'NONE', #252, #4052, #1272, .T. ) ;
#1108 = VECTOR ( 'NONE', #2625, 39.37007874015748143 ) ;
#1109 = CARTESIAN_POINT ( 'NONE',  ( 0.2518845608334456254, 0.000000000000000000, -0.2324967959281926122 ) ) ;
#1110 = VECTOR ( 'NONE', #2964, 39.37007874015748143 ) ;
#1111 = VECTOR ( 'NONE', #3748, 39.37007874015748143 ) ;
#1112 = EDGE_LOOP ( 'NONE', ( #288, #2220 ) ) ;
#1113 = AXIS2_PLACEMENT_3D ( 'NONE', #708, #1037, #68 ) ;
#1114 = VERTEX_POINT ( 'NONE', #2889 ) ;
#1115 = CARTESIAN_POINT ( 'NONE',  ( 0.07518413417112761177, 0.09724409448818897850, -0.2544645476115997007 ) ) ;
#1116 = CARTESIAN_POINT ( 'NONE',  ( 0.1476377952755905387, 0.000000000000000000, -0.04724409448818890633 ) ) ;
#1117 = DIRECTION ( 'NONE',  ( 0.4472135954999583163, 0.000000000000000000, -0.8944271909999157444 ) ) ;
#1118 = AXIS2_PLACEMENT_3D ( 'NONE', #2529, #2276, #4181 ) ;
#1119 = ORIENTED_EDGE ( 'NONE', *, *, #1301, .F. ) ;
#1120 = LENGTH_MEASURE_WITH_UNIT ( LENGTH_MEASURE( 0.02539999999999999897 ), #3119 );
#1121 = CARTESIAN_POINT ( 'NONE',  ( 0.2952755905511810774, 0.007874015748031495954, -0.09251968503937006705 ) ) ;
#1122 = CARTESIAN_POINT ( 'NONE',  ( 0.2334591505409957524, 0.000000000000000000, -0.2392959941137129953 ) ) ;
#1123 = VECTOR ( 'NONE', #4130, 39.37007874015748143 ) ;
#1124 = CARTESIAN_POINT ( 'NONE',  ( 0.06731011842309610194, 0.09842519685039370636, -0.2111574609974264938 ) ) ;
#1125 = CARTESIAN_POINT ( 'NONE',  ( 0.000000000000000000, 0.007874015748031495954, -0.09251968503937003929 ) ) ;
#1126 = ORIENTED_EDGE ( 'NONE', *, *, #3329, .F. ) ;
#1127 = DIRECTION ( 'NONE',  ( 1.000000000000000000, 0.000000000000000000, 0.000000000000000000 ) ) ;
#1128 = CARTESIAN_POINT ( 'NONE',  ( 0.2159380734659533951, 0.000000000000000000, -0.2252485748521993181 ) ) ;
#1129 = EDGE_CURVE ( 'NONE', #4002, #2027, #4183, .T. ) ;
#1130 = CARTESIAN_POINT ( 'NONE',  ( 0.2444348840932862033, 0.000000000000000000, -0.2247487287647567389 ) ) ;
#1131 = SHAPE_DEFINITION_REPRESENTATION ( #3728, #70 ) ;
#1132 = ADVANCED_FACE ( 'NONE', ( #2558 ), #4228, .F. ) ;
#1133 = VERTEX_POINT ( 'NONE', #1846 ) ;
#1134 = EDGE_CURVE ( 'NONE', #2657, #1828, #923, .T. ) ;
#1135 = ORIENTED_EDGE ( 'NONE', *, *, #2612, .F. ) ;
#1136 = CARTESIAN_POINT ( 'NONE',  ( 0.000000000000000000, 0.001181102362204724610, 0.000000000000000000 ) ) ;
#1137 = SURFACE_STYLE_USAGE ( .BOTH. , #4096 ) ;
#1138 = FACE_OUTER_BOUND ( 'NONE', #3154, .T. ) ;
#1139 = ORIENTED_EDGE ( 'NONE', *, *, #2157, .F. ) ;
#1140 = CARTESIAN_POINT ( 'NONE',  ( 0.2603201588329119298, 0.005905511811023621965, -0.2952755905511810774 ) ) ;
#1141 = CARTESIAN_POINT ( 'NONE',  ( 0.2952755905511810774, 0.007874015748031495954, -0.1673228346456692994 ) ) ;
#1142 = DIRECTION ( 'NONE',  ( -1.000000000000000000, 0.000000000000000000, 0.000000000000000000 ) ) ;
#1143 = EDGE_LOOP ( 'NONE', ( #330, #1627, #656, #1086 ) ) ;
#1144 = DIRECTION ( 'NONE',  ( 0.000000000000000000, 0.000000000000000000, -1.000000000000000000 ) ) ;
#1145 = ORIENTED_EDGE ( 'NONE', *, *, #2005, .F. ) ;
#1146 = DIRECTION ( 'NONE',  ( 0.000000000000000000, 0.000000000000000000, 1.000000000000000000 ) ) ;
#1147 = FACE_OUTER_BOUND ( 'NONE', #3525, .T. ) ;
#1148 = DIRECTION ( 'NONE',  ( -1.000000000000000000, 0.000000000000000000, 0.000000000000000000 ) ) ;
#1149 = CYLINDRICAL_SURFACE ( 'NONE', #768, 0.01181102362204726648 ) ;
#1150 = ORIENTED_EDGE ( 'NONE', *, *, #1386, .F. ) ;
#1151 = DIRECTION ( 'NONE',  ( -0.000000000000000000, -1.000000000000000000, -0.000000000000000000 ) ) ;
#1152 = CARTESIAN_POINT ( 'NONE',  ( 0.2440944881889763884, 0.09842519685039370636, -0.1633858267716535584 ) ) ;
#1153 = EDGE_CURVE ( 'NONE', #3142, #1397, #275, .T. ) ;
#1154 = ADVANCED_FACE ( 'NONE', ( #3276 ), #735, .F. ) ;
#1155 = ORIENTED_EDGE ( 'NONE', *, *, #37, .F. ) ;
#1156 = ADVANCED_FACE ( 'NONE', ( #2382 ), #1640, .F. ) ;
#1157 = CARTESIAN_POINT ( 'NONE',  ( 0.2952755905511810774, 0.09842519685039370636, 0.000000000000000000 ) ) ;
#1158 = LINE ( 'NONE', #1099, #2831 ) ;
#1159 = DIRECTION ( 'NONE',  ( -1.000000000000000000, -0.000000000000000000, -0.000000000000000000 ) ) ;
#1160 = LINE ( 'NONE', #1435, #2835 ) ;
#1161 = ORIENTED_EDGE ( 'NONE', *, *, #4150, .F. ) ;
#1162 = CARTESIAN_POINT ( 'NONE',  ( 0.2323809225981256776, 0.000000000000000000, -0.2439337430918299687 ) ) ;
#1163 = ORIENTED_EDGE ( 'NONE', *, *, #835, .F. ) ;
#1164 = LINE ( 'NONE', #2153, #2206 ) ;
#1165 =( LENGTH_UNIT ( ) NAMED_UNIT ( * ) SI_UNIT ( $, .METRE. ) );
#1166 = ORIENTED_EDGE ( 'NONE', *, *, #2216, .F. ) ;
#1167 = DIRECTION ( 'NONE',  ( -0.000000000000000000, -1.000000000000000000, -0.000000000000000000 ) ) ;
#1168 =( GEOMETRIC_REPRESENTATION_CONTEXT ( 3 ) GLOBAL_UNCERTAINTY_ASSIGNED_CONTEXT ( ( #916 ) ) GLOBAL_UNIT_ASSIGNED_CONTEXT ( ( #2798, #740, #3816 ) ) REPRESENTATION_CONTEXT ( 'NONE', 'WORKASPACE' ) );
#1169 = LINE ( 'NONE', #226, #1343 ) ;
#1170 = ORIENTED_EDGE ( 'NONE', *, *, #540, .T. ) ;
#1171 = VECTOR ( 'NONE', #4046, 39.37007874015748143 ) ;
#1172 = VECTOR ( 'NONE', #2802, 39.37007874015748143 ) ;
#1173 = FACE_OUTER_BOUND ( 'NONE', #1973, .T. ) ;
#1174 = CARTESIAN_POINT ( 'NONE',  ( 0.2362204724409449064, 0.07480314960629921850, 0.000000000000000000 ) ) ;
#1175 = ORIENTED_EDGE ( 'NONE', *, *, #3790, .F. ) ;
#1176 = AXIS2_PLACEMENT_3D ( 'NONE', #3367, #1418, #3045 ) ;
#1177 = DIRECTION ( 'NONE',  ( 0.000000000000000000, 0.000000000000000000, -1.000000000000000000 ) ) ;
#1178 = PLANE ( 'NONE',  #1519 ) ;
#1179 = FACE_OUTER_BOUND ( 'NONE', #4038, .T. ) ;
#1180 = VECTOR ( 'NONE', #3544, 39.37007874015748143 ) ;
#1181 = VERTEX_POINT ( 'NONE', #1349 ) ;
#1182 = FACE_OUTER_BOUND ( 'NONE', #541, .T. ) ;
#1183 = EDGE_LOOP ( 'NONE', ( #476, #3537, #2389, #536 ) ) ;
#1184 = CARTESIAN_POINT ( 'NONE',  ( 0.03581405543097011812, 0.09724409448818897850, -0.2544645476115997007 ) ) ;
#1185 = VECTOR ( 'NONE', #323, 39.37007874015748143 ) ;
#1186 = EDGE_CURVE ( 'NONE', #2197, #683, #2982, .T. ) ;
#1187 = VECTOR ( 'NONE', #934, 39.37007874015748143 ) ;
#1188 = CARTESIAN_POINT ( 'NONE',  ( 0.2412964182470536956, 0.000000000000000000, -0.2281510087530594089 ) ) ;
#1189 = CARTESIAN_POINT ( 'NONE',  ( 0.2559055118110236671, 0.07480314960629921850, -0.1948818897637795144 ) ) ;
#1190 = CIRCLE ( 'NONE', #3605, 0.02952755905511810289 ) ;
#1191 = CARTESIAN_POINT ( 'NONE',  ( 0.03581405543097011812, 0.09724409448818897850, -0.2387165161155367921 ) ) ;
#1192 = DIRECTION ( 'NONE',  ( 0.000000000000000000, 1.277744513902811042E-16, -1.000000000000000000 ) ) ;
#1193 = CARTESIAN_POINT ( 'NONE',  ( 0.2507802602763769539, 0.000000000000000000, -0.2299931894908841257 ) ) ;
#1194 = ORIENTED_EDGE ( 'NONE', *, *, #1670, .F. ) ;
#1195 = FACE_OUTER_BOUND ( 'NONE', #1991, .T. ) ;
#1196 = DIRECTION ( 'NONE',  ( 0.000000000000000000, 0.000000000000000000, 1.000000000000000000 ) ) ;
#1197 = ORIENTED_EDGE ( 'NONE', *, *, #2179, .T. ) ;
#1198 = DIRECTION ( 'NONE',  ( 0.000000000000000000, 0.000000000000000000, 1.000000000000000000 ) ) ;
#1199 = CARTESIAN_POINT ( 'NONE',  ( 0.2499209237140228301, 0.000000000000000000, -0.2441973484478732748 ) ) ;
#1200 = LINE ( 'NONE', #2803, #1734 ) ;
#1201 = CARTESIAN_POINT ( 'NONE',  ( 0.2480230403736264078, 0.001181102362204736753, -0.2372541087183444031 ) ) ;
#1202 = LINE ( 'NONE', #2191, #2618 ) ;
#1203 = ORIENTED_EDGE ( 'NONE', *, *, #3694, .F. ) ;
#1204 = CARTESIAN_POINT ( 'NONE',  ( 0.03581405543097011812, 0.09842519685039370636, -0.2544645476115997007 ) ) ;
#1205 = EDGE_CURVE ( 'NONE', #3800, #3884, #2278, .T. ) ;
#1206 = ORIENTED_EDGE ( 'NONE', *, *, #4148, .F. ) ;
#1207 = DIRECTION ( 'NONE',  ( 0.000000000000000000, 0.000000000000000000, -1.000000000000000000 ) ) ;
#1208 = CARTESIAN_POINT ( 'NONE',  ( 0.2282793567692240067, 0.000000000000000000, -0.2355193797495434838 ) ) ;
#1209 = EDGE_CURVE ( 'NONE', #1133, #2313, #2960, .T. ) ;
#1210 = ORIENTED_EDGE ( 'NONE', *, *, #182, .T. ) ;
#1211 = EDGE_CURVE ( 'NONE', #3729, #4032, #1965, .T. ) ;
#1212 = VERTEX_POINT ( 'NONE', #3617 ) ;
#1213 = CYLINDRICAL_SURFACE ( 'NONE', #1729, 0.01181102362204726648 ) ;
#1214 = PLANE ( 'NONE',  #3656 ) ;
#1215 = LINE ( 'NONE', #181, #1537 ) ;
#1216 = CARTESIAN_POINT ( 'NONE',  ( 0.000000000000000000, 0.09842519685039370636, 0.000000000000000000 ) ) ;
#1217 = CARTESIAN_POINT ( 'NONE',  ( 0.2521019555896914510, 0.000000000000000000, -0.2334002229416665963 ) ) ;
#1218 = EDGE_LOOP ( 'NONE', ( #4113, #4194, #208, #1630 ) ) ;
#1219 = CARTESIAN_POINT ( 'NONE',  ( 0.04330708661417322081, 0.09842519685039370636, -0.2952755905511810219 ) ) ;
#1220 = CARTESIAN_POINT ( 'NONE',  ( 0.000000000000000000, 0.09842519685039370636, -0.2519685039370078150 ) ) ;
#1221 = ORIENTED_EDGE ( 'NONE', *, *, #3558, .F. ) ;
#1222 = CARTESIAN_POINT ( 'NONE',  ( 0.2362204724409449064, 0.000000000000000000, -0.1003937007874015630 ) ) ;
#1223 = CARTESIAN_POINT ( 'NONE',  ( 0.2520110918647412435, 0.000000000000000000, -0.2403801435392138863 ) ) ;
#1224 = CARTESIAN_POINT ( 'NONE',  ( 0.2755905511811023167, 0.007874015748031495954, -0.09251968503937006705 ) ) ;
#1225 = CARTESIAN_POINT ( 'NONE',  ( 0.2189791247458602874, 0.001181102362204736753, -0.2272094099644471066 ) ) ;
#1226 = EDGE_LOOP ( 'NONE', ( #801, #1034, #1721, #489 ) ) ;
#1227 = CARTESIAN_POINT ( 'NONE',  ( 0.04330708661417322081, 0.000000000000000000, -0.2952755905511810219 ) ) ;
#1228 = ORIENTED_EDGE ( 'NONE', *, *, #3394, .F. ) ;
#1229 = DIRECTION ( 'NONE',  ( -1.000000000000000000, 0.000000000000000000, 0.000000000000000000 ) ) ;
#1230 = CARTESIAN_POINT ( 'NONE',  ( 0.2322758279525234393, 0.000000000000000000, -0.2385018471245217708 ) ) ;
#1231 = VERTEX_POINT ( 'NONE', #3594 ) ;
#1232 = VERTEX_POINT ( 'NONE', #643 ) ;
#1233 = LINE ( 'NONE', #1309, #3523 ) ;
#1234 = EDGE_CURVE ( 'NONE', #4073, #307, #995, .T. ) ;
#1235 = EDGE_CURVE ( 'NONE', #779, #2183, #1667, .T. ) ;
#1236 = DIRECTION ( 'NONE',  ( 1.000000000000000000, 0.000000000000000000, 0.000000000000000000 ) ) ;
#1237 = CARTESIAN_POINT ( 'NONE',  ( 0.2215877806141369200, 0.000000000000000000, -0.2355894516368668146 ) ) ;
#1238 = ORIENTED_EDGE ( 'NONE', *, *, #3491, .F. ) ;
#1239 = ADVANCED_FACE ( 'NONE', ( #3697 ), #1336, .F. ) ;
#1240 = DIRECTION ( 'NONE',  ( 0.000000000000000000, 0.000000000000000000, 1.000000000000000000 ) ) ;
#1241 = VECTOR ( 'NONE', #3829, 39.37007874015748143 ) ;
#1242 = CARTESIAN_POINT ( 'NONE',  ( 0.000000000000000000, 0.005905511811023621965, -0.2952755905511810219 ) ) ;
#1243 = ORIENTED_EDGE ( 'NONE', *, *, #1300, .F. ) ;
#1244 = DIRECTION ( 'NONE',  ( 0.000000000000000000, 1.000000000000000000, 0.000000000000000000 ) ) ;
#1245 = CARTESIAN_POINT ( 'NONE',  ( 0.2522448975084875533, 0.000000000000000000, -0.2394359620290856527 ) ) ;
#1246 = VECTOR ( 'NONE', #894, 39.37007874015748143 ) ;
#1247 = ORIENTED_EDGE ( 'NONE', *, *, #2671, .T. ) ;
#1248 = VECTOR ( 'NONE', #3456, 39.37007874015748143 ) ;
#1249 = CARTESIAN_POINT ( 'NONE',  ( 0.2440944881889763884, 0.09724409448818897850, -0.1318897637795275468 ) ) ;
#1250 = CARTESIAN_POINT ( 'NONE',  ( 0.2175064433867681390, 0.001181102362204736753, -0.2260526818963340678 ) ) ;
#1251 = DIRECTION ( 'NONE',  ( 0.000000000000000000, 0.000000000000000000, -1.000000000000000000 ) ) ;
#1252 = CARTESIAN_POINT ( 'NONE',  ( 0.2468191828891524719, 0.000000000000000000, -0.2465004751305575337 ) ) ;
#1253 = AXIS2_PLACEMENT_3D ( 'NONE', #512, #3164, #2515 ) ;
#1254 = ORIENTED_EDGE ( 'NONE', *, *, #37, .T. ) ;
#1255 = DIRECTION ( 'NONE',  ( 1.161645184805897749E-16, 0.000000000000000000, -1.000000000000000000 ) ) ;
#1256 = VECTOR ( 'NONE', #2310, 39.37007874015748143 ) ;
#1257 = ORIENTED_EDGE ( 'NONE', *, *, #2244, .T. ) ;
#1258 = AXIS2_PLACEMENT_3D ( 'NONE', #3591, #273, #3890 ) ;
#1259 = ORIENTED_EDGE ( 'NONE', *, *, #2179, .F. ) ;
#1260 = LINE ( 'NONE', #3561, #1187 ) ;
#1261 = VECTOR ( 'NONE', #196, 39.37007874015748143 ) ;
#1262 = DIRECTION ( 'NONE',  ( 0.000000000000000000, 0.000000000000000000, 1.000000000000000000 ) ) ;
#1263 = EDGE_CURVE ( 'NONE', #3035, #2231, #75, .T. ) ;
#1264 = VECTOR ( 'NONE', #2797, 39.37007874015748143 ) ;
#1265 = CARTESIAN_POINT ( 'NONE',  ( 0.2490519993531905008, 0.001181102362204724827, -0.2277710439614752669 ) ) ;
#1266 = ORIENTED_EDGE ( 'NONE', *, *, #599, .T. ) ;
#1267 = LINE ( 'NONE', #3565, #161 ) ;
#1268 = CARTESIAN_POINT ( 'NONE',  ( 0.2952755905511810774, 0.005905511811023621965, -0.2519685039370078705 ) ) ;
#1269 = EDGE_CURVE ( 'NONE', #2626, #184, #2685, .T. ) ;
#1270 = ORIENTED_EDGE ( 'NONE', *, *, #4076, .F. ) ;
#1271 = EDGE_CURVE ( 'NONE', #3830, #1629, #2015, .T. ) ;
#1272 = LINE ( 'NONE', #3206, #1732 ) ;
#1273 = FACE_OUTER_BOUND ( 'NONE', #716, .T. ) ;
#1274 = CARTESIAN_POINT ( 'NONE',  ( 0.07518413417112761177, 0.09724409448818897850, -0.2544645476115997007 ) ) ;
#1275 = ORIENTED_EDGE ( 'NONE', *, *, #206, .T. ) ;
#1276 = EDGE_CURVE ( 'NONE', #420, #1436, #2707, .T. ) ;
#1277 = CARTESIAN_POINT ( 'NONE',  ( 0.2134380584367668587, 0.000000000000000000, -0.2246974930740982812 ) ) ;
#1278 = CARTESIAN_POINT ( 'NONE',  ( 0.2142900618009828950, 0.001181102362204736753, -0.2247806993121163333 ) ) ;
#1279 = DIMENSIONAL_EXPONENTS ( 1.000000000000000000, 0.000000000000000000, 0.000000000000000000, 0.000000000000000000, 0.000000000000000000, 0.000000000000000000, 0.000000000000000000 ) ;
#1280 = LINE ( 'NONE', #836, #2925 ) ;
#1281 = DIRECTION ( 'NONE',  ( 0.000000000000000000, 0.000000000000000000, -1.000000000000000000 ) ) ;
#1282 = ORIENTED_EDGE ( 'NONE', *, *, #3352, .F. ) ;
#1283 = DIRECTION ( 'NONE',  ( 0.7071067811865475727, 0.000000000000000000, -0.7071067811865474617 ) ) ;
#1284 = EDGE_LOOP ( 'NONE', ( #933, #1540, #2504, #1360 ) ) ;
#1285 = ORIENTED_EDGE ( 'NONE', *, *, #2547, .T. ) ;
#1286 = CARTESIAN_POINT ( 'NONE',  ( 0.2125171209223771784, 0.001181102362204724610, -0.2246974930740982257 ) ) ;
#1287 = LINE ( 'NONE', #862, #556 ) ;
#1288 = CARTESIAN_POINT ( 'NONE',  ( 0.000000000000000000, 0.005905511811023621965, 0.000000000000000000 ) ) ;
#1289 = ORIENTED_EDGE ( 'NONE', *, *, #1089, .T. ) ;
#1290 = CARTESIAN_POINT ( 'NONE',  ( 0.000000000000000000, 0.01377952755905511792, 0.000000000000000000 ) ) ;
#1291 = DIRECTION ( 'NONE',  ( 0.000000000000000000, 1.000000000000000000, 0.000000000000000000 ) ) ;
#1292 = DIRECTION ( 'NONE',  ( 0.000000000000000000, 0.000000000000000000, 1.000000000000000000 ) ) ;
#1293 = ORIENTED_EDGE ( 'NONE', *, *, #3815, .F. ) ;
#1294 = DIRECTION ( 'NONE',  ( 0.000000000000000000, 0.000000000000000000, 1.000000000000000000 ) ) ;
#1295 = CARTESIAN_POINT ( 'NONE',  ( 0.2356916774855224994, 0.000000000000000000, -0.2458134127840800875 ) ) ;
#1296 = CARTESIAN_POINT ( 'NONE',  ( 0.04330708661417324162, 0.005905511811023620231, -0.2952755905511810774 ) ) ;
#1297 = ORIENTED_EDGE ( 'NONE', *, *, #2054, .T. ) ;
#1298 = CARTESIAN_POINT ( 'NONE',  ( 0.2151239262017481668, 0.000000000000000000, -0.2249750745792241380 ) ) ;
#1299 = FILL_AREA_STYLE ('',( #2240 ) ) ;
#1300 = EDGE_CURVE ( 'NONE', #2231, #3729, #1023, .T. ) ;
#1301 = EDGE_CURVE ( 'NONE', #233, #2441, #1631, .T. ) ;
#1302 = CARTESIAN_POINT ( 'NONE',  ( 0.2440046036314134081, 0.000000000000000000, -0.2473642006701784468 ) ) ;
#1303 = EDGE_CURVE ( 'NONE', #194, #1033, #4016, .T. ) ;
#1304 = ORIENTED_EDGE ( 'NONE', *, *, #3213, .T. ) ;
#1305 = DIRECTION ( 'NONE',  ( 1.000000000000000000, 0.000000000000000000, 0.000000000000000000 ) ) ;
#1306 = ORIENTED_EDGE ( 'NONE', *, *, #182, .F. ) ;
#1307 = ORIENTED_EDGE ( 'NONE', *, *, #890, .F. ) ;
#1308 = CARTESIAN_POINT ( 'NONE',  ( 0.000000000000000000, 0.000000000000000000, -0.2519685039370078705 ) ) ;
#1309 = CARTESIAN_POINT ( 'NONE',  ( 0.1476377952755905387, 0.007874015748031495954, -0.2480314960629920740 ) ) ;
#1310 = CARTESIAN_POINT ( 'NONE',  ( 0.2412964182470536956, 0.001181102362204725044, -0.2281510087530594089 ) ) ;
#1311 = UNCERTAINTY_MEASURE_WITH_UNIT (LENGTH_MEASURE( 1.000000000000000082E-05 ), #707, 'distance_accuracy_value', 'NONE');
#1312 = DIRECTION ( 'NONE',  ( 0.000000000000000000, -1.000000000000000000, 0.000000000000000000 ) ) ;
#1313 = CARTESIAN_POINT ( 'NONE',  ( 0.000000000000000000, 0.01377952755905511792, -0.2027559055118110243 ) ) ;
#1314 = CARTESIAN_POINT ( 'NONE',  ( 0.2519685039370078705, 0.005905511811023621965, -0.2519685039370078705 ) ) ;
#1315 = ORIENTED_EDGE ( 'NONE', *, *, #604, .F. ) ;
#1316 = CARTESIAN_POINT ( 'NONE',  ( 0.2519685039370078705, 0.005905511811023621965, -0.04330708661417323468 ) ) ;
#1317 = ORIENTED_EDGE ( 'NONE', *, *, #3425, .T. ) ;
#1318 = CARTESIAN_POINT ( 'NONE',  ( 0.000000000000000000, 0.007874015748031495954, -0.1279527559055117503 ) ) ;
#1319 = EDGE_LOOP ( 'NONE', ( #2059, #2097, #103, #4099 ) ) ;
#1320 = DIRECTION ( 'NONE',  ( 0.000000000000000000, 0.000000000000000000, -1.000000000000000000 ) ) ;
#1321 = CIRCLE ( 'NONE', #136, 0.01181102362204724046 ) ;
#1322 = FILL_AREA_STYLE ('',( #1036 ) ) ;
#1323 = CARTESIAN_POINT ( 'NONE',  ( 0.07518413417112761177, 0.09842519685039370636, -0.2544645476115997007 ) ) ;
#1324 = ORIENTED_EDGE ( 'NONE', *, *, #3372, .F. ) ;
#1325 = VECTOR ( 'NONE', #4163, 39.37007874015748143 ) ;
#1326 = DIRECTION ( 'NONE',  ( 0.000000000000000000, 1.277744513902811042E-16, -1.000000000000000000 ) ) ;
#1327 = ADVANCED_FACE ( 'NONE', ( #627 ), #2294, .F. ) ;
#1328 = PLANE ( 'NONE',  #2908 ) ;
#1329 = LINE ( 'NONE', #2332, #4125 ) ;
#1330 = VECTOR ( 'NONE', #454, 39.37007874015748143 ) ;
#1331 = VERTEX_POINT ( 'NONE', #1071 ) ;
#1332 = EDGE_CURVE ( 'NONE', #1580, #2626, #338, .T. ) ;
#1333 = CARTESIAN_POINT ( 'NONE',  ( 0.1066801971632535817, 0.09842519685039370636, 0.000000000000000000 ) ) ;
#1334 = CIRCLE ( 'NONE', #2286, 0.01181102362204724046 ) ;
#1335 = VECTOR ( 'NONE', #2627, 39.37007874015748143 ) ;
#1336 = PLANE ( 'NONE',  #3780 ) ;
#1337 = EDGE_CURVE ( 'NONE', #1687, #283, #2996, .T. ) ;
#1338 = DIRECTION ( 'NONE',  ( -1.000000000000000000, 0.000000000000000000, 0.000000000000000000 ) ) ;
#1339 = CARTESIAN_POINT ( 'NONE',  ( 0.2519685039370078705, 0.005905511811023621965, -0.04330708661417322081 ) ) ;
#1340 = VECTOR ( 'NONE', #3931, 39.37007874015748143 ) ;
#1341 = DIMENSIONAL_EXPONENTS ( 1.000000000000000000, 0.000000000000000000, 0.000000000000000000, 0.000000000000000000, 0.000000000000000000, 0.000000000000000000, 0.000000000000000000 ) ;
#1342 = CARTESIAN_POINT ( 'NONE',  ( 0.2412964182470536956, 0.000000000000000000, -0.2281510087530594089 ) ) ;
#1343 = VECTOR ( 'NONE', #1543, 39.37007874015748143 ) ;
#1344 = DIRECTION ( 'NONE',  ( 0.000000000000000000, 0.000000000000000000, 1.000000000000000000 ) ) ;
#1345 = CARTESIAN_POINT ( 'NONE',  ( 0.03581405543097011812, 0.09842519685039370636, -0.2544645476115997007 ) ) ;
#1346 = DIRECTION ( 'NONE',  ( 0.000000000000000000, 0.000000000000000000, -1.000000000000000000 ) ) ;
#1347 =( GEOMETRIC_REPRESENTATION_CONTEXT ( 3 ) GLOBAL_UNCERTAINTY_ASSIGNED_CONTEXT ( ( #1311 ) ) GLOBAL_UNIT_ASSIGNED_CONTEXT ( ( #707, #2659, #2328 ) ) REPRESENTATION_CONTEXT ( 'NONE', 'WORKASPACE' ) );
#1348 = ORIENTED_EDGE ( 'NONE', *, *, #3031, .T. ) ;
#1349 = CARTESIAN_POINT ( 'NONE',  ( 0.07518413417112761177, 0.09724409448818897850, -0.2387165161155367921 ) ) ;
#1350 = ORIENTED_EDGE ( 'NONE', *, *, #3761, .F. ) ;
#1351 = LINE ( 'NONE', #1593, #3727 ) ;
#1352 = ORIENTED_EDGE ( 'NONE', *, *, #2095, .F. ) ;
#1353 = DIRECTION ( 'NONE',  ( 0.000000000000000000, 1.000000000000000000, 0.000000000000000000 ) ) ;
#1354 =( NAMED_UNIT ( * ) SI_UNIT ( $, .STERADIAN. ) SOLID_ANGLE_UNIT ( ) );
#1355 = CARTESIAN_POINT ( 'NONE',  ( 0.2499209237140228301, 0.000000000000000000, -0.2441973484478732748 ) ) ;
#1356 = VERTEX_POINT ( 'NONE', #1652 ) ;
#1357 = FACE_OUTER_BOUND ( 'NONE', #1387, .T. ) ;
#1358 = FACE_OUTER_BOUND ( 'NONE', #2267, .T. ) ;
#1359 = EDGE_CURVE ( 'NONE', #1445, #2085, #3608, .T. ) ;
#1360 = ORIENTED_EDGE ( 'NONE', *, *, #921, .F. ) ;
#1361 = PLANE ( 'NONE',  #286 ) ;
#1362 = FACE_OUTER_BOUND ( 'NONE', #3961, .T. ) ;
#1363 = EDGE_CURVE ( 'NONE', #3495, #2943, #2972, .T. ) ;
#1364 = PLANE ( 'NONE',  #3173 ) ;
#1365 = EDGE_CURVE ( 'NONE', #443, #3007, #2334, .T. ) ;
#1366 = DIRECTION ( 'NONE',  ( -1.000000000000000000, 0.000000000000000000, 0.000000000000000000 ) ) ;
#1367 = FACE_OUTER_BOUND ( 'NONE', #1746, .T. ) ;
#1368 = ORIENTED_EDGE ( 'NONE', *, *, #4148, .T. ) ;
#1369 = VERTEX_POINT ( 'NONE', #3925 ) ;
#1370 = ORIENTED_EDGE ( 'NONE', *, *, #1235, .T. ) ;
#1371 = CARTESIAN_POINT ( 'NONE',  ( 0.2212576004908723970, 0.001181102362204724176, -0.2295411414038112941 ) ) ;
#1372 = SURFACE_STYLE_FILL_AREA ( #1322 ) ;
#1373 = CARTESIAN_POINT ( 'NONE',  ( 0.2454825017227906803, 0.001181102362204726995, -0.2470301988857796505 ) ) ;
#1374 = ORIENTED_EDGE ( 'NONE', *, *, #441, .F. ) ;
#1375 = CARTESIAN_POINT ( 'NONE',  ( 0.2502751504790298731, 0.001181102362204727863, -0.2292231230771135109 ) ) ;
#1376 = CARTESIAN_POINT ( 'NONE',  ( 0.2375991001205914332, 0.001181102362204724176, -0.2416132969325453794 ) ) ;
#1377 = PLANE ( 'NONE',  #2072 ) ;
#1378 = ORIENTED_EDGE ( 'NONE', *, *, #3329, .T. ) ;
#1379 = DIRECTION ( 'NONE',  ( -1.000000000000000000, 0.000000000000000000, 0.000000000000000000 ) ) ;
#1380 = CARTESIAN_POINT ( 'NONE',  ( 0.000000000000000000, 0.09842519685039370636, -0.04330708661417323468 ) ) ;
#1381 = EDGE_CURVE ( 'NONE', #420, #900, #3952, .T. ) ;
#1382 = EDGE_CURVE ( 'NONE', #4153, #2680, #1675, .T. ) ;
#1383 = CARTESIAN_POINT ( 'NONE',  ( 0.000000000000000000, 0.01377952755905511965, -0.2027559055118109688 ) ) ;
#1384 = DIRECTION ( 'NONE',  ( -0.000000000000000000, -0.000000000000000000, -1.000000000000000000 ) ) ;
#1385 = ORIENTED_EDGE ( 'NONE', *, *, #1107, .F. ) ;
#1386 = EDGE_CURVE ( 'NONE', #2782, #1081, #1713, .T. ) ;
#1387 = EDGE_LOOP ( 'NONE', ( #2777, #3918, #2428, #1569 ) ) ;
#1388 = ORIENTED_EDGE ( 'NONE', *, *, #1926, .T. ) ;
#1389 = CARTESIAN_POINT ( 'NONE',  ( 0.2182445941785979004, 0.001181102362204724176, -0.2265991650821938819 ) ) ;
#1390 = PRESENTATION_STYLE_ASSIGNMENT (( #2311 ) ) ;
#1391 = CARTESIAN_POINT ( 'NONE',  ( 0.2468191828891524719, 0.001181102362204726995, -0.2465004751305575337 ) ) ;
#1392 = ORIENTED_EDGE ( 'NONE', *, *, #3270, .F. ) ;
#1393 = DIRECTION ( 'NONE',  ( 0.000000000000000000, 0.000000000000000000, 1.000000000000000000 ) ) ;
#1394 = CARTESIAN_POINT ( 'NONE',  ( 0.2755905511811023167, 0.007874015748031495954, -0.1673228346456692994 ) ) ;
#1395 = CARTESIAN_POINT ( 'NONE',  ( 0.2952755905511810774, 0.09842519685039370636, -0.04330708661417322081 ) ) ;
#1396 = VECTOR ( 'NONE', #2962, 39.37007874015748143 ) ;
#1397 = VERTEX_POINT ( 'NONE', #3643 ) ;
#1398 = CARTESIAN_POINT ( 'NONE',  ( 0.04724409448818898266, 0.000000000000000000, -0.1771653543307086243 ) ) ;
#1399 = DIRECTION ( 'NONE',  ( 0.4472135954999575946, 0.000000000000000000, 0.8944271909999160775 ) ) ;
#1400 = VECTOR ( 'NONE', #148, 39.37007874015748143 ) ;
#1401 = UNCERTAINTY_MEASURE_WITH_UNIT (LENGTH_MEASURE( 1.000000000000000082E-05 ), #2460, 'distance_accuracy_value', 'NONE');
#1402 = DIRECTION ( 'NONE',  ( -1.000000000000000000, 0.000000000000000000, 0.000000000000000000 ) ) ;
#1403 = AXIS2_PLACEMENT_3D ( 'NONE', #2721, #1750, #1430 ) ;
#1404 = ADVANCED_FACE ( 'NONE', ( #3028, #3307, #357, #40 ), #1361, .F. ) ;
#1405 = ORIENTED_EDGE ( 'NONE', *, *, #1234, .T. ) ;
#1406 = AXIS2_PLACEMENT_3D ( 'NONE', #1290, #1312, #2600 ) ;
#1407 = ORIENTED_EDGE ( 'NONE', *, *, #1719, .F. ) ;
#1408 = VERTEX_POINT ( 'NONE', #2394 ) ;
#1409 = CARTESIAN_POINT ( 'NONE',  ( 0.000000000000000000, 0.005905511811023621965, 0.000000000000000000 ) ) ;
#1410 = VECTOR ( 'NONE', #3673, 39.37007874015748143 ) ;
#1411 = LINE ( 'NONE', #3661, #2989 ) ;
#1412 = ADVANCED_FACE ( 'NONE', ( #437 ), #3772, .F. ) ;
#1413 = ADVANCED_FACE ( 'NONE', ( #1493 ), #3708, .T. ) ;
#1414 = ORIENTED_EDGE ( 'NONE', *, *, #3293, .F. ) ;
#1415 = EDGE_CURVE ( 'NONE', #334, #1602, #4033, .T. ) ;
#1416 = FACE_OUTER_BOUND ( 'NONE', #3479, .T. ) ;
#1417 = VECTOR ( 'NONE', #2060, 39.37007874015748143 ) ;
#1418 = DIRECTION ( 'NONE',  ( -0.000000000000000000, -1.000000000000000000, -0.000000000000000000 ) ) ;
#1419 = DIRECTION ( 'NONE',  ( 0.000000000000000000, 1.000000000000000000, 0.000000000000000000 ) ) ;
#1420 = ORIENTED_EDGE ( 'NONE', *, *, #516, .F. ) ;
#1421 = LINE ( 'NONE', #2128, #623 ) ;
#1422 = LINE ( 'NONE', #2791, #3671 ) ;
#1423 = CARTESIAN_POINT ( 'NONE',  ( 0.2519685039370078705, 0.005905511811023621965, -0.2519685039370078705 ) ) ;
#1424 = CARTESIAN_POINT ( 'NONE',  ( 0.000000000000000000, 0.000000000000000000, 0.000000000000000000 ) ) ;
#1425 = EDGE_LOOP ( 'NONE', ( #1388, #3002, #1605, #1126 ) ) ;
#1426 = VERTEX_POINT ( 'NONE', #772 ) ;
#1427 = ORIENTED_EDGE ( 'NONE', *, *, #2129, .T. ) ;
#1428 = CARTESIAN_POINT ( 'NONE',  ( 0.01968503937007875376, 0.000000000000000000, -0.2027559055118109688 ) ) ;
#1429 = DIRECTION ( 'NONE',  ( -0.000000000000000000, -1.000000000000000000, -0.000000000000000000 ) ) ;
#1430 = DIRECTION ( 'NONE',  ( 1.000000000000000000, 0.000000000000000000, -3.273063162220391805E-16 ) ) ;
#1431 = ORIENTED_EDGE ( 'NONE', *, *, #1063, .T. ) ;
#1432 = EDGE_CURVE ( 'NONE', #2950, #222, #1815, .T. ) ;
#1433 = CARTESIAN_POINT ( 'NONE',  ( 0.2459444872055055742, 0.001181102362204724176, -0.2412009712490781055 ) ) ;
#1434 = EDGE_CURVE ( 'NONE', #3007, #2222, #3127, .T. ) ;
#1435 = CARTESIAN_POINT ( 'NONE',  ( 0.2559055118110236671, 0.08661417322834646937, -0.1003937007874015630 ) ) ;
#1436 = VERTEX_POINT ( 'NONE', #2454 ) ;
#1437 = DIRECTION ( 'NONE',  ( -0.7071067811865475727, 0.000000000000000000, 0.7071067811865473507 ) ) ;
#1438 = CARTESIAN_POINT ( 'NONE',  ( 0.07518413417112761177, 0.09842519685039370636, -0.2111574609974264938 ) ) ;
#1439 = FACE_OUTER_BOUND ( 'NONE', #2079, .T. ) ;
#1440 = ORIENTED_EDGE ( 'NONE', *, *, #929, .F. ) ;
#1441 = EDGE_LOOP ( 'NONE', ( #122, #3959, #2498, #1639 ) ) ;
#1442 = LINE ( 'NONE', #1499, #1957 ) ;
#1443 = LINE ( 'NONE', #4081, #1871 ) ;
#1444 = LINE ( 'NONE', #1866, #429 ) ;
#1445 = VERTEX_POINT ( 'NONE', #2763 ) ;
#1446 = PRESENTATION_STYLE_ASSIGNMENT (( #1825 ) ) ;
#1447 = DIRECTION ( 'NONE',  ( 0.000000000000000000, 0.000000000000000000, -1.000000000000000000 ) ) ;
#1448 = CARTESIAN_POINT ( 'NONE',  ( 0.2480230403736264078, 0.000000000000000000, -0.2372541087183444031 ) ) ;
#1449 = CARTESIAN_POINT ( 'NONE',  ( 0.2755905511811023167, 0.007874015748031495954, -0.1673228346456692994 ) ) ;
#1450 = LINE ( 'NONE', #2759, #3049 ) ;
#1451 = EDGE_CURVE ( 'NONE', #188, #2706, #747, .T. ) ;
#1452 = ORIENTED_EDGE ( 'NONE', *, *, #496, .F. ) ;
#1453 = DIRECTION ( 'NONE',  ( 0.000000000000000000, 0.000000000000000000, 1.000000000000000000 ) ) ;
#1454 = CARTESIAN_POINT ( 'NONE',  ( 0.2182445941785979004, 0.000000000000000000, -0.2265991650821938819 ) ) ;
#1455 = DIRECTION ( 'NONE',  ( 1.000000000000000000, 0.000000000000000000, 0.000000000000000000 ) ) ;
#1456 = EDGE_CURVE ( 'NONE', #1408, #723, #3427, .T. ) ;
#1457 = ORIENTED_EDGE ( 'NONE', *, *, #1557, .T. ) ;
#1458 = AXIS2_PLACEMENT_3D ( 'NONE', #717, #1379, #2037 ) ;
#1459 = VECTOR ( 'NONE', #4084, 39.37007874015748143 ) ;
#1460 = CARTESIAN_POINT ( 'NONE',  ( 0.000000000000000000, 0.09842519685039370636, -0.1279527559055117503 ) ) ;
#1461 = AXIS2_PLACEMENT_3D ( 'NONE', #465, #3807, #3185 ) ;
#1462 = ORIENTED_EDGE ( 'NONE', *, *, #1817, .T. ) ;
#1463 = VECTOR ( 'NONE', #539, 39.37007874015748143 ) ;
#1464 = CARTESIAN_POINT ( 'NONE',  ( 0.1476377952755905387, 0.007874015748031495954, -0.2480314960629920740 ) ) ;
#1465 = CARTESIAN_POINT ( 'NONE',  ( 0.000000000000000000, 0.09842519685039370636, -0.04330708661417323468 ) ) ;
#1466 = CARTESIAN_POINT ( 'NONE',  ( 0.2952755905511810774, 0.01377952755905511792, -0.1279527559055117780 ) ) ;
#1467 = VECTOR ( 'NONE', #2208, 39.37007874015748143 ) ;
#1468 = VERTEX_POINT ( 'NONE', #2051 ) ;
#1469 = FILL_AREA_STYLE_COLOUR ( '', #3099 ) ;
#1470 = DIRECTION ( 'NONE',  ( 0.000000000000000000, 1.000000000000000000, 0.000000000000000000 ) ) ;
#1471 = CARTESIAN_POINT ( 'NONE',  ( 0.2755905511811023167, 0.000000000000000000, -0.2027559055118110243 ) ) ;
#1472 = STYLED_ITEM ( 'NONE', ( #2092 ), #3666 ) ;
#1473 = PLANE ( 'NONE',  #551 ) ;
#1474 = EDGE_LOOP ( 'NONE', ( #950, #2251, #177, #4182, #1139, #2698, #4119, #709 ) ) ;
#1475 = CARTESIAN_POINT ( 'NONE',  ( 0.2227161143295339485, 0.000000000000000000, -0.2365270130452394870 ) ) ;
#1476 = EDGE_LOOP ( 'NONE', ( #3859, #3571, #3365, #996 ) ) ;
#1477 = VECTOR ( 'NONE', #4180, 39.37007874015748143 ) ;
#1478 = PLANE ( 'NONE',  #2355 ) ;
#1479 = CARTESIAN_POINT ( 'NONE',  ( 0.03581405543097011812, 0.09842519685039370636, -0.2387165161155367921 ) ) ;
#1480 = EDGE_CURVE ( 'NONE', #2384, #1893, #731, .T. ) ;
#1481 = EDGE_CURVE ( 'NONE', #2446, #2950, #413, .T. ) ;
#1482 = ORIENTED_EDGE ( 'NONE', *, *, #3270, .T. ) ;
#1483 = PLANE ( 'NONE',  #4137 ) ;
#1484 = DIRECTION ( 'NONE',  ( 0.000000000000000000, 0.000000000000000000, 1.000000000000000000 ) ) ;
#1485 = CARTESIAN_POINT ( 'NONE',  ( 0.2362204724409449064, 0.08661417322834646937, -0.1948818897637795144 ) ) ;
#1486 = ORIENTED_EDGE ( 'NONE', *, *, #573, .F. ) ;
#1487 = DIRECTION ( 'NONE',  ( 0.000000000000000000, 1.000000000000000000, 0.000000000000000000 ) ) ;
#1488 = CARTESIAN_POINT ( 'NONE',  ( 0.2519685039370078705, 0.000000000000000000, -0.2519685039370078705 ) ) ;
#1489 = DIRECTION ( 'NONE',  ( -0.000000000000000000, -1.000000000000000000, -0.000000000000000000 ) ) ;
#1490 = EDGE_LOOP ( 'NONE', ( #1988, #3415, #1727, #1407 ) ) ;
#1491 = CARTESIAN_POINT ( 'NONE',  ( 0.000000000000000000, 0.005905511811023621965, 0.000000000000000000 ) ) ;
#1492 = ORIENTED_EDGE ( 'NONE', *, *, #1061, .T. ) ;
#1493 = FACE_OUTER_BOUND ( 'NONE', #704, .T. ) ;
#1494 = ORIENTED_EDGE ( 'NONE', *, *, #3635, .T. ) ;
#1495 = CARTESIAN_POINT ( 'NONE',  ( 0.000000000000000000, 0.01377952755905511792, 0.000000000000000000 ) ) ;
#1496 = DIRECTION ( 'NONE',  ( -0.000000000000000000, -1.000000000000000000, -0.000000000000000000 ) ) ;
#1497 = EDGE_CURVE ( 'NONE', #646, #1893, #3048, .T. ) ;
#1498 = VERTEX_POINT ( 'NONE', #154 ) ;
#1499 = CARTESIAN_POINT ( 'NONE',  ( 0.000000000000000000, 0.007874015748031495954, 0.000000000000000000 ) ) ;
#1500 = PLANE ( 'NONE',  #3863 ) ;
#1501 = ADVANCED_FACE ( 'NONE', ( #2381 ), #1478, .T. ) ;
#1502 = ORIENTED_EDGE ( 'NONE', *, *, #3790, .T. ) ;
#1503 = CARTESIAN_POINT ( 'NONE',  ( 0.2559055118110236671, 0.08661417322834646937, -0.1948818897637795144 ) ) ;
#1504 = FACE_OUTER_BOUND ( 'NONE', #3623, .T. ) ;
#1505 = ORIENTED_EDGE ( 'NONE', *, *, #124, .T. ) ;
#1506 = CARTESIAN_POINT ( 'NONE',  ( 0.2388256175636223333, 0.000000000000000000, -0.2470273365318265135 ) ) ;
#1507 = ORIENTED_EDGE ( 'NONE', *, *, #3872, .T. ) ;
#1508 = DIRECTION ( 'NONE',  ( 1.000000000000000000, 0.000000000000000000, 1.161645184805897749E-16 ) ) ;
#1509 = ORIENTED_EDGE ( 'NONE', *, *, #39, .T. ) ;
#1510 = CARTESIAN_POINT ( 'NONE',  ( 0.2468564010061902181, 0.000000000000000000, -0.2325747723257934607 ) ) ;
#1511 = DIRECTION ( 'NONE',  ( 0.000000000000000000, -1.000000000000000000, 0.000000000000000000 ) ) ;
#1512 = STYLED_ITEM ( 'NONE', ( #3759 ), #800 ) ;
#1513 = LINE ( 'NONE', #2832, #1749 ) ;
#1514 = LINE ( 'NONE', #1888, #2837 ) ;
#1515 = AXIS2_PLACEMENT_3D ( 'NONE', #3805, #3875, #1198 ) ;
#1516 = CARTESIAN_POINT ( 'NONE',  ( 0.2502751504790298731, 0.001181102362204724827, -0.2292231230771135109 ) ) ;
#1517 = ORIENTED_EDGE ( 'NONE', *, *, #1531, .F. ) ;
#1518 = AXIS2_PLACEMENT_3D ( 'NONE', #898, #4142, #2510 ) ;
#1519 = AXIS2_PLACEMENT_3D ( 'NONE', #1503, #766, #2818 ) ;
#1520 = DIRECTION ( 'NONE',  ( -0.000000000000000000, -0.000000000000000000, -1.000000000000000000 ) ) ;
#1521 = EDGE_CURVE ( 'NONE', #3019, #1231, #3692, .T. ) ;
#1522 = LINE ( 'NONE', #1485, #223 ) ;
#1523 = VERTEX_POINT ( 'NONE', #2410 ) ;
#1524 = VECTOR ( 'NONE', #680, 39.37007874015748143 ) ;
#1525 = DIRECTION ( 'NONE',  ( -1.000000000000000000, 0.000000000000000000, 0.000000000000000000 ) ) ;
#1526 = CARTESIAN_POINT ( 'NONE',  ( 0.2523476684197294984, 0.000000000000000000, -0.2352882744895792022 ) ) ;
#1527 = DIRECTION ( 'NONE',  ( -1.000000000000000000, 0.000000000000000000, 0.000000000000000000 ) ) ;
#1528 = PLANE ( 'NONE',  #3034 ) ;
#1529 = EDGE_CURVE ( 'NONE', #184, #874, #1421, .T. ) ;
#1530 = AXIS2_PLACEMENT_3D ( 'NONE', #3251, #2936, #1346 ) ;
#1531 = EDGE_CURVE ( 'NONE', #642, #1918, #2728, .T. ) ;
#1532 = EDGE_LOOP ( 'NONE', ( #3745, #218, #3093, #2898, #3055, #2118 ) ) ;
#1533 = DIRECTION ( 'NONE',  ( 0.000000000000000000, 0.000000000000000000, -1.000000000000000000 ) ) ;
#1534 = B_SPLINE_SURFACE_WITH_KNOTS ( 'NONE', 3, 1, ( 
 ( #3470, #937 ),
 ( #2526, #3200 ),
 ( #4200, #886 ),
 ( #2250, #585 ),
 ( #269, #3820 ),
 ( #2861, #1862 ),
 ( #1911, #4222 ),
 ( #3221, #2546 ),
 ( #1612, #1265 ),
 ( #3799, #3149 ),
 ( #201, #1516 ),
 ( #1193, #3489 ),
 ( #3517, #535 ),
 ( #251, #1545 ),
 ( #4158, #1889 ),
 ( #1217, #2884 ),
 ( #4178, #2230 ),
 ( #3541, #3993 ),
 ( #4243, #401 ) ),
 .UNSPECIFIED., .F., .F., .F.,
 ( 4, 1, 1, 1, 1, 1, 1, 1, 1, 1, 1, 1, 1, 1, 1, 1, 4 ),
 ( 2, 2 ),
 ( 0.000000000000000000, 0.08242720734498451551, 0.1603675364368872258, 0.2342743452548974314, 0.3045791283518367032, 0.3709734210020237399, 0.4340957083014768125, 0.4942490141311203788, 0.5521849533287120915, 0.6083084921986944282, 0.6637096046511895553, 0.7187652065792990985, 0.7733882729937117118, 0.8289040777710605656, 0.8845914781299430985, 0.9415516960554007886, 1.000000000000000000 ),
 ( 0.000000000000000000, 1.000000000000000000 ),
 .UNSPECIFIED. ) ;
#1535 = EDGE_LOOP ( 'NONE', ( #2582, #2610, #4008, #2614 ) ) ;
#1536 = DIRECTION ( 'NONE',  ( 0.000000000000000000, 1.000000000000000000, 0.000000000000000000 ) ) ;
#1537 = VECTOR ( 'NONE', #1496, 39.37007874015748143 ) ;
#1538 = CARTESIAN_POINT ( 'NONE',  ( 0.2345538511480255162, 0.000000000000000000, -0.2399974993010051405 ) ) ;
#1539 = AXIS2_PLACEMENT_3D ( 'NONE', #1617, #3202, #1865 ) ;
#1540 = ORIENTED_EDGE ( 'NONE', *, *, #806, .F. ) ;
#1541 = FACE_OUTER_BOUND ( 'NONE', #3442, .T. ) ;
#1542 = AXIS2_PLACEMENT_3D ( 'NONE', #1424, #2731, #2420 ) ;
#1543 = DIRECTION ( 'NONE',  ( -1.000000000000000000, 0.000000000000000000, 0.000000000000000000 ) ) ;
#1544 = CARTESIAN_POINT ( 'NONE',  ( 0.2952755905511810774, 0.005905511811023621965, -0.2519685039370078705 ) ) ;
#1545 = CARTESIAN_POINT ( 'NONE',  ( 0.2515857852975623143, 0.001181102362204724827, -0.2316297479556460870 ) ) ;
#1546 = ORIENTED_EDGE ( 'NONE', *, *, #832, .T. ) ;
#1547 = LINE ( 'NONE', #2935, #3674 ) ;
#1548 = FACE_OUTER_BOUND ( 'NONE', #2166, .T. ) ;
#1549 = ORIENTED_EDGE ( 'NONE', *, *, #7, .T. ) ;
#1550 = CARTESIAN_POINT ( 'NONE',  ( 0.2166613397371305871, 0.001181102362204724610, -0.2479511653124368553 ) ) ;
#1551 = CARTESIAN_POINT ( 'NONE',  ( 0.2301242893618527241, 0.000000000000000000, -0.2423842350583743921 ) ) ;
#1552 = DIRECTION ( 'NONE',  ( 0.000000000000000000, 1.000000000000000000, 0.000000000000000000 ) ) ;
#1553 = CARTESIAN_POINT ( 'NONE',  ( 0.2473715883965013074, 0.001181102362204736753, -0.2394271304464066774 ) ) ;
#1554 = VERTEX_POINT ( 'NONE', #4068 ) ;
#1555 = DIRECTION ( 'NONE',  ( 0.000000000000000000, 0.000000000000000000, 1.000000000000000000 ) ) ;
#1556 = ORIENTED_EDGE ( 'NONE', *, *, #920, .F. ) ;
#1557 = EDGE_CURVE ( 'NONE', #2227, #4073, #2091, .T. ) ;
#1558 = FACE_OUTER_BOUND ( 'NONE', #3346, .T. ) ;
#1559 = ADVANCED_FACE ( 'NONE', ( #1103 ), #3408, .F. ) ;
#1560 = CARTESIAN_POINT ( 'NONE',  ( 0.2268936287040426436, 0.000000000000000000, -0.2344174654310788863 ) ) ;
#1561 = ORIENTED_EDGE ( 'NONE', *, *, #2203, .F. ) ;
#1562 = ORIENTED_EDGE ( 'NONE', *, *, #1332, .F. ) ;
#1563 = DIRECTION ( 'NONE',  ( 1.224646799147353454E-16, 0.000000000000000000, -1.000000000000000000 ) ) ;
#1564 = CARTESIAN_POINT ( 'NONE',  ( 0.2952755905511810774, 0.01377952755905511965, -0.1279527559055117780 ) ) ;
#1565 = CARTESIAN_POINT ( 'NONE',  ( 0.2215877806141369200, 0.001181102362204724610, -0.2355894516368668146 ) ) ;
#1566 = EDGE_LOOP ( 'NONE', ( #1161, #49, #2874, #857 ) ) ;
#1567 = FACE_OUTER_BOUND ( 'NONE', #980, .T. ) ;
#1568 = LINE ( 'NONE', #4161, #637 ) ;
#1569 = ORIENTED_EDGE ( 'NONE', *, *, #1434, .T. ) ;
#1570 = DIRECTION ( 'NONE',  ( 0.000000000000000000, 0.000000000000000000, -1.000000000000000000 ) ) ;
#1571 = CARTESIAN_POINT ( 'NONE',  ( 0.2516632532310873471, 0.001181102362204724610, -0.2413279923327273924 ) ) ;
#1572 = DIRECTION ( 'NONE',  ( 0.7071067811865474617, 0.000000000000000000, 0.7071067811865474617 ) ) ;
#1573 = CARTESIAN_POINT ( 'NONE',  ( 0.2952755905511810774, 0.09842519685039370636, -0.1279527559055117780 ) ) ;
#1574 = DIRECTION ( 'NONE',  ( 0.000000000000000000, 0.000000000000000000, -1.000000000000000000 ) ) ;
#1575 = CARTESIAN_POINT ( 'NONE',  ( 0.2952755905511810774, 0.007874015748031495954, -0.2027559055118110243 ) ) ;
#1576 = LINE ( 'NONE', #1944, #2414 ) ;
#1577 = ORIENTED_EDGE ( 'NONE', *, *, #3422, .F. ) ;
#1578 = CARTESIAN_POINT ( 'NONE',  ( 0.01968503937007873988, 0.007874015748031495954, -0.09251968503937003929 ) ) ;
#1579 = ADVANCED_FACE ( 'NONE', ( #1558 ), #1923, .T. ) ;
#1580 = VERTEX_POINT ( 'NONE', #219 ) ;
#1581 = ORIENTED_EDGE ( 'NONE', *, *, #601, .F. ) ;
#1582 = LINE ( 'NONE', #1887, #3941 ) ;
#1583 = EDGE_CURVE ( 'NONE', #1828, #1885, #3235, .T. ) ;
#1584 = CARTESIAN_POINT ( 'NONE',  ( 0.000000000000000000, 0.007874015748031495954, -0.09251968503937003929 ) ) ;
#1585 = ADVANCED_FACE ( 'NONE', ( #285 ), #905, .F. ) ;
#1586 = CARTESIAN_POINT ( 'NONE',  ( 0.2258313998707726367, 0.000000000000000000, -0.2390673543921023880 ) ) ;
#1587 = EDGE_LOOP ( 'NONE', ( #3126, #1315, #2994, #32 ) ) ;
#1588 = DIRECTION ( 'NONE',  ( 0.000000000000000000, 1.000000000000000000, 0.000000000000000000 ) ) ;
#1589 = PLANE ( 'NONE',  #2639 ) ;
#1590 = ORIENTED_EDGE ( 'NONE', *, *, #835, .T. ) ;
#1591 = CARTESIAN_POINT ( 'NONE',  ( 0.06731011842309610194, 0.09842519685039370636, 0.000000000000000000 ) ) ;
#1592 = CARTESIAN_POINT ( 'NONE',  ( 0.2293582098258634128, 0.001181102362204724610, -0.2418060450149789042 ) ) ;
#1593 = CARTESIAN_POINT ( 'NONE',  ( 0.2519685039370078705, 0.005905511811023621965, -0.2519685039370078705 ) ) ;
#1594 = VECTOR ( 'NONE', #395, 39.37007874015748143 ) ;
#1595 = ORIENTED_EDGE ( 'NONE', *, *, #2290, .F. ) ;
#1596 = VECTOR ( 'NONE', #320, 39.37007874015748143 ) ;
#1597 = LINE ( 'NONE', #1249, #3662 ) ;
#1598 = CARTESIAN_POINT ( 'NONE',  ( 0.2255724539146454766, 0.001181102362204736753, -0.2333422843645990008 ) ) ;
#1599 = CARTESIAN_POINT ( 'NONE',  ( 0.01968503937007874682, 0.007874015748031495954, -0.1279527559055117503 ) ) ;
#1600 = AXIS2_PLACEMENT_3D ( 'NONE', #1942, #926, #946 ) ;
#1601 = VECTOR ( 'NONE', #2034, 39.37007874015748143 ) ;
#1602 = VERTEX_POINT ( 'NONE', #1603 ) ;
#1603 = CARTESIAN_POINT ( 'NONE',  ( 0.1476377952755905387, 0.000000000000000000, -0.2244094488188975722 ) ) ;
#1604 = AXIS2_PLACEMENT_3D ( 'NONE', #2514, #1786, #2850 ) ;
#1605 = ORIENTED_EDGE ( 'NONE', *, *, #319, .F. ) ;
#1606 = VECTOR ( 'NONE', #1635, 39.37007874015748143 ) ;
#1607 = EDGE_LOOP ( 'NONE', ( #3701, #1135, #345, #756 ) ) ;
#1608 = CARTESIAN_POINT ( 'NONE',  ( 0.2952755905511810774, 0.005905511811023621965, -0.04330708661417322081 ) ) ;
#1609 = VECTOR ( 'NONE', #2228, 39.37007874015748143 ) ;
#1610 = DIRECTION ( 'NONE',  ( 0.000000000000000000, 0.000000000000000000, 1.000000000000000000 ) ) ;
#1611 = COLOUR_RGB ( '',0.7921568627450980005, 0.8196078431372548767, 0.9333333333333333481 ) ;
#1612 = CARTESIAN_POINT ( 'NONE',  ( 0.2490519993531905008, 0.000000000000000000, -0.2277710439614752669 ) ) ;
#1613 = EDGE_CURVE ( 'NONE', #1445, #2571, #1164, .T. ) ;
#1614 = EDGE_CURVE ( 'NONE', #3769, #2175, #2495, .T. ) ;
#1615 = VERTEX_POINT ( 'NONE', #1853 ) ;
#1616 = DIRECTION ( 'NONE',  ( 0.000000000000000000, 1.277744513902811042E-16, -1.000000000000000000 ) ) ;
#1617 = CARTESIAN_POINT ( 'NONE',  ( 0.000000000000000000, 0.005905511811023621965, -0.04330708661417323468 ) ) ;
#1618 = FACE_OUTER_BOUND ( 'NONE', #1907, .T. ) ;
#1619 = VERTEX_POINT ( 'NONE', #2896 ) ;
#1620 = CARTESIAN_POINT ( 'NONE',  ( 0.000000000000000000, 0.007874015748031495954, -0.1673228346456692994 ) ) ;
#1621 = CARTESIAN_POINT ( 'NONE',  ( 0.2523476684197294984, 0.001181102362204724610, -0.2352882744895792022 ) ) ;
#1622 = CARTESIAN_POINT ( 'NONE',  ( 0.1066801971632535817, 0.09724409448818897850, -0.2387165161155367921 ) ) ;
#1623 = ORIENTED_EDGE ( 'NONE', *, *, #3271, .T. ) ;
#1624 = CARTESIAN_POINT ( 'NONE',  ( 0.2142900618009828950, 0.000000000000000000, -0.2247806993121163333 ) ) ;
#1625 = LINE ( 'NONE', #1832, #98 ) ;
#1626 = CARTESIAN_POINT ( 'NONE',  ( 0.2454825017227906803, 0.000000000000000000, -0.2470301988857796505 ) ) ;
#1627 = ORIENTED_EDGE ( 'NONE', *, *, #4111, .F. ) ;
#1628 = DIRECTION ( 'NONE',  ( -0.7071067811865474617, 0.000000000000000000, -0.7071067811865475727 ) ) ;
#1629 = VERTEX_POINT ( 'NONE', #195 ) ;
#1630 = ORIENTED_EDGE ( 'NONE', *, *, #1026, .F. ) ;
#1631 = LINE ( 'NONE', #3628, #2760 ) ;
#1632 = CARTESIAN_POINT ( 'NONE',  ( 0.07518413417112761177, 0.09842519685039370636, -0.2820236027297099435 ) ) ;
#1633 = DIRECTION ( 'NONE',  ( -0.000000000000000000, -1.000000000000000000, -0.000000000000000000 ) ) ;
#1634 = PLANE ( 'NONE',  #3997 ) ;
#1635 = DIRECTION ( 'NONE',  ( 0.000000000000000000, 0.000000000000000000, -1.000000000000000000 ) ) ;
#1636 = CARTESIAN_POINT ( 'NONE',  ( 0.2755905511811023167, 0.01377952755905511792, -0.1673228346456692994 ) ) ;
#1637 = CARTESIAN_POINT ( 'NONE',  ( 0.04330708661417322081, 0.005905511811023621965, -0.04330708661417323468 ) ) ;
#1638 = EDGE_CURVE ( 'NONE', #2263, #1914, #3248, .T. ) ;
#1639 = ORIENTED_EDGE ( 'NONE', *, *, #3032, .F. ) ;
#1640 = CYLINDRICAL_SURFACE ( 'NONE', #2979, 0.02952755905511810289 ) ;
#1641 = ORIENTED_EDGE ( 'NONE', *, *, #441, .T. ) ;
#1642 = DIRECTION ( 'NONE',  ( 0.000000000000000000, 0.000000000000000000, 1.000000000000000000 ) ) ;
#1643 = ORIENTED_EDGE ( 'NONE', *, *, #3974, .F. ) ;
#1644 = DIRECTION ( 'NONE',  ( -0.000000000000000000, -0.000000000000000000, -1.000000000000000000 ) ) ;
#1645 = CARTESIAN_POINT ( 'NONE',  ( 0.07518413417112761177, 0.09724409448818897850, -0.2111574609974264938 ) ) ;
#1646 = CARTESIAN_POINT ( 'NONE',  ( 0.2519685039370078705, 0.09842519685039370636, -4.268512490100410508E-18 ) ) ;
#1647 = EDGE_CURVE ( 'NONE', #668, #3471, #4191, .T. ) ;
#1648 = VERTEX_POINT ( 'NONE', #3812 ) ;
#1649 = EDGE_CURVE ( 'NONE', #2399, #3858, #3789, .T. ) ;
#1650 = CARTESIAN_POINT ( 'NONE',  ( 0.2952755905511810774, 0.04724409448818897572, -0.04330708661417322081 ) ) ;
#1651 = ORIENTED_EDGE ( 'NONE', *, *, #3188, .F. ) ;
#1652 = CARTESIAN_POINT ( 'NONE',  ( -1.084824920504544977E-18, 0.007874015748031497688, -0.1279527559055117503 ) ) ;
#1653 =( LENGTH_UNIT ( ) NAMED_UNIT ( * ) SI_UNIT ( $, .METRE. ) );
#1654 = FACE_OUTER_BOUND ( 'NONE', #2776, .T. ) ;
#1655 = CARTESIAN_POINT ( 'NONE',  ( 0.07518413417112761177, 0.09842519685039370636, -0.2544645476115997007 ) ) ;
#1656 = LINE ( 'NONE', #1028, #2484 ) ;
#1657 = DIRECTION ( 'NONE',  ( 0.000000000000000000, 0.000000000000000000, 1.000000000000000000 ) ) ;
#1658 = DIRECTION ( 'NONE',  ( 0.000000000000000000, 0.000000000000000000, -1.000000000000000000 ) ) ;
#1659 = EDGE_LOOP ( 'NONE', ( #2938, #74, #388, #2527 ) ) ;
#1660 = DIRECTION ( 'NONE',  ( 0.000000000000000000, 0.000000000000000000, 1.000000000000000000 ) ) ;
#1661 = ORIENTED_EDGE ( 'NONE', *, *, #1063, .F. ) ;
#1662 = EDGE_CURVE ( 'NONE', #2827, #481, #4123, .T. ) ;
#1663 = LINE ( 'NONE', #308, #150 ) ;
#1664 = AXIS2_PLACEMENT_3D ( 'NONE', #189, #2403, #823 ) ;
#1665 = CARTESIAN_POINT ( 'NONE',  ( 0.2215877806141369200, 0.001181102362204726995, -0.2355894516368668146 ) ) ;
#1666 = ORIENTED_EDGE ( 'NONE', *, *, #131, .T. ) ;
#1667 = CIRCLE ( 'NONE', #4054, 0.01181102362204726648 ) ;
#1668 = CLOSED_SHELL ( 'NONE', ( #299, #3396, #1154, #1770, #2078, #2944 ) ) ;
#1669 = DIRECTION ( 'NONE',  ( -0.000000000000000000, -1.000000000000000000, -0.000000000000000000 ) ) ;
#1670 = EDGE_CURVE ( 'NONE', #3794, #1687, #3506, .T. ) ;
#1671 = EDGE_CURVE ( 'NONE', #1950, #2862, #877, .T. ) ;
#1672 = DIRECTION ( 'NONE',  ( 1.161645184805897749E-16, 0.000000000000000000, -1.000000000000000000 ) ) ;
#1673 = VECTOR ( 'NONE', #579, 39.37007874015748854 ) ;
#1674 = VECTOR ( 'NONE', #3228, 39.37007874015748143 ) ;
#1675 = LINE ( 'NONE', #3353, #1594 ) ;
#1676 = AXIS2_PLACEMENT_3D ( 'NONE', #2401, #3719, #762 ) ;
#1677 = PLANE ( 'NONE',  #641 ) ;
#1678 = CARTESIAN_POINT ( 'NONE',  ( 0.2755905511811023167, 0.01377952755905511792, -0.1673228346456692994 ) ) ;
#1679 = VECTOR ( 'NONE', #2747, 39.37007874015748143 ) ;
#1680 = CARTESIAN_POINT ( 'NONE',  ( 0.07518413417112761177, 0.09842519685039370636, -0.2820236027297099435 ) ) ;
#1681 =( GEOMETRIC_REPRESENTATION_CONTEXT ( 3 ) GLOBAL_UNCERTAINTY_ASSIGNED_CONTEXT ( ( #402 ) ) GLOBAL_UNIT_ASSIGNED_CONTEXT ( ( #4047, #2709, #3390 ) ) REPRESENTATION_CONTEXT ( 'NONE', 'WORKASPACE' ) );
#1682 = CARTESIAN_POINT ( 'NONE',  ( 0.2952755905511810774, 0.01377952755905511792, -0.09251968503937006705 ) ) ;
#1683 = LINE ( 'NONE', #1701, #3950 ) ;
#1684 = PRESENTATION_LAYER_ASSIGNMENT (  '', '', ( #3053 ) ) ;
#1685 = ORIENTED_EDGE ( 'NONE', *, *, #1613, .F. ) ;
#1686 = ORIENTED_EDGE ( 'NONE', *, *, #3491, .T. ) ;
#1687 = VERTEX_POINT ( 'NONE', #2852 ) ;
#1688 = CARTESIAN_POINT ( 'NONE',  ( 0.2255724539146454766, 0.000000000000000000, -0.2333422843645990008 ) ) ;
#1689 = DIRECTION ( 'NONE',  ( 0.000000000000000000, -1.000000000000000000, 0.000000000000000000 ) ) ;
#1690 = CARTESIAN_POINT ( 'NONE',  ( 0.2479941578986147310, 0.001181102362204726995, -0.2458094797552823341 ) ) ;
#1691 = ORIENTED_EDGE ( 'NONE', *, *, #2053, .T. ) ;
#1692 = CARTESIAN_POINT ( 'NONE',  ( 0.2522705759497831934, 0.001181102362204727863, -0.2343309102836534930 ) ) ;
#1693 = CARTESIAN_POINT ( 'NONE',  ( 0.2375991001205914332, 0.000000000000000000, -0.2416132969325453794 ) ) ;
#1694 = DIRECTION ( 'NONE',  ( -0.000000000000000000, -1.000000000000000000, -0.000000000000000000 ) ) ;
#1695 = EDGE_CURVE ( 'NONE', #2384, #3492, #2246, .T. ) ;
#1696 = EDGE_CURVE ( 'NONE', #1936, #2085, #3214, .T. ) ;
#1697 = DIRECTION ( 'NONE',  ( 0.000000000000000000, -1.000000000000000000, 0.000000000000000000 ) ) ;
#1698 = DIRECTION ( 'NONE',  ( 1.000000000000000000, 0.000000000000000000, 0.000000000000000000 ) ) ;
#1699 = ADVANCED_FACE ( 'NONE', ( #242 ), #931, .F. ) ;
#1700 = CARTESIAN_POINT ( 'NONE',  ( 0.000000000000000000, 0.000000000000000000, 0.000000000000000000 ) ) ;
#1701 = CARTESIAN_POINT ( 'NONE',  ( 0.000000000000000000, 0.005905511811023621965, -0.2519685039370078150 ) ) ;
#1702 = ORIENTED_EDGE ( 'NONE', *, *, #3443, .F. ) ;
#1703 = VERTEX_POINT ( 'NONE', #1184 ) ;
#1704 = ORIENTED_EDGE ( 'NONE', *, *, #4031, .F. ) ;
#1705 = CARTESIAN_POINT ( 'NONE',  ( 0.2255724539146454766, 0.001181102362204724176, -0.2333422843645990008 ) ) ;
#1706 = SURFACE_STYLE_USAGE ( .BOTH. , #371 ) ;
#1707 = LINE ( 'NONE', #4004, #3516 ) ;
#1708 = ORIENTED_EDGE ( 'NONE', *, *, #3533, .T. ) ;
#1709 = CARTESIAN_POINT ( 'NONE',  ( 0.2440944881889763884, 0.09842519685039370636, -0.1318897637795275468 ) ) ;
#1710 = CARTESIAN_POINT ( 'NONE',  ( 0.2441151679336857894, 0.001181102362204724176, -0.2295100913512183316 ) ) ;
#1711 = DIRECTION ( 'NONE',  ( 1.000000000000000000, 0.000000000000000000, 0.000000000000000000 ) ) ;
#1712 = VERTEX_POINT ( 'NONE', #2174 ) ;
#1713 = LINE ( 'NONE', #1953, #3996 ) ;
#1714 = CARTESIAN_POINT ( 'NONE',  ( 0.2952755905511810774, 0.01377952755905511792, -0.1673228346456692994 ) ) ;
#1715 = CARTESIAN_POINT ( 'NONE',  ( 0.000000000000000000, 0.005905511811023621965, 0.000000000000000000 ) ) ;
#1716 = CARTESIAN_POINT ( 'NONE',  ( 0.03581405543097011812, 0.09842519685039370636, -0.2387165161155367921 ) ) ;
#1717 = CARTESIAN_POINT ( 'NONE',  ( 0.2519685039370078705, 0.005905511811023621965, -0.2519685039370078705 ) ) ;
#1718 = EDGE_CURVE ( 'NONE', #3942, #334, #3860, .T. ) ;
#1719 = EDGE_CURVE ( 'NONE', #1426, #2291, #2875, .T. ) ;
#1720 = CARTESIAN_POINT ( 'NONE',  ( 0.000000000000000000, 0.007874015748031495954, -0.1673228346456692439 ) ) ;
#1721 = ORIENTED_EDGE ( 'NONE', *, *, #3874, .F. ) ;
#1722 = ORIENTED_EDGE ( 'NONE', *, *, #2377, .F. ) ;
#1723 = ORIENTED_EDGE ( 'NONE', *, *, #1670, .T. ) ;
#1724 = CARTESIAN_POINT ( 'NONE',  ( 0.2212576004908723970, 0.000000000000000000, -0.2295411414038112941 ) ) ;
#1725 = CARTESIAN_POINT ( 'NONE',  ( 0.000000000000000000, 0.005905511811023620231, -0.2519685039370078150 ) ) ;
#1726 = CARTESIAN_POINT ( 'NONE',  ( 0.2516632532310873471, 0.001181102362204726995, -0.2413279923327273924 ) ) ;
#1727 = ORIENTED_EDGE ( 'NONE', *, *, #466, .F. ) ;
#1728 = CARTESIAN_POINT ( 'NONE',  ( 0.000000000000000000, 0.01377952755905511792, 0.000000000000000000 ) ) ;
#1729 = AXIS2_PLACEMENT_3D ( 'NONE', #2828, #4128, #513 ) ;
#1730 = CARTESIAN_POINT ( 'NONE',  ( 0.2461485436517173164, 0.001181102362204724176, -0.2314601543190771271 ) ) ;
#1731 = DIRECTION ( 'NONE',  ( 0.000000000000000000, 1.000000000000000000, 0.000000000000000000 ) ) ;
#1732 = VECTOR ( 'NONE', #2583, 39.37007874015748143 ) ;
#1733 = CARTESIAN_POINT ( 'NONE',  ( 0.2125171209223771784, 0.000000000000000000, -0.2479511653124368553 ) ) ;
#1734 = VECTOR ( 'NONE', #2533, 39.37007874015748143 ) ;
#1735 = AXIS2_PLACEMENT_3D ( 'NONE', #2748, #2423, #3740 ) ;
#1736 = CARTESIAN_POINT ( 'NONE',  ( 0.04330708661417322081, 0.005905511811023621965, -0.04330708661417323468 ) ) ;
#1737 = VECTOR ( 'NONE', #2298, 39.37007874015748143 ) ;
#1738 = VECTOR ( 'NONE', #2159, 39.37007874015748143 ) ;
#1739 = DIRECTION ( 'NONE',  ( 0.000000000000000000, -1.000000000000000000, 0.000000000000000000 ) ) ;
#1740 = VECTOR ( 'NONE', #2903, 39.37007874015748143 ) ;
#1741 = EDGE_CURVE ( 'NONE', #303, #4169, #2970, .T. ) ;
#1742 = EDGE_LOOP ( 'NONE', ( #4227, #4022, #589, #1228 ) ) ;
#1743 = VECTOR ( 'NONE', #4174, 39.37007874015748143 ) ;
#1744 = ADVANCED_FACE ( 'NONE', ( #622 ), #1948, .F. ) ;
#1745 = ORIENTED_EDGE ( 'NONE', *, *, #3244, .F. ) ;
#1746 = EDGE_LOOP ( 'NONE', ( #3804, #3923, #3070, #4204 ) ) ;
#1747 = CARTESIAN_POINT ( 'NONE',  ( 0.2440944881889763884, 0.09842519685039370636, -0.1318897637795275468 ) ) ;
#1748 = FACE_OUTER_BOUND ( 'NONE', #3483, .T. ) ;
#1749 = VECTOR ( 'NONE', #4156, 39.37007874015748143 ) ;
#1750 = DIRECTION ( 'NONE',  ( 3.273063162220391805E-16, 0.000000000000000000, 1.000000000000000000 ) ) ;
#1751 = VERTEX_POINT ( 'NONE', #2593 ) ;
#1752 = AXIS2_PLACEMENT_3D ( 'NONE', #1136, #444, #3091 ) ;
#1753 = CARTESIAN_POINT ( 'NONE',  ( 0.2388719244674815667, 0.000000000000000000, -0.2420935710782197992 ) ) ;
#1754 = CARTESIAN_POINT ( 'NONE',  ( 0.000000000000000000, 0.007874015748031495954, -0.1279527559055117780 ) ) ;
#1755 = ORIENTED_EDGE ( 'NONE', *, *, #2901, .T. ) ;
#1756 = CARTESIAN_POINT ( 'NONE',  ( 0.000000000000000000, 0.007874015748031495954, -0.1279527559055117503 ) ) ;
#1757 = PLANE ( 'NONE',  #1062 ) ;
#1758 = DIRECTION ( 'NONE',  ( -0.000000000000000000, -1.000000000000000000, -0.000000000000000000 ) ) ;
#1759 = PLANE ( 'NONE',  #1735 ) ;
#1760 = ORIENTED_EDGE ( 'NONE', *, *, #1662, .T. ) ;
#1761 = CARTESIAN_POINT ( 'NONE',  ( 0.04330708661417322081, 0.000000000000000000, 0.000000000000000000 ) ) ;
#1762 = ADVANCED_FACE ( 'NONE', ( #2315 ), #313, .T. ) ;
#1763 = DIRECTION ( 'NONE',  ( 1.000000000000000000, 0.000000000000000000, 0.000000000000000000 ) ) ;
#1764 = LINE ( 'NONE', #2007, #3324 ) ;
#1765 = ORIENTED_EDGE ( 'NONE', *, *, #236, .F. ) ;
#1766 = CARTESIAN_POINT ( 'NONE',  ( 0.2519685039370078705, 0.005905511811023621965, -0.2952755905511810774 ) ) ;
#1767 = CARTESIAN_POINT ( 'NONE',  ( 0.2467269262982546840, 0.001181102362204724176, -0.2403714474996919426 ) ) ;
#1768 = CARTESIAN_POINT ( 'NONE',  ( 0.000000000000000000, 0.005905511811023621965, -0.2519685039370078150 ) ) ;
#1769 = ADVANCED_FACE ( 'NONE', ( #2949 ), #4237, .F. ) ;
#1770 = ADVANCED_FACE ( 'NONE', ( #336 ), #2611, .F. ) ;
#1771 = ORIENTED_EDGE ( 'NONE', *, *, #3350, .T. ) ;
#1772 = DIRECTION ( 'NONE',  ( 0.000000000000000000, -1.000000000000000000, 0.000000000000000000 ) ) ;
#1773 = CARTESIAN_POINT ( 'NONE',  ( 0.2502751504790298731, 0.000000000000000000, -0.2292231230771135109 ) ) ;
#1774 = ORIENTED_EDGE ( 'NONE', *, *, #1186, .F. ) ;
#1775 = EDGE_LOOP ( 'NONE', ( #53, #2959, #1805, #1546 ) ) ;
#1776 = ORIENTED_EDGE ( 'NONE', *, *, #163, .T. ) ;
#1777 = PLANE ( 'NONE',  #1752 ) ;
#1778 = DIRECTION ( 'NONE',  ( 1.000000000000000000, 0.000000000000000000, 0.000000000000000000 ) ) ;
#1779 = CARTESIAN_POINT ( 'NONE',  ( 0.000000000000000000, 0.09842519685039370636, -0.04330708661417323468 ) ) ;
#1780 = VERTEX_POINT ( 'NONE', #951 ) ;
#1781 =( NAMED_UNIT ( * ) SI_UNIT ( $, .STERADIAN. ) SOLID_ANGLE_UNIT ( ) );
#1782 = EDGE_CURVE ( 'NONE', #2399, #3217, #3920, .T. ) ;
#1783 = CARTESIAN_POINT ( 'NONE',  ( 0.2519685039370078705, 0.005905511811023621965, -0.04330708661417323468 ) ) ;
#1784 = LINE ( 'NONE', #1141, #1400 ) ;
#1785 = DIRECTION ( 'NONE',  ( 0.000000000000000000, -1.000000000000000000, 0.000000000000000000 ) ) ;
#1786 = DIRECTION ( 'NONE',  ( 1.971276677246371272E-16, 0.000000000000000000, -1.000000000000000000 ) ) ;
#1787 = VERTEX_POINT ( 'NONE', #2288 ) ;
#1788 = ADVANCED_FACE ( 'NONE', ( #2264 ), #1328, .F. ) ;
#1789 = CARTESIAN_POINT ( 'NONE',  ( 0.01968503937007874682, 0.000000000000000000, -0.1181102362204723977 ) ) ;
#1790 = ADVANCED_FACE ( 'NONE', ( #2122 ), #486, .F. ) ;
#1791 = CARTESIAN_POINT ( 'NONE',  ( 0.2189791247458602874, 0.000000000000000000, -0.2272094099644471066 ) ) ;
#1792 = EDGE_CURVE ( 'NONE', #4238, #3750, #4101, .T. ) ;
#1793 = CARTESIAN_POINT ( 'NONE',  ( 0.000000000000000000, 0.09842519685039370636, -0.2544645476115997007 ) ) ;
#1794 = VECTOR ( 'NONE', #2218, 39.37007874015748143 ) ;
#1795 = VECTOR ( 'NONE', #1044, 39.37007874015748143 ) ;
#1796 = VECTOR ( 'NONE', #3336, 39.37007874015748143 ) ;
#1797 = CARTESIAN_POINT ( 'NONE',  ( 0.2483000428745220645, 0.000000000000000000, -0.2271085598741366673 ) ) ;
#1798 = VECTOR ( 'NONE', #2538, 39.37007874015748143 ) ;
#1799 = VECTOR ( 'NONE', #2741, 39.37007874015748143 ) ;
#1800 = VECTOR ( 'NONE', #3230, 39.37007874015748143 ) ;
#1801 = ORIENTED_EDGE ( 'NONE', *, *, #2151, .F. ) ;
#1802 = DIRECTION ( 'NONE',  ( 0.000000000000000000, 0.000000000000000000, -1.000000000000000000 ) ) ;
#1803 = DIRECTION ( 'NONE',  ( -1.204669080539449837E-16, 0.000000000000000000, 1.000000000000000000 ) ) ;
#1804 = AXIS2_PLACEMENT_3D ( 'NONE', #2304, #567, #3204 ) ;
#1805 = ORIENTED_EDGE ( 'NONE', *, *, #1303, .F. ) ;
#1806 =( NAMED_UNIT ( * ) PLANE_ANGLE_UNIT ( ) SI_UNIT ( $, .RADIAN. ) );
#1807 = LINE ( 'NONE', #1826, #3651 ) ;
#1808 = LINE ( 'NONE', #3767, #4121 ) ;
#1809 = AXIS2_PLACEMENT_3D ( 'NONE', #558, #3198, #1563 ) ;
#1810 = CARTESIAN_POINT ( 'NONE',  ( 0.000000000000000000, 0.01377952755905511792, -0.09251968503937003929 ) ) ;
#1811 = VERTEX_POINT ( 'NONE', #1488 ) ;
#1812 = CARTESIAN_POINT ( 'NONE',  ( 0.2179498448476997197, 0.000000000000000000, -0.2324846266477735013 ) ) ;
#1813 = ORIENTED_EDGE ( 'NONE', *, *, #3464, .F. ) ;
#1814 = PRESENTATION_LAYER_ASSIGNMENT (  '', '', ( #309 ) ) ;
#1815 = LINE ( 'NONE', #792, #2136 ) ;
#1816 = LINE ( 'NONE', #1793, #1261 ) ;
#1817 = EDGE_CURVE ( 'NONE', #4032, #3318, #1808, .T. ) ;
#1818 = EDGE_CURVE ( 'NONE', #2263, #779, #2463, .T. ) ;
#1819 = CARTESIAN_POINT ( 'NONE',  ( 0.2362204724409449064, 0.08661417322834646937, -0.1948818897637795144 ) ) ;
#1820 = ADVANCED_FACE ( 'NONE', ( #237 ), #3420, .F. ) ;
#1821 = EDGE_LOOP ( 'NONE', ( #2470, #266, #2409, #1254 ) ) ;
#1822 = DIRECTION ( 'NONE',  ( 0.000000000000000000, 0.000000000000000000, -1.000000000000000000 ) ) ;
#1823 = CARTESIAN_POINT ( 'NONE',  ( -4.339299682018179909E-18, 0.01377952755905511792, -0.1673228346456692439 ) ) ;
#1824 = EDGE_LOOP ( 'NONE', ( #1076, #2047, #312, #3252 ) ) ;
#1825 = SURFACE_STYLE_USAGE ( .BOTH. , #170 ) ;
#1826 = CARTESIAN_POINT ( 'NONE',  ( 0.000000000000000000, 0.000000000000000000, 0.000000000000000000 ) ) ;
#1827 = CARTESIAN_POINT ( 'NONE',  ( 0.000000000000000000, 0.000000000000000000, 0.000000000000000000 ) ) ;
#1828 = VERTEX_POINT ( 'NONE', #1874 ) ;
#1829 = CARTESIAN_POINT ( 'NONE',  ( 0.2276769841937895389, 0.000000000000000000, -0.2405381256320099359 ) ) ;
#1830 = VERTEX_POINT ( 'NONE', #4085 ) ;
#1831 = CARTESIAN_POINT ( 'NONE',  ( 0.000000000000000000, 0.000000000000000000, -0.2027559055118109688 ) ) ;
#1832 = CARTESIAN_POINT ( 'NONE',  ( 0.2952755905511810774, 0.09842519685039370636, -0.2027559055118110243 ) ) ;
#1833 = ORIENTED_EDGE ( 'NONE', *, *, #319, .T. ) ;
#1834 = CARTESIAN_POINT ( 'NONE',  ( 0.2427871252849561901, 0.000000000000000000, -0.2287366008685305097 ) ) ;
#1835 = PLANE ( 'NONE',  #759 ) ;
#1836 = ADVANCED_FACE ( 'NONE', ( #1179 ), #2488, .T. ) ;
#1837 = LINE ( 'NONE', #1191, #2569 ) ;
#1838 = DIRECTION ( 'NONE',  ( 1.000000000000000000, 0.000000000000000000, 0.000000000000000000 ) ) ;
#1839 = EDGE_CURVE ( 'NONE', #930, #1331, #1200, .T. ) ;
#1840 = EDGE_CURVE ( 'NONE', #3019, #1369, #2189, .T. ) ;
#1841 = VERTEX_POINT ( 'NONE', #2785 ) ;
#1842 = DIRECTION ( 'NONE',  ( 1.000000000000000000, 0.000000000000000000, 0.000000000000000000 ) ) ;
#1843 = FACE_OUTER_BOUND ( 'NONE', #2922, .T. ) ;
#1844 = B_SPLINE_CURVE_WITH_KNOTS ( 'NONE', 3,
 ( #176, #3480, #1812, #1878, #152, #3786, #1475, #875, #2452, #3809, #2126, #1829, #2193, #853, #3440, #3125, #3770, #1162, #549, #3141, #3191, #490, #830, #1506, #240, #620, #31, #1302, #1626, #1252, #1990, #282, #1355, #2262, #2921, #3211, #3917, #2988, #3555, #2566, #3574, #3899, #973 ),
 .UNSPECIFIED., .F., .F.,
 ( 4, 1, 1, 1, 1, 1, 1, 1, 1, 1, 1, 1, 1, 1, 1, 1, 1, 1, 1, 1, 1, 1, 1, 1, 1, 1, 1, 1, 1, 1, 1, 1, 1, 1, 1, 1, 1, 1, 1, 1, 4 ),
 ( 0.000000000000000000, 4.386941564109841924E-05, 8.604349832760529819E-05, 0.0001265455500706471421, 0.0001656834830847185960, 0.0002029864867935678282, 0.0002385938994247414425, 0.0002728404079679401344, 0.0003052876918462635531, 0.0003361752030093054103, 0.0003654029414865850051, 0.0003929752664765257929, 0.0004190270494238320363, 0.0004433856212727915378, 0.0004662758434442623940, 0.0004873522653933983709, 0.0005069212319004347484, 0.0005434879406787003486, 0.0005778210432490079543, 0.0006102501650450819918, 0.0006405608357568291734, 0.0006691469881371182654, 0.0006957226799464503444, 0.0007206842519655592841, 0.0007441720289217596028, 0.0007880602418673061721, 0.0008287880014101386148, 0.0008668650684846864298, 0.0009033091239971277045, 0.0009381268280744823121, 0.0009707363928522982563, 0.001001747256578382336, 0.001031490501095170056, 0.001060308190559385369, 0.001087497518105109149, 0.001112908209899894901, 0.001137287089829830920, 0.001161634049455732625, 0.001187527047745281974, 0.001214448098839198461, 0.001243171592519860379 ),
 .UNSPECIFIED. ) ;
#1845 = ORIENTED_EDGE ( 'NONE', *, *, #953, .F. ) ;
#1846 = CARTESIAN_POINT ( 'NONE',  ( 0.2362204724409449064, 0.07480314960629921850, -0.1948818897637795144 ) ) ;
#1847 = CARTESIAN_POINT ( 'NONE',  ( 0.2755905511811023167, 0.007874015748031495954, -0.1279527559055117780 ) ) ;
#1848 = LINE ( 'NONE', #2845, #2829 ) ;
#1849 = CARTESIAN_POINT ( 'NONE',  ( 0.2243402939300096210, 0.001181102362204736753, -0.2323241632149575242 ) ) ;
#1850 = ORIENTED_EDGE ( 'NONE', *, *, #1271, .T. ) ;
#1851 = PLANE ( 'NONE',  #1604 ) ;
#1852 = ORIENTED_EDGE ( 'NONE', *, *, #3634, .T. ) ;
#1853 = CARTESIAN_POINT ( 'NONE',  ( 0.2166613397371305871, 0.000000000000000000, -0.2479511653124368553 ) ) ;
#1854 = CARTESIAN_POINT ( 'NONE',  ( 0.2388719244674815667, 0.000000000000000000, -0.2420935710782197992 ) ) ;
#1855 = ORIENTED_EDGE ( 'NONE', *, *, #3613, .F. ) ;
#1856 = CARTESIAN_POINT ( 'NONE',  ( 0.06731011842309610194, 0.09724409448818897850, -0.2820236027297099435 ) ) ;
#1857 = CARTESIAN_POINT ( 'NONE',  ( 0.2166613397371305871, 0.000000000000000000, -0.2479511653124368553 ) ) ;
#1858 =( GEOMETRIC_REPRESENTATION_CONTEXT ( 3 ) GLOBAL_UNCERTAINTY_ASSIGNED_CONTEXT ( ( #3676 ) ) GLOBAL_UNIT_ASSIGNED_CONTEXT ( ( #2331, #3284, #3641 ) ) REPRESENTATION_CONTEXT ( 'NONE', 'WORKASPACE' ) );
#1859 = DIRECTION ( 'NONE',  ( 0.7071067811865420216, 0.000000000000000000, 0.7071067811865531239 ) ) ;
#1860 = CARTESIAN_POINT ( 'NONE',  ( 0.04330708661417322081, 0.005905511811023621965, -0.04330708661417323468 ) ) ;
#1861 = VECTOR ( 'NONE', #2306, 39.37007874015748143 ) ;
#1862 = CARTESIAN_POINT ( 'NONE',  ( 0.2465567951530249213, 0.001181102362204724827, -0.2258483512558231709 ) ) ;
#1863 = EDGE_LOOP ( 'NONE', ( #2855, #1016, #3077, #3118 ) ) ;
#1864 = VECTOR ( 'NONE', #1536, 39.37007874015748143 ) ;
#1865 = DIRECTION ( 'NONE',  ( 0.000000000000000000, 0.000000000000000000, 1.000000000000000000 ) ) ;
#1866 = CARTESIAN_POINT ( 'NONE',  ( 0.01968503937007873988, 0.001181102362204724393, -0.09251968503937003929 ) ) ;
#1867 = EDGE_CURVE ( 'NONE', #2309, #4167, #1848, .T. ) ;
#1868 = EDGE_CURVE ( 'NONE', #1498, #4032, #1784, .T. ) ;
#1869 = ORIENTED_EDGE ( 'NONE', *, *, #2038, .F. ) ;
#1870 = VECTOR ( 'NONE', #3610, 39.37007874015748143 ) ;
#1871 = VECTOR ( 'NONE', #1763, 39.37007874015748143 ) ;
#1872 = CARTESIAN_POINT ( 'NONE',  ( 0.2412964182470536956, 0.001181102362204724827, -0.2281510087530594089 ) ) ;
#1873 = CARTESIAN_POINT ( 'NONE',  ( 0.2512003483736106602, 0.001181102362204724610, -0.2422897610912047583 ) ) ;
#1874 = CARTESIAN_POINT ( 'NONE',  ( 0.000000000000000000, 0.000000000000000000, -0.04330708661417323468 ) ) ;
#1875 = CARTESIAN_POINT ( 'NONE',  ( 0.2221807089063431440, 0.001181102362204736753, -0.2304239485043729219 ) ) ;
#1876 = AXIS2_PLACEMENT_3D ( 'NONE', #3648, #2670, #1616 ) ;
#1877 = ORIENTED_EDGE ( 'NONE', *, *, #3927, .T. ) ;
#1878 = CARTESIAN_POINT ( 'NONE',  ( 0.2192012271056505424, 0.000000000000000000, -0.2335705060273137457 ) ) ;
#1879 = ORIENTED_EDGE ( 'NONE', *, *, #3060, .F. ) ;
#1880 = CARTESIAN_POINT ( 'NONE',  ( 0.000000000000000000, 0.01377952755905511792, 0.000000000000000000 ) ) ;
#1881 = VECTOR ( 'NONE', #2248, 39.37007874015748143 ) ;
#1882 = CARTESIAN_POINT ( 'NONE',  ( 0.2375991001205914332, 0.000000000000000000, -0.2416132969325453794 ) ) ;
#1883 = VECTOR ( 'NONE', #2718, 39.37007874015748854 ) ;
#1884 = ORIENTED_EDGE ( 'NONE', *, *, #1087, .F. ) ;
#1885 = VERTEX_POINT ( 'NONE', #1827 ) ;
#1886 = VECTOR ( 'NONE', #1384, 39.37007874015748143 ) ;
#1887 = CARTESIAN_POINT ( 'NONE',  ( 0.2603201588329119298, 0.000000000000000000, -0.2952755905511810774 ) ) ;
#1888 = CARTESIAN_POINT ( 'NONE',  ( 0.07518413417112761177, 0.09724409448818897850, -0.2387165161155367921 ) ) ;
#1889 = CARTESIAN_POINT ( 'NONE',  ( 0.2518845608334456254, 0.001181102362204724827, -0.2324967959281926122 ) ) ;
#1890 = ORIENTED_EDGE ( 'NONE', *, *, #4027, .F. ) ;
#1891 = DIRECTION ( 'NONE',  ( 0.000000000000000000, 0.000000000000000000, -1.000000000000000000 ) ) ;
#1892 = CARTESIAN_POINT ( 'NONE',  ( 0.2952755905511810774, 0.01377952755905511965, -0.2027559055118110243 ) ) ;
#1893 = VERTEX_POINT ( 'NONE', #3458 ) ;
#1894 = DIRECTION ( 'NONE',  ( -1.000000000000000000, 0.000000000000000000, 0.000000000000000000 ) ) ;
#1895 = CARTESIAN_POINT ( 'NONE',  ( 0.2524361124097484477, 0.000000000000000000, -0.2363895417226684892 ) ) ;
#1896 = EDGE_CURVE ( 'NONE', #4025, #2446, #3096, .T. ) ;
#1897 = LINE ( 'NONE', #331, #2984 ) ;
#1898 = CARTESIAN_POINT ( 'NONE',  ( 0.07518413417112761177, 0.09842519685039370636, -0.2544645476115997007 ) ) ;
#1899 = ORIENTED_EDGE ( 'NONE', *, *, #3864, .T. ) ;
#1900 = PLANE ( 'NONE',  #3726 ) ;
#1901 = ORIENTED_EDGE ( 'NONE', *, *, #2036, .F. ) ;
#1902 = CARTESIAN_POINT ( 'NONE',  ( 0.2166613397371305871, 0.0005905511811023623049, -0.2313742900534231928 ) ) ;
#1903 = CARTESIAN_POINT ( 'NONE',  ( 0.2243402939300096210, 0.000000000000000000, -0.2323241632149575242 ) ) ;
#1904 = EDGE_CURVE ( 'NONE', #3979, #307, #2449, .T. ) ;
#1905 = EDGE_CURVE ( 'NONE', #184, #4153, #976, .T. ) ;
#1906 = EDGE_CURVE ( 'NONE', #2197, #1057, #508, .T. ) ;
#1907 = EDGE_LOOP ( 'NONE', ( #3201, #1492, #1549, #1974 ) ) ;
#1908 = VERTEX_POINT ( 'NONE', #4165 ) ;
#1909 = LINE ( 'NONE', #2501, #2147 ) ;
#1910 = FACE_OUTER_BOUND ( 'NONE', #3531, .T. ) ;
#1911 = CARTESIAN_POINT ( 'NONE',  ( 0.2474704235050325385, 0.000000000000000000, -0.2264689855057832046 ) ) ;
#1912 = CARTESIAN_POINT ( 'NONE',  ( 0.01968503937007874682, 0.01377952755905511792, -0.1279527559055117503 ) ) ;
#1913 = FACE_OUTER_BOUND ( 'NONE', #1863, .T. ) ;
#1914 = VERTEX_POINT ( 'NONE', #3139 ) ;
#1915 = CARTESIAN_POINT ( 'NONE',  ( 0.000000000000000000, 0.000000000000000000, -0.1181102362204724116 ) ) ;
#1916 = CARTESIAN_POINT ( 'NONE',  ( 0.2308558153918095768, 0.001181102362204724610, -0.2428993168360763510 ) ) ;
#1917 = DIRECTION ( 'NONE',  ( 0.000000000000000000, 0.000000000000000000, -1.000000000000000000 ) ) ;
#1918 = VERTEX_POINT ( 'NONE', #191 ) ;
#1919 = CARTESIAN_POINT ( 'NONE',  ( 0.04330708661417322081, 0.09842519685039370636, 0.000000000000000000 ) ) ;
#1920 = CARTESIAN_POINT ( 'NONE',  ( 0.2428859970672434532, 0.001181102362204736753, -0.2425852137139840325 ) ) ;
#1921 = DIRECTION ( 'NONE',  ( 0.000000000000000000, 1.000000000000000000, 0.000000000000000000 ) ) ;
#1922 = ORIENTED_EDGE ( 'NONE', *, *, #3060, .T. ) ;
#1923 = PLANE ( 'NONE',  #3512 ) ;
#1924 = ADVANCED_FACE ( 'NONE', ( #1504 ), #2820, .F. ) ;
#1925 = ORIENTED_EDGE ( 'NONE', *, *, #3423, .T. ) ;
#1926 = EDGE_CURVE ( 'NONE', #1114, #2823, #3477, .T. ) ;
#1927 = EDGE_LOOP ( 'NONE', ( #3316, #2342 ) ) ;
#1928 = LINE ( 'NONE', #658, #2489 ) ;
#1929 = LINE ( 'NONE', #3241, #3667 ) ;
#1930 = CARTESIAN_POINT ( 'NONE',  ( 0.2204156618412838886, 0.000000000000000000, -0.2346043530049621850 ) ) ;
#1931 = ORIENTED_EDGE ( 'NONE', *, *, #4029, .T. ) ;
#1932 = CARTESIAN_POINT ( 'NONE',  ( 0.03581405543097011812, 0.09842519685039370636, 0.000000000000000000 ) ) ;
#1933 = CARTESIAN_POINT ( 'NONE',  ( 0.2952755905511810774, 0.09842519685039370636, -0.09251968503937006705 ) ) ;
#1934 = VECTOR ( 'NONE', #2235, 39.37007874015748143 ) ;
#1935 = CARTESIAN_POINT ( 'NONE',  ( 0.000000000000000000, 0.01377952755905511792, -0.1673228346456692994 ) ) ;
#1936 = VERTEX_POINT ( 'NONE', #3915 ) ;
#1937 = DIRECTION ( 'NONE',  ( 1.000000000000000000, 0.000000000000000000, 0.000000000000000000 ) ) ;
#1938 = CARTESIAN_POINT ( 'NONE',  ( 0.2522448975084875533, 0.001181102362204724610, -0.2394359620290856527 ) ) ;
#1939 = DIRECTION ( 'NONE',  ( -1.000000000000000000, 0.000000000000000000, 0.000000000000000000 ) ) ;
#1940 = VECTOR ( 'NONE', #2914, 39.37007874015748143 ) ;
#1941 = ORIENTED_EDGE ( 'NONE', *, *, #4092, .F. ) ;
#1942 = CARTESIAN_POINT ( 'NONE',  ( 0.1476377952755905387, 0.007874015748031495954, -0.2362204724409448231 ) ) ;
#1943 = CARTESIAN_POINT ( 'NONE',  ( 0.000000000000000000, 0.09842519685039370636, -0.2027559055118109688 ) ) ;
#1944 = CARTESIAN_POINT ( 'NONE',  ( 0.000000000000000000, 0.01377952755905511965, -0.04330708661417323468 ) ) ;
#1945 = VECTOR ( 'NONE', #2067, 39.37007874015748143 ) ;
#1946 = AXIS2_PLACEMENT_3D ( 'NONE', #1124, #4102, #4064 ) ;
#1947 = ORIENTED_EDGE ( 'NONE', *, *, #3059, .F. ) ;
#1948 = PLANE ( 'NONE',  #3169 ) ;
#1949 = VECTOR ( 'NONE', #790, 39.37007874015748143 ) ;
#1950 = VERTEX_POINT ( 'NONE', #1968 ) ;
#1951 = VECTOR ( 'NONE', #3033, 39.37007874015748143 ) ;
#1952 = VERTEX_POINT ( 'NONE', #617 ) ;
#1953 = CARTESIAN_POINT ( 'NONE',  ( 0.2952755905511810774, 0.01377952755905511965, -0.04330708661417322081 ) ) ;
#1954 = CARTESIAN_POINT ( 'NONE',  ( 0.000000000000000000, 0.005905511811023621965, 0.000000000000000000 ) ) ;
#1955 = EDGE_CURVE ( 'NONE', #1523, #1232, #1897, .T. ) ;
#1956 = DIRECTION ( 'NONE',  ( 0.000000000000000000, 0.000000000000000000, -1.000000000000000000 ) ) ;
#1957 = VECTOR ( 'NONE', #2099, 39.37007874015748143 ) ;
#1958 = LINE ( 'NONE', #1051, #1796 ) ;
#1959 = LINE ( 'NONE', #1932, #3518 ) ;
#1960 = ADVANCED_FACE ( 'NONE', ( #2945 ), #3551, .F. ) ;
#1961 = DIRECTION ( 'NONE',  ( 0.000000000000000000, 0.000000000000000000, 1.000000000000000000 ) ) ;
#1962 = EDGE_CURVE ( 'NONE', #1908, #2782, #3280, .T. ) ;
#1963 = LINE ( 'NONE', #3845, #3600 ) ;
#1964 = ORIENTED_EDGE ( 'NONE', *, *, #635, .F. ) ;
#1965 = LINE ( 'NONE', #967, #3650 ) ;
#1966 = CARTESIAN_POINT ( 'NONE',  ( 0.2523779959581660126, 0.000000000000000000, -0.2384669047391490826 ) ) ;
#1967 = CARTESIAN_POINT ( 'NONE',  ( 0.2559055118110236671, 0.04724409448818897572, -0.1003937007874015630 ) ) ;
#1968 = CARTESIAN_POINT ( 'NONE',  ( 0.01968503937007873988, 0.01377952755905511792, -0.09251968503937003929 ) ) ;
#1969 = DIRECTION ( 'NONE',  ( -0.000000000000000000, -1.000000000000000000, -0.000000000000000000 ) ) ;
#1970 = DIRECTION ( 'NONE',  ( 0.000000000000000000, 1.000000000000000000, 0.000000000000000000 ) ) ;
#1971 = ORIENTED_EDGE ( 'NONE', *, *, #1013, .F. ) ;
#1972 = DIRECTION ( 'NONE',  ( 0.000000000000000000, 0.000000000000000000, -1.000000000000000000 ) ) ;
#1973 = EDGE_LOOP ( 'NONE', ( #2090, #4067, #2530, #1348 ) ) ;
#1974 = ORIENTED_EDGE ( 'NONE', *, *, #2548, .T. ) ;
#1975 = DIRECTION ( 'NONE',  ( 0.8944271909999164105, 0.000000000000000000, 0.4472135954999567620 ) ) ;
#1976 = LINE ( 'NONE', #3583, #495 ) ;
#1977 = LINE ( 'NONE', #361, #2834 ) ;
#1978 = EDGE_CURVE ( 'NONE', #3750, #2917, #671, .T. ) ;
#1979 = PLANE ( 'NONE',  #2134 ) ;
#1980 = CARTESIAN_POINT ( 'NONE',  ( 0.1066801971632535817, 0.09842519685039370636, -0.2387165161155367921 ) ) ;
#1981 = LINE ( 'NONE', #2978, #3193 ) ;
#1982 = PLANE ( 'NONE',  #834 ) ;
#1983 = EDGE_CURVE ( 'NONE', #2175, #2357, #2658, .T. ) ;
#1984 = EDGE_LOOP ( 'NONE', ( #3835, #3618, #1297 ) ) ;
#1985 = EDGE_CURVE ( 'NONE', #1181, #1780, #4253, .T. ) ;
#1986 = DIRECTION ( 'NONE',  ( 0.000000000000000000, -1.000000000000000000, 0.000000000000000000 ) ) ;
#1987 = CARTESIAN_POINT ( 'NONE',  ( 0.000000000000000000, 0.000000000000000000, -0.04330708661417323468 ) ) ;
#1988 = ORIENTED_EDGE ( 'NONE', *, *, #3240, .T. ) ;
#1989 = CARTESIAN_POINT ( 'NONE',  ( 0.2519685039370078705, 0.000000000000000000, 0.000000000000000000 ) ) ;
#1990 = CARTESIAN_POINT ( 'NONE',  ( 0.2479941578986147310, 0.000000000000000000, -0.2458094797552823341 ) ) ;
#1991 = EDGE_LOOP ( 'NONE', ( #289, #3713, #4135, #3965 ) ) ;
#1992 = CARTESIAN_POINT ( 'NONE',  ( 0.000000000000000000, 0.005905511811023621965, 0.000000000000000000 ) ) ;
#1993 = ORIENTED_EDGE ( 'NONE', *, *, #2123, .T. ) ;
#1994 = DIRECTION ( 'NONE',  ( 0.000000000000000000, -1.000000000000000000, 0.000000000000000000 ) ) ;
#1995 = CARTESIAN_POINT ( 'NONE',  ( 0.1066801971632535817, 0.09842519685039370636, -0.2387165161155367921 ) ) ;
#1996 = CARTESIAN_POINT ( 'NONE',  ( 0.01968503937007875029, 0.01377952755905511792, -0.2027559055118109688 ) ) ;
#1997 = PLANE ( 'NONE',  #1056 ) ;
#1998 = PLANE ( 'NONE',  #774 ) ;
#1999 = ORIENTED_EDGE ( 'NONE', *, *, #3131, .T. ) ;
#2000 = ORIENTED_EDGE ( 'NONE', *, *, #498, .T. ) ;
#2001 = ORIENTED_EDGE ( 'NONE', *, *, #3356, .F. ) ;
#2002 = CARTESIAN_POINT ( 'NONE',  ( 0.2189791247458602874, 0.000000000000000000, -0.2272094099644471066 ) ) ;
#2003 = VECTOR ( 'NONE', #1642, 39.37007874015748143 ) ;
#2004 = LENGTH_MEASURE_WITH_UNIT ( LENGTH_MEASURE( 0.02539999999999999897 ), #2045 );
#2005 = EDGE_CURVE ( 'NONE', #2706, #1043, #2238, .T. ) ;
#2006 = EDGE_CURVE ( 'NONE', #1369, #1114, #2631, .T. ) ;
#2007 = CARTESIAN_POINT ( 'NONE',  ( 0.07518413417112761177, 0.09724409448818897850, -0.2544645476115997007 ) ) ;
#2008 = ORIENTED_EDGE ( 'NONE', *, *, #1985, .F. ) ;
#2009 = VECTOR ( 'NONE', #2144, 39.37007874015748143 ) ;
#2010 = VECTOR ( 'NONE', #1838, 39.37007874015748143 ) ;
#2011 = CARTESIAN_POINT ( 'NONE',  ( 0.2512144527473138544, 0.001181102362204727863, -0.2307956733371189506 ) ) ;
#2012 = PLANE ( 'NONE',  #2909 ) ;
#2013 = EDGE_CURVE ( 'NONE', #602, #2537, #3963, .T. ) ;
#2014 = VECTOR ( 'NONE', #1353, 39.37007874015748143 ) ;
#2015 = LINE ( 'NONE', #3012, #3314 ) ;
#2016 = CIRCLE ( 'NONE', #1176, 0.01181102362204726648 ) ;
#2017 = CARTESIAN_POINT ( 'NONE',  ( 0.2166613397371305871, 0.000000000000000000, 0.000000000000000000 ) ) ;
#2018 = DIRECTION ( 'NONE',  ( -0.7071067811865473507, 0.000000000000000000, 0.7071067811865475727 ) ) ;
#2019 = VECTOR ( 'NONE', #1739, 39.37007874015748143 ) ;
#2020 = DIRECTION ( 'NONE',  ( 0.000000000000000000, 0.000000000000000000, -1.000000000000000000 ) ) ;
#2021 = VECTOR ( 'NONE', #1455, 39.37007874015748143 ) ;
#2022 = CARTESIAN_POINT ( 'NONE',  ( 0.07518413417112761177, 0.09724409448818897850, -0.2820236027297099435 ) ) ;
#2023 = CARTESIAN_POINT ( 'NONE',  ( 0.000000000000000000, 0.007874015748031495954, 0.000000000000000000 ) ) ;
#2024 = VECTOR ( 'NONE', #1151, 39.37007874015748143 ) ;
#2025 = ORIENTED_EDGE ( 'NONE', *, *, #376, .T. ) ;
#2026 = ORIENTED_EDGE ( 'NONE', *, *, #599, .F. ) ;
#2027 = VERTEX_POINT ( 'NONE', #3257 ) ;
#2028 = CARTESIAN_POINT ( 'NONE',  ( 0.2232207406143511541, 0.000000000000000000, -0.2313387466748072219 ) ) ;
#2029 = SURFACE_STYLE_FILL_AREA ( #332 ) ;
#2030 = DIRECTION ( 'NONE',  ( 0.000000000000000000, 0.000000000000000000, 1.000000000000000000 ) ) ;
#2031 = ORIENTED_EDGE ( 'NONE', *, *, #3036, .F. ) ;
#2032 = ADVANCED_FACE ( 'NONE', ( #2987 ), #971, .T. ) ;
#2033 = CARTESIAN_POINT ( 'NONE',  ( 0.2355715610711621721, 0.001181102362204724176, -0.2405933122903720911 ) ) ;
#2034 = DIRECTION ( 'NONE',  ( -1.000000000000000000, 0.000000000000000000, 0.000000000000000000 ) ) ;
#2035 = VERTEX_POINT ( 'NONE', #1989 ) ;
#2036 = EDGE_CURVE ( 'NONE', #4000, #1181, #2891, .T. ) ;
#2037 = DIRECTION ( 'NONE',  ( 0.000000000000000000, 0.000000000000000000, 1.000000000000000000 ) ) ;
#2038 = EDGE_CURVE ( 'NONE', #4169, #2368, #2259, .T. ) ;
#2039 = CARTESIAN_POINT ( 'NONE',  ( 0.2603201588329119853, 0.000000000000000000, -0.2952755905511810774 ) ) ;
#2040 = LINE ( 'NONE', #3357, #2019 ) ;
#2041 = CARTESIAN_POINT ( 'NONE',  ( 0.000000000000000000, 0.005905511811023621965, 0.000000000000000000 ) ) ;
#2042 = ORIENTED_EDGE ( 'NONE', *, *, #4177, .T. ) ;
#2043 = ORIENTED_EDGE ( 'NONE', *, *, #2606, .F. ) ;
#2044 = CARTESIAN_POINT ( 'NONE',  ( 0.2322758279525234393, 0.001181102362204724176, -0.2385018471245217708 ) ) ;
#2045 =( LENGTH_UNIT ( ) NAMED_UNIT ( * ) SI_UNIT ( $, .METRE. ) );
#2046 = CARTESIAN_POINT ( 'NONE',  ( 0.2367764256653306643, 0.001181102362204726995, -0.2463176025352780407 ) ) ;
#2047 = ORIENTED_EDGE ( 'NONE', *, *, #2643, .F. ) ;
#2048 = DIRECTION ( 'NONE',  ( 0.000000000000000000, 0.000000000000000000, 1.000000000000000000 ) ) ;
#2049 = CARTESIAN_POINT ( 'NONE',  ( 0.2418055602775336654, 0.000000000000000000, -0.2283510142210174731 ) ) ;
#2050 = DIRECTION ( 'NONE',  ( -1.000000000000000000, 0.000000000000000000, 0.000000000000000000 ) ) ;
#2051 = CARTESIAN_POINT ( 'NONE',  ( 0.2519685039370078705, 0.005905511811023616761, -0.2952755905511810774 ) ) ;
#2052 = LINE ( 'NONE', #2686, #837 ) ;
#2053 = EDGE_CURVE ( 'NONE', #2981, #4041, #1663, .T. ) ;
#2054 = EDGE_CURVE ( 'NONE', #3652, #3880, #1597, .T. ) ;
#2055 = EDGE_CURVE ( 'NONE', #3808, #102, #3878, .T. ) ;
#2056 = CARTESIAN_POINT ( 'NONE',  ( 0.2362204724409449064, 0.07480314960629921850, -0.1948818897637795144 ) ) ;
#2057 = DIRECTION ( 'NONE',  ( -1.000000000000000000, 0.000000000000000000, 0.000000000000000000 ) ) ;
#2058 = ORIENTED_EDGE ( 'NONE', *, *, #1456, .T. ) ;
#2059 = ORIENTED_EDGE ( 'NONE', *, *, #2055, .T. ) ;
#2060 = DIRECTION ( 'NONE',  ( 1.000000000000000000, 0.000000000000000000, 0.000000000000000000 ) ) ;
#2061 = FACE_OUTER_BOUND ( 'NONE', #1824, .T. ) ;
#2062 = ORIENTED_EDGE ( 'NONE', *, *, #1955, .F. ) ;
#2063 = VECTOR ( 'NONE', #1939, 39.37007874015748143 ) ;
#2064 = CARTESIAN_POINT ( 'NONE',  ( 0.000000000000000000, 0.000000000000000000, -0.2519685039370078150 ) ) ;
#2065 = LINE ( 'NONE', #1754, #2479 ) ;
#2066 = VECTOR ( 'NONE', #1525, 39.37007874015748143 ) ;
#2067 = DIRECTION ( 'NONE',  ( 0.000000000000000000, 1.000000000000000000, 0.000000000000000000 ) ) ;
#2068 = AXIS2_PLACEMENT_3D ( 'NONE', #3482, #530, #4149 ) ;
#2069 = CLOSED_SHELL ( 'NONE', ( #497, #3973, #3052, #634, #2160, #3016 ) ) ;
#2070 = SURFACE_STYLE_FILL_AREA ( #3029 ) ;
#2071 = VECTOR ( 'NONE', #3529, 39.37007874015748143 ) ;
#2072 = AXIS2_PLACEMENT_3D ( 'NONE', #3305, #1731, #2316 ) ;
#2073 = ADVANCED_FACE ( 'NONE', ( #4212 ), #3868, .F. ) ;
#2074 = CARTESIAN_POINT ( 'NONE',  ( 0.000000000000000000, 0.000000000000000000, -0.2519685039370078150 ) ) ;
#2075 = AXIS2_PLACEMENT_3D ( 'NONE', #2229, #2575, #1192 ) ;
#2076 = ORIENTED_EDGE ( 'NONE', *, *, #324, .T. ) ;
#2077 = VECTOR ( 'NONE', #3709, 39.37007874015748143 ) ;
#2078 = ADVANCED_FACE ( 'NONE', ( #1040 ), #2107, .F. ) ;
#2079 = EDGE_LOOP ( 'NONE', ( #3902, #38, #4208, #3556 ) ) ;
#2080 = ORIENTED_EDGE ( 'NONE', *, *, #3864, .F. ) ;
#2081 = CARTESIAN_POINT ( 'NONE',  ( 0.04330708661417322081, 0.005905511811023621965, 0.000000000000000000 ) ) ;
#2082 = DIRECTION ( 'NONE',  ( 0.000000000000000000, 0.000000000000000000, -1.000000000000000000 ) ) ;
#2083 = VECTOR ( 'NONE', #3452, 39.37007874015748143 ) ;
#2084 = LINE ( 'NONE', #4112, #1463 ) ;
#2085 = VERTEX_POINT ( 'NONE', #2064 ) ;
#2086 = FACE_OUTER_BOUND ( 'NONE', #4219, .T. ) ;
#2087 = CARTESIAN_POINT ( 'NONE',  ( -4.321602884038738329E-18, 0.007874015748031495954, -0.1673228346456692439 ) ) ;
#2088 = CARTESIAN_POINT ( 'NONE',  ( 0.2334591505409957524, 0.001181102362204724176, -0.2392959941137129953 ) ) ;
#2089 = DIRECTION ( 'NONE',  ( 0.000000000000000000, -1.000000000000000000, 0.000000000000000000 ) ) ;
#2090 = ORIENTED_EDGE ( 'NONE', *, *, #1978, .T. ) ;
#2091 = LINE ( 'NONE', #2435, #1330 ) ;
#2092 = PRESENTATION_STYLE_ASSIGNMENT (( #2766 ) ) ;
#2093 = ORIENTED_EDGE ( 'NONE', *, *, #1904, .F. ) ;
#2094 = DIRECTION ( 'NONE',  ( -1.204669080539449837E-16, 0.000000000000000000, 1.000000000000000000 ) ) ;
#2095 = EDGE_CURVE ( 'NONE', #1914, #2263, #2016, .T. ) ;
#2096 = ORIENTED_EDGE ( 'NONE', *, *, #2581, .T. ) ;
#2097 = ORIENTED_EDGE ( 'NONE', *, *, #3271, .F. ) ;
#2098 = VERTEX_POINT ( 'NONE', #91 ) ;
#2099 = DIRECTION ( 'NONE',  ( 0.000000000000000000, 0.000000000000000000, -1.000000000000000000 ) ) ;
#2100 = CARTESIAN_POINT ( 'NONE',  ( 0.01968503937007875376, 0.007874015748031495954, -0.2027559055118109688 ) ) ;
#2101 = ADVANCED_FACE ( 'NONE', ( #2724 ), #3385, .F. ) ;
#2102 = EDGE_CURVE ( 'NONE', #391, #2549, #59, .T. ) ;
#2103 = ORIENTED_EDGE ( 'NONE', *, *, #1521, .T. ) ;
#2104 = CARTESIAN_POINT ( 'NONE',  ( 0.2424153244051282519, 0.001181102362204727863, -0.2239310166428099824 ) ) ;
#2105 = LINE ( 'NONE', #2429, #3043 ) ;
#2106 = APPLICATION_CONTEXT ( 'automotive_design' ) ;
#2107 = PLANE ( 'NONE',  #3588 ) ;
#2108 = DIRECTION ( 'NONE',  ( 0.000000000000000000, -1.000000000000000000, 0.000000000000000000 ) ) ;
#2109 = CARTESIAN_POINT ( 'NONE',  ( 0.1476377952755905387, 0.000000000000000000, -0.05905511811023617108 ) ) ;
#2110 = EDGE_LOOP ( 'NONE', ( #1595, #4189 ) ) ;
#2111 = DIRECTION ( 'NONE',  ( -0.000000000000000000, -1.000000000000000000, -0.000000000000000000 ) ) ;
#2112 = DIRECTION ( 'NONE',  ( 0.000000000000000000, 0.000000000000000000, -1.000000000000000000 ) ) ;
#2113 = CARTESIAN_POINT ( 'NONE',  ( 0.2432484214611869422, 0.000000000000000000, -0.2242315308076134051 ) ) ;
#2114 = VERTEX_POINT ( 'NONE', #1380 ) ;
#2115 = CARTESIAN_POINT ( 'NONE',  ( 0.2519685039370078705, 0.000000000000000000, -0.2952755905511810774 ) ) ;
#2116 = LINE ( 'NONE', #2751, #2756 ) ;
#2117 = FACE_OUTER_BOUND ( 'NONE', #1218, .T. ) ;
#2118 = ORIENTED_EDGE ( 'NONE', *, *, #1205, .F. ) ;
#2119 = CARTESIAN_POINT ( 'NONE',  ( 0.2465567951530249213, 0.001181102362204727863, -0.2258483512558231709 ) ) ;
#2120 = FACE_OUTER_BOUND ( 'NONE', #1821, .T. ) ;
#2121 = ADVANCED_FACE ( 'NONE', ( #2687 ), #3030, .T. ) ;
#2122 = FACE_OUTER_BOUND ( 'NONE', #1607, .T. ) ;
#2123 = EDGE_CURVE ( 'NONE', #1751, #2357, #659, .T. ) ;
#2124 = CARTESIAN_POINT ( 'NONE',  ( 0.04330708661417322081, 0.005905511811023621965, -0.04330708661417323468 ) ) ;
#2125 = ORIENTED_EDGE ( 'NONE', *, *, #3764, .T. ) ;
#2126 = CARTESIAN_POINT ( 'NONE',  ( 0.2267724003271104072, 0.000000000000000000, -0.2398310840801953225 ) ) ;
#2127 = ORIENTED_EDGE ( 'NONE', *, *, #1497, .T. ) ;
#2128 = CARTESIAN_POINT ( 'NONE',  ( 0.01968503937007875029, 0.001181102362204724610, -0.1771653543307086243 ) ) ;
#2129 = EDGE_CURVE ( 'NONE', #880, #1033, #1048, .T. ) ;
#2130 = DIRECTION ( 'NONE',  ( 0.000000000000000000, -1.000000000000000000, 0.000000000000000000 ) ) ;
#2131 = PRESENTATION_LAYER_ASSIGNMENT (  '', '', ( #2198 ) ) ;
#2132 = VECTOR ( 'NONE', #942, 39.37007874015748143 ) ;
#2133 = LINE ( 'NONE', #133, #287 ) ;
#2134 = AXIS2_PLACEMENT_3D ( 'NONE', #1680, #3972, #1148 ) ;
#2135 = DIRECTION ( 'NONE',  ( -0.7071067811865420216, 0.000000000000000000, -0.7071067811865531239 ) ) ;
#2136 = VECTOR ( 'NONE', #130, 39.37007874015748143 ) ;
#2137 = AXIS2_PLACEMENT_3D ( 'NONE', #1992, #1419, #1069 ) ;
#2138 = VECTOR ( 'NONE', #3433, 39.37007874015748143 ) ;
#2139 = ORIENTED_EDGE ( 'NONE', *, *, #186, .T. ) ;
#2140 = PLANE ( 'NONE',  #771 ) ;
#2141 = DIRECTION ( 'NONE',  ( 1.161645184805897749E-16, 0.000000000000000000, -1.000000000000000000 ) ) ;
#2142 = CIRCLE ( 'NONE', #1876, 0.06681323916723287681 ) ;
#2143 = EDGE_LOOP ( 'NONE', ( #3196, #3, #2851, #2349 ) ) ;
#2144 = DIRECTION ( 'NONE',  ( 0.000000000000000000, 0.000000000000000000, -1.000000000000000000 ) ) ;
#2145 = DIRECTION ( 'NONE',  ( 0.000000000000000000, 0.000000000000000000, 1.000000000000000000 ) ) ;
#2146 = DIRECTION ( 'NONE',  ( 1.000000000000000000, 0.000000000000000000, 0.000000000000000000 ) ) ;
#2147 = VECTOR ( 'NONE', #3219, 39.37007874015748143 ) ;
#2148 = LINE ( 'NONE', #3768, #1111 ) ;
#2149 = ORIENTED_EDGE ( 'NONE', *, *, #1955, .T. ) ;
#2150 = CARTESIAN_POINT ( 'NONE',  ( 0.1476377952755905387, 0.000000000000000000, -0.2362204724409448231 ) ) ;
#2151 = EDGE_CURVE ( 'NONE', #3853, #3434, #3675, .T. ) ;
#2152 = ORIENTED_EDGE ( 'NONE', *, *, #1904, .T. ) ;
#2153 = CARTESIAN_POINT ( 'NONE',  ( 0.000000000000000000, 0.005905511811023621965, -0.2952755905511810219 ) ) ;
#2154 =( NAMED_UNIT ( * ) PLANE_ANGLE_UNIT ( ) SI_UNIT ( $, .RADIAN. ) );
#2155 = EDGE_CURVE ( 'NONE', #1841, #3652, #1977, .T. ) ;
#2156 = ORIENTED_EDGE ( 'NONE', *, *, #1381, .T. ) ;
#2157 = EDGE_CURVE ( 'NONE', #642, #1615, #2617, .T. ) ;
#2158 = LINE ( 'NONE', #3484, #204 ) ;
#2159 = DIRECTION ( 'NONE',  ( -0.000000000000000000, -1.000000000000000000, -0.000000000000000000 ) ) ;
#2160 = ADVANCED_FACE ( 'NONE', ( #2954 ), #3309, .T. ) ;
#2161 = CARTESIAN_POINT ( 'NONE',  ( 0.2755905511811023167, 0.007874015748031495954, -0.1673228346456692994 ) ) ;
#2162 = CARTESIAN_POINT ( 'NONE',  ( 0.2237924766327330228, 0.001181102362204724610, -0.2374268567085417725 ) ) ;
#2163 = ORIENTED_EDGE ( 'NONE', *, *, #3927, .F. ) ;
#2164 = FACE_OUTER_BOUND ( 'NONE', #3785, .T. ) ;
#2165 = CARTESIAN_POINT ( 'NONE',  ( 0.2952755905511810774, 0.007874015748031497688, -0.1673228346456692994 ) ) ;
#2166 = EDGE_LOOP ( 'NONE', ( #552, #1685, #3888, #3519 ) ) ;
#2167 = LINE ( 'NONE', #3546, #3717 ) ;
#2168 = FACE_OUTER_BOUND ( 'NONE', #893, .T. ) ;
#2169 = DIRECTION ( 'NONE',  ( -0.9877629653290691536, 0.000000000000000000, 0.1559625734730105129 ) ) ;
#2170 = CARTESIAN_POINT ( 'NONE',  ( 0.01968503937007874682, 0.001181102362204724393, -0.1181102362204723977 ) ) ;
#2171 = ORIENTED_EDGE ( 'NONE', *, *, #748, .T. ) ;
#2172 = FACE_OUTER_BOUND ( 'NONE', #4126, .T. ) ;
#2173 = VERTEX_POINT ( 'NONE', #2039 ) ;
#2174 = CARTESIAN_POINT ( 'NONE',  ( 0.000000000000000000, 0.01377952755905511965, -0.1279527559055117503 ) ) ;
#2175 = VERTEX_POINT ( 'NONE', #76 ) ;
#2176 = CARTESIAN_POINT ( 'NONE',  ( 0.2478045811609084215, 0.000000000000000000, -0.2383759301655974383 ) ) ;
#2177 = CARTESIAN_POINT ( 'NONE',  ( 0.2952755905511810774, 0.01377952755905511792, -0.1673228346456692994 ) ) ;
#2178 = LINE ( 'NONE', #532, #912 ) ;
#2179 = EDGE_CURVE ( 'NONE', #283, #1952, #1450, .T. ) ;
#2180 = EDGE_CURVE ( 'NONE', #2194, #1751, #3645, .T. ) ;
#2181 = LINE ( 'NONE', #3488, #3259 ) ;
#2182 = CARTESIAN_POINT ( 'NONE',  ( 0.2237924766327330228, 0.000000000000000000, -0.2374268567085417725 ) ) ;
#2183 = VERTEX_POINT ( 'NONE', #4242 ) ;
#2184 = CARTESIAN_POINT ( 'NONE',  ( 0.2952755905511810774, 0.007874015748031495954, -0.1673228346456692994 ) ) ;
#2185 = CARTESIAN_POINT ( 'NONE',  ( 0.000000000000000000, 0.007874015748031495954, -0.09251968503937003929 ) ) ;
#2186 = ORIENTED_EDGE ( 'NONE', *, *, #415, .F. ) ;
#2187 = CARTESIAN_POINT ( 'NONE',  ( 0.000000000000000000, 0.005905511811023621965, -0.2952755905511810219 ) ) ;
#2188 = CARTESIAN_POINT ( 'NONE',  ( 0.2479941578986147310, 0.001181102362204724610, -0.2458094797552823341 ) ) ;
#2189 = LINE ( 'NONE', #545, #418 ) ;
#2190 = CARTESIAN_POINT ( 'NONE',  ( 0.2355715610711621721, 0.001181102362204736753, -0.2405933122903720911 ) ) ;
#2191 = CARTESIAN_POINT ( 'NONE',  ( 0.2519685039370078705, 0.000000000000000000, 0.000000000000000000 ) ) ;
#2192 = ORIENTED_EDGE ( 'NONE', *, *, #124, .F. ) ;
#2193 = CARTESIAN_POINT ( 'NONE',  ( 0.2285398033068938295, 0.000000000000000000, -0.2411956145366499493 ) ) ;
#2194 = VERTEX_POINT ( 'NONE', #4066 ) ;
#2195 = CARTESIAN_POINT ( 'NONE',  ( 0.000000000000000000, 0.005905511811023621965, -0.2519685039370078150 ) ) ;
#2196 = CARTESIAN_POINT ( 'NONE',  ( 0.2416560278954011931, 0.000000000000000000, -0.2426386949885412925 ) ) ;
#2197 = VERTEX_POINT ( 'NONE', #1339 ) ;
#2198 = STYLED_ITEM ( 'NONE', ( #123 ), #958 ) ;
#2199 = CARTESIAN_POINT ( 'NONE',  ( 0.04330708661417322081, 0.005905511811023621965, 0.000000000000000000 ) ) ;
#2200 = PLANE ( 'NONE',  #2564 ) ;
#2201 = VECTOR ( 'NONE', #1697, 39.37007874015748143 ) ;
#2202 = VECTOR ( 'NONE', #524, 39.37007874015748143 ) ;
#2203 = EDGE_CURVE ( 'NONE', #2035, #3808, #3269, .T. ) ;
#2204 = CARTESIAN_POINT ( 'NONE',  ( 0.2267724003271104072, 0.001181102362204724610, -0.2398310840801953225 ) ) ;
#2205 = VERTEX_POINT ( 'NONE', #2320 ) ;
#2206 = VECTOR ( 'NONE', #3535, 39.37007874015748143 ) ;
#2207 = CARTESIAN_POINT ( 'NONE',  ( 0.000000000000000000, 0.005905511811023621965, 0.000000000000000000 ) ) ;
#2208 = DIRECTION ( 'NONE',  ( 0.000000000000000000, 0.000000000000000000, -1.000000000000000000 ) ) ;
#2209 = EDGE_CURVE ( 'NONE', #586, #4211, #3289, .T. ) ;
#2210 = ORIENTED_EDGE ( 'NONE', *, *, #2606, .T. ) ;
#2211 = AXIS2_PLACEMENT_3D ( 'NONE', #1204, #4168, #3831 ) ;
#2212 = EDGE_CURVE ( 'NONE', #1648, #642, #3971, .T. ) ;
#2213 = DIRECTION ( 'NONE',  ( -1.000000000000000000, 0.000000000000000000, 0.000000000000000000 ) ) ;
#2214 = CARTESIAN_POINT ( 'NONE',  ( 0.2397826947586081947, 0.000000000000000000, -0.2472526305132199953 ) ) ;
#2215 = PLANE ( 'NONE',  #3163 ) ;
#2216 = EDGE_CURVE ( 'NONE', #222, #2862, #3631, .T. ) ;
#2217 = CARTESIAN_POINT ( 'NONE',  ( 0.04330708661417322081, 0.005905511811023621965, -0.2952755905511810219 ) ) ;
#2218 = DIRECTION ( 'NONE',  ( 0.000000000000000000, 1.000000000000000000, 0.000000000000000000 ) ) ;
#2219 = VECTOR ( 'NONE', #1758, 39.37007874015748143 ) ;
#2220 = ORIENTED_EDGE ( 'NONE', *, *, #1638, .T. ) ;
#2221 = FACE_OUTER_BOUND ( 'NONE', #737, .T. ) ;
#2222 = VERTEX_POINT ( 'NONE', #1996 ) ;
#2223 = DIRECTION ( 'NONE',  ( 0.000000000000000000, 0.000000000000000000, -1.000000000000000000 ) ) ;
#2224 = VECTOR ( 'NONE', #97, 39.37007874015748143 ) ;
#2225 = CARTESIAN_POINT ( 'NONE',  ( 0.2204120754361634515, 0.000000000000000000, -0.2287260962897575967 ) ) ;
#2226 = ORIENTED_EDGE ( 'NONE', *, *, #4093, .F. ) ;
#2227 = VERTEX_POINT ( 'NONE', #1678 ) ;
#2228 = DIRECTION ( 'NONE',  ( -0.000000000000000000, -1.000000000000000000, -0.000000000000000000 ) ) ;
#2229 = CARTESIAN_POINT ( 'NONE',  ( 0.2086614173228346081, 0.07480314960629921850, -0.1476377952755905387 ) ) ;
#2230 = CARTESIAN_POINT ( 'NONE',  ( 0.2522705759497831934, 0.001181102362204724827, -0.2343309102836534930 ) ) ;
#2231 = VERTEX_POINT ( 'NONE', #2999 ) ;
#2232 = DIRECTION ( 'NONE',  ( -0.7071067811865475727, 0.000000000000000000, 0.7071067811865473507 ) ) ;
#2233 = CARTESIAN_POINT ( 'NONE',  ( 0.06731011842309610194, 0.09842519685039370636, -0.2544645476115997007 ) ) ;
#2234 = ORIENTED_EDGE ( 'NONE', *, *, #2907, .F. ) ;
#2235 = DIRECTION ( 'NONE',  ( -1.000000000000000000, 0.000000000000000000, -1.971276677246371272E-16 ) ) ;
#2236 = CARTESIAN_POINT ( 'NONE',  ( 0.2345571634648917214, 0.001181102362204724610, -0.2452394265047770916 ) ) ;
#2237 = ORIENTED_EDGE ( 'NONE', *, *, #517, .T. ) ;
#2238 = LINE ( 'NONE', #29, #2359 ) ;
#2239 = CARTESIAN_POINT ( 'NONE',  ( 0.2480036409997810609, 0.001181102362204736753, -0.2360802147388931516 ) ) ;
#2240 = FILL_AREA_STYLE_COLOUR ( '', #1611 ) ;
#2241 = ADVANCED_FACE ( 'NONE', ( #42 ), #1364, .F. ) ;
#2242 = EDGE_CURVE ( 'NONE', #3359, #1602, #1334, .T. ) ;
#2243 = PLANE ( 'NONE',  #3932 ) ;
#2244 = EDGE_CURVE ( 'NONE', #2537, #1445, #3161, .T. ) ;
#2245 = EDGE_LOOP ( 'NONE', ( #278, #3418, #2156, #519 ) ) ;
#2246 = LINE ( 'NONE', #2568, #1673 ) ;
#2247 = ORIENTED_EDGE ( 'NONE', *, *, #1300, .T. ) ;
#2248 = DIRECTION ( 'NONE',  ( 0.000000000000000000, 0.000000000000000000, 1.000000000000000000 ) ) ;
#2249 = CARTESIAN_POINT ( 'NONE',  ( 0.2125171209223771784, 0.000000000000000000, -0.2246974930740982257 ) ) ;
#2250 = CARTESIAN_POINT ( 'NONE',  ( 0.2444348840932862033, 0.000000000000000000, -0.2247487287647567389 ) ) ;
#2251 = ORIENTED_EDGE ( 'NONE', *, *, #3148, .F. ) ;
#2252 = DIRECTION ( 'NONE',  ( 0.000000000000000000, 0.000000000000000000, 1.000000000000000000 ) ) ;
#2253 = PLANE ( 'NONE',  #228 ) ;
#2254 = PLANE ( 'NONE',  #3593 ) ;
#2255 = ORIENTED_EDGE ( 'NONE', *, *, #1234, .F. ) ;
#2256 = CARTESIAN_POINT ( 'NONE',  ( 0.2440944881889763884, 0.09724409448818897850, -0.1633858267716535584 ) ) ;
#2257 = CARTESIAN_POINT ( 'NONE',  ( 0.2423982634753465981, 0.000000000000000000, -0.2474772587960445136 ) ) ;
#2258 = PLANE ( 'NONE',  #2405 ) ;
#2259 = LINE ( 'NONE', #349, #3047 ) ;
#2260 = CARTESIAN_POINT ( 'NONE',  ( 0.2440106244838436966, 0.001181102362204736753, -0.2423203977398476205 ) ) ;
#2261 = DIRECTION ( 'NONE',  ( 0.000000000000000000, 0.000000000000000000, -1.000000000000000000 ) ) ;
#2262 = CARTESIAN_POINT ( 'NONE',  ( 0.2506276412142675047, 0.000000000000000000, -0.2432572194595873094 ) ) ;
#2263 = VERTEX_POINT ( 'NONE', #215 ) ;
#2264 = FACE_OUTER_BOUND ( 'NONE', #1490, .T. ) ;
#2265 = EDGE_CURVE ( 'NONE', #808, #846, #193, .T. ) ;
#2266 = ORIENTED_EDGE ( 'NONE', *, *, #3464, .T. ) ;
#2267 = EDGE_LOOP ( 'NONE', ( #2906, #864, #1414, #3414, #2567, #3580, #2370, #247, #3788, #1150, #3592, #3951, #1392, #1307 ) ) ;
#2268 = ADVANCED_FACE ( 'NONE', ( #4088 ), #2822, .F. ) ;
#2269 = CARTESIAN_POINT ( 'NONE',  ( 0.2519685039370078705, 0.09842519685039370636, -0.2952755905511810774 ) ) ;
#2270 = FACE_OUTER_BOUND ( 'NONE', #746, .T. ) ;
#2271 = AXIS2_PLACEMENT_3D ( 'NONE', #2376, #2969, #710 ) ;
#2272 = LINE ( 'NONE', #3586, #1596 ) ;
#2273 = LINE ( 'NONE', #962, #24 ) ;
#2274 = LINE ( 'NONE', #2652, #439 ) ;
#2275 = VECTOR ( 'NONE', #1244, 39.37007874015748143 ) ;
#2276 = DIRECTION ( 'NONE',  ( 0.000000000000000000, -1.000000000000000000, 0.000000000000000000 ) ) ;
#2277 = ORIENTED_EDGE ( 'NONE', *, *, #421, .T. ) ;
#2278 = LINE ( 'NONE', #2603, #1861 ) ;
#2279 = CARTESIAN_POINT ( 'NONE',  ( 0.2285398033068938295, 0.000000000000000000, -0.2411956145366499493 ) ) ;
#2280 = CARTESIAN_POINT ( 'NONE',  ( 0.2362204724409449064, 0.000000000000000000, 0.000000000000000000 ) ) ;
#2281 = VECTOR ( 'NONE', #3462, 39.37007874015748143 ) ;
#2282 = ORIENTED_EDGE ( 'NONE', *, *, #3445, .F. ) ;
#2283 = CARTESIAN_POINT ( 'NONE',  ( 0.2151239262017481668, 0.001181102362204724176, -0.2249750745792241380 ) ) ;
#2284 = LINE ( 'NONE', #1943, #2848 ) ;
#2285 = PLANE ( 'NONE',  #423 ) ;
#2286 = AXIS2_PLACEMENT_3D ( 'NONE', #528, #510, #1533 ) ;
#2287 = ORIENTED_EDGE ( 'NONE', *, *, #206, .F. ) ;
#2288 = CARTESIAN_POINT ( 'NONE',  ( 0.2755905511811023167, 0.007874015748031495954, -0.1673228346456692994 ) ) ;
#2289 = VECTOR ( 'NONE', #3819, 39.37007874015748143 ) ;
#2290 = EDGE_CURVE ( 'NONE', #2183, #779, #365, .T. ) ;
#2291 = VERTEX_POINT ( 'NONE', #2806 ) ;
#2292 = VECTOR ( 'NONE', #841, 39.37007874015748143 ) ;
#2293 = ORIENTED_EDGE ( 'NONE', *, *, #4075, .T. ) ;
#2294 = PLANE ( 'NONE',  #1458 ) ;
#2295 = CARTESIAN_POINT ( 'NONE',  ( 0.2952755905511810774, 0.000000000000000000, 0.000000000000000000 ) ) ;
#2296 = AXIS2_PLACEMENT_3D ( 'NONE', #3223, #3151, #1842 ) ;
#2297 = ADVANCED_FACE ( 'NONE', ( #1182 ), #1851, .F. ) ;
#2298 = DIRECTION ( 'NONE',  ( 1.000000000000000000, 0.000000000000000000, 0.000000000000000000 ) ) ;
#2299 = EDGE_CURVE ( 'NONE', #3061, #2657, #809, .T. ) ;
#2300 = VECTOR ( 'NONE', #3982, 39.37007874015748143 ) ;
#2301 = CARTESIAN_POINT ( 'NONE',  ( 0.2519685039370078705, 0.005905511811023621965, -0.2952755905511810774 ) ) ;
#2302 = LINE ( 'NONE', #1682, #3731 ) ;
#2303 = DIRECTION ( 'NONE',  ( -1.000000000000000000, -0.000000000000000000, -0.000000000000000000 ) ) ;
#2304 = CARTESIAN_POINT ( 'NONE',  ( 0.000000000000000000, 0.09842519685039370636, -0.2519685039370078150 ) ) ;
#2305 = VERTEX_POINT ( 'NONE', #2468 ) ;
#2306 = DIRECTION ( 'NONE',  ( 1.000000000000000000, 0.000000000000000000, -3.273063162220391805E-16 ) ) ;
#2307 = ORIENTED_EDGE ( 'NONE', *, *, #186, .F. ) ;
#2308 = CARTESIAN_POINT ( 'NONE',  ( 0.07518413417112761177, 0.09842519685039370636, 0.000000000000000000 ) ) ;
#2309 = VERTEX_POINT ( 'NONE', #4104 ) ;
#2310 = DIRECTION ( 'NONE',  ( -1.000000000000000000, 0.000000000000000000, 0.000000000000000000 ) ) ;
#2311 = SURFACE_STYLE_USAGE ( .BOTH. , #2632 ) ;
#2312 = CARTESIAN_POINT ( 'NONE',  ( 0.2204156618412838886, 0.001181102362204726995, -0.2346043530049621850 ) ) ;
#2313 = VERTEX_POINT ( 'NONE', #3424 ) ;
#2314 = CARTESIAN_POINT ( 'NONE',  ( 0.2518845608334456254, 0.001181102362204727863, -0.2324967959281926122 ) ) ;
#2315 = FACE_OUTER_BOUND ( 'NONE', #548, .T. ) ;
#2316 = DIRECTION ( 'NONE',  ( 0.000000000000000000, 0.000000000000000000, 1.000000000000000000 ) ) ;
#2317 = CARTESIAN_POINT ( 'NONE',  ( 0.000000000000000000, 0.007874015748031495954, -0.2027559055118110243 ) ) ;
#2318 = FILL_AREA_STYLE ('',( #2646 ) ) ;
#2319 = LINE ( 'NONE', #2017, #1881 ) ;
#2320 = CARTESIAN_POINT ( 'NONE',  ( 0.2559055118110236671, 0.04724409448818898266, -0.1948818897637795144 ) ) ;
#2321 = ADVANCED_FACE ( 'NONE', ( #2172 ), #2872, .F. ) ;
#2322 = EDGE_CURVE ( 'NONE', #1602, #3359, #907, .T. ) ;
#2323 = CARTESIAN_POINT ( 'NONE',  ( 0.000000000000000000, 0.000000000000000000, 0.000000000000000000 ) ) ;
#2324 = DIRECTION ( 'NONE',  ( 0.000000000000000000, 0.000000000000000000, 1.000000000000000000 ) ) ;
#2325 = ORIENTED_EDGE ( 'NONE', *, *, #2496, .T. ) ;
#2326 = ORIENTED_EDGE ( 'NONE', *, *, #1529, .F. ) ;
#2327 = CARTESIAN_POINT ( 'NONE',  ( 0.2282793567692240067, 0.000000000000000000, -0.2355193797495434838 ) ) ;
#2328 =( NAMED_UNIT ( * ) SI_UNIT ( $, .STERADIAN. ) SOLID_ANGLE_UNIT ( ) );
#2329 = CARTESIAN_POINT ( 'NONE',  ( 0.2345571634648917214, 0.001181102362204726995, -0.2452394265047770916 ) ) ;
#2330 = VERTEX_POINT ( 'NONE', #3098 ) ;
#2331 =( CONVERSION_BASED_UNIT ( 'INCH', #392 ) LENGTH_UNIT ( ) NAMED_UNIT ( #3882 ) );
#2332 = CARTESIAN_POINT ( 'NONE',  ( 0.000000000000000000, 0.09842519685039370636, 0.000000000000000000 ) ) ;
#2333 = ORIENTED_EDGE ( 'NONE', *, *, #577, .F. ) ;
#2334 = LINE ( 'NONE', #2358, #4192 ) ;
#2335 = CARTESIAN_POINT ( 'NONE',  ( 0.07518413417112761177, 0.09842519685039370636, -0.2387165161155367921 ) ) ;
#2336 = CARTESIAN_POINT ( 'NONE',  ( 0.2519685039370078705, 0.005905511811023621965, 0.000000000000000000 ) ) ;
#2337 = DIRECTION ( 'NONE',  ( 0.000000000000000000, -1.000000000000000000, 0.000000000000000000 ) ) ;
#2338 = DIRECTION ( 'NONE',  ( 0.000000000000000000, 0.000000000000000000, 1.000000000000000000 ) ) ;
#2339 = LINE ( 'NONE', #701, #3737 ) ;
#2340 = EDGE_CURVE ( 'NONE', #2827, #10, #1844, .T. ) ;
#2341 = ORIENTED_EDGE ( 'NONE', *, *, #3179, .T. ) ;
#2342 = ORIENTED_EDGE ( 'NONE', *, *, #2322, .F. ) ;
#2343 = ORIENTED_EDGE ( 'NONE', *, *, #1557, .F. ) ;
#2344 = CARTESIAN_POINT ( 'NONE',  ( 0.2268936287040426436, 0.001181102362204724176, -0.2344174654310788863 ) ) ;
#2345 = CARTESIAN_POINT ( 'NONE',  ( 0.07518413417112761177, 0.09842519685039370636, -0.2111574609974264938 ) ) ;
#2346 = CARTESIAN_POINT ( 'NONE',  ( 0.2388256175636223333, 0.001181102362204726995, -0.2470273365318265135 ) ) ;
#2347 = ADVANCED_FACE ( 'NONE', ( #2221 ), #3260, .F. ) ;
#2348 = EDGE_CURVE ( 'NONE', #3884, #1468, #901, .T. ) ;
#2349 = ORIENTED_EDGE ( 'NONE', *, *, #1332, .T. ) ;
#2350 = VECTOR ( 'NONE', #847, 39.37007874015748143 ) ;
#2351 = AXIS2_PLACEMENT_3D ( 'NONE', #1766, #4100, #210 ) ;
#2352 = ADVANCED_FACE ( 'NONE', ( #3233 ), #2285, .T. ) ;
#2353 = CARTESIAN_POINT ( 'NONE',  ( 0.2459444872055055742, 0.000000000000000000, -0.2412009712490781055 ) ) ;
#2354 = PLANE ( 'NONE',  #2630 ) ;
#2355 = AXIS2_PLACEMENT_3D ( 'NONE', #3751, #1772, #96 ) ;
#2356 = AXIS2_PLACEMENT_3D ( 'NONE', #1857, #3170, #2476 ) ;
#2357 = VERTEX_POINT ( 'NONE', #3852 ) ;
#2358 = CARTESIAN_POINT ( 'NONE',  ( 0.000000000000000000, 0.01377952755905511965, -0.04330708661417323468 ) ) ;
#2359 = VECTOR ( 'NONE', #1320, 39.37007874015748143 ) ;
#2360 = CARTESIAN_POINT ( 'NONE',  ( 0.2440944881889763884, 0.09724409448818897850, -0.1318897637795275468 ) ) ;
#2361 = DIRECTION ( 'NONE',  ( -0.1559625734730105129, -0.000000000000000000, -0.9877629653290691536 ) ) ;
#2362 = VECTOR ( 'NONE', #3417, 39.37007874015748143 ) ;
#2363 = CARTESIAN_POINT ( 'NONE',  ( 0.04724409448818898266, 0.001181102362204724610, -0.1771653543307086243 ) ) ;
#2364 = PRESENTATION_LAYER_ASSIGNMENT (  '', '', ( #1472 ) ) ;
#2365 = DIRECTION ( 'NONE',  ( 0.000000000000000000, 0.000000000000000000, -1.000000000000000000 ) ) ;
#2366 = DIRECTION ( 'NONE',  ( 0.000000000000000000, 0.000000000000000000, -1.000000000000000000 ) ) ;
#2367 = VECTOR ( 'NONE', #156, 39.37007874015748143 ) ;
#2368 = VERTEX_POINT ( 'NONE', #2947 ) ;
#2369 = ORIENTED_EDGE ( 'NONE', *, *, #2497, .T. ) ;
#2370 = ORIENTED_EDGE ( 'NONE', *, *, #517, .F. ) ;
#2371 = CARTESIAN_POINT ( 'NONE',  ( 0.2322758279525234393, 0.000000000000000000, -0.2385018471245217708 ) ) ;
#2372 = VECTOR ( 'NONE', #1961, 39.37007874015748143 ) ;
#2373 = CARTESIAN_POINT ( 'NONE',  ( 0.2125171209223771784, 0.001181102362204724827, -0.2246974930740982257 ) ) ;
#2374 = CARTESIAN_POINT ( 'NONE',  ( 0.2440046036314134081, 0.001181102362204726995, -0.2473642006701784468 ) ) ;
#2375 = EDGE_LOOP ( 'NONE', ( #1368, #3663, #2762, #1093 ) ) ;
#2376 = CARTESIAN_POINT ( 'NONE',  ( 0.2952755905511810774, 0.007874015748031495954, -0.1279527559055117780 ) ) ;
#2377 = EDGE_CURVE ( 'NONE', #222, #4025, #2590, .T. ) ;
#2378 = CARTESIAN_POINT ( 'NONE',  ( 0.2355715610711621721, 0.000000000000000000, -0.2405933122903720911 ) ) ;
#2379 = ADVANCED_FACE ( 'NONE', ( #4215 ), #2243, .F. ) ;
#2380 = CARTESIAN_POINT ( 'NONE',  ( 0.000000000000000000, 0.01377952755905511792, -0.1279527559055117503 ) ) ;
#2381 = FACE_OUTER_BOUND ( 'NONE', #3597, .T. ) ;
#2382 = FACE_OUTER_BOUND ( 'NONE', #1183, .T. ) ;
#2383 = CARTESIAN_POINT ( 'NONE',  ( 0.01968503937007874682, 0.007874015748031495954, -0.1279527559055117503 ) ) ;
#2384 = VERTEX_POINT ( 'NONE', #1646 ) ;
#2385 = VERTEX_POINT ( 'NONE', #576 ) ;
#2386 = EDGE_LOOP ( 'NONE', ( #4053, #1869, #2684, #2880 ) ) ;
#2387 = LINE ( 'NONE', #3702, #2083 ) ;
#2388 = CARTESIAN_POINT ( 'NONE',  ( 0.000000000000000000, 0.01377952755905511792, -0.1279527559055117503 ) ) ;
#2389 = ORIENTED_EDGE ( 'NONE', *, *, #1905, .F. ) ;
#2390 = CARTESIAN_POINT ( 'NONE',  ( 0.2952755905511810774, 0.01377952755905511965, -0.04330708661417322081 ) ) ;
#2391 = CARTESIAN_POINT ( 'NONE',  ( 0.2477909994966897844, 0.001181102362204724176, -0.2348949135162880786 ) ) ;
#2392 = CARTESIAN_POINT ( 'NONE',  ( 0.2559055118110236671, 0.04724409448818897572, -0.1003937007874015630 ) ) ;
#2393 = ORIENTED_EDGE ( 'NONE', *, *, #1129, .T. ) ;
#2394 = CARTESIAN_POINT ( 'NONE',  ( 0.01968503937007874682, 0.000000000000000000, -0.1181102362204724116 ) ) ;
#2395 = SURFACE_STYLE_FILL_AREA ( #4034 ) ;
#2396 = ADVANCED_FACE ( 'NONE', ( #2967 ), #1900, .F. ) ;
#2397 = LINE ( 'NONE', #78, #703 ) ;
#2398 = ORIENTED_EDGE ( 'NONE', *, *, #2440, .F. ) ;
#2399 = VERTEX_POINT ( 'NONE', #949 ) ;
#2400 = CARTESIAN_POINT ( 'NONE',  ( 0.04330708661417322081, 0.005905511811023621965, -0.2952755905511810219 ) ) ;
#2401 = CARTESIAN_POINT ( 'NONE',  ( 0.2559055118110236671, 0.08661417322834646937, -0.1003937007874015630 ) ) ;
#2402 = ORIENTED_EDGE ( 'NONE', *, *, #1276, .T. ) ;
#2403 = DIRECTION ( 'NONE',  ( 0.000000000000000000, 1.000000000000000000, 0.000000000000000000 ) ) ;
#2404 = CARTESIAN_POINT ( 'NONE',  ( 0.000000000000000000, 0.000000000000000000, 0.000000000000000000 ) ) ;
#2405 = AXIS2_PLACEMENT_3D ( 'NONE', #2280, #4250, #3570 ) ;
#2406 = CARTESIAN_POINT ( 'NONE',  ( 0.2477909994966897844, 0.000000000000000000, -0.2348949135162880786 ) ) ;
#2407 = LINE ( 'NONE', #3725, #2705 ) ;
#2408 = VECTOR ( 'NONE', #1177, 39.37007874015748143 ) ;
#2409 = ORIENTED_EDGE ( 'NONE', *, *, #784, .F. ) ;
#2410 = CARTESIAN_POINT ( 'NONE',  ( 0.000000000000000000, 0.000000000000000000, -0.09251968503937003929 ) ) ;
#2411 = VECTOR ( 'NONE', #3122, 39.37007874015748143 ) ;
#2412 = PRESENTATION_STYLE_ASSIGNMENT (( #1104 ) ) ;
#2413 = EDGE_CURVE ( 'NONE', #1232, #1712, #1576, .T. ) ;
#2414 = VECTOR ( 'NONE', #1001, 39.37007874015748143 ) ;
#2415 = MECHANICAL_DESIGN_GEOMETRIC_PRESENTATION_REPRESENTATION (  '', ( #1512 ), #1168 ) ;
#2416 = CARTESIAN_POINT ( 'NONE',  ( 0.2455386879503793085, 0.000000000000000000, -0.2252840180546854532 ) ) ;
#2417 = EDGE_CURVE ( 'NONE', #481, #2694, #3430, .T. ) ;
#2418 = VECTOR ( 'NONE', #1658, 39.37007874015748143 ) ;
#2419 = EDGE_CURVE ( 'NONE', #586, #3083, #1764, .T. ) ;
#2420 = DIRECTION ( 'NONE',  ( 1.000000000000000000, 0.000000000000000000, 0.000000000000000000 ) ) ;
#2421 = ADVANCED_FACE ( 'NONE', ( #3022 ), #52, .T. ) ;
#2422 = MECHANICAL_DESIGN_GEOMETRIC_PRESENTATION_REPRESENTATION (  '', ( #1472 ), #1681 ) ;
#2423 = DIRECTION ( 'NONE',  ( 0.000000000000000000, 0.000000000000000000, -1.000000000000000000 ) ) ;
#2424 = VERTEX_POINT ( 'NONE', #4024 ) ;
#2425 = LINE ( 'NONE', #459, #1264 ) ;
#2426 = VECTOR ( 'NONE', #503, 39.37007874015748143 ) ;
#2427 = FACE_OUTER_BOUND ( 'NONE', #2655, .T. ) ;
#2428 = ORIENTED_EDGE ( 'NONE', *, *, #1365, .T. ) ;
#2429 = CARTESIAN_POINT ( 'NONE',  ( 0.1066801971632535817, 0.09724409448818897850, -0.2387165161155367921 ) ) ;
#2430 = AXIS2_PLACEMENT_3D ( 'NONE', #3844, #564, #1891 ) ;
#2431 = CARTESIAN_POINT ( 'NONE',  ( 0.2440106244838436966, 0.000000000000000000, -0.2423203977398476205 ) ) ;
#2432 = DIRECTION ( 'NONE',  ( 1.971276677246371272E-16, 0.000000000000000000, -1.000000000000000000 ) ) ;
#2433 = DIRECTION ( 'NONE',  ( 1.000000000000000000, 0.000000000000000000, 0.000000000000000000 ) ) ;
#2434 = ORIENTED_EDGE ( 'NONE', *, *, #2151, .T. ) ;
#2435 = CARTESIAN_POINT ( 'NONE',  ( 0.2755905511811023167, 0.01377952755905511792, -0.09251968503937006705 ) ) ;
#2436 = CARTESIAN_POINT ( 'NONE',  ( 0.2952755905511810774, 0.01377952755905511792, -0.09251968503937006705 ) ) ;
#2437 = CARTESIAN_POINT ( 'NONE',  ( 0.000000000000000000, 0.01377952755905511792, -0.1279527559055117780 ) ) ;
#2438 = CARTESIAN_POINT ( 'NONE',  ( 0.2523217509782131329, 0.000000000000000000, -0.2349664216441046394 ) ) ;
#2439 = ADVANCED_FACE ( 'NONE', ( #2061 ), #87, .F. ) ;
#2440 = EDGE_CURVE ( 'NONE', #3035, #4236, #1411, .T. ) ;
#2441 = VERTEX_POINT ( 'NONE', #390 ) ;
#2442 = FACE_OUTER_BOUND ( 'NONE', #3306, .T. ) ;
#2443 = CARTESIAN_POINT ( 'NONE',  ( 0.01968503937007875029, 0.000000000000000000, -0.1771653543307086243 ) ) ;
#2444 = DIRECTION ( 'NONE',  ( 1.000000000000000000, 0.000000000000000000, 0.000000000000000000 ) ) ;
#2445 = EDGE_CURVE ( 'NONE', #651, #1523, #1707, .T. ) ;
#2446 = VERTEX_POINT ( 'NONE', #2388 ) ;
#2447 = CARTESIAN_POINT ( 'NONE',  ( 0.2519685039370078705, 0.000000000000000000, 0.000000000000000000 ) ) ;
#2448 = LINE ( 'NONE', #3138, #3100 ) ;
#2449 = LINE ( 'NONE', #1471, #902 ) ;
#2450 = CARTESIAN_POINT ( 'NONE',  ( 0.2519685039370078705, 0.005905511811023621965, -0.2519685039370078705 ) ) ;
#2451 = ORIENTED_EDGE ( 'NONE', *, *, #3179, .F. ) ;
#2452 = CARTESIAN_POINT ( 'NONE',  ( 0.2248256226085678378, 0.000000000000000000, -0.2382794085376810367 ) ) ;
#2453 = ORIENTED_EDGE ( 'NONE', *, *, #776, .F. ) ;
#2454 = CARTESIAN_POINT ( 'NONE',  ( 0.2519685039370078150, 0.09842519685039370636, -0.2952755905511810774 ) ) ;
#2455 = PLANE ( 'NONE',  #438 ) ;
#2456 = DIRECTION ( 'NONE',  ( 0.000000000000000000, 0.000000000000000000, -1.000000000000000000 ) ) ;
#2457 = DIRECTION ( 'NONE',  ( -0.7071067811865474617, 0.000000000000000000, -0.7071067811865476838 ) ) ;
#2458 = LINE ( 'NONE', #2483, #2480 ) ;
#2459 = ORIENTED_EDGE ( 'NONE', *, *, #1211, .F. ) ;
#2460 =( CONVERSION_BASED_UNIT ( 'INCH', #1120 ) LENGTH_UNIT ( ) NAMED_UNIT ( #3553 ) );
#2461 = DIRECTION ( 'NONE',  ( -1.224646799147353454E-16, 0.000000000000000000, 1.000000000000000000 ) ) ;
#2462 = CARTESIAN_POINT ( 'NONE',  ( 0.2559055118110236671, 0.04724409448818898266, -0.1948818897637795144 ) ) ;
#2463 = LINE ( 'NONE', #850, #2411 ) ;
#2464 = CARTESIAN_POINT ( 'NONE',  ( 0.1476377952755905387, 0.007874015748031495954, -0.2244094488188975722 ) ) ;
#2465 = ADVANCED_FACE ( 'NONE', ( #3040 ), #428, .F. ) ;
#2466 = ADVANCED_FACE ( 'NONE', ( #2736 ), #4040, .F. ) ;
#2467 = EDGE_LOOP ( 'NONE', ( #966, #2025, #2849, #581 ) ) ;
#2468 = CARTESIAN_POINT ( 'NONE',  ( 0.07518413417112761177, 0.09842519685039370636, -0.2820236027297099435 ) ) ;
#2469 = EDGE_CURVE ( 'NONE', #930, #1408, #2084, .T. ) ;
#2470 = ORIENTED_EDGE ( 'NONE', *, *, #1301, .T. ) ;
#2471 = CARTESIAN_POINT ( 'NONE',  ( 0.000000000000000000, 0.005905511811023621965, -0.04330708661417323468 ) ) ;
#2472 = SURFACE_SIDE_STYLE ('',( #3446 ) ) ;
#2473 = VECTOR ( 'NONE', #3581, 39.37007874015748143 ) ;
#2474 = ORIENTED_EDGE ( 'NONE', *, *, #4117, .F. ) ;
#2475 = VECTOR ( 'NONE', #2111, 39.37007874015748143 ) ;
#2476 = DIRECTION ( 'NONE',  ( -1.000000000000000000, 0.000000000000000000, 0.000000000000000000 ) ) ;
#2477 = LINE ( 'NONE', #3861, #4133 ) ;
#2478 = AXIS2_PLACEMENT_3D ( 'NONE', #674, #1004, #1305 ) ;
#2479 = VECTOR ( 'NONE', #394, 39.37007874015748143 ) ;
#2480 = VECTOR ( 'NONE', #3092, 39.37007874015748143 ) ;
#2481 = ORIENTED_EDGE ( 'NONE', *, *, #573, .T. ) ;
#2482 = DIRECTION ( 'NONE',  ( 0.7071067811865420216, 0.000000000000000000, 0.7071067811865531239 ) ) ;
#2483 = CARTESIAN_POINT ( 'NONE',  ( 0.000000000000000000, 0.005905511811023621965, -0.2519685039370078150 ) ) ;
#2484 = VECTOR ( 'NONE', #2338, 39.37007874015748143 ) ;
#2485 = ORIENTED_EDGE ( 'NONE', *, *, #3189, .F. ) ;
#2486 = CARTESIAN_POINT ( 'NONE',  ( 0.04330708661417322081, 0.000000000000000000, -0.04330708661417323468 ) ) ;
#2487 = CARTESIAN_POINT ( 'NONE',  ( 0.2519685039370078705, 0.005905511811023621965, -0.2952755905511810774 ) ) ;
#2488 = PLANE ( 'NONE',  #3585 ) ;
#2489 = VECTOR ( 'NONE', #3239, 39.37007874015748143 ) ;
#2490 = ORIENTED_EDGE ( 'NONE', *, *, #2641, .T. ) ;
#2491 = DIRECTION ( 'NONE',  ( -0.000000000000000000, -1.000000000000000000, -0.000000000000000000 ) ) ;
#2492 = VERTEX_POINT ( 'NONE', #2165 ) ;
#2493 = VECTOR ( 'NONE', #408, 39.37007874015748143 ) ;
#2494 = ADVANCED_FACE ( 'NONE', ( #2427 ), #1500, .F. ) ;
#2495 = LINE ( 'NONE', #833, #3791 ) ;
#2496 = EDGE_CURVE ( 'NONE', #1629, #315, #4138, .T. ) ;
#2497 = EDGE_CURVE ( 'NONE', #2114, #2098, #4082, .T. ) ;
#2498 = ORIENTED_EDGE ( 'NONE', *, *, #662, .T. ) ;
#2499 = CARTESIAN_POINT ( 'NONE',  ( 0.2418055602775336654, 0.000000000000000000, -0.2283510142210174731 ) ) ;
#2500 = DIRECTION ( 'NONE',  ( 0.000000000000000000, 1.000000000000000000, 9.035018104045871927E-17 ) ) ;
#2501 = CARTESIAN_POINT ( 'NONE',  ( 0.000000000000000000, 0.000000000000000000, -0.2519685039370078150 ) ) ;
#2502 = CARTESIAN_POINT ( 'NONE',  ( 0.2755905511811023167, 0.01377952755905511792, -0.1279527559055117780 ) ) ;
#2503 = CARTESIAN_POINT ( 'NONE',  ( 0.2179498448476997197, 0.000000000000000000, -0.2324846266477735013 ) ) ;
#2504 = ORIENTED_EDGE ( 'NONE', *, *, #2054, .F. ) ;
#2505 = CARTESIAN_POINT ( 'NONE',  ( 0.2952755905511810774, 0.000000000000000000, -0.2027559055118110243 ) ) ;
#2506 = DIRECTION ( 'NONE',  ( 0.000000000000000000, -1.000000000000000000, -9.035018104045871927E-17 ) ) ;
#2507 = ORIENTED_EDGE ( 'NONE', *, *, #4005, .T. ) ;
#2508 = LINE ( 'NONE', #209, #3787 ) ;
#2509 = CARTESIAN_POINT ( 'NONE',  ( 0.2524468610152140191, 0.000000000000000000, -0.2374582370148601296 ) ) ;
#2510 = DIRECTION ( 'NONE',  ( 0.000000000000000000, 0.000000000000000000, 1.000000000000000000 ) ) ;
#2511 = CARTESIAN_POINT ( 'NONE',  ( 0.2477909994966897844, 0.001181102362204736753, -0.2348949135162880786 ) ) ;
#2512 = DIRECTION ( 'NONE',  ( 0.000000000000000000, 0.000000000000000000, -1.000000000000000000 ) ) ;
#2513 = ORIENTED_EDGE ( 'NONE', *, *, #1497, .F. ) ;
#2514 = CARTESIAN_POINT ( 'NONE',  ( 0.2952755905511810774, 0.005905511811023621965, -0.04330708661417322081 ) ) ;
#2515 = DIRECTION ( 'NONE',  ( 0.000000000000000000, 0.000000000000000000, -1.000000000000000000 ) ) ;
#2516 = CARTESIAN_POINT ( 'NONE',  ( 0.2255724539146454766, 0.000000000000000000, -0.2333422843645990008 ) ) ;
#2517 = ADVANCED_FACE ( 'NONE', ( #3760 ), #3135, .T. ) ;
#2518 = ORIENTED_EDGE ( 'NONE', *, *, #3375, .T. ) ;
#2519 = ORIENTED_EDGE ( 'NONE', *, *, #2216, .T. ) ;
#2520 = CARTESIAN_POINT ( 'NONE',  ( 0.2474302781145604757, 0.000000000000000000, -0.2337111990098350855 ) ) ;
#2521 = FACE_OUTER_BOUND ( 'NONE', #4218, .T. ) ;
#2522 = LINE ( 'NONE', #3818, #3181 ) ;
#2523 = ADVANCED_FACE ( 'NONE', ( #168 ), #4058, .F. ) ;
#2524 = CARTESIAN_POINT ( 'NONE',  ( 0.03581405543097011812, 0.09842519685039370636, -0.2387165161155367921 ) ) ;
#2525 = ADVANCED_FACE ( 'NONE', ( #1138 ), #480, .F. ) ;
#2526 = CARTESIAN_POINT ( 'NONE',  ( 0.2424153244051282519, 0.000000000000000000, -0.2239310166428099824 ) ) ;
#2527 = ORIENTED_EDGE ( 'NONE', *, *, #2692, .T. ) ;
#2528 = PLANE ( 'NONE',  #2430 ) ;
#2529 = CARTESIAN_POINT ( 'NONE',  ( 0.1476377952755905387, 0.007874015748031495954, -0.05905511811023617108 ) ) ;
#2530 = ORIENTED_EDGE ( 'NONE', *, *, #1386, .T. ) ;
#2531 = CARTESIAN_POINT ( 'NONE',  ( 0.2952755905511810774, 0.01377952755905511965, -0.09251968503937006705 ) ) ;
#2532 = CARTESIAN_POINT ( 'NONE',  ( 0.2468191828891524719, 0.001181102362204724610, -0.2465004751305575337 ) ) ;
#2533 = DIRECTION ( 'NONE',  ( 0.000000000000000000, 1.000000000000000000, 0.000000000000000000 ) ) ;
#2534 = CARTESIAN_POINT ( 'NONE',  ( 0.2296708417437458849, 0.001181102362204736753, -0.2365996786877646862 ) ) ;
#2535 = EDGE_LOOP ( 'NONE', ( #4239, #4122, #1257, #2737 ) ) ;
#2536 = CARTESIAN_POINT ( 'NONE',  ( 0.06731011842309610194, 0.09724409448818897850, -0.2544645476115997007 ) ) ;
#2537 = VERTEX_POINT ( 'NONE', #3152 ) ;
#2538 = DIRECTION ( 'NONE',  ( -0.000000000000000000, -1.000000000000000000, -0.000000000000000000 ) ) ;
#2539 = CARTESIAN_POINT ( 'NONE',  ( 0.2212576004908723970, 0.000000000000000000, -0.2295411414038112941 ) ) ;
#2540 = ORIENTED_EDGE ( 'NONE', *, *, #2265, .T. ) ;
#2541 = ORIENTED_EDGE ( 'NONE', *, *, #3014, .F. ) ;
#2542 = ADVANCED_FACE ( 'NONE', ( #2117 ), #504, .F. ) ;
#2543 = CARTESIAN_POINT ( 'NONE',  ( 0.000000000000000000, 0.000000000000000000, -0.09251968503937003929 ) ) ;
#2544 = DIRECTION ( 'NONE',  ( 0.000000000000000000, 0.000000000000000000, 1.000000000000000000 ) ) ;
#2545 = VECTOR ( 'NONE', #3287, 39.37007874015748143 ) ;
#2546 = CARTESIAN_POINT ( 'NONE',  ( 0.2483000428745220645, 0.001181102362204724827, -0.2271085598741366673 ) ) ;
#2547 = EDGE_CURVE ( 'NONE', #3124, #1133, #3823, .T. ) ;
#2548 = EDGE_CURVE ( 'NONE', #1936, #2624, #2458, .T. ) ;
#2549 = VERTEX_POINT ( 'NONE', #2185 ) ;
#2550 = UNCERTAINTY_MEASURE_WITH_UNIT (LENGTH_MEASURE( 1.000000000000000082E-05 ), #3088, 'distance_accuracy_value', 'NONE');
#2551 = VECTOR ( 'NONE', #571, 39.37007874015748143 ) ;
#2552 = VECTOR ( 'NONE', #1785, 39.37007874015748143 ) ;
#2553 = LINE ( 'NONE', #3976, #3457 ) ;
#2554 = ADVANCED_FACE ( 'NONE', ( #1843 ), #205, .F. ) ;
#2555 = CARTESIAN_POINT ( 'NONE',  ( 0.01968503937007874682, 0.01377952755905511792, -0.1279527559055117503 ) ) ;
#2556 = EDGE_LOOP ( 'NONE', ( #612, #4059, #1623 ) ) ;
#2557 = VECTOR ( 'NONE', #2788, 39.37007874015748143 ) ;
#2558 = FACE_OUTER_BOUND ( 'NONE', #3279, .T. ) ;
#2559 = CARTESIAN_POINT ( 'NONE',  ( 0.2378227443157902854, 0.001181102362204724610, -0.2467172585078814540 ) ) ;
#2560 = ORIENTED_EDGE ( 'NONE', *, *, #3840, .F. ) ;
#2561 = DIRECTION ( 'NONE',  ( 0.8944271909999160775, 0.000000000000000000, -0.4472135954999575946 ) ) ;
#2562 = CARTESIAN_POINT ( 'NONE',  ( 0.2182445941785979004, 0.001181102362204736753, -0.2265991650821938819 ) ) ;
#2563 = LINE ( 'NONE', #948, #2367 ) ;
#2564 = AXIS2_PLACEMENT_3D ( 'NONE', #1216, #227, #1262 ) ;
#2565 = ORIENTED_EDGE ( 'NONE', *, *, #350, .F. ) ;
#2566 = CARTESIAN_POINT ( 'NONE',  ( 0.2524468610152140191, 0.000000000000000000, -0.2374582370148601296 ) ) ;
#2567 = ORIENTED_EDGE ( 'NONE', *, *, #977, .F. ) ;
#2568 = CARTESIAN_POINT ( 'NONE',  ( 0.2519685039370078705, 0.09842519685039370636, 0.000000000000000000 ) ) ;
#2569 = VECTOR ( 'NONE', #248, 39.37007874015748143 ) ;
#2570 = VECTOR ( 'NONE', #2839, 39.37007874015748143 ) ;
#2571 = VERTEX_POINT ( 'NONE', #845 ) ;
#2572 = ORIENTED_EDGE ( 'NONE', *, *, #2939, .T. ) ;
#2573 = VECTOR ( 'NONE', #3995, 39.37007874015748143 ) ;
#2574 = FACE_OUTER_BOUND ( 'NONE', #3700, .T. ) ;
#2575 = DIRECTION ( 'NONE',  ( -0.000000000000000000, -1.000000000000000000, -9.035018104045871927E-17 ) ) ;
#2576 = CARTESIAN_POINT ( 'NONE',  ( 0.2248256226085678378, 0.001181102362204724610, -0.2382794085376810367 ) ) ;
#2577 = ORIENTED_EDGE ( 'NONE', *, *, #2547, .F. ) ;
#2578 = CARTESIAN_POINT ( 'NONE',  ( 0.000000000000000000, 0.01377952755905511792, 0.000000000000000000 ) ) ;
#2579 = DIRECTION ( 'NONE',  ( 0.000000000000000000, 0.000000000000000000, 1.000000000000000000 ) ) ;
#2580 = ADVANCED_FACE ( 'NONE', ( #143 ), #3494, .F. ) ;
#2581 = EDGE_CURVE ( 'NONE', #1133, #3340, #1522, .T. ) ;
#2582 = ORIENTED_EDGE ( 'NONE', *, *, #2548, .F. ) ;
#2583 = DIRECTION ( 'NONE',  ( 0.000000000000000000, 0.000000000000000000, -1.000000000000000000 ) ) ;
#2584 = CARTESIAN_POINT ( 'NONE',  ( 0.2440046036314134081, 0.001181102362204724610, -0.2473642006701784468 ) ) ;
#2585 = LINE ( 'NONE', #3894, #1335 ) ;
#2586 = ORIENTED_EDGE ( 'NONE', *, *, #631, .T. ) ;
#2587 = CARTESIAN_POINT ( 'NONE',  ( 0.2134380584367668587, 0.001181102362204724176, -0.2246974930740982812 ) ) ;
#2588 = CARTESIAN_POINT ( 'NONE',  ( 0.2137232430112674664, 0.001181102362204736753, -0.2247253440622300202 ) ) ;
#2589 = DIRECTION ( 'NONE',  ( 0.000000000000000000, 0.000000000000000000, 1.000000000000000000 ) ) ;
#2590 = LINE ( 'NONE', #1599, #628 ) ;
#2591 = EDGE_CURVE ( 'NONE', #3903, #668, #3776, .T. ) ;
#2592 = ORIENTED_EDGE ( 'NONE', *, *, #3469, .F. ) ;
#2593 = CARTESIAN_POINT ( 'NONE',  ( 0.06731011842309610194, 0.09724409448818897850, -0.2387165161155367921 ) ) ;
#2594 = ORIENTED_EDGE ( 'NONE', *, *, #131, .F. ) ;
#2595 = ORIENTED_EDGE ( 'NONE', *, *, #921, .T. ) ;
#2596 = DIRECTION ( 'NONE',  ( 0.000000000000000000, 1.000000000000000000, 0.000000000000000000 ) ) ;
#2597 = DIRECTION ( 'NONE',  ( 0.000000000000000000, -1.000000000000000000, 0.000000000000000000 ) ) ;
#2598 = LINE ( 'NONE', #3906, #1046 ) ;
#2599 = ORIENTED_EDGE ( 'NONE', *, *, #565, .F. ) ;
#2600 = DIRECTION ( 'NONE',  ( 0.000000000000000000, 0.000000000000000000, -1.000000000000000000 ) ) ;
#2601 = LINE ( 'NONE', #1313, #2573 ) ;
#2602 = DIRECTION ( 'NONE',  ( 0.000000000000000000, 1.000000000000000000, 0.000000000000000000 ) ) ;
#2603 = CARTESIAN_POINT ( 'NONE',  ( 0.04330708661417322081, 0.000000000000000000, -0.2952755905511810219 ) ) ;
#2604 = CARTESIAN_POINT ( 'NONE',  ( 0.2333895262084521582, 0.000000000000000000, -0.2445551858173807824 ) ) ;
#2605 = CARTESIAN_POINT ( 'NONE',  ( 0.000000000000000000, 0.005905511811023620231, -0.2519685039370078150 ) ) ;
#2606 = EDGE_CURVE ( 'NONE', #723, #874, #1444, .T. ) ;
#2607 = CARTESIAN_POINT ( 'NONE',  ( 0.06731011842309610194, 0.09842519685039370636, 0.000000000000000000 ) ) ;
#2608 = CARTESIAN_POINT ( 'NONE',  ( 0.2755905511811023167, 0.01377952755905511792, -0.09251968503937006705 ) ) ;
#2609 = CARTESIAN_POINT ( 'NONE',  ( 0.2170964463368089958, 0.001181102362204726995, -0.2317492321286260537 ) ) ;
#2610 = ORIENTED_EDGE ( 'NONE', *, *, #1696, .T. ) ;
#2611 = PLANE ( 'NONE',  #145 ) ;
#2612 = EDGE_CURVE ( 'NONE', #1554, #2537, #461, .T. ) ;
#2613 = ORIENTED_EDGE ( 'NONE', *, *, #3741, .F. ) ;
#2614 = ORIENTED_EDGE ( 'NONE', *, *, #3783, .F. ) ;
#2615 = DIRECTION ( 'NONE',  ( 0.000000000000000000, 0.000000000000000000, -1.000000000000000000 ) ) ;
#2616 = LINE ( 'NONE', #2295, #2924 ) ;
#2617 = LINE ( 'NONE', #398, #4199 ) ;
#2618 = VECTOR ( 'NONE', #2512, 39.37007874015748143 ) ;
#2619 = LINE ( 'NONE', #3247, #1606 ) ;
#2620 = LINE ( 'NONE', #322, #2650 ) ;
#2621 = AXIS2_PLACEMENT_3D ( 'NONE', #667, #327, #1294 ) ;
#2622 = CLOSED_SHELL ( 'NONE', ( #80, #3218, #62, #3813, #2421, #2352, #3522 ) ) ;
#2623 = LINE ( 'NONE', #2233, #3050 ) ;
#2624 = VERTEX_POINT ( 'NONE', #2864 ) ;
#2625 = DIRECTION ( 'NONE',  ( 1.000000000000000000, 0.000000000000000000, 0.000000000000000000 ) ) ;
#2626 = VERTEX_POINT ( 'NONE', #3224 ) ;
#2627 = DIRECTION ( 'NONE',  ( -0.000000000000000000, -1.000000000000000000, -0.000000000000000000 ) ) ;
#2628 = VECTOR ( 'NONE', #975, 39.37007874015748143 ) ;
#2629 = ORIENTED_EDGE ( 'NONE', *, *, #1818, .F. ) ;
#2630 = AXIS2_PLACEMENT_3D ( 'NONE', #2392, #3706, #3967 ) ;
#2631 = LINE ( 'NONE', #3939, #1256 ) ;
#2632 = SURFACE_SIDE_STYLE ('',( #1372 ) ) ;
#2633 = CARTESIAN_POINT ( 'NONE',  ( 0.2179498448476997197, 0.001181102362204726995, -0.2324846266477735013 ) ) ;
#2634 = VECTOR ( 'NONE', #1633, 39.37007874015748143 ) ;
#2635 = AXIS2_PLACEMENT_3D ( 'NONE', #3690, #1021, #729 ) ;
#2636 = ORIENTED_EDGE ( 'NONE', *, *, #2643, .T. ) ;
#2637 = DIRECTION ( 'NONE',  ( 0.7071067811865474617, 0.000000000000000000, 0.7071067811865474617 ) ) ;
#2638 = DIRECTION ( 'NONE',  ( 0.000000000000000000, 0.000000000000000000, -1.000000000000000000 ) ) ;
#2639 = AXIS2_PLACEMENT_3D ( 'NONE', #1268, #2579, #611 ) ;
#2640 = CYLINDRICAL_SURFACE ( 'NONE', #983, 0.01181102362204724046 ) ;
#2641 = EDGE_CURVE ( 'NONE', #598, #3434, #992, .T. ) ;
#2642 = VECTOR ( 'NONE', #2596, 39.37007874015748143 ) ;
#2643 = EDGE_CURVE ( 'NONE', #2862, #2549, #1568, .T. ) ;
#2644 = CARTESIAN_POINT ( 'NONE',  ( 0.000000000000000000, 0.000000000000000000, -0.1771653543307086243 ) ) ;
#2645 = ADVANCED_FACE ( 'NONE', ( #640 ), #964, .T. ) ;
#2646 = FILL_AREA_STYLE_COLOUR ( '', #972 ) ;
#2647 = LINE ( 'NONE', #41, #4131 ) ;
#2648 = STYLED_ITEM ( 'NONE', ( #281 ), #3714 ) ;
#2649 = DIRECTION ( 'NONE',  ( 0.000000000000000000, 0.000000000000000000, 1.000000000000000000 ) ) ;
#2650 = VECTOR ( 'NONE', #1657, 39.37007874015748143 ) ;
#2651 = FACE_OUTER_BOUND ( 'NONE', #1425, .T. ) ;
#2652 = CARTESIAN_POINT ( 'NONE',  ( 0.2952755905511810774, 0.005905511811023621965, -0.04330708661417322081 ) ) ;
#2653 = ORIENTED_EDGE ( 'NONE', *, *, #1303, .T. ) ;
#2654 = CARTESIAN_POINT ( 'NONE',  ( 0.2755905511811023167, 0.007874015748031495954, -0.2027559055118110243 ) ) ;
#2655 = EDGE_LOOP ( 'NONE', ( #3038, #3056, #2990, #829 ) ) ;
#2656 = DIRECTION ( 'NONE',  ( -0.000000000000000000, -1.000000000000000000, -0.000000000000000000 ) ) ;
#2657 = VERTEX_POINT ( 'NONE', #254 ) ;
#2658 = LINE ( 'NONE', #2607, #3317 ) ;
#2659 =( NAMED_UNIT ( * ) PLANE_ANGLE_UNIT ( ) SI_UNIT ( $, .RADIAN. ) );
#2660 = DIRECTION ( 'NONE',  ( 0.000000000000000000, 0.000000000000000000, 1.000000000000000000 ) ) ;
#2661 = EDGE_LOOP ( 'NONE', ( #1494, #3900, #3023, #3451 ) ) ;
#2662 = CARTESIAN_POINT ( 'NONE',  ( 0.2515857852975623143, 0.001181102362204727863, -0.2316297479556460870 ) ) ;
#2663 = CARTESIAN_POINT ( 'NONE',  ( 0.2952755905511810774, 0.000000000000000000, -0.2519685039370078705 ) ) ;
#2664 = VERTEX_POINT ( 'NONE', #1314 ) ;
#2665 = CARTESIAN_POINT ( 'NONE',  ( 0.000000000000000000, 0.000000000000000000, 0.000000000000000000 ) ) ;
#2666 = PLANE ( 'NONE',  #433 ) ;
#2667 = EDGE_CURVE ( 'NONE', #846, #3142, #2623, .T. ) ;
#2668 = DIRECTION ( 'NONE',  ( 0.000000000000000000, 0.000000000000000000, 1.000000000000000000 ) ) ;
#2669 = CARTESIAN_POINT ( 'NONE',  ( 0.01968503937007874682, 0.007874015748031495954, -0.1279527559055117503 ) ) ;
#2670 = DIRECTION ( 'NONE',  ( 0.000000000000000000, 1.000000000000000000, 9.035018104045871927E-17 ) ) ;
#2671 = EDGE_CURVE ( 'NONE', #10, #2694, #1963, .T. ) ;
#2672 = ADVANCED_FACE ( 'NONE', ( #1548 ), #1982, .T. ) ;
#2673 = CARTESIAN_POINT ( 'NONE',  ( 0.2952755905511810774, 0.04724409448818898266, -0.1948818897637795144 ) ) ;
#2674 = ORIENTED_EDGE ( 'NONE', *, *, #3839, .F. ) ;
#2675 = ORIENTED_EDGE ( 'NONE', *, *, #953, .T. ) ;
#2676 = VERTEX_POINT ( 'NONE', #301 ) ;
#2677 = CARTESIAN_POINT ( 'NONE',  ( 0.2196733833282173420, 0.000000000000000000, -0.2279392098677343048 ) ) ;
#2678 = LINE ( 'NONE', #3940, #2300 ) ;
#2679 = CARTESIAN_POINT ( 'NONE',  ( 0.2523476684197294984, 0.001181102362204724610, -0.2352882744895792022 ) ) ;
#2680 = VERTEX_POINT ( 'NONE', #3615 ) ;
#2681 = CARTESIAN_POINT ( 'NONE',  ( 0.2490519993531905008, 0.001181102362204727863, -0.2277710439614752669 ) ) ;
#2682 = CARTESIAN_POINT ( 'NONE',  ( 0.2478045811609084215, 0.000000000000000000, -0.2383759301655974383 ) ) ;
#2683 = FACE_OUTER_BOUND ( 'NONE', #1319, .T. ) ;
#2684 = ORIENTED_EDGE ( 'NONE', *, *, #1741, .F. ) ;
#2685 = LINE ( 'NONE', #1398, #1045 ) ;
#2686 = CARTESIAN_POINT ( 'NONE',  ( 0.2419871213828459211, 0.000000000000000000, -0.2237765555597085732 ) ) ;
#2687 = FACE_OUTER_BOUND ( 'NONE', #2467, .T. ) ;
#2688 = LINE ( 'NONE', #1011, #1340 ) ;
#2689 = CARTESIAN_POINT ( 'NONE',  ( 0.04724409448818898266, 0.001181102362204724610, -0.1181102362204724116 ) ) ;
#2690 = EDGE_CURVE ( 'NONE', #910, #2227, #232, .T. ) ;
#2691 = EDGE_LOOP ( 'NONE', ( #1879, #1306, #1890, #1708 ) ) ;
#2692 = EDGE_CURVE ( 'NONE', #1950, #4025, #3274, .T. ) ;
#2693 = ORIENTED_EDGE ( 'NONE', *, *, #2965, .T. ) ;
#2694 = VERTEX_POINT ( 'NONE', #3909 ) ;
#2695 = CARTESIAN_POINT ( 'NONE',  ( 0.2310204568959660920, 0.000000000000000000, -0.2375936329805812541 ) ) ;
#2696 = VECTOR ( 'NONE', #1429, 39.37007874015748143 ) ;
#2697 = CARTESIAN_POINT ( 'NONE',  ( 0.2315411044120694595, 0.001181102362204726995, -0.2433708278541454328 ) ) ;
#2698 = ORIENTED_EDGE ( 'NONE', *, *, #2212, .F. ) ;
#2699 = AXIS2_PLACEMENT_3D ( 'NONE', #1733, #114, #3730 ) ;
#2700 = VECTOR ( 'NONE', #698, 39.37007874015748143 ) ;
#2701 = CARTESIAN_POINT ( 'NONE',  ( 0.2519685039370078705, 0.09842519685039370636, -0.2952755905511810774 ) ) ;
#2702 = CARTESIAN_POINT ( 'NONE',  ( 0.2427871252849561901, 0.001181102362204724176, -0.2287366008685305097 ) ) ;
#2703 = FACE_OUTER_BOUND ( 'NONE', #405, .T. ) ;
#2704 = VECTOR ( 'NONE', #4106, 39.37007874015748143 ) ;
#2705 = VECTOR ( 'NONE', #3063, 39.37007874015748143 ) ;
#2706 = VERTEX_POINT ( 'NONE', #588 ) ;
#2707 = LINE ( 'NONE', #57, #358 ) ;
#2708 = AXIS2_PLACEMENT_3D ( 'NONE', #1823, #1196, #4097 ) ;
#2709 =( NAMED_UNIT ( * ) PLANE_ANGLE_UNIT ( ) SI_UNIT ( $, .RADIAN. ) );
#2710 = AXIS2_PLACEMENT_3D ( 'NONE', #1700, #60, #2252 ) ;
#2711 = PLANE ( 'NONE',  #3249 ) ;
#2712 = VECTOR ( 'NONE', #1024, 39.37007874015748143 ) ;
#2713 = PLANE ( 'NONE',  #3112 ) ;
#2714 = VECTOR ( 'NONE', #1689, 39.37007874015748143 ) ;
#2715 = ORIENTED_EDGE ( 'NONE', *, *, #3032, .T. ) ;
#2716 = ORIENTED_EDGE ( 'NONE', *, *, #1456, .F. ) ;
#2717 = VERTEX_POINT ( 'NONE', #1637 ) ;
#2718 = DIRECTION ( 'NONE',  ( 0.7071067811865473507, 0.000000000000000000, -0.7071067811865475727 ) ) ;
#2719 = ADVANCED_FACE ( 'NONE', ( #1618 ), #2254, .T. ) ;
#2720 = PLANE ( 'NONE',  #2824 ) ;
#2721 = CARTESIAN_POINT ( 'NONE',  ( 0.04330708661417322081, 0.09842519685039370636, -0.2952755905511810219 ) ) ;
#2722 = ORIENTED_EDGE ( 'NONE', *, *, #3741, .T. ) ;
#2723 = CARTESIAN_POINT ( 'NONE',  ( 0.01968503937007875029, 0.001181102362204724393, -0.1771653543307086243 ) ) ;
#2724 = FACE_OUTER_BOUND ( 'NONE', #3938, .T. ) ;
#2725 = CARTESIAN_POINT ( 'NONE',  ( 0.000000000000000000, 0.09842519685039370636, -0.2387165161155367921 ) ) ;
#2726 = ADVANCED_FACE ( 'NONE', ( #3521 ), #2958, .F. ) ;
#2727 = VERTEX_POINT ( 'NONE', #1892 ) ;
#2728 = LINE ( 'NONE', #2744, #1171 ) ;
#2729 = SURFACE_SIDE_STYLE ('',( #2070 ) ) ;
#2730 = CARTESIAN_POINT ( 'NONE',  ( 0.000000000000000000, 0.005905511811023621965, -0.04330708661417322081 ) ) ;
#2731 = DIRECTION ( 'NONE',  ( 0.000000000000000000, 0.000000000000000000, 1.000000000000000000 ) ) ;
#2732 = ORIENTED_EDGE ( 'NONE', *, *, #712, .T. ) ;
#2733 = ORIENTED_EDGE ( 'NONE', *, *, #3669, .F. ) ;
#2734 = VERTEX_POINT ( 'NONE', #4246 ) ;
#2735 = CARTESIAN_POINT ( 'NONE',  ( 0.2755905511811023167, 0.09724409448818897850, -0.1476377952755905387 ) ) ;
#2736 = FACE_OUTER_BOUND ( 'NONE', #3914, .T. ) ;
#2737 = ORIENTED_EDGE ( 'NONE', *, *, #1613, .T. ) ;
#2738 = CARTESIAN_POINT ( 'NONE',  ( -3.254474761513635125E-18, 0.007874015748031497688, -0.1673228346456692439 ) ) ;
#2739 = ADVANCED_FACE ( 'NONE', ( #3934 ), #919, .F. ) ;
#2740 = CARTESIAN_POINT ( 'NONE',  ( 0.2480036409997810609, 0.000000000000000000, -0.2360802147388931516 ) ) ;
#2741 = DIRECTION ( 'NONE',  ( -1.000000000000000000, 0.000000000000000000, 0.000000000000000000 ) ) ;
#2742 = EDGE_LOOP ( 'NONE', ( #2629, #1352, #2481, #192 ) ) ;
#2743 = ADVANCED_FACE ( 'NONE', ( #1913 ), #1589, .F. ) ;
#2744 = CARTESIAN_POINT ( 'NONE',  ( 0.2125171209223771784, 0.000000000000000000, -0.2479511653124368553 ) ) ;
#2745 = ADVANCED_FACE ( 'NONE', ( #940 ), #3566, .F. ) ;
#2746 = SURFACE_SIDE_STYLE ('',( #2395 ) ) ;
#2747 = DIRECTION ( 'NONE',  ( 0.000000000000000000, 0.000000000000000000, -1.000000000000000000 ) ) ;
#2748 = CARTESIAN_POINT ( 'NONE',  ( 0.04330708661417322081, 0.09842519685039370636, 0.000000000000000000 ) ) ;
#2749 = ORIENTED_EDGE ( 'NONE', *, *, #1205, .T. ) ;
#2750 = CARTESIAN_POINT ( 'NONE',  ( 0.01968503937007874682, 0.01377952755905511792, 0.000000000000000000 ) ) ;
#2751 = CARTESIAN_POINT ( 'NONE',  ( 0.04330708661417322081, 0.000000000000000000, 0.000000000000000000 ) ) ;
#2752 = CARTESIAN_POINT ( 'NONE',  ( 0.000000000000000000, 0.09724409448818897850, 0.000000000000000000 ) ) ;
#2753 = EDGE_LOOP ( 'NONE', ( #3707, #2933, #64, #435, #925, #1561 ) ) ;
#2754 =( LENGTH_UNIT ( ) NAMED_UNIT ( * ) SI_UNIT ( $, .METRE. ) );
#2755 = CARTESIAN_POINT ( 'NONE',  ( 0.2952755905511810774, 0.01377952755905511792, -0.1279527559055117780 ) ) ;
#2756 = VECTOR ( 'NONE', #445, 39.37007874015748143 ) ;
#2757 = CARTESIAN_POINT ( 'NONE',  ( 0.2452418637815984293, 0.001181102362204724176, -0.2304184560273716542 ) ) ;
#2758 = DIRECTION ( 'NONE',  ( -1.000000000000000000, 0.000000000000000000, -1.971276677246371272E-16 ) ) ;
#2759 = CARTESIAN_POINT ( 'NONE',  ( 0.2519685039370078705, 0.000000000000000000, 0.000000000000000000 ) ) ;
#2760 = VECTOR ( 'NONE', #3672, 39.37007874015748143 ) ;
#2761 = CLOSED_SHELL ( 'NONE', ( #4007, #2101, #2525, #2439, #3108, #1585 ) ) ;
#2762 = ORIENTED_EDGE ( 'NONE', *, *, #400, .T. ) ;
#2763 = CARTESIAN_POINT ( 'NONE',  ( 0.000000000000000000, 0.000000000000000000, -0.2952755905511810219 ) ) ;
#2764 = VECTOR ( 'NONE', #1644, 39.37007874015748143 ) ;
#2765 = CARTESIAN_POINT ( 'NONE',  ( 0.2196733833282173420, 0.000000000000000000, -0.2279392098677343048 ) ) ;
#2766 = SURFACE_STYLE_USAGE ( .BOTH. , #2729 ) ;
#2767 = EDGE_CURVE ( 'NONE', #3318, #2231, #3292, .T. ) ;
#2768 = ADVANCED_FACE ( 'NONE', ( #344, #2980, #3540 ), #2200, .T. ) ;
#2769 = ORIENTED_EDGE ( 'NONE', *, *, #3762, .F. ) ;
#2770 = VECTOR ( 'NONE', #1921, 39.37007874015748143 ) ;
#2771 = CARTESIAN_POINT ( 'NONE',  ( 0.2474704235050325385, 0.000000000000000000, -0.2264689855057832046 ) ) ;
#2772 = AXIS2_PLACEMENT_3D ( 'NONE', #775, #3698, #2365 ) ;
#2773 =( NAMED_UNIT ( * ) SI_UNIT ( $, .STERADIAN. ) SOLID_ANGLE_UNIT ( ) );
#2774 = EDGE_CURVE ( 'NONE', #3738, #2717, #533, .T. ) ;
#2775 = MECHANICAL_DESIGN_GEOMETRIC_PRESENTATION_REPRESENTATION (  '', ( #372 ), #3113 ) ;
#2776 = EDGE_LOOP ( 'NONE', ( #1643, #1119, #970, #1452, #3286 ) ) ;
#2777 = ORIENTED_EDGE ( 'NONE', *, *, #2965, .F. ) ;
#2778 = CARTESIAN_POINT ( 'NONE',  ( 0.04330708661417322081, 0.000000000000000000, -0.2952755905511810219 ) ) ;
#2779 = PLANE ( 'NONE',  #3992 ) ;
#2780 = AXIS2_PLACEMENT_3D ( 'NONE', #2578, #1588, #3472 ) ;
#2781 = DIRECTION ( 'NONE',  ( 0.000000000000000000, 0.000000000000000000, -1.000000000000000000 ) ) ;
#2782 = VERTEX_POINT ( 'NONE', #1564 ) ;
#2783 = LINE ( 'NONE', #2447, #2009 ) ;
#2784 = DIRECTION ( 'NONE',  ( 0.000000000000000000, 0.000000000000000000, -1.000000000000000000 ) ) ;
#2785 = CARTESIAN_POINT ( 'NONE',  ( 0.2440944881889763884, 0.09724409448818897850, -0.1633858267716535584 ) ) ;
#2786 = PLANE ( 'NONE',  #2986 ) ;
#2787 = ORIENTED_EDGE ( 'NONE', *, *, #2581, .F. ) ;
#2788 = DIRECTION ( 'NONE',  ( -1.000000000000000000, 0.000000000000000000, 0.000000000000000000 ) ) ;
#2789 = ORIENTED_EDGE ( 'NONE', *, *, #2854, .F. ) ;
#2790 = CARTESIAN_POINT ( 'NONE',  ( 0.2519685039370078705, 0.005905511811023621965, -0.04330708661417323468 ) ) ;
#2791 = CARTESIAN_POINT ( 'NONE',  ( 0.04330708661417322081, 0.000000000000000000, 0.000000000000000000 ) ) ;
#2792 = EDGE_LOOP ( 'NONE', ( #1293, #175, #2163, #1661 ) ) ;
#2793 = EDGE_CURVE ( 'NONE', #443, #3298, #3841, .T. ) ;
#2794 = CARTESIAN_POINT ( 'NONE',  ( 0.2515857852975623143, 0.000000000000000000, -0.2316297479556460870 ) ) ;
#2795 = EDGE_CURVE ( 'NONE', #900, #3205, #584, .T. ) ;
#2796 = ORIENTED_EDGE ( 'NONE', *, *, #2931, .T. ) ;
#2797 = DIRECTION ( 'NONE',  ( 0.000000000000000000, 1.000000000000000000, 0.000000000000000000 ) ) ;
#2798 =( CONVERSION_BASED_UNIT ( 'INCH', #167 ) LENGTH_UNIT ( ) NAMED_UNIT ( #44 ) );
#2799 = CARTESIAN_POINT ( 'NONE',  ( 0.04330708661417322081, 0.000000000000000000, -0.2519685039370078150 ) ) ;
#2800 = ORIENTED_EDGE ( 'NONE', *, *, #3978, .T. ) ;
#2801 = CARTESIAN_POINT ( 'NONE',  ( 0.2419871213828459766, 0.001181102362204725044, -0.2237765555597085732 ) ) ;
#2802 = DIRECTION ( 'NONE',  ( -0.000000000000000000, -1.000000000000000000, -0.000000000000000000 ) ) ;
#2803 = CARTESIAN_POINT ( 'NONE',  ( 0.01968503937007873988, 0.007874015748031495954, -0.09251968503937003929 ) ) ;
#2804 = DIRECTION ( 'NONE',  ( 0.000000000000000000, 0.000000000000000000, -1.000000000000000000 ) ) ;
#2805 = ORIENTED_EDGE ( 'NONE', *, *, #3693, .F. ) ;
#2806 = CARTESIAN_POINT ( 'NONE',  ( -1.084824920504544977E-18, 0.01377952755905511792, -0.2027559055118109688 ) ) ;
#2807 = ORIENTED_EDGE ( 'NONE', *, *, #1013, .T. ) ;
#2808 = DIRECTION ( 'NONE',  ( -1.000000000000000000, 0.000000000000000000, 0.000000000000000000 ) ) ;
#2809 = ORIENTED_EDGE ( 'NONE', *, *, #1719, .T. ) ;
#2810 = CARTESIAN_POINT ( 'NONE',  ( 0.2755905511811023167, 0.000000000000000000, -0.2027559055118110243 ) ) ;
#2811 = DIRECTION ( 'NONE',  ( 1.000000000000000000, 0.000000000000000000, 0.000000000000000000 ) ) ;
#2812 = LINE ( 'NONE', #1094, #2426 ) ;
#2813 = DIRECTION ( 'NONE',  ( -1.000000000000000000, 0.000000000000000000, -1.204669080539449837E-16 ) ) ;
#2814 = ADVANCED_FACE ( 'NONE', ( #4198 ), #3172, .F. ) ;
#2815 = EDGE_CURVE ( 'NONE', #4083, #2823, #913, .T. ) ;
#2816 = ORIENTED_EDGE ( 'NONE', *, *, #3635, .F. ) ;
#2817 = CARTESIAN_POINT ( 'NONE',  ( 0.2455386879503793085, 0.001181102362204727863, -0.2252840180546854532 ) ) ;
#2818 = DIRECTION ( 'NONE',  ( -1.000000000000000000, 0.000000000000000000, 0.000000000000000000 ) ) ;
#2819 = CARTESIAN_POINT ( 'NONE',  ( 0.000000000000000000, 0.007874015748031495954, 0.000000000000000000 ) ) ;
#2820 = PLANE ( 'NONE',  #1049 ) ;
#2821 = ORIENTED_EDGE ( 'NONE', *, *, #1363, .F. ) ;
#2822 = PLANE ( 'NONE',  #19 ) ;
#2823 = VERTEX_POINT ( 'NONE', #3220 ) ;
#2824 = AXIS2_PLACEMENT_3D ( 'NONE', #460, #2082, #4057 ) ;
#2825 = DIRECTION ( 'NONE',  ( -1.000000000000000000, 0.000000000000000000, 0.000000000000000000 ) ) ;
#2826 = AXIS2_PLACEMENT_3D ( 'NONE', #3254, #1937, #523 ) ;
#2827 = VERTEX_POINT ( 'NONE', #935 ) ;
#2828 = CARTESIAN_POINT ( 'NONE',  ( 0.1476377952755905387, 0.007874015748031495954, -0.05905511811023617108 ) ) ;
#2829 = VECTOR ( 'NONE', #2146, 39.37007874015748143 ) ;
#2830 = DIRECTION ( 'NONE',  ( 0.000000000000000000, 0.000000000000000000, -1.000000000000000000 ) ) ;
#2831 = VECTOR ( 'NONE', #2461, 39.37007874015748143 ) ;
#2832 = CARTESIAN_POINT ( 'NONE',  ( 0.000000000000000000, 0.01377952755905511792, -0.09251968503937003929 ) ) ;
#2833 = DIRECTION ( 'NONE',  ( 0.000000000000000000, 0.000000000000000000, -1.000000000000000000 ) ) ;
#2834 = VECTOR ( 'NONE', #719, 39.37007874015748143 ) ;
#2835 = VECTOR ( 'NONE', #412, 39.37007874015748143 ) ;
#2836 = LINE ( 'NONE', #1288, #2010 ) ;
#2837 = VECTOR ( 'NONE', #1236, 39.37007874015748143 ) ;
#2838 = ORIENTED_EDGE ( 'NONE', *, *, #1906, .T. ) ;
#2839 = DIRECTION ( 'NONE',  ( -0.000000000000000000, -1.000000000000000000, -0.000000000000000000 ) ) ;
#2840 = DIRECTION ( 'NONE',  ( -0.8944271909999149672, 0.000000000000000000, 0.4472135954999598151 ) ) ;
#2841 = AXIS2_PLACEMENT_3D ( 'NONE', #1007, #679, #4220 ) ;
#2842 = ORIENTED_EDGE ( 'NONE', *, *, #2469, .T. ) ;
#2843 = CARTESIAN_POINT ( 'NONE',  ( 0.04330708661417322081, 0.005905511811023621965, -0.2519685039370078150 ) ) ;
#2844 = CARTESIAN_POINT ( 'NONE',  ( 0.2409797423529303484, 0.001181102362204724610, -0.2474319173518990667 ) ) ;
#2845 = CARTESIAN_POINT ( 'NONE',  ( 0.000000000000000000, 0.007874015748031495954, -0.2027559055118109688 ) ) ;
#2846 = CARTESIAN_POINT ( 'NONE',  ( 0.2268936287040426436, 0.001181102362204736753, -0.2344174654310788863 ) ) ;
#2847 = CARTESIAN_POINT ( 'NONE',  ( 0.06731011842309610194, 0.09724409448818897850, -0.2544645476115997007 ) ) ;
#2848 = VECTOR ( 'NONE', #619, 39.37007874015748143 ) ;
#2849 = ORIENTED_EDGE ( 'NONE', *, *, #1451, .T. ) ;
#2850 = DIRECTION ( 'NONE',  ( -1.000000000000000000, 0.000000000000000000, -1.971276677246371272E-16 ) ) ;
#2851 = ORIENTED_EDGE ( 'NONE', *, *, #776, .T. ) ;
#2852 = CARTESIAN_POINT ( 'NONE',  ( 0.2952755905511810774, 0.000000000000000000, -0.2519685039370078705 ) ) ;
#2853 = CARTESIAN_POINT ( 'NONE',  ( 0.2459444872055055742, 0.000000000000000000, -0.2412009712490781055 ) ) ;
#2854 = EDGE_CURVE ( 'NONE', #1212, #3891, #4176, .T. ) ;
#2855 = ORIENTED_EDGE ( 'NONE', *, *, #351, .F. ) ;
#2856 = VERTEX_POINT ( 'NONE', #2524 ) ;
#2857 = LINE ( 'NONE', #1189, #16 ) ;
#2858 = APPLICATION_CONTEXT ( 'automotive_design' ) ;
#2859 = DIRECTION ( 'NONE',  ( -0.000000000000000000, -1.000000000000000000, -0.000000000000000000 ) ) ;
#2860 = DIRECTION ( 'NONE',  ( 0.000000000000000000, 0.000000000000000000, 1.000000000000000000 ) ) ;
#2861 = CARTESIAN_POINT ( 'NONE',  ( 0.2465567951530249213, 0.000000000000000000, -0.2258483512558231709 ) ) ;
#2862 = VERTEX_POINT ( 'NONE', #3584 ) ;
#2863 = LINE ( 'NONE', #4136, #914 ) ;
#2864 = CARTESIAN_POINT ( 'NONE',  ( 0.04330708661417322081, 0.005905511811023621965, -0.2519685039370078150 ) ) ;
#2865 = ORIENTED_EDGE ( 'NONE', *, *, #3919, .F. ) ;
#2866 = LINE ( 'NONE', #3226, #1325 ) ;
#2867 = CARTESIAN_POINT ( 'NONE',  ( 0.2523777795902025778, 0.000000000000000000, -0.2356632060749228874 ) ) ;
#2868 = FACE_OUTER_BOUND ( 'NONE', #3225, .T. ) ;
#2869 = CARTESIAN_POINT ( 'NONE',  ( 0.2519685039370078705, 0.005905511811023621965, 0.000000000000000000 ) ) ;
#2870 = CARTESIAN_POINT ( 'NONE',  ( 0.2310204568959660920, 0.001181102362204736753, -0.2375936329805812541 ) ) ;
#2871 = ORIENTED_EDGE ( 'NONE', *, *, #1868, .T. ) ;
#2872 = PLANE ( 'NONE',  #2211 ) ;
#2873 = ADVANCED_FACE ( 'NONE', ( #1910 ), #3905, .F. ) ;
#2874 = ORIENTED_EDGE ( 'NONE', *, *, #2212, .T. ) ;
#2875 = LINE ( 'NONE', #4170, #216 ) ;
#2876 = CARTESIAN_POINT ( 'NONE',  ( 0.2428859970672434532, 0.000000000000000000, -0.2425852137139840325 ) ) ;
#2877 = ADVANCED_FACE ( 'NONE', ( #2270 ), #3562, .F. ) ;
#2878 = EDGE_LOOP ( 'NONE', ( #2001, #2210, #2326, #406 ) ) ;
#2879 = EDGE_CURVE ( 'NONE', #391, #1950, #200, .T. ) ;
#2880 = ORIENTED_EDGE ( 'NONE', *, *, #3764, .F. ) ;
#2881 = LINE ( 'NONE', #2543, #1743 ) ;
#2882 = B_SPLINE_CURVE_WITH_KNOTS ( 'NONE', 3,
 ( #416, #2438, #751, #4050, #1109, #2794, #456, #3755, #1773, #4035, #3068, #1797, #2771, #1091, #2416, #1130, #2113, #736, #3429 ),
 .UNSPECIFIED., .F., .F.,
 ( 4, 1, 1, 1, 1, 1, 1, 1, 1, 1, 1, 1, 1, 1, 1, 1, 4 ),
 ( 0.000000000000000000, 2.471915844465477768E-05, 4.880897041381044270E-05, 7.236047798444781708E-05, 9.583941375946297269E-05, 0.0001189407895446457371, 0.0001422250947422225591, 0.0001656555244433380531, 0.0001893914852184672289, 0.0002138939525958373283, 0.0002393341963227065819, 0.0002660300919405362381, 0.0002941097953549653456, 0.0003238433368865996538, 0.0003551002595689560222, 0.0003880630525676620978, 0.0004229234516040888850 ),
 .UNSPECIFIED. ) ;
#2883 = DIRECTION ( 'NONE',  ( -0.000000000000000000, -1.000000000000000000, -9.035018104045871927E-17 ) ) ;
#2884 = CARTESIAN_POINT ( 'NONE',  ( 0.2521019555896914510, 0.001181102362204724827, -0.2334002229416665963 ) ) ;
#2885 = EDGE_LOOP ( 'NONE', ( #2255, #2343, #2565, #2769, #1350, #469, #3637, #3190 ) ) ;
#2886 = LINE ( 'NONE', #1933, #377 ) ;
#2887 = DIRECTION ( 'NONE',  ( 0.000000000000000000, 1.000000000000000000, 0.000000000000000000 ) ) ;
#2888 = ORIENTED_EDGE ( 'NONE', *, *, #624, .F. ) ;
#2889 = CARTESIAN_POINT ( 'NONE',  ( 0.2755905511811023167, 0.01377952755905511792, -0.1279527559055117780 ) ) ;
#2890 = CARTESIAN_POINT ( 'NONE',  ( 0.2388256175636223333, 0.001181102362204724610, -0.2470273365318265135 ) ) ;
#2891 = LINE ( 'NONE', #3299, #2913 ) ;
#2892 = CARTESIAN_POINT ( 'NONE',  ( 0.2461485436517173164, 0.001181102362204736753, -0.2314601543190771271 ) ) ;
#2893 = CARTESIAN_POINT ( 'NONE',  ( 0.2362204724409449064, 0.07480314960629921850, -0.1003937007874015630 ) ) ;
#2894 = CARTESIAN_POINT ( 'NONE',  ( 0.2227161143295339485, 0.001181102362204726995, -0.2365270130452394870 ) ) ;
#2895 = VERTEX_POINT ( 'NONE', #632 ) ;
#2896 = CARTESIAN_POINT ( 'NONE',  ( 0.06731011842309610194, 0.09724409448818897850, -0.2111574609974264938 ) ) ;
#2897 = ORIENTED_EDGE ( 'NONE', *, *, #2445, .T. ) ;
#2898 = ORIENTED_EDGE ( 'NONE', *, *, #3486, .F. ) ;
#2899 = CIRCLE ( 'NONE', #2976, 0.06681323916723287681 ) ;
#2900 = CARTESIAN_POINT ( 'NONE',  ( 0.2519685039370078705, 0.000000000000000000, -0.04330708661417323468 ) ) ;
#2901 = EDGE_CURVE ( 'NONE', #1181, #608, #1514, .T. ) ;
#2902 = ADVANCED_FACE ( 'NONE', ( #4132 ), #606, .T. ) ;
#2903 = DIRECTION ( 'NONE',  ( 0.000000000000000000, 1.000000000000000000, 0.000000000000000000 ) ) ;
#2904 = AXIS2_PLACEMENT_3D ( 'NONE', #3746, #3419, #4141 ) ;
#2905 = CARTESIAN_POINT ( 'NONE',  ( 0.2170964463368089958, 0.001181102362204724610, -0.2317492321286260537 ) ) ;
#2906 = ORIENTED_EDGE ( 'NONE', *, *, #3711, .F. ) ;
#2907 = EDGE_CURVE ( 'NONE', #1751, #1619, #3886, .T. ) ;
#2908 = AXIS2_PLACEMENT_3D ( 'NONE', #3946, #3603, #3576 ) ;
#2909 = AXIS2_PLACEMENT_3D ( 'NONE', #35, #3046, #73 ) ;
#2910 = PLANE ( 'NONE',  #2780 ) ;
#2911 = DIRECTION ( 'NONE',  ( -1.000000000000000000, -0.000000000000000000, -0.000000000000000000 ) ) ;
#2912 = EDGE_LOOP ( 'NONE', ( #3681, #3578, #785, #852 ) ) ;
#2913 = VECTOR ( 'NONE', #3598, 39.37007874015748143 ) ;
#2914 = DIRECTION ( 'NONE',  ( -0.000000000000000000, -1.000000000000000000, -0.000000000000000000 ) ) ;
#2915 = CARTESIAN_POINT ( 'NONE',  ( 0.2523476684197294984, 0.000000000000000000, -0.2352882744895792022 ) ) ;
#2916 = DIRECTION ( 'NONE',  ( 0.000000000000000000, 0.000000000000000000, 1.000000000000000000 ) ) ;
#2917 = VERTEX_POINT ( 'NONE', #2502 ) ;
#2918 = DIRECTION ( 'NONE',  ( 0.000000000000000000, 0.000000000000000000, -1.000000000000000000 ) ) ;
#2919 = CARTESIAN_POINT ( 'NONE',  ( 0.2167321385854072135, 0.001181102362204736753, -0.2256083955760364024 ) ) ;
#2920 = VECTOR ( 'NONE', #1610, 39.37007874015748143 ) ;
#2921 = CARTESIAN_POINT ( 'NONE',  ( 0.2512003483736106602, 0.000000000000000000, -0.2422897610912047583 ) ) ;
#2922 = EDGE_LOOP ( 'NONE', ( #1877, #1206, #4089, #1077 ) ) ;
#2923 = CARTESIAN_POINT ( 'NONE',  ( 0.000000000000000000, 0.000000000000000000, -0.04330708661417323468 ) ) ;
#2924 = VECTOR ( 'NONE', #3609, 39.37007874015748143 ) ;
#2925 = VECTOR ( 'NONE', #2589, 39.37007874015748143 ) ;
#2926 = EDGE_LOOP ( 'NONE', ( #1845, #3398, #3266, #758 ) ) ;
#2927 = ORIENTED_EDGE ( 'NONE', *, *, #471, .F. ) ;
#2928 = VECTOR ( 'NONE', #3358, 39.37007874015748143 ) ;
#2929 = LINE ( 'NONE', #2269, #2642 ) ;
#2930 = CARTESIAN_POINT ( 'NONE',  ( 0.06731011842309610194, 0.09724409448818897850, -0.2111574609974264938 ) ) ;
#2931 = EDGE_CURVE ( 'NONE', #646, #3492, #1929, .T. ) ;
#2932 = CARTESIAN_POINT ( 'NONE',  ( 0.2179498448476997197, 0.001181102362204724610, -0.2324846266477735013 ) ) ;
#2933 = ORIENTED_EDGE ( 'NONE', *, *, #1480, .F. ) ;
#2934 = DIRECTION ( 'NONE',  ( -1.000000000000000000, 0.000000000000000000, 0.000000000000000000 ) ) ;
#2935 = CARTESIAN_POINT ( 'NONE',  ( 0.2603201588329119298, 0.005905511811023621965, -0.2952755905511810774 ) ) ;
#2936 = DIRECTION ( 'NONE',  ( 1.000000000000000000, 0.000000000000000000, 0.000000000000000000 ) ) ;
#2937 = EDGE_CURVE ( 'NONE', #3471, #1828, #1287, .T. ) ;
#2938 = ORIENTED_EDGE ( 'NONE', *, *, #1896, .T. ) ;
#2939 = EDGE_CURVE ( 'NONE', #2305, #4211, #2181, .T. ) ;
#2940 = LINE ( 'NONE', #3568, #1934 ) ;
#2941 = CARTESIAN_POINT ( 'NONE',  ( 0.2454825017227906803, 0.001181102362204724610, -0.2470301988857796505 ) ) ;
#2942 = CARTESIAN_POINT ( 'NONE',  ( 0.000000000000000000, 0.09842519685039370636, -0.2387165161155367921 ) ) ;
#2943 = VERTEX_POINT ( 'NONE', #1980 ) ;
#2944 = ADVANCED_FACE ( 'NONE', ( #3000 ), #699, .F. ) ;
#2945 = FACE_OUTER_BOUND ( 'NONE', #1742, .T. ) ;
#2946 = DIRECTION ( 'NONE',  ( 0.000000000000000000, 1.000000000000000000, 0.000000000000000000 ) ) ;
#2947 = CARTESIAN_POINT ( 'NONE',  ( 0.2952755905511810774, 0.08661417322834646937, -0.1948818897637795144 ) ) ;
#2948 = ORIENTED_EDGE ( 'NONE', *, *, #3694, .T. ) ;
#2949 = FACE_OUTER_BOUND ( 'NONE', #1143, .T. ) ;
#2950 = VERTEX_POINT ( 'NONE', #3312 ) ;
#2951 = ORIENTED_EDGE ( 'NONE', *, *, #714, .F. ) ;
#2952 = DIRECTION ( 'NONE',  ( 1.000000000000000000, 0.000000000000000000, 0.000000000000000000 ) ) ;
#2953 = LINE ( 'NONE', #605, #989 ) ;
#2954 = FACE_OUTER_BOUND ( 'NONE', #1, .T. ) ;
#2955 = CARTESIAN_POINT ( 'NONE',  ( 0.01968503937007875029, 0.007874015748031495954, -0.1673228346456692439 ) ) ;
#2956 = LINE ( 'NONE', #342, #3176 ) ;
#2957 = CARTESIAN_POINT ( 'NONE',  ( 0.2755905511811023167, 0.000000000000000000, -0.09251968503937006705 ) ) ;
#2958 = PLANE ( 'NONE',  #1258 ) ;
#2959 = ORIENTED_EDGE ( 'NONE', *, *, #712, .F. ) ;
#2960 = LINE ( 'NONE', #2056, #1108 ) ;
#2961 = ORIENTED_EDGE ( 'NONE', *, *, #516, .T. ) ;
#2962 = DIRECTION ( 'NONE',  ( 1.000000000000000000, 0.000000000000000000, 0.000000000000000000 ) ) ;
#2963 = ORIENTED_EDGE ( 'NONE', *, *, #4027, .T. ) ;
#2964 = DIRECTION ( 'NONE',  ( 0.000000000000000000, 1.000000000000000000, 0.000000000000000000 ) ) ;
#2965 = EDGE_CURVE ( 'NONE', #3298, #2222, #2619, .T. ) ;
#2966 = EDGE_CURVE ( 'NONE', #102, #314, #3957, .T. ) ;
#2967 = FACE_OUTER_BOUND ( 'NONE', #1226, .T. ) ;
#2968 = ORIENTED_EDGE ( 'NONE', *, *, #1382, .T. ) ;
#2969 = DIRECTION ( 'NONE',  ( -1.000000000000000000, 0.000000000000000000, 0.000000000000000000 ) ) ;
#2970 = LINE ( 'NONE', #1650, #2628 ) ;
#2971 = EDGE_LOOP ( 'NONE', ( #1285, #2096, #3296, #621 ) ) ;
#2972 = LINE ( 'NONE', #1333, #1795 ) ;
#2973 = SURFACE_STYLE_FILL_AREA ( #2318 ) ;
#2974 = CARTESIAN_POINT ( 'NONE',  ( 0.2952755905511810774, 0.09842519685039370636, -0.04330708661417323468 ) ) ;
#2975 = DIRECTION ( 'NONE',  ( 0.000000000000000000, 1.000000000000000000, 0.000000000000000000 ) ) ;
#2976 = AXIS2_PLACEMENT_3D ( 'NONE', #3024, #3304, #1326 ) ;
#2977 = DIRECTION ( 'NONE',  ( -1.000000000000000000, 0.000000000000000000, 0.000000000000000000 ) ) ;
#2978 = CARTESIAN_POINT ( 'NONE',  ( 0.2519685039370078705, 0.005905511811023621965, -0.04330708661417323468 ) ) ;
#2979 = AXIS2_PLACEMENT_3D ( 'NONE', #3911, #4248, #1660 ) ;
#2980 = FACE_BOUND ( 'NONE', #4147, .T. ) ;
#2981 = VERTEX_POINT ( 'NONE', #681 ) ;
#2982 = LINE ( 'NONE', #1316, #139 ) ;
#2983 = LINE ( 'NONE', #2942, #2063 ) ;
#2984 = VECTOR ( 'NONE', #647, 39.37007874015748143 ) ;
#2985 = EDGE_LOOP ( 'NONE', ( #2821, #2951, #780, #2266 ) ) ;
#2986 = AXIS2_PLACEMENT_3D ( 'NONE', #1768, #3082, #3097 ) ;
#2987 = FACE_OUTER_BOUND ( 'NONE', #3999, .T. ) ;
#2988 = CARTESIAN_POINT ( 'NONE',  ( 0.2522448975084875533, 0.000000000000000000, -0.2394359620290856527 ) ) ;
#2989 = VECTOR ( 'NONE', #2030, 39.37007874015748143 ) ;
#2990 = ORIENTED_EDGE ( 'NONE', *, *, #3761, .T. ) ;
#2991 = CARTESIAN_POINT ( 'NONE',  ( 0.2134380584367668587, 0.000000000000000000, -0.2246974930740982812 ) ) ;
#2992 = AXIS2_PLACEMENT_3D ( 'NONE', #638, #3017, #1366 ) ;
#2993 = LINE ( 'NONE', #2725, #822 ) ;
#2994 = ORIENTED_EDGE ( 'NONE', *, *, #1337, .F. ) ;
#2995 = EDGE_CURVE ( 'NONE', #2368, #3340, #2956, .T. ) ;
#2996 = LINE ( 'NONE', #1308, #2545 ) ;
#2997 = CARTESIAN_POINT ( 'NONE',  ( 0.2952755905511810774, 0.007874015748031495954, -0.1279527559055117780 ) ) ;
#2998 = VECTOR ( 'NONE', #3380, 39.37007874015748143 ) ;
#2999 = CARTESIAN_POINT ( 'NONE',  ( 0.2755905511811023167, 0.007874015748031495954, -0.2027559055118110243 ) ) ;
#3000 = FACE_OUTER_BOUND ( 'NONE', #2661, .T. ) ;
#3001 =( LENGTH_UNIT ( ) NAMED_UNIT ( * ) SI_UNIT ( $, .METRE. ) );
#3002 = ORIENTED_EDGE ( 'NONE', *, *, #2815, .F. ) ;
#3003 = ORIENTED_EDGE ( 'NONE', *, *, #4093, .T. ) ;
#3004 = ORIENTED_EDGE ( 'NONE', *, *, #1782, .T. ) ;
#3005 = CARTESIAN_POINT ( 'NONE',  ( 0.2268936287040426436, 0.000000000000000000, -0.2344174654310788863 ) ) ;
#3006 = CARTESIAN_POINT ( 'NONE',  ( 0.2506276412142675047, 0.001181102362204726995, -0.2432572194595873094 ) ) ;
#3007 = VERTEX_POINT ( 'NONE', #1383 ) ;
#3008 = CARTESIAN_POINT ( 'NONE',  ( 0.2507802602763769539, 0.001181102362204727863, -0.2299931894908841257 ) ) ;
#3009 = CARTESIAN_POINT ( 'NONE',  ( 0.2450242994299839938, 0.001181102362204724176, -0.2418466451050068911 ) ) ;
#3010 = CARTESIAN_POINT ( 'NONE',  ( -2.169649841009089955E-18, 0.01377952755905511965, -0.1673228346456692439 ) ) ;
#3011 = ORIENTED_EDGE ( 'NONE', *, *, #1008, .T. ) ;
#3012 = CARTESIAN_POINT ( 'NONE',  ( 0.2440944881889763884, 0.09842519685039370636, -0.1633858267716535584 ) ) ;
#3013 = LINE ( 'NONE', #718, #2077 ) ;
#3014 = EDGE_CURVE ( 'NONE', #1498, #353, #2688, .T. ) ;
#3015 = DIRECTION ( 'NONE',  ( 0.000000000000000000, 0.000000000000000000, 1.000000000000000000 ) ) ;
#3016 = ADVANCED_FACE ( 'NONE', ( #990 ), #1997, .F. ) ;
#3017 = DIRECTION ( 'NONE',  ( 0.000000000000000000, 0.000000000000000000, -1.000000000000000000 ) ) ;
#3018 = DIRECTION ( 'NONE',  ( 1.000000000000000000, 0.000000000000000000, 0.000000000000000000 ) ) ;
#3019 = VERTEX_POINT ( 'NONE', #364 ) ;
#3020 = EDGE_LOOP ( 'NONE', ( #3054, #3229, #3216, #2594 ) ) ;
#3021 = CARTESIAN_POINT ( 'NONE',  ( 0.2182445941785979004, 0.000000000000000000, -0.2265991650821938819 ) ) ;
#3022 = FACE_OUTER_BOUND ( 'NONE', #1587, .T. ) ;
#3023 = ORIENTED_EDGE ( 'NONE', *, *, #3215, .T. ) ;
#3024 = CARTESIAN_POINT ( 'NONE',  ( 0.2086614173228346081, 0.07480314960629921850, -0.1476377952755905387 ) ) ;
#3025 = CARTESIAN_POINT ( 'NONE',  ( 0.2412964182470536956, 0.000000000000000000, -0.2281510087530594089 ) ) ;
#3026 = FACE_OUTER_BOUND ( 'NONE', #2912, .T. ) ;
#3027 = ORIENTED_EDGE ( 'NONE', *, *, #2419, .T. ) ;
#3028 = FACE_OUTER_BOUND ( 'NONE', #3977, .T. ) ;
#3029 = FILL_AREA_STYLE ('',( #58 ) ) ;
#3030 = PLANE ( 'NONE',  #633 ) ;
#3031 = EDGE_CURVE ( 'NONE', #1081, #3750, #2302, .T. ) ;
#3032 = EDGE_CURVE ( 'NONE', #3891, #2205, #2142, .T. ) ;
#3033 = DIRECTION ( 'NONE',  ( -1.000000000000000000, 0.000000000000000000, 0.000000000000000000 ) ) ;
#3034 = AXIS2_PLACEMENT_3D ( 'NONE', #1898, #3210, #1574 ) ;
#3035 = VERTEX_POINT ( 'NONE', #45 ) ;
#3036 = EDGE_CURVE ( 'NONE', #978, #4041, #2273, .T. ) ;
#3037 = ORIENTED_EDGE ( 'NONE', *, *, #1134, .T. ) ;
#3038 = ORIENTED_EDGE ( 'NONE', *, *, #1962, .T. ) ;
#3039 = CARTESIAN_POINT ( 'NONE',  ( 0.2952755905511810774, 0.09842519685039370636, -0.1003937007874015630 ) ) ;
#3040 = FACE_OUTER_BOUND ( 'NONE', #1532, .T. ) ;
#3041 = EDGE_LOOP ( 'NONE', ( #1850, #2325, #1899 ) ) ;
#3042 = AXIS2_PLACEMENT_3D ( 'NONE', #1880, #600, #2223 ) ;
#3043 = VECTOR ( 'NONE', #2784, 39.37007874015748143 ) ;
#3044 = CARTESIAN_POINT ( 'NONE',  ( 0.2521019555896914510, 0.001181102362204727863, -0.2334002229416665963 ) ) ;
#3045 = DIRECTION ( 'NONE',  ( 0.000000000000000000, 0.000000000000000000, -1.000000000000000000 ) ) ;
#3046 = DIRECTION ( 'NONE',  ( 1.000000000000000000, 0.000000000000000000, 0.000000000000000000 ) ) ;
#3047 = VECTOR ( 'NONE', #4185, 39.37007874015748143 ) ;
#3048 = LINE ( 'NONE', #3065, #821 ) ;
#3049 = VECTOR ( 'NONE', #1956, 39.37007874015748143 ) ;
#3050 = VECTOR ( 'NONE', #665, 39.37007874015748143 ) ;
#3051 = CARTESIAN_POINT ( 'NONE',  ( 0.000000000000000000, 0.005905511811023621965, 0.000000000000000000 ) ) ;
#3052 = ADVANCED_FACE ( 'NONE', ( #18 ), #3587, .T. ) ;
#3053 = STYLED_ITEM ( 'NONE', ( #1390 ), #3756 ) ;
#3054 = ORIENTED_EDGE ( 'NONE', *, *, #466, .T. ) ;
#3055 = ORIENTED_EDGE ( 'NONE', *, *, #2348, .F. ) ;
#3056 = ORIENTED_EDGE ( 'NONE', *, *, #3632, .T. ) ;
#3057 = DIRECTION ( 'NONE',  ( -0.000000000000000000, -1.000000000000000000, -0.000000000000000000 ) ) ;
#3058 = CARTESIAN_POINT ( 'NONE',  ( 0.2397826947586081947, 0.001181102362204726995, -0.2472526305132199953 ) ) ;
#3059 = EDGE_CURVE ( 'NONE', #2856, #2734, #1959, .T. ) ;
#3060 = EDGE_CURVE ( 'NONE', #1397, #2305, #609, .T. ) ;
#3061 = VERTEX_POINT ( 'NONE', #321 ) ;
#3062 = CARTESIAN_POINT ( 'NONE',  ( 0.2364952633835375184, 0.001181102362204724176, -0.2411042272248341833 ) ) ;
#3063 = DIRECTION ( 'NONE',  ( 1.000000000000000000, 0.000000000000000000, 0.000000000000000000 ) ) ;
#3064 = ORIENTED_EDGE ( 'NONE', *, *, #3550, .F. ) ;
#3065 = CARTESIAN_POINT ( 'NONE',  ( 0.2519685039370078705, 0.005905511811023620231, 0.000000000000000000 ) ) ;
#3066 = FACE_OUTER_BOUND ( 'NONE', #1284, .T. ) ;
#3067 = DIRECTION ( 'NONE',  ( 0.000000000000000000, 0.000000000000000000, 1.000000000000000000 ) ) ;
#3068 = CARTESIAN_POINT ( 'NONE',  ( 0.2490519993531905008, 0.000000000000000000, -0.2277710439614752669 ) ) ;
#3069 = APPLICATION_PROTOCOL_DEFINITION ( 'draft international standard', 'automotive_design', 1998, #2106 ) ;
#3070 = ORIENTED_EDGE ( 'NONE', *, *, #2612, .T. ) ;
#3071 = ORIENTED_EDGE ( 'NONE', *, *, #471, .T. ) ;
#3072 = EDGE_LOOP ( 'NONE', ( #742, #4078, #3851, #1210 ) ) ;
#3073 = B_SPLINE_SURFACE_WITH_KNOTS ( 'NONE', 3, 1, ( 
 ( #2915, #1621 ),
 ( #2867, #3569 ),
 ( #1895, #3207 ),
 ( #2509, #257 ),
 ( #1966, #4164 ),
 ( #1245, #1938 ),
 ( #1223, #644 ),
 ( #328, #1571 ),
 ( #4184, #1873 ),
 ( #870, #4210 ),
 ( #1199, #3527 ),
 ( #3826, #924 ),
 ( #305, #2188 ),
 ( #614, #2532 ),
 ( #3277, #2941 ),
 ( #235, #2584 ),
 ( #2257, #3848 ),
 ( #895, #2844 ),
 ( #2214, #3255 ),
 ( #570, #2890 ),
 ( #3893, #2559 ),
 ( #4229, #943 ),
 ( #1295, #3876 ),
 ( #3497, #2236 ),
 ( #2604, #3912 ),
 ( #3547, #968 ),
 ( #543, #591 ),
 ( #3184, #1916 ),
 ( #1551, #3227 ),
 ( #276, #1592 ),
 ( #2279, #3595 ),
 ( #863, #842 ),
 ( #3563, #2204 ),
 ( #1586, #3175 ),
 ( #607, #2576 ),
 ( #2182, #2162 ),
 ( #518, #562 ),
 ( #1237, #1565 ),
 ( #1930, #229 ),
 ( #3245, #3842 ),
 ( #2503, #2932 ),
 ( #295, #2905 ),
 ( #3865, #3887 ) ),
 .UNSPECIFIED., .F., .F., .F.,
 ( 4, 1, 1, 1, 1, 1, 1, 1, 1, 1, 1, 1, 1, 1, 1, 1, 1, 1, 1, 1, 1, 1, 1, 1, 1, 1, 1, 1, 1, 1, 1, 1, 1, 1, 1, 1, 1, 1, 1, 1, 4 ),
 ( 2, 2 ),
 ( 0.000000000000000000, 0.02310501129006693050, 0.04476014824453087432, 0.06558832550127234595, 0.08517287824716603117, 0.1047831075000086459, 0.1252233202169670823, 0.1470942571892413231, 0.1702750390198516095, 0.1942003319526632577, 0.2191452904062475282, 0.2453762346894238222, 0.2733833933848542341, 0.3026987797174607864, 0.3333277510546894806, 0.3660889239996718003, 0.4013923472838115125, 0.4202857784863307522, 0.4403647218673589214, 0.4617420538215618597, 0.4847365885682463627, 0.5091183158327092784, 0.5352041128306453954, 0.5628214608917571082, 0.5922355087981658883, 0.6079766716631979095, 0.6249304229200255412, 0.6433431845284799389, 0.6629370780790763140, 0.6838929807911873215, 0.7060719986804657733, 0.7295826215527565495, 0.7544283559219228108, 0.7805287623932081198, 0.8080764547224563721, 0.8367188503864361193, 0.8667251696534630234, 0.8982074953835260667, 0.9307871102868442437, 0.9647116971582524458, 1.000000000000000000 ),
 ( 0.000000000000000000, 1.000000000000000000 ),
 .UNSPECIFIED. ) ;
#3074 = CARTESIAN_POINT ( 'NONE',  ( 0.2519685039370078705, 0.005905511811023621965, -0.2519685039370078705 ) ) ;
#3075 = LINE ( 'NONE', #1465, #2696 ) ;
#3076 = CARTESIAN_POINT ( 'NONE',  ( 0.2512003483736106602, 0.001181102362204726995, -0.2422897610912047583 ) ) ;
#3077 = ORIENTED_EDGE ( 'NONE', *, *, #3293, .T. ) ;
#3078 = CARTESIAN_POINT ( 'NONE',  ( 0.2952755905511810774, 0.08661417322834646937, -0.1003937007874015630 ) ) ;
#3079 = ADVANCED_FACE ( 'NONE', ( #2651 ), #3633, .F. ) ;
#3080 = CARTESIAN_POINT ( 'NONE',  ( 0.2403180000440609254, 0.000000000000000000, -0.2424717077656828312 ) ) ;
#3081 = EDGE_CURVE ( 'NONE', #683, #188, #1656, .T. ) ;
#3082 = DIRECTION ( 'NONE',  ( 0.000000000000000000, 0.000000000000000000, 1.000000000000000000 ) ) ;
#3083 = VERTEX_POINT ( 'NONE', #2022 ) ;
#3084 = CARTESIAN_POINT ( 'NONE',  ( 0.1066801971632535817, 0.09842519685039370636, -0.2387165161155367921 ) ) ;
#3085 =( LENGTH_UNIT ( ) NAMED_UNIT ( * ) SI_UNIT ( $, .METRE. ) );
#3086 = ORIENTED_EDGE ( 'NONE', *, *, #4111, .T. ) ;
#3087 = PLANE ( 'NONE',  #3798 ) ;
#3088 =( CONVERSION_BASED_UNIT ( 'INCH', #101 ) LENGTH_UNIT ( ) NAMED_UNIT ( #9 ) );
#3089 = ORIENTED_EDGE ( 'NONE', *, *, #112, .T. ) ;
#3090 = ORIENTED_EDGE ( 'NONE', *, *, #1087, .T. ) ;
#3091 = DIRECTION ( 'NONE',  ( 0.000000000000000000, 0.000000000000000000, 1.000000000000000000 ) ) ;
#3092 = DIRECTION ( 'NONE',  ( 1.000000000000000000, 0.000000000000000000, 0.000000000000000000 ) ) ;
#3093 = ORIENTED_EDGE ( 'NONE', *, *, #1089, .F. ) ;
#3094 = DIRECTION ( 'NONE',  ( 0.000000000000000000, -1.000000000000000000, 0.000000000000000000 ) ) ;
#3095 = COLOUR_RGB ( '',0.7921568627450980005, 0.8196078431372548767, 0.9333333333333333481 ) ;
#3096 = LINE ( 'NONE', #212, #482 ) ;
#3097 = DIRECTION ( 'NONE',  ( 1.000000000000000000, 0.000000000000000000, 0.000000000000000000 ) ) ;
#3098 = CARTESIAN_POINT ( 'NONE',  ( 0.2755905511811023167, 0.01377952755905511792, -0.09251968503937006705 ) ) ;
#3099 = COLOUR_RGB ( '',0.7921568627450980005, 0.8196078431372548767, 0.9333333333333333481 ) ;
#3100 = VECTOR ( 'NONE', #2145, 39.37007874015748143 ) ;
#3101 = ORIENTED_EDGE ( 'NONE', *, *, #39, .F. ) ;
#3102 = DIRECTION ( 'NONE',  ( 0.000000000000000000, -1.000000000000000000, 0.000000000000000000 ) ) ;
#3103 = AXIS2_PLACEMENT_3D ( 'NONE', #3901, #3625, #1972 ) ;
#3104 = CARTESIAN_POINT ( 'NONE',  ( 0.2167321385854072135, 0.000000000000000000, -0.2256083955760364024 ) ) ;
#3105 =( NAMED_UNIT ( * ) SI_UNIT ( $, .STERADIAN. ) SOLID_ANGLE_UNIT ( ) );
#3106 = ADVANCED_FACE ( 'NONE', ( #3337 ), #385, .F. ) ;
#3107 = VECTOR ( 'NONE', #2361, 39.37007874015748143 ) ;
#3108 = ADVANCED_FACE ( 'NONE', ( #3736 ), #3087, .F. ) ;
#3109 = PRODUCT ( 'Same_Sky_CMT-7525-03-SMT-TR', 'Same_Sky_CMT-7525-03-SMT-TR', '', ( #501 ) ) ;
#3110 = ADVANCED_FACE ( 'NONE', ( #1075 ), #4074, .T. ) ;
#3111 = PLANE ( 'NONE',  #3328 ) ;
#3112 = AXIS2_PLACEMENT_3D ( 'NONE', #4020, #3393, #2135 ) ;
#3113 =( GEOMETRIC_REPRESENTATION_CONTEXT ( 3 ) GLOBAL_UNCERTAINTY_ASSIGNED_CONTEXT ( ( #961 ) ) GLOBAL_UNIT_ASSIGNED_CONTEXT ( ( #310, #3793, #3232 ) ) REPRESENTATION_CONTEXT ( 'NONE', 'WORKASPACE' ) );
#3114 = ORIENTED_EDGE ( 'NONE', *, *, #2995, .T. ) ;
#3115 = CARTESIAN_POINT ( 'NONE',  ( 0.01968503937007875029, 0.007874015748031495954, -0.1673228346456692439 ) ) ;
#3116 = MECHANICAL_DESIGN_GEOMETRIC_PRESENTATION_REPRESENTATION (  '', ( #2648 ), #840 ) ;
#3117 = CARTESIAN_POINT ( 'NONE',  ( 0.2559055118110236671, 0.04724409448818898266, -0.1948818897637795144 ) ) ;
#3118 = ORIENTED_EDGE ( 'NONE', *, *, #4075, .F. ) ;
#3119 =( LENGTH_UNIT ( ) NAMED_UNIT ( * ) SI_UNIT ( $, .METRE. ) );
#3120 = CARTESIAN_POINT ( 'NONE',  ( 0.2134380584367668587, 0.0005905511811023620881, -0.2246974930740982812 ) ) ;
#3121 = PRODUCT_DEFINITION_FORMATION_WITH_SPECIFIED_SOURCE ( 'ANY', '', #3109, .NOT_KNOWN. ) ;
#3122 = DIRECTION ( 'NONE',  ( -0.000000000000000000, -1.000000000000000000, -0.000000000000000000 ) ) ;
#3123 = CARTESIAN_POINT ( 'NONE',  ( 0.2952755905511810774, 0.01377952755905511792, -0.2027559055118110243 ) ) ;
#3124 = VERTEX_POINT ( 'NONE', #440 ) ;
#3125 = CARTESIAN_POINT ( 'NONE',  ( 0.2308558153918095768, 0.000000000000000000, -0.2428993168360763510 ) ) ;
#3126 = ORIENTED_EDGE ( 'NONE', *, *, #496, .T. ) ;
#3127 = LINE ( 'NONE', #3370, #4060 ) ;
#3128 =( CONVERSION_BASED_UNIT ( 'INCH', #3258 ) LENGTH_UNIT ( ) NAMED_UNIT ( #3343 ) );
#3129 = DIRECTION ( 'NONE',  ( -0.1559625734730180624, 0.000000000000000000, -0.9877629653290678213 ) ) ;
#3130 = EDGE_CURVE ( 'NONE', #1356, #978, #162, .T. ) ;
#3131 = EDGE_CURVE ( 'NONE', #1712, #1356, #134, .T. ) ;
#3132 = PRODUCT_DEFINITION ( 'UNKNOWN', '', #3121, #271 ) ;
#3133 = ORIENTED_EDGE ( 'NONE', *, *, #2667, .T. ) ;
#3134 = LINE ( 'NONE', #4110, #648 ) ;
#3135 = PLANE ( 'NONE',  #294 ) ;
#3136 = ORIENTED_EDGE ( 'NONE', *, *, #4117, .T. ) ;
#3137 = CARTESIAN_POINT ( 'NONE',  ( 0.04330708661417322081, 0.09842519685039370636, 0.000000000000000000 ) ) ;
#3138 = CARTESIAN_POINT ( 'NONE',  ( 0.000000000000000000, 0.005905511811023621965, 0.000000000000000000 ) ) ;
#3139 = CARTESIAN_POINT ( 'NONE',  ( 0.1476377952755905387, 0.007874015748031495954, -0.07086614173228343583 ) ) ;
#3140 = ORIENTED_EDGE ( 'NONE', *, *, #2036, .T. ) ;
#3141 = CARTESIAN_POINT ( 'NONE',  ( 0.2345571634648917214, 0.000000000000000000, -0.2452394265047770916 ) ) ;
#3142 = VERTEX_POINT ( 'NONE', #3677 ) ;
#3143 = CARTESIAN_POINT ( 'NONE',  ( 0.2952755905511810774, 0.000000000000000000, 0.000000000000000000 ) ) ;
#3144 = CARTESIAN_POINT ( 'NONE',  ( 0.2480230403736264078, 0.000000000000000000, -0.2372541087183444031 ) ) ;
#3145 = DIRECTION ( 'NONE',  ( 1.000000000000000000, 0.000000000000000000, 0.000000000000000000 ) ) ;
#3146 = CARTESIAN_POINT ( 'NONE',  ( 0.1476377952755905387, 0.007874015748031495954, -0.05905511811023617108 ) ) ;
#3147 = CARTESIAN_POINT ( 'NONE',  ( 0.000000000000000000, 0.007874015748031495954, 0.000000000000000000 ) ) ;
#3148 = EDGE_CURVE ( 'NONE', #10, #107, #2882, .T. ) ;
#3149 = CARTESIAN_POINT ( 'NONE',  ( 0.2496978280159020958, 0.001181102362204724827, -0.2284859246414890632 ) ) ;
#3150 = ORIENTED_EDGE ( 'NONE', *, *, #2767, .T. ) ;
#3151 = DIRECTION ( 'NONE',  ( 0.000000000000000000, 0.000000000000000000, 1.000000000000000000 ) ) ;
#3152 = CARTESIAN_POINT ( 'NONE',  ( 0.04330708661417322081, 0.000000000000000000, -0.2952755905511810219 ) ) ;
#3153 = ADVANCED_FACE ( 'NONE', ( #474 ), #3111, .F. ) ;
#3154 = EDGE_LOOP ( 'NONE', ( #3922, #2674, #3377, #1765 ) ) ;
#3155 = FACE_OUTER_BOUND ( 'NONE', #3680, .T. ) ;
#3156 = LINE ( 'NONE', #2487, #2202 ) ;
#3157 = DIRECTION ( 'NONE',  ( -1.000000000000000000, 0.000000000000000000, 0.000000000000000000 ) ) ;
#3158 = DIRECTION ( 'NONE',  ( 0.000000000000000000, 0.000000000000000000, -1.000000000000000000 ) ) ;
#3159 = CARTESIAN_POINT ( 'NONE',  ( 0.2212576004908723970, 0.001181102362204736753, -0.2295411414038112941 ) ) ;
#3160 = ORIENTED_EDGE ( 'NONE', *, *, #1211, .T. ) ;
#3161 = LINE ( 'NONE', #1227, #2557 ) ;
#3162 = ORIENTED_EDGE ( 'NONE', *, *, #2767, .F. ) ;
#3163 = AXIS2_PLACEMENT_3D ( 'NONE', #2819, #3528, #3208 ) ;
#3164 = DIRECTION ( 'NONE',  ( -0.000000000000000000, -1.000000000000000000, -0.000000000000000000 ) ) ;
#3165 = CARTESIAN_POINT ( 'NONE',  ( 0.2334591505409957524, 0.000000000000000000, -0.2392959941137129953 ) ) ;
#3166 = VECTOR ( 'NONE', #869, 39.37007874015748143 ) ;
#3167 = CLOSED_SHELL ( 'NONE', ( #1960, #807, #3327, #448, #2768, #491, #6, #2745, #2465, #733, #2347, #3577, #1559, #2396, #730, #244, #1327, #2321, #3153, #183, #426, #3579, #2542, #3810, #326, #2726, #2743, #945, #3949, #2297, #43, #4009, #2494, #1762, #263, #534, #2466, #61, #2580, #1404, #887, #1744, #464, #157, #2877, #2379, #2739, #1769, #753, #952, #2523, #2814, #246, #1132, #1012, #954, #2517, #1501, #1836, #574, #2902, #1156, #3956, #4252, #1579, #2073, #1924, #180, #159, #1820, #292, #1412, #2873, #447, #1699, #2268, #3734, #1239, #2645, #2032, #3924 ) ) ;
#3168 = ORIENTED_EDGE ( 'NONE', *, *, #2006, .T. ) ;
#3169 = AXIS2_PLACEMENT_3D ( 'NONE', #3262, #1283, #1628 ) ;
#3170 = DIRECTION ( 'NONE',  ( 0.000000000000000000, 0.000000000000000000, -1.000000000000000000 ) ) ;
#3171 = DIRECTION ( 'NONE',  ( 1.000000000000000000, 0.000000000000000000, 1.971276677246371272E-16 ) ) ;
#3172 = PLANE ( 'NONE',  #987 ) ;
#3173 = AXIS2_PLACEMENT_3D ( 'NONE', #696, #2668, #384 ) ;
#3174 = VECTOR ( 'NONE', #27, 39.37007874015748143 ) ;
#3175 = CARTESIAN_POINT ( 'NONE',  ( 0.2258313998707726367, 0.001181102362204724610, -0.2390673543921023880 ) ) ;
#3176 = VECTOR ( 'NONE', #2977, 39.37007874015748143 ) ;
#3177 = EDGE_LOOP ( 'NONE', ( #4036, #3534, #3832, #770 ) ) ;
#3178 = FACE_OUTER_BOUND ( 'NONE', #932, .T. ) ;
#3179 = EDGE_CURVE ( 'NONE', #1615, #726, #100, .T. ) ;
#3180 = CARTESIAN_POINT ( 'NONE',  ( 0.04330708661417322081, 0.005905511811023621965, 0.000000000000000000 ) ) ;
#3181 = VECTOR ( 'NONE', #2811, 39.37007874015748143 ) ;
#3182 = VERTEX_POINT ( 'NONE', #3051 ) ;
#3183 = LINE ( 'NONE', #2187, #77 ) ;
#3184 = CARTESIAN_POINT ( 'NONE',  ( 0.2308558153918095768, 0.000000000000000000, -0.2428993168360763510 ) ) ;
#3185 = DIRECTION ( 'NONE',  ( 0.000000000000000000, 0.000000000000000000, 1.000000000000000000 ) ) ;
#3186 = CARTESIAN_POINT ( 'NONE',  ( 0.2204120754361634515, 0.001181102362204736753, -0.2287260962897575967 ) ) ;
#3187 = MECHANICAL_DESIGN_GEOMETRIC_PRESENTATION_REPRESENTATION (  '', ( #309 ), #993 ) ;
#3188 = EDGE_CURVE ( 'NONE', #353, #3729, #2040, .T. ) ;
#3189 = EDGE_CURVE ( 'NONE', #3205, #1468, #403, .T. ) ;
#3190 = ORIENTED_EDGE ( 'NONE', *, *, #3660, .T. ) ;
#3191 = CARTESIAN_POINT ( 'NONE',  ( 0.2356916774855224994, 0.000000000000000000, -0.2458134127840800875 ) ) ;
#3192 = ORIENTED_EDGE ( 'NONE', *, *, #1015, .F. ) ;
#3193 = VECTOR ( 'NONE', #1291, 39.37007874015748143 ) ;
#3194 = DIRECTION ( 'NONE',  ( 0.000000000000000000, -1.000000000000000000, 0.000000000000000000 ) ) ;
#3195 = CARTESIAN_POINT ( 'NONE',  ( 0.2355715610711621721, 0.000000000000000000, -0.2405933122903720911 ) ) ;
#3196 = ORIENTED_EDGE ( 'NONE', *, *, #1269, .T. ) ;
#3197 = EDGE_LOOP ( 'NONE', ( #138, #151, #3559, #2192 ) ) ;
#3198 = DIRECTION ( 'NONE',  ( 1.000000000000000000, 0.000000000000000000, 1.224646799147353454E-16 ) ) ;
#3199 = DIRECTION ( 'NONE',  ( 0.000000000000000000, 0.000000000000000000, 1.000000000000000000 ) ) ;
#3200 = CARTESIAN_POINT ( 'NONE',  ( 0.2424153244051282519, 0.001181102362204724827, -0.2239310166428099824 ) ) ;
#3201 = ORIENTED_EDGE ( 'NONE', *, *, #861, .T. ) ;
#3202 = DIRECTION ( 'NONE',  ( -1.000000000000000000, 0.000000000000000000, 0.000000000000000000 ) ) ;
#3203 = B_SPLINE_CURVE_WITH_KNOTS ( 'NONE', 3,
 ( #690, #3686, #1692, #3044, #2314, #2662, #2011, #3008, #1375, #727, #2681, #3985, #90, #2119, #2817, #765, #3722, #2104, #2801 ),
 .UNSPECIFIED., .F., .F.,
 ( 4, 1, 1, 1, 1, 1, 1, 1, 1, 1, 1, 1, 1, 1, 1, 1, 4 ),
 ( 0.000000000000000000, 2.471915844465477768E-05, 4.880897041381044270E-05, 7.236047798444781708E-05, 9.583941375946297269E-05, 0.0001189407895446457371, 0.0001422250947422225591, 0.0001656555244433380531, 0.0001893914852184672289, 0.0002138939525958373283, 0.0002393341963227065819, 0.0002660300919405362381, 0.0002941097953549653456, 0.0003238433368865996538, 0.0003551002595689560222, 0.0003880630525676620978, 0.0004229234516040888850 ),
 .UNSPECIFIED. ) ;
#3204 = DIRECTION ( 'NONE',  ( 0.7071067811865473507, 0.000000000000000000, -0.7071067811865475727 ) ) ;
#3205 = VERTEX_POINT ( 'NONE', #1423 ) ;
#3206 = CARTESIAN_POINT ( 'NONE',  ( 0.2952755905511810774, 0.000000000000000000, 0.000000000000000000 ) ) ;
#3207 = CARTESIAN_POINT ( 'NONE',  ( 0.2524361124097484477, 0.001181102362204724610, -0.2363895417226684892 ) ) ;
#3208 = DIRECTION ( 'NONE',  ( 0.000000000000000000, 0.000000000000000000, -1.000000000000000000 ) ) ;
#3209 = CARTESIAN_POINT ( 'NONE',  ( 0.1476377952755905387, 0.007874015748031495954, -0.2362204724409448231 ) ) ;
#3210 = DIRECTION ( 'NONE',  ( 1.000000000000000000, 0.000000000000000000, 0.000000000000000000 ) ) ;
#3211 = CARTESIAN_POINT ( 'NONE',  ( 0.2516632532310873471, 0.000000000000000000, -0.2413279923327273924 ) ) ;
#3212 = ORIENTED_EDGE ( 'NONE', *, *, #3469, .T. ) ;
#3213 = EDGE_CURVE ( 'NONE', #3481, #2197, #116, .T. ) ;
#3214 = LINE ( 'NONE', #2195, #83 ) ;
#3215 = EDGE_CURVE ( 'NONE', #353, #3035, #2397, .T. ) ;
#3216 = ORIENTED_EDGE ( 'NONE', *, *, #3815, .T. ) ;
#3217 = VERTEX_POINT ( 'NONE', #2074 ) ;
#3218 = ADVANCED_FACE ( 'NONE', ( #1439 ), #2713, .T. ) ;
#3219 = DIRECTION ( 'NONE',  ( 1.000000000000000000, 0.000000000000000000, 0.000000000000000000 ) ) ;
#3220 = CARTESIAN_POINT ( 'NONE',  ( 0.2755905511811023167, 0.007874015748031495954, -0.1279527559055117780 ) ) ;
#3221 = CARTESIAN_POINT ( 'NONE',  ( 0.2483000428745220645, 0.000000000000000000, -0.2271085598741366673 ) ) ;
#3222 = ORIENTED_EDGE ( 'NONE', *, *, #748, .F. ) ;
#3223 = CARTESIAN_POINT ( 'NONE',  ( 0.01968503937007875029, 0.000000000000000000, -0.1771653543307086243 ) ) ;
#3224 = CARTESIAN_POINT ( 'NONE',  ( 0.04724409448818898266, 0.000000000000000000, -0.1771653543307086243 ) ) ;
#3225 = EDGE_LOOP ( 'NONE', ( #3567, #1170, #2103, #3814 ) ) ;
#3226 = CARTESIAN_POINT ( 'NONE',  ( 0.01968503937007875029, 0.01377952755905511792, -0.1673228346456692439 ) ) ;
#3227 = CARTESIAN_POINT ( 'NONE',  ( 0.2301242893618527241, 0.001181102362204724610, -0.2423842350583743921 ) ) ;
#3228 = DIRECTION ( 'NONE',  ( -0.000000000000000000, -1.000000000000000000, -0.000000000000000000 ) ) ;
#3229 = ORIENTED_EDGE ( 'NONE', *, *, #400, .F. ) ;
#3230 = DIRECTION ( 'NONE',  ( 0.000000000000000000, 1.000000000000000000, 0.000000000000000000 ) ) ;
#3231 = CARTESIAN_POINT ( 'NONE',  ( 0.2375991001205914332, 0.001181102362204736753, -0.2416132969325453794 ) ) ;
#3232 =( NAMED_UNIT ( * ) SI_UNIT ( $, .STERADIAN. ) SOLID_ANGLE_UNIT ( ) );
#3233 = FACE_OUTER_BOUND ( 'NONE', #509, .T. ) ;
#3234 = ORIENTED_EDGE ( 'NONE', *, *, #1432, .F. ) ;
#3235 = LINE ( 'NONE', #2923, #2281 ) ;
#3236 = ORIENTED_EDGE ( 'NONE', *, *, #3244, .T. ) ;
#3237 = ORIENTED_EDGE ( 'NONE', *, *, #3320, .T. ) ;
#3238 = VECTOR ( 'NONE', #1572, 39.37007874015748854 ) ;
#3239 = DIRECTION ( 'NONE',  ( -0.000000000000000000, -0.000000000000000000, -1.000000000000000000 ) ) ;
#3240 = EDGE_CURVE ( 'NONE', #1426, #4167, #583, .T. ) ;
#3241 = CARTESIAN_POINT ( 'NONE',  ( 0.2952755905511810774, 0.09842519685039370636, -0.04330708661417322081 ) ) ;
#3242 = EDGE_CURVE ( 'NONE', #4002, #3217, #1169, .T. ) ;
#3243 = PRESENTATION_LAYER_ASSIGNMENT (  '', '', ( #750 ) ) ;
#3244 = EDGE_CURVE ( 'NONE', #3903, #3061, #860, .T. ) ;
#3245 = CARTESIAN_POINT ( 'NONE',  ( 0.2192012271056505424, 0.000000000000000000, -0.2335705060273137457 ) ) ;
#3246 = EDGE_LOOP ( 'NONE', ( #410, #2451, #1317, #1760 ) ) ;
#3247 = CARTESIAN_POINT ( 'NONE',  ( 0.01968503937007875029, 0.01377952755905511792, 0.000000000000000000 ) ) ;
#3248 = CIRCLE ( 'NONE', #1253, 0.01181102362204726648 ) ;
#3249 = AXIS2_PLACEMENT_3D ( 'NONE', #4019, #1073, #3696 ) ;
#3250 = CARTESIAN_POINT ( 'NONE',  ( 0.2952755905511810774, 0.000000000000000000, -0.09251968503937006705 ) ) ;
#3251 = CARTESIAN_POINT ( 'NONE',  ( 0.000000000000000000, 0.09842519685039370636, -0.04330708661417323468 ) ) ;
#3252 = ORIENTED_EDGE ( 'NONE', *, *, #2879, .F. ) ;
#3253 = AXIS2_PLACEMENT_3D ( 'NONE', #799, #2444, #3803 ) ;
#3254 = CARTESIAN_POINT ( 'NONE',  ( 0.04330708661417322081, 0.005905511811023621965, -0.2519685039370078150 ) ) ;
#3255 = CARTESIAN_POINT ( 'NONE',  ( 0.2397826947586081947, 0.001181102362204724610, -0.2472526305132199953 ) ) ;
#3256 = FACE_OUTER_BOUND ( 'NONE', #2971, .T. ) ;
#3257 = CARTESIAN_POINT ( 'NONE',  ( 0.04330708661417322081, 0.005905511811023621965, -0.2519685039370078150 ) ) ;
#3258 = LENGTH_MEASURE_WITH_UNIT ( LENGTH_MEASURE( 0.02539999999999999897 ), #1165 );
#3259 = VECTOR ( 'NONE', #1344, 39.37007874015748143 ) ;
#3260 = PLANE ( 'NONE',  #3386 ) ;
#3261 = ORIENTED_EDGE ( 'NONE', *, *, #3189, .T. ) ;
#3262 = CARTESIAN_POINT ( 'NONE',  ( 0.000000000000000000, 0.09842519685039370636, -0.04330708661417323468 ) ) ;
#3263 = VECTOR ( 'NONE', #414, 39.37007874015748143 ) ;
#3264 = VECTOR ( 'NONE', #1969, 39.37007874015748143 ) ;
#3265 = ORIENTED_EDGE ( 'NONE', *, *, #3375, .F. ) ;
#3266 = ORIENTED_EDGE ( 'NONE', *, *, #3148, .T. ) ;
#3267 = DIRECTION ( 'NONE',  ( 0.000000000000000000, 0.000000000000000000, 1.000000000000000000 ) ) ;
#3268 = DIRECTION ( 'NONE',  ( 0.000000000000000000, 0.000000000000000000, -1.000000000000000000 ) ) ;
#3269 = LINE ( 'NONE', #318, #1870 ) ;
#3270 = EDGE_CURVE ( 'NONE', #910, #2492, #2477, .T. ) ;
#3271 = EDGE_CURVE ( 'NONE', #2717, #102, #500, .T. ) ;
#3272 = CARTESIAN_POINT ( 'NONE',  ( 0.000000000000000000, 0.09842519685039370636, -0.2820236027297099435 ) ) ;
#3273 = DIRECTION ( 'NONE',  ( 0.000000000000000000, 1.000000000000000000, 0.000000000000000000 ) ) ;
#3274 = LINE ( 'NONE', #2555, #1185 ) ;
#3275 = EDGE_LOOP ( 'NONE', ( #3504, #2948, #3086 ) ) ;
#3276 = FACE_OUTER_BOUND ( 'NONE', #3426, .T. ) ;
#3277 = CARTESIAN_POINT ( 'NONE',  ( 0.2454825017227906803, 0.000000000000000000, -0.2470301988857796505 ) ) ;
#3278 = CARTESIAN_POINT ( 'NONE',  ( 0.2952755905511811330, 0.005905511811023620231, -0.04330708661417324162 ) ) ;
#3279 = EDGE_LOOP ( 'NONE', ( #2393, #1203, #2800, #3843 ) ) ;
#3280 = LINE ( 'NONE', #1573, #1110 ) ;
#3281 = LINE ( 'NONE', #1645, #1417 ) ;
#3282 = CARTESIAN_POINT ( 'NONE',  ( 0.04330708661417322081, 0.005905511811023621965, -0.04330708661417323468 ) ) ;
#3283 = ORIENTED_EDGE ( 'NONE', *, *, #1337, .T. ) ;
#3284 =( NAMED_UNIT ( * ) PLANE_ANGLE_UNIT ( ) SI_UNIT ( $, .RADIAN. ) );
#3285 = DIRECTION ( 'NONE',  ( 1.000000000000000000, 0.000000000000000000, 0.000000000000000000 ) ) ;
#3286 = ORIENTED_EDGE ( 'NONE', *, *, #661, .F. ) ;
#3287 = DIRECTION ( 'NONE',  ( -1.000000000000000000, -0.000000000000000000, -0.000000000000000000 ) ) ;
#3288 = LINE ( 'NONE', #1632, #2712 ) ;
#3289 = LINE ( 'NONE', #1655, #4124 ) ;
#3290 = DIRECTION ( 'NONE',  ( 0.000000000000000000, 0.000000000000000000, -1.000000000000000000 ) ) ;
#3291 = PLANE ( 'NONE',  #4077 ) ;
#3292 = LINE ( 'NONE', #22, #2418 ) ;
#3293 = EDGE_CURVE ( 'NONE', #900, #502, #3468, .T. ) ;
#3294 = ORIENTED_EDGE ( 'NONE', *, *, #3687, .F. ) ;
#3295 = CARTESIAN_POINT ( 'NONE',  ( 0.1476377952755905387, 0.000000000000000000, -0.05905511811023617108 ) ) ;
#3296 = ORIENTED_EDGE ( 'NONE', *, *, #4031, .T. ) ;
#3297 = LINE ( 'NONE', #329, #2003 ) ;
#3298 = VERTEX_POINT ( 'NONE', #3539 ) ;
#3299 = CARTESIAN_POINT ( 'NONE',  ( 0.07518413417112761177, 0.09724409448818897850, -0.2111574609974264938 ) ) ;
#3300 = CARTESIAN_POINT ( 'NONE',  ( 0.2267724003271104072, 0.001181102362204726995, -0.2398310840801953225 ) ) ;
#3301 = EDGE_CURVE ( 'NONE', #2173, #3794, #1582, .T. ) ;
#3302 = ORIENTED_EDGE ( 'NONE', *, *, #1896, .F. ) ;
#3303 = EDGE_CURVE ( 'NONE', #2085, #1554, #1909, .T. ) ;
#3304 = DIRECTION ( 'NONE',  ( -0.000000000000000000, -1.000000000000000000, -9.035018104045871927E-17 ) ) ;
#3305 = CARTESIAN_POINT ( 'NONE',  ( 0.000000000000000000, 0.005905511811023621965, 0.000000000000000000 ) ) ;
#3306 = EDGE_LOOP ( 'NONE', ( #2796, #974, #3510, #2513 ) ) ;
#3307 = FACE_BOUND ( 'NONE', #2110, .T. ) ;
#3308 = DIRECTION ( 'NONE',  ( -1.000000000000000000, 0.000000000000000000, 0.000000000000000000 ) ) ;
#3309 = PLANE ( 'NONE',  #488 ) ;
#3310 = VECTOR ( 'NONE', #2916, 39.37007874015748143 ) ;
#3311 = CARTESIAN_POINT ( 'NONE',  ( 0.2519685039370078705, 0.000000000000000000, 0.000000000000000000 ) ) ;
#3312 = CARTESIAN_POINT ( 'NONE',  ( 0.000000000000000000, 0.007874015748031495954, -0.1279527559055117503 ) ) ;
#3313 = DIRECTION ( 'NONE',  ( 0.000000000000000000, 1.000000000000000000, 0.000000000000000000 ) ) ;
#3314 = VECTOR ( 'NONE', #1975, 39.37007874015748854 ) ;
#3315 = ORIENTED_EDGE ( 'NONE', *, *, #1365, .F. ) ;
#3316 = ORIENTED_EDGE ( 'NONE', *, *, #2242, .F. ) ;
#3317 = VECTOR ( 'NONE', #2918, 39.37007874015748143 ) ;
#3318 = VERTEX_POINT ( 'NONE', #2161 ) ;
#3319 = AXIS2_PLACEMENT_3D ( 'NONE', #149, #2804, #1142 ) ;
#3320 = EDGE_CURVE ( 'NONE', #1703, #2194, #1837, .T. ) ;
#3321 = CARTESIAN_POINT ( 'NONE',  ( 0.2175064433867681390, 0.000000000000000000, -0.2260526818963340678 ) ) ;
#3322 = CARTESIAN_POINT ( 'NONE',  ( 0.2755905511811023167, 0.007874015748031495954, -0.1279527559055117780 ) ) ;
#3323 = CARTESIAN_POINT ( 'NONE',  ( 0.2301242893618527241, 0.001181102362204726995, -0.2423842350583743921 ) ) ;
#3324 = VECTOR ( 'NONE', #741, 39.37007874015748143 ) ;
#3325 = ORIENTED_EDGE ( 'NONE', *, *, #1839, .F. ) ;
#3326 = PLANE ( 'NONE',  #1042 ) ;
#3327 = ADVANCED_FACE ( 'NONE', ( #515 ), #1149, .F. ) ;
#3328 = AXIS2_PLACEMENT_3D ( 'NONE', #1479, #2057, #3373 ) ;
#3329 = EDGE_CURVE ( 'NONE', #1114, #2330, #3773, .T. ) ;
#3330 = CARTESIAN_POINT ( 'NONE',  ( 0.2952755905511810774, 0.005905511811023621965, -0.2519685039370078705 ) ) ;
#3331 = EDGE_CURVE ( 'NONE', #1331, #1232, #1513, .T. ) ;
#3332 = VECTOR ( 'NONE', #773, 39.37007874015748143 ) ;
#3333 = DIRECTION ( 'NONE',  ( 0.000000000000000000, 0.000000000000000000, 1.000000000000000000 ) ) ;
#3334 = CARTESIAN_POINT ( 'NONE',  ( 0.000000000000000000, 0.007874015748031495954, -0.09251968503937006705 ) ) ;
#3335 = DIRECTION ( 'NONE',  ( 0.000000000000000000, 1.000000000000000000, 0.000000000000000000 ) ) ;
#3336 = DIRECTION ( 'NONE',  ( 0.000000000000000000, 1.000000000000000000, 0.000000000000000000 ) ) ;
#3337 = FACE_OUTER_BOUND ( 'NONE', #1031, .T. ) ;
#3338 = LINE ( 'NONE', #404, #2372 ) ;
#3339 = ORIENTED_EDGE ( 'NONE', *, *, #3490, .F. ) ;
#3340 = VERTEX_POINT ( 'NONE', #1819 ) ;
#3341 = EDGE_LOOP ( 'NONE', ( #1833, #1577, #1282, #1556 ) ) ;
#3342 = CARTESIAN_POINT ( 'NONE',  ( 0.2243402939300096210, 0.001181102362204724176, -0.2323241632149575242 ) ) ;
#3343 = DIMENSIONAL_EXPONENTS ( 1.000000000000000000, 0.000000000000000000, 0.000000000000000000, 0.000000000000000000, 0.000000000000000000, 0.000000000000000000, 0.000000000000000000 ) ;
#3344 = LENGTH_MEASURE_WITH_UNIT ( LENGTH_MEASURE( 0.02539999999999999897 ), #1079 );
#3345 = CARTESIAN_POINT ( 'NONE',  ( 0.2520110918647412435, 0.001181102362204726995, -0.2403801435392138863 ) ) ;
#3346 = EDGE_LOOP ( 'NONE', ( #4107, #2058, #241, #2968 ) ) ;
#3347 = LINE ( 'NONE', #1020, #8 ) ;
#3348 = CARTESIAN_POINT ( 'NONE',  ( 0.2467269262982546840, 0.000000000000000000, -0.2403714474996919426 ) ) ;
#3349 = LINE ( 'NONE', #691, #3513 ) ;
#3350 = EDGE_CURVE ( 'NONE', #107, #194, #911, .T. ) ;
#3351 = ORIENTED_EDGE ( 'NONE', *, *, #2242, .T. ) ;
#3352 = EDGE_CURVE ( 'NONE', #854, #1231, #1215, .T. ) ;
#3353 = CARTESIAN_POINT ( 'NONE',  ( 0.04724409448818898266, 0.000000000000000000, -0.1181102362204724116 ) ) ;
#3354 = DIRECTION ( 'NONE',  ( 0.8944271909999160775, 0.000000000000000000, -0.4472135954999575946 ) ) ;
#3355 = DIRECTION ( 'NONE',  ( 1.000000000000000000, 0.000000000000000000, 0.000000000000000000 ) ) ;
#3356 = EDGE_CURVE ( 'NONE', #723, #4153, #2522, .T. ) ;
#3357 = CARTESIAN_POINT ( 'NONE',  ( 0.2952755905511810774, 0.007874015748031495954, -0.2027559055118110243 ) ) ;
#3358 = DIRECTION ( 'NONE',  ( 1.000000000000000000, 0.000000000000000000, 0.000000000000000000 ) ) ;
#3359 = VERTEX_POINT ( 'NONE', #4108 ) ;
#3360 = ORIENTED_EDGE ( 'NONE', *, *, #1649, .T. ) ;
#3361 = ORIENTED_EDGE ( 'NONE', *, *, #4235, .F. ) ;
#3362 = CARTESIAN_POINT ( 'NONE',  ( 0.2196733833282173420, 0.001181102362204724176, -0.2279392098677343048 ) ) ;
#3363 = LINE ( 'NONE', #3322, #2493 ) ;
#3364 = DIRECTION ( 'NONE',  ( 1.000000000000000000, 0.000000000000000000, 0.000000000000000000 ) ) ;
#3365 = ORIENTED_EDGE ( 'NONE', *, *, #1926, .F. ) ;
#3366 = CARTESIAN_POINT ( 'NONE',  ( 0.2952755905511810774, 0.01377952755905511965, -0.1673228346456692994 ) ) ;
#3367 = CARTESIAN_POINT ( 'NONE',  ( 0.1476377952755905387, 0.007874015748031495954, -0.05905511811023617108 ) ) ;
#3368 = DIRECTION ( 'NONE',  ( 0.000000000000000000, 1.000000000000000000, 0.000000000000000000 ) ) ;
#3369 = ORIENTED_EDGE ( 'NONE', *, *, #3242, .F. ) ;
#3370 = CARTESIAN_POINT ( 'NONE',  ( 0.01968503937007875376, 0.01377952755905511792, -0.2027559055118109688 ) ) ;
#3371 = DIRECTION ( 'NONE',  ( 1.000000000000000000, 0.000000000000000000, 0.000000000000000000 ) ) ;
#3372 = EDGE_CURVE ( 'NONE', #47, #646, #2178, .T. ) ;
#3373 = DIRECTION ( 'NONE',  ( 0.000000000000000000, 0.000000000000000000, 1.000000000000000000 ) ) ;
#3374 = ADVANCED_FACE ( 'NONE', ( #884 ), #3514, .F. ) ;
#3375 = EDGE_CURVE ( 'NONE', #930, #1523, #2881, .T. ) ;
#3376 = VECTOR ( 'NONE', #3945, 39.37007874015748143 ) ;
#3377 = ORIENTED_EDGE ( 'NONE', *, *, #2102, .F. ) ;
#3378 = ORIENTED_EDGE ( 'NONE', *, *, #1649, .F. ) ;
#3379 =( GEOMETRIC_REPRESENTATION_CONTEXT ( 3 ) GLOBAL_UNCERTAINTY_ASSIGNED_CONTEXT ( ( #1401 ) ) GLOBAL_UNIT_ASSIGNED_CONTEXT ( ( #2460, #786, #1781 ) ) REPRESENTATION_CONTEXT ( 'NONE', 'WORKASPACE' ) );
#3380 = DIRECTION ( 'NONE',  ( -1.000000000000000000, 0.000000000000000000, 0.000000000000000000 ) ) ;
#3381 = LINE ( 'NONE', #2443, #4190 ) ;
#3382 = DIRECTION ( 'NONE',  ( 0.000000000000000000, 0.000000000000000000, -1.000000000000000000 ) ) ;
#3383 = ORIENTED_EDGE ( 'NONE', *, *, #1451, .F. ) ;
#3384 = VECTOR ( 'NONE', #3102, 39.37007874015748143 ) ;
#3385 = PLANE ( 'NONE',  #700 ) ;
#3386 = AXIS2_PLACEMENT_3D ( 'NONE', #650, #597, #2 ) ;
#3387 = ORIENTED_EDGE ( 'NONE', *, *, #3490, .T. ) ;
#3388 = CARTESIAN_POINT ( 'NONE',  ( 0.2519685039370078705, 0.09842519685039370636, 0.000000000000000000 ) ) ;
#3389 = AXIS2_PLACEMENT_3D ( 'NONE', #2100, #2813, #1803 ) ;
#3390 =( NAMED_UNIT ( * ) SI_UNIT ( $, .STERADIAN. ) SOLID_ANGLE_UNIT ( ) );
#3391 = VECTOR ( 'NONE', #3129, 39.37007874015748143 ) ;
#3392 = AXIS2_PLACEMENT_3D ( 'NONE', #2400, #1802, #760 ) ;
#3393 = DIRECTION ( 'NONE',  ( 0.7071067811865531239, 0.000000000000000000, -0.7071067811865420216 ) ) ;
#3394 = EDGE_CURVE ( 'NONE', #3942, #3359, #1233, .T. ) ;
#3395 = ORIENTED_EDGE ( 'NONE', *, *, #1521, .F. ) ;
#3396 = ADVANCED_FACE ( 'NONE', ( #2574 ), #3885, .F. ) ;
#3397 = FACE_OUTER_BOUND ( 'NONE', #2753, .T. ) ;
#3398 = ORIENTED_EDGE ( 'NONE', *, *, #2671, .F. ) ;
#3399 = FACE_OUTER_BOUND ( 'NONE', #4152, .T. ) ;
#3400 = DIRECTION ( 'NONE',  ( 0.000000000000000000, -1.000000000000000000, 0.000000000000000000 ) ) ;
#3401 = CARTESIAN_POINT ( 'NONE',  ( 0.2523779959581660126, 0.001181102362204726995, -0.2384669047391490826 ) ) ;
#3402 = EDGE_LOOP ( 'NONE', ( #2507, #1155, #1259, #4231 ) ) ;
#3403 = FILL_AREA_STYLE ('',( #3455 ) ) ;
#3404 = CARTESIAN_POINT ( 'NONE',  ( 0.2440944881889763884, 0.09842519685039370636, -0.1633858267716535584 ) ) ;
#3405 = CARTESIAN_POINT ( 'NONE',  ( 0.2461485436517173164, 0.000000000000000000, -0.2314601543190771271 ) ) ;
#3406 = CARTESIAN_POINT ( 'NONE',  ( 0.2952755905511810774, 0.005905511811023621965, -0.04330708661417322081 ) ) ;
#3407 = VERTEX_POINT ( 'NONE', #2900 ) ;
#3408 = PLANE ( 'NONE',  #3721 ) ;
#3409 = FILL_AREA_STYLE_COLOUR ( '', #158 ) ;
#3410 = ORIENTED_EDGE ( 'NONE', *, *, #688, .T. ) ;
#3411 = UNCERTAINTY_MEASURE_WITH_UNIT (LENGTH_MEASURE( 1.000000000000000082E-05 ), #3128, 'distance_accuracy_value', 'NONE');
#3412 = CARTESIAN_POINT ( 'NONE',  ( 0.000000000000000000, 0.007874015748031499423, -0.04330708661417323468 ) ) ;
#3413 = ORIENTED_EDGE ( 'NONE', *, *, #2690, .F. ) ;
#3414 = ORIENTED_EDGE ( 'NONE', *, *, #1381, .F. ) ;
#3415 = ORIENTED_EDGE ( 'NONE', *, *, #1867, .F. ) ;
#3416 = CARTESIAN_POINT ( 'NONE',  ( 0.04724409448818898266, 0.000000000000000000, -0.1476377952755905110 ) ) ;
#3417 = DIRECTION ( 'NONE',  ( 0.000000000000000000, 0.000000000000000000, -1.000000000000000000 ) ) ;
#3418 = ORIENTED_EDGE ( 'NONE', *, *, #1276, .F. ) ;
#3419 = DIRECTION ( 'NONE',  ( 0.000000000000000000, -1.000000000000000000, 0.000000000000000000 ) ) ;
#3420 = PLANE ( 'NONE',  #79 ) ;
#3421 = DIRECTION ( 'NONE',  ( 0.000000000000000000, 1.000000000000000000, 0.000000000000000000 ) ) ;
#3422 = EDGE_CURVE ( 'NONE', #1231, #4083, #383, .T. ) ;
#3423 = EDGE_CURVE ( 'NONE', #1212, #3124, #1260, .T. ) ;
#3424 = CARTESIAN_POINT ( 'NONE',  ( 0.2559055118110236671, 0.07480314960629921850, -0.1948818897637795144 ) ) ;
#3425 = EDGE_CURVE ( 'NONE', #1615, #2827, #2319, .T. ) ;
#3426 = EDGE_LOOP ( 'NONE', ( #2871, #2459, #1651, #2541 ) ) ;
#3427 = LINE ( 'NONE', #1789, #1945 ) ;
#3428 = LINE ( 'NONE', #4144, #1241 ) ;
#3429 = CARTESIAN_POINT ( 'NONE',  ( 0.2419871213828459766, 0.000000000000000000, -0.2237765555597085732 ) ) ;
#3430 = B_SPLINE_CURVE_WITH_KNOTS ( 'NONE', 3,
 ( #4234, #2609, #2633, #3943, #2312, #1665, #2894, #4188, #3622, #672, #3300, #352, #106, #686, #3323, #446, #2697, #409, #1064, #2329, #3964, #2046, #3703, #2346, #3058, #3684, #3983, #2374, #1373, #1391, #1690, #373, #1018, #3006, #3076, #1726, #3345, #3639, #3401, #1080, #1096, #121, #2679 ),
 .UNSPECIFIED., .F., .F.,
 ( 4, 1, 1, 1, 1, 1, 1, 1, 1, 1, 1, 1, 1, 1, 1, 1, 1, 1, 1, 1, 1, 1, 1, 1, 1, 1, 1, 1, 1, 1, 1, 1, 1, 1, 1, 1, 1, 1, 1, 1, 4 ),
 ( 0.000000000000000000, 4.386941564109841924E-05, 8.604349832760529819E-05, 0.0001265455500706471421, 0.0001656834830847185960, 0.0002029864867935678282, 0.0002385938994247414425, 0.0002728404079679401344, 0.0003052876918462635531, 0.0003361752030093054103, 0.0003654029414865850051, 0.0003929752664765257929, 0.0004190270494238320363, 0.0004433856212727915378, 0.0004662758434442623940, 0.0004873522653933983709, 0.0005069212319004347484, 0.0005434879406787003486, 0.0005778210432490079543, 0.0006102501650450819918, 0.0006405608357568291734, 0.0006691469881371182654, 0.0006957226799464503444, 0.0007206842519655592841, 0.0007441720289217596028, 0.0007880602418673061721, 0.0008287880014101386148, 0.0008668650684846864298, 0.0009033091239971277045, 0.0009381268280744823121, 0.0009707363928522982563, 0.001001747256578382336, 0.001031490501095170056, 0.001060308190559385369, 0.001087497518105109149, 0.001112908209899894901, 0.001137287089829830920, 0.001161634049455732625, 0.001187527047745281974, 0.001214448098839198461, 0.001243171592519860379 ),
 .UNSPECIFIED. ) ;
#3431 = ORIENTED_EDGE ( 'NONE', *, *, #2907, .T. ) ;
#3432 = CARTESIAN_POINT ( 'NONE',  ( 0.04330708661417325550, 0.09842519685039370636, -0.2952755905511810219 ) ) ;
#3433 = DIRECTION ( 'NONE',  ( 0.7071067811865474617, 0.000000000000000000, 0.7071067811865475727 ) ) ;
#3434 = VERTEX_POINT ( 'NONE', #985 ) ;
#3435 = SURFACE_SIDE_STYLE ('',( #743 ) ) ;
#3436 = DIRECTION ( 'NONE',  ( 0.000000000000000000, 1.000000000000000000, 0.000000000000000000 ) ) ;
#3437 = DIRECTION ( 'NONE',  ( 1.000000000000000000, 0.000000000000000000, 0.000000000000000000 ) ) ;
#3438 = CARTESIAN_POINT ( 'NONE',  ( 0.000000000000000000, 0.000000000000000000, -0.2246974930740982812 ) ) ;
#3439 = ORIENTED_EDGE ( 'NONE', *, *, #2966, .F. ) ;
#3440 = CARTESIAN_POINT ( 'NONE',  ( 0.2301242893618527241, 0.000000000000000000, -0.2423842350583743921 ) ) ;
#3441 = VECTOR ( 'NONE', #1994, 39.37007874015748143 ) ;
#3442 = EDGE_LOOP ( 'NONE', ( #3160, #1462, #3150, #2247 ) ) ;
#3443 = EDGE_CURVE ( 'NONE', #2194, #2856, #2953, .T. ) ;
#3444 = DIRECTION ( 'NONE',  ( -1.000000000000000000, 0.000000000000000000, 0.000000000000000000 ) ) ;
#3445 = EDGE_CURVE ( 'NONE', #1893, #47, #1928, .T. ) ;
#3446 = SURFACE_STYLE_FILL_AREA ( #1299 ) ;
#3447 = AXIS2_PLACEMENT_3D ( 'NONE', #2109, #2491, #4120 ) ;
#3448 = FACE_OUTER_BOUND ( 'NONE', #511, .T. ) ;
#3449 = DIRECTION ( 'NONE',  ( 0.000000000000000000, -1.000000000000000000, 0.000000000000000000 ) ) ;
#3450 = AXIS2_PLACEMENT_3D ( 'NONE', #1584, #2544, #249 ) ;
#3451 = ORIENTED_EDGE ( 'NONE', *, *, #2440, .T. ) ;
#3452 = DIRECTION ( 'NONE',  ( 0.000000000000000000, 1.000000000000000000, 0.000000000000000000 ) ) ;
#3453 = CARTESIAN_POINT ( 'NONE',  ( 0.2755905511811023167, 0.09842519685039370636, -0.1476377952755906220 ) ) ;
#3454 = ORIENTED_EDGE ( 'NONE', *, *, #1186, .T. ) ;
#3455 = FILL_AREA_STYLE_COLOUR ( '', #3095 ) ;
#3456 = DIRECTION ( 'NONE',  ( -0.000000000000000000, -0.000000000000000000, -1.000000000000000000 ) ) ;
#3457 = VECTOR ( 'NONE', #1029, 39.37007874015748143 ) ;
#3458 = CARTESIAN_POINT ( 'NONE',  ( 0.2519685039370078705, 0.005905511811023620231, -6.402768735150616148E-18 ) ) ;
#3459 = ORIENTED_EDGE ( 'NONE', *, *, #1363, .T. ) ;
#3460 = CARTESIAN_POINT ( 'NONE',  ( 0.04330708661417322081, 0.000000000000000000, 0.000000000000000000 ) ) ;
#3461 = ORIENTED_EDGE ( 'NONE', *, *, #1695, .T. ) ;
#3462 = DIRECTION ( 'NONE',  ( 0.000000000000000000, 0.000000000000000000, 1.000000000000000000 ) ) ;
#3463 = SURFACE_STYLE_USAGE ( .BOTH. , #2472 ) ;
#3464 = EDGE_CURVE ( 'NONE', #608, #2943, #3928, .T. ) ;
#3465 = ORIENTED_EDGE ( 'NONE', *, *, #3524, .T. ) ;
#3466 = FACE_OUTER_BOUND ( 'NONE', #777, .T. ) ;
#3467 = CARTESIAN_POINT ( 'NONE',  ( 0.2755905511811023167, 0.007874015748031495954, -0.09251968503937006705 ) ) ;
#3468 = LINE ( 'NONE', #3797, #2292 ) ;
#3469 = EDGE_CURVE ( 'NONE', #2895, #3777, #360, .T. ) ;
#3470 = CARTESIAN_POINT ( 'NONE',  ( 0.2419871213828459766, 0.000000000000000000, -0.2237765555597085732 ) ) ;
#3471 = VERTEX_POINT ( 'NONE', #291 ) ;
#3472 = DIRECTION ( 'NONE',  ( 0.000000000000000000, 0.000000000000000000, 1.000000000000000000 ) ) ;
#3473 = DIRECTION ( 'NONE',  ( 0.000000000000000000, 9.035018104045871927E-17, -1.000000000000000000 ) ) ;
#3474 = ORIENTED_EDGE ( 'NONE', *, *, #415, .T. ) ;
#3475 = LINE ( 'NONE', #1620, #2132 ) ;
#3476 = DIRECTION ( 'NONE',  ( 1.000000000000000000, 0.000000000000000000, 0.000000000000000000 ) ) ;
#3477 = LINE ( 'NONE', #525, #2551 ) ;
#3478 = CARTESIAN_POINT ( 'NONE',  ( 0.2334591505409957524, 0.001181102362204736753, -0.2392959941137129953 ) ) ;
#3479 = EDGE_LOOP ( 'NONE', ( #4247, #3395, #815, #3101 ) ) ;
#3480 = CARTESIAN_POINT ( 'NONE',  ( 0.2170964463368089958, 0.000000000000000000, -0.2317492321286260537 ) ) ;
#3481 = VERTEX_POINT ( 'NONE', #1608 ) ;
#3482 = CARTESIAN_POINT ( 'NONE',  ( 0.1476377952755905387, 0.007874015748031495954, -0.2362204724409448231 ) ) ;
#3483 = EDGE_LOOP ( 'NONE', ( #527, #2733, #1175, #2307 ) ) ;
#3484 = CARTESIAN_POINT ( 'NONE',  ( 0.2755905511811023167, 0.09842519685039370636, -0.1476377952755905110 ) ) ;
#3485 = PLANE ( 'NONE',  #2356 ) ;
#3486 = EDGE_CURVE ( 'NONE', #1468, #1436, #2929, .T. ) ;
#3487 = CARTESIAN_POINT ( 'NONE',  ( 0.2419871213828459766, 0.000000000000000000, -0.2237765555597085732 ) ) ;
#3488 = CARTESIAN_POINT ( 'NONE',  ( 0.07518413417112761177, 0.09842519685039370636, 0.000000000000000000 ) ) ;
#3489 = CARTESIAN_POINT ( 'NONE',  ( 0.2507802602763769539, 0.001181102362204724827, -0.2299931894908841257 ) ) ;
#3490 = EDGE_CURVE ( 'NONE', #846, #1703, #1976, .T. ) ;
#3491 = EDGE_CURVE ( 'NONE', #3318, #4236, #630, .T. ) ;
#3492 = VERTEX_POINT ( 'NONE', #2974 ) ;
#3493 = DIRECTION ( 'NONE',  ( -1.000000000000000000, 0.000000000000000000, 0.000000000000000000 ) ) ;
#3494 = PLANE ( 'NONE',  #4012 ) ;
#3495 = VERTEX_POINT ( 'NONE', #3644 ) ;
#3496 = DIRECTION ( 'NONE',  ( -1.000000000000000000, 0.000000000000000000, 0.000000000000000000 ) ) ;
#3497 = CARTESIAN_POINT ( 'NONE',  ( 0.2345571634648917214, 0.000000000000000000, -0.2452394265047770916 ) ) ;
#3498 = CARTESIAN_POINT ( 'NONE',  ( 0.2519685039370078705, 0.000000000000000000, -0.04330708661417322081 ) ) ;
#3499 = CARTESIAN_POINT ( 'NONE',  ( 0.2412964182470536956, 0.000000000000000000, -0.2281510087530594089 ) ) ;
#3500 = CARTESIAN_POINT ( 'NONE',  ( 0.1066801971632535817, 0.09842519685039370636, -0.2544645476115997007 ) ) ;
#3501 = CARTESIAN_POINT ( 'NONE',  ( 0.2142900618009828950, 0.000000000000000000, -0.2247806993121163333 ) ) ;
#3502 = ORIENTED_EDGE ( 'NONE', *, *, #2413, .F. ) ;
#3503 = DIRECTION ( 'NONE',  ( -0.000000000000000000, -1.000000000000000000, -0.000000000000000000 ) ) ;
#3504 = ORIENTED_EDGE ( 'NONE', *, *, #3781, .T. ) ;
#3505 = VECTOR ( 'NONE', #3619, 39.37007874015748143 ) ;
#3506 = LINE ( 'NONE', #3143, #15 ) ;
#3507 = CARTESIAN_POINT ( 'NONE',  ( 0.2221807089063431440, 0.000000000000000000, -0.2304239485043729219 ) ) ;
#3508 = VECTOR ( 'NONE', #1986, 39.37007874015748143 ) ;
#3509 = CLOSED_SHELL ( 'NONE', ( #687, #2241, #3079, #399, #883, #4071 ) ) ;
#3510 = ORIENTED_EDGE ( 'NONE', *, *, #1480, .T. ) ;
#3511 = ORIENTED_EDGE ( 'NONE', *, *, #2417, .T. ) ;
#3512 = AXIS2_PLACEMENT_3D ( 'NONE', #262, #1207, #1229 ) ;
#3513 = VECTOR ( 'NONE', #1672, 39.37007874015748143 ) ;
#3514 = PLANE ( 'NONE',  #1809 ) ;
#3515 = DIRECTION ( 'NONE',  ( 0.000000000000000000, 1.000000000000000000, 0.000000000000000000 ) ) ;
#3516 = VECTOR ( 'NONE', #3382, 39.37007874015748143 ) ;
#3517 = CARTESIAN_POINT ( 'NONE',  ( 0.2512144527473138544, 0.000000000000000000, -0.2307956733371189506 ) ) ;
#3518 = VECTOR ( 'NONE', #3994, 39.37007874015748143 ) ;
#3519 = ORIENTED_EDGE ( 'NONE', *, *, #1696, .F. ) ;
#3520 = CARTESIAN_POINT ( 'NONE',  ( 0.000000000000000000, 0.09842519685039370636, -0.04330708661417323468 ) ) ;
#3521 = FACE_OUTER_BOUND ( 'NONE', #616, .T. ) ;
#3522 = ADVANCED_FACE ( 'NONE', ( #1654 ), #1677, .F. ) ;
#3523 = VECTOR ( 'NONE', #3953, 39.37007874015748143 ) ;
#3524 = EDGE_CURVE ( 'NONE', #1908, #23, #317, .T. ) ;
#3525 = EDGE_LOOP ( 'NONE', ( #1440, #868, #2577, #457 ) ) ;
#3526 = LINE ( 'NONE', #613, #1246 ) ;
#3527 = CARTESIAN_POINT ( 'NONE',  ( 0.2499209237140228301, 0.001181102362204724610, -0.2441973484478732748 ) ) ;
#3528 = DIRECTION ( 'NONE',  ( 0.000000000000000000, -1.000000000000000000, 0.000000000000000000 ) ) ;
#3529 = DIRECTION ( 'NONE',  ( -0.000000000000000000, -1.000000000000000000, -0.000000000000000000 ) ) ;
#3530 = CARTESIAN_POINT ( 'NONE',  ( 0.2166613397371305871, 0.001181102362204724827, -0.2479511653124368553 ) ) ;
#3531 = EDGE_LOOP ( 'NONE', ( #2592, #3988, #955, #938 ) ) ;
#3532 = DIRECTION ( 'NONE',  ( 0.000000000000000000, 0.000000000000000000, -1.000000000000000000 ) ) ;
#3533 = EDGE_CURVE ( 'NONE', #3083, #2305, #3288, .T. ) ;
#3534 = ORIENTED_EDGE ( 'NONE', *, *, #3031, .F. ) ;
#3535 = DIRECTION ( 'NONE',  ( 0.000000000000000000, 1.000000000000000000, 0.000000000000000000 ) ) ;
#3536 = CARTESIAN_POINT ( 'NONE',  ( 0.2467269262982546840, 0.000000000000000000, -0.2403714474996919426 ) ) ;
#3537 = ORIENTED_EDGE ( 'NONE', *, *, #1382, .F. ) ;
#3538 = ORIENTED_EDGE ( 'NONE', *, *, #4029, .F. ) ;
#3539 = CARTESIAN_POINT ( 'NONE',  ( 0.01968503937007875029, 0.01377952755905511792, -0.1673228346456692439 ) ) ;
#3540 = FACE_BOUND ( 'NONE', #3041, .T. ) ;
#3541 = CARTESIAN_POINT ( 'NONE',  ( 0.2523217509782131329, 0.000000000000000000, -0.2349664216441046394 ) ) ;
#3542 = ORIENTED_EDGE ( 'NONE', *, *, #3036, .T. ) ;
#3543 = PLANE ( 'NONE',  #2296 ) ;
#3544 = DIRECTION ( 'NONE',  ( -1.000000000000000000, -0.000000000000000000, -0.000000000000000000 ) ) ;
#3545 = ORIENTED_EDGE ( 'NONE', *, *, #3331, .F. ) ;
#3546 = CARTESIAN_POINT ( 'NONE',  ( 0.000000000000000000, 0.09842519685039370636, -0.2952755905511810774 ) ) ;
#3547 = CARTESIAN_POINT ( 'NONE',  ( 0.2323809225981256776, 0.000000000000000000, -0.2439337430918299687 ) ) ;
#3548 = CARTESIAN_POINT ( 'NONE',  ( 0.2412964182470536956, 0.001181102362204724827, -0.2281510087530594089 ) ) ;
#3549 = ORIENTED_EDGE ( 'NONE', *, *, #1782, .F. ) ;
#3550 = EDGE_CURVE ( 'NONE', #3217, #598, #2647, .T. ) ;
#3551 = CYLINDRICAL_SURFACE ( 'NONE', #1600, 0.01181102362204724046 ) ;
#3552 = CARTESIAN_POINT ( 'NONE',  ( 0.2450242994299839938, 0.001181102362204736753, -0.2418466451050068911 ) ) ;
#3553 = DIMENSIONAL_EXPONENTS ( 1.000000000000000000, 0.000000000000000000, 0.000000000000000000, 0.000000000000000000, 0.000000000000000000, 0.000000000000000000, 0.000000000000000000 ) ;
#3554 = CARTESIAN_POINT ( 'NONE',  ( 0.04330708661417322081, 0.000000000000000000, -0.04330708661417323468 ) ) ;
#3555 = CARTESIAN_POINT ( 'NONE',  ( 0.2523779959581660126, 0.000000000000000000, -0.2384669047391490826 ) ) ;
#3556 = ORIENTED_EDGE ( 'NONE', *, *, #85, .T. ) ;
#3557 = DIRECTION ( 'NONE',  ( 0.000000000000000000, 0.000000000000000000, -1.000000000000000000 ) ) ;
#3558 = EDGE_CURVE ( 'NONE', #3979, #502, #2616, .T. ) ;
#3559 = ORIENTED_EDGE ( 'NONE', *, *, #2299, .F. ) ;
#3560 = EDGE_LOOP ( 'NONE', ( #1019, #2490, #1801, #1852 ) ) ;
#3561 = CARTESIAN_POINT ( 'NONE',  ( 0.2362204724409449064, 0.07480314960629921850, -0.1003937007874015630 ) ) ;
#3562 = PLANE ( 'NONE',  #3450 ) ;
#3563 = CARTESIAN_POINT ( 'NONE',  ( 0.2267724003271104072, 0.000000000000000000, -0.2398310840801953225 ) ) ;
#3564 = DIRECTION ( 'NONE',  ( 0.000000000000000000, 1.000000000000000000, 0.000000000000000000 ) ) ;
#3565 = CARTESIAN_POINT ( 'NONE',  ( 0.2362204724409449064, 0.08661417322834646937, -0.1003937007874015630 ) ) ;
#3566 = PLANE ( 'NONE',  #1530 ) ;
#3567 = ORIENTED_EDGE ( 'NONE', *, *, #2815, .T. ) ;
#3568 = CARTESIAN_POINT ( 'NONE',  ( 0.2952755905511810774, 0.000000000000000000, -0.04330708661417322081 ) ) ;
#3569 = CARTESIAN_POINT ( 'NONE',  ( 0.2523777795902025778, 0.001181102362204724610, -0.2356632060749228874 ) ) ;
#3570 = DIRECTION ( 'NONE',  ( 0.000000000000000000, 0.000000000000000000, -1.000000000000000000 ) ) ;
#3571 = ORIENTED_EDGE ( 'NONE', *, *, #540, .F. ) ;
#3572 = CARTESIAN_POINT ( 'NONE',  ( 0.2137232430112674664, 0.001181102362204724176, -0.2247253440622300202 ) ) ;
#3573 = CARTESIAN_POINT ( 'NONE',  ( 0.2345538511480255162, 0.001181102362204736753, -0.2399974993010051405 ) ) ;
#3574 = CARTESIAN_POINT ( 'NONE',  ( 0.2524361124097484477, 0.000000000000000000, -0.2363895417226684892 ) ) ;
#3575 = ORIENTED_EDGE ( 'NONE', *, *, #3711, .T. ) ;
#3576 = DIRECTION ( 'NONE',  ( 1.000000000000000000, 0.000000000000000000, 0.000000000000000000 ) ) ;
#3577 = ADVANCED_FACE ( 'NONE', ( #1362 ), #2666, .F. ) ;
#3578 = ORIENTED_EDGE ( 'NONE', *, *, #245, .T. ) ;
#3579 = ADVANCED_FACE ( 'NONE', ( #3066 ), #1757, .F. ) ;
#3580 = ORIENTED_EDGE ( 'NONE', *, *, #2931, .F. ) ;
#3581 = DIRECTION ( 'NONE',  ( 1.000000000000000000, 0.000000000000000000, 0.000000000000000000 ) ) ;
#3582 = MECHANICAL_DESIGN_GEOMETRIC_PRESENTATION_REPRESENTATION (  '', ( #750 ), #3379 ) ;
#3583 = CARTESIAN_POINT ( 'NONE',  ( 0.03581405543097011812, 0.09724409448818897850, -0.2544645476115997007 ) ) ;
#3584 = CARTESIAN_POINT ( 'NONE',  ( 0.01968503937007873988, 0.007874015748031495954, -0.09251968503937003929 ) ) ;
#3585 = AXIS2_PLACEMENT_3D ( 'NONE', #3849, #173, #3158 ) ;
#3586 = CARTESIAN_POINT ( 'NONE',  ( 0.2952755905511810774, 0.000000000000000000, -0.04330708661417322081 ) ) ;
#3587 = PLANE ( 'NONE',  #2992 ) ;
#3588 = AXIS2_PLACEMENT_3D ( 'NONE', #1394, #4011, #3705 ) ;
#3589 = AXIS2_PLACEMENT_3D ( 'NONE', #198, #1511, #2830 ) ;
#3590 = PLANE ( 'NONE',  #36 ) ;
#3591 = CARTESIAN_POINT ( 'NONE',  ( 0.2755905511811023167, 0.007874015748031495954, -0.2027559055118110243 ) ) ;
#3592 = ORIENTED_EDGE ( 'NONE', *, *, #1962, .F. ) ;
#3593 = AXIS2_PLACEMENT_3D ( 'NONE', #892, #3870, #1292 ) ;
#3594 = CARTESIAN_POINT ( 'NONE',  ( 0.2952755905511810774, 0.007874015748031495954, -0.09251968503937006705 ) ) ;
#3595 = CARTESIAN_POINT ( 'NONE',  ( 0.2285398033068938295, 0.001181102362204724610, -0.2411956145366499493 ) ) ;
#3596 = LINE ( 'NONE', #1967, #3505 ) ;
#3597 = EDGE_LOOP ( 'NONE', ( #274, #3261, #3410 ) ) ;
#3598 = DIRECTION ( 'NONE',  ( 0.000000000000000000, 0.000000000000000000, -1.000000000000000000 ) ) ;
#3599 = LINE ( 'NONE', #649, #3264 ) ;
#3600 = VECTOR ( 'NONE', #2887, 39.37007874015748143 ) ;
#3601 = CARTESIAN_POINT ( 'NONE',  ( 0.2519685039370078705, 0.09842519685039370636, -0.2952755905511810774 ) ) ;
#3602 = ORIENTED_EDGE ( 'NONE', *, *, #3533, .F. ) ;
#3603 = DIRECTION ( 'NONE',  ( 0.000000000000000000, 0.000000000000000000, 1.000000000000000000 ) ) ;
#3604 = VECTOR ( 'NONE', #3308, 39.37007874015748143 ) ;
#3605 = AXIS2_PLACEMENT_3D ( 'NONE', #3416, #3057, #166 ) ;
#3606 = ORIENTED_EDGE ( 'NONE', *, *, #2180, .T. ) ;
#3607 = ORIENTED_EDGE ( 'NONE', *, *, #2497, .F. ) ;
#3608 = LINE ( 'NONE', #3989, #694 ) ;
#3609 = DIRECTION ( 'NONE',  ( 0.000000000000000000, 0.000000000000000000, -1.000000000000000000 ) ) ;
#3610 = DIRECTION ( 'NONE',  ( -1.000000000000000000, 0.000000000000000000, 0.000000000000000000 ) ) ;
#3611 = LINE ( 'NONE', #3647, #2700 ) ;
#3612 = CARTESIAN_POINT ( 'NONE',  ( 0.2755905511811023167, 0.007874015748031495954, -0.09251968503937006705 ) ) ;
#3613 = EDGE_CURVE ( 'NONE', #107, #880, #2052, .T. ) ;
#3614 = FACE_OUTER_BOUND ( 'NONE', #2375, .T. ) ;
#3615 = CARTESIAN_POINT ( 'NONE',  ( 0.04724409448818898266, 0.000000000000000000, -0.1181102362204724116 ) ) ;
#3616 = ORIENTED_EDGE ( 'NONE', *, *, #624, .T. ) ;
#3617 = CARTESIAN_POINT ( 'NONE',  ( 0.2559055118110236671, 0.07480314960629921850, -0.1003937007874015908 ) ) ;
#3618 = ORIENTED_EDGE ( 'NONE', *, *, #2155, .T. ) ;
#3619 = DIRECTION ( 'NONE',  ( 1.000000000000000000, 0.000000000000000000, 0.000000000000000000 ) ) ;
#3620 = ORIENTED_EDGE ( 'NONE', *, *, #1070, .F. ) ;
#3621 = DIRECTION ( 'NONE',  ( 0.000000000000000000, 0.000000000000000000, -1.000000000000000000 ) ) ;
#3622 = CARTESIAN_POINT ( 'NONE',  ( 0.2248256226085678378, 0.001181102362204726995, -0.2382794085376810367 ) ) ;
#3623 = EDGE_LOOP ( 'NONE', ( #153, #1855, #1771, #2653 ) ) ;
#3624 = LINE ( 'NONE', #1709, #538 ) ;
#3625 = DIRECTION ( 'NONE',  ( 0.000000000000000000, -1.000000000000000000, 0.000000000000000000 ) ) ;
#3626 = CARTESIAN_POINT ( 'NONE',  ( 0.2952755905511810774, 0.005905511811023621965, -0.2519685039370078705 ) ) ;
#3627 = ORIENTED_EDGE ( 'NONE', *, *, #2209, .T. ) ;
#3628 = CARTESIAN_POINT ( 'NONE',  ( 0.2519685039370078705, 0.005905511811023621965, -0.2952755905511810774 ) ) ;
#3629 = SURFACE_STYLE_USAGE ( .BOTH. , #339 ) ;
#3630 = DIRECTION ( 'NONE',  ( 0.000000000000000000, 1.000000000000000000, 0.000000000000000000 ) ) ;
#3631 = LINE ( 'NONE', #1025, #1524 ) ;
#3632 = EDGE_CURVE ( 'NONE', #2782, #2917, #396, .T. ) ;
#3633 = PLANE ( 'NONE',  #92 ) ;
#3634 = EDGE_CURVE ( 'NONE', #3853, #593, #1047, .T. ) ;
#3635 = EDGE_CURVE ( 'NONE', #4236, #1498, #1090, .T. ) ;
#3636 = ORIENTED_EDGE ( 'NONE', *, *, #498, .F. ) ;
#3637 = ORIENTED_EDGE ( 'NONE', *, *, #1792, .F. ) ;
#3638 = CARTESIAN_POINT ( 'NONE',  ( 0.2159380734659533951, 0.001181102362204724176, -0.2252485748521993181 ) ) ;
#3639 = CARTESIAN_POINT ( 'NONE',  ( 0.2522448975084875533, 0.001181102362204726995, -0.2394359620290856527 ) ) ;
#3640 = ORIENTED_EDGE ( 'NONE', *, *, #4098, .T. ) ;
#3641 =( NAMED_UNIT ( * ) SI_UNIT ( $, .STERADIAN. ) SOLID_ANGLE_UNIT ( ) );
#3642 = DIRECTION ( 'NONE',  ( 0.000000000000000000, 0.000000000000000000, 1.000000000000000000 ) ) ;
#3643 = CARTESIAN_POINT ( 'NONE',  ( 0.06731011842309610194, 0.09842519685039370636, -0.2820236027297099435 ) ) ;
#3644 = CARTESIAN_POINT ( 'NONE',  ( 0.1066801971632535817, 0.09842519685039370636, -0.2544645476115997007 ) ) ;
#3645 = LINE ( 'NONE', #341, #1737 ) ;
#3646 =( GEOMETRIC_REPRESENTATION_CONTEXT ( 3 ) GLOBAL_UNCERTAINTY_ASSIGNED_CONTEXT ( ( #99 ) ) GLOBAL_UNIT_ASSIGNED_CONTEXT ( ( #431, #1806, #4114 ) ) REPRESENTATION_CONTEXT ( 'NONE', 'WORKASPACE' ) );
#3647 = CARTESIAN_POINT ( 'NONE',  ( 0.000000000000000000, 0.01377952755905511792, -0.09251968503937003929 ) ) ;
#3648 = CARTESIAN_POINT ( 'NONE',  ( 0.2086614173228346081, 0.04724409448818898266, -0.1476377952755905387 ) ) ;
#3649 = CARTESIAN_POINT ( 'NONE',  ( 0.000000000000000000, 0.09842519685039370636, -0.2544645476115997007 ) ) ;
#3650 = VECTOR ( 'NONE', #3936, 39.37007874015748143 ) ;
#3651 = VECTOR ( 'NONE', #3476, 39.37007874015748143 ) ;
#3652 = VERTEX_POINT ( 'NONE', #2360 ) ;
#3653 = ORIENTED_EDGE ( 'NONE', *, *, #1983, .T. ) ;
#3654 = VECTOR ( 'NONE', #3881, 39.37007874015748143 ) ;
#3655 = EDGE_LOOP ( 'NONE', ( #2080, #2595, #820, #48 ) ) ;
#3656 = AXIS2_PLACEMENT_3D ( 'NONE', #1495, #2108, #174 ) ;
#3657 = CARTESIAN_POINT ( 'NONE',  ( 0.2167321385854072135, 0.001181102362204724176, -0.2256083955760364024 ) ) ;
#3658 =( NAMED_UNIT ( * ) PLANE_ANGLE_UNIT ( ) SI_UNIT ( $, .RADIAN. ) );
#3659 = EDGE_CURVE ( 'NONE', #4238, #4052, #3732, .T. ) ;
#3660 = EDGE_CURVE ( 'NONE', #4238, #307, #3013, .T. ) ;
#3661 = CARTESIAN_POINT ( 'NONE',  ( 0.2755905511811023167, 0.01377952755905511792, -0.1673228346456692994 ) ) ;
#3662 = VECTOR ( 'NONE', #2561, 39.37007874015748143 ) ;
#3663 = ORIENTED_EDGE ( 'NONE', *, *, #4201, .T. ) ;
#3664 = FACE_OUTER_BOUND ( 'NONE', #297, .T. ) ;
#3665 = CARTESIAN_POINT ( 'NONE',  ( 0.2403180000440609254, 0.001181102362204724176, -0.2424717077656828312 ) ) ;
#3666 = MANIFOLD_SOLID_BREP ( '凸台-拉伸2[2]', #2069 ) ;
#3667 = VECTOR ( 'NONE', #4221, 39.37007874015748143 ) ;
#3668 = FACE_OUTER_BOUND ( 'NONE', #2556, .T. ) ;
#3669 = EDGE_CURVE ( 'NONE', #4000, #3769, #3990, .T. ) ;
#3670 = ORIENTED_EDGE ( 'NONE', *, *, #3394, .T. ) ;
#3671 = VECTOR ( 'NONE', #4214, 39.37007874015748143 ) ;
#3672 = DIRECTION ( 'NONE',  ( 1.000000000000000000, 0.000000000000000000, 0.000000000000000000 ) ) ;
#3673 = DIRECTION ( 'NONE',  ( -0.000000000000000000, -1.000000000000000000, -0.000000000000000000 ) ) ;
#3674 = VECTOR ( 'NONE', #2482, 39.37007874015748143 ) ;
#3675 = LINE ( 'NONE', #3929, #4065 ) ;
#3676 = UNCERTAINTY_MEASURE_WITH_UNIT (LENGTH_MEASURE( 1.000000000000000082E-05 ), #2331, 'distance_accuracy_value', 'NONE');
#3677 = CARTESIAN_POINT ( 'NONE',  ( 0.06731011842309610194, 0.09842519685039370636, -0.2544645476115997007 ) ) ;
#3678 = LINE ( 'NONE', #1345, #566 ) ;
#3679 = ORIENTED_EDGE ( 'NONE', *, *, #2793, .T. ) ;
#3680 = EDGE_LOOP ( 'NONE', ( #702, #2485, #374, #1590 ) ) ;
#3681 = ORIENTED_EDGE ( 'NONE', *, *, #1647, .T. ) ;
#3682 = CARTESIAN_POINT ( 'NONE',  ( 0.2167321385854072135, 0.000000000000000000, -0.2256083955760364024 ) ) ;
#3683 = LINE ( 'NONE', #1725, #1883 ) ;
#3684 = CARTESIAN_POINT ( 'NONE',  ( 0.2409797423529303484, 0.001181102362204726995, -0.2474319173518990667 ) ) ;
#3685 = ORIENTED_EDGE ( 'NONE', *, *, #3188, .T. ) ;
#3686 = CARTESIAN_POINT ( 'NONE',  ( 0.2523217509782131329, 0.001181102362204727863, -0.2349664216441046394 ) ) ;
#3687 = EDGE_CURVE ( 'NONE', #314, #2717, #732, .T. ) ;
#3688 = CARTESIAN_POINT ( 'NONE',  ( 0.2473715883965013074, 0.001181102362204724176, -0.2394271304464066774 ) ) ;
#3689 = MANIFOLD_SOLID_BREP ( '凸台-拉伸2[3]', #419 ) ;
#3690 = CARTESIAN_POINT ( 'NONE',  ( 0.2952755905511810774, 0.09842519685039370636, -0.04330708661417322081 ) ) ;
#3691 = EDGE_CURVE ( 'NONE', #4211, #3495, #1816, .T. ) ;
#3692 = LINE ( 'NONE', #811, #290 ) ;
#3693 = EDGE_CURVE ( 'NONE', #3738, #3808, #1422, .T. ) ;
#3694 = EDGE_CURVE ( 'NONE', #593, #2027, #1280, .T. ) ;
#3695 = LENGTH_MEASURE_WITH_UNIT ( LENGTH_MEASURE( 0.02539999999999999897 ), #3085 );
#3696 = DIRECTION ( 'NONE',  ( -1.000000000000000000, 0.000000000000000000, 0.000000000000000000 ) ) ;
#3697 = FACE_OUTER_BOUND ( 'NONE', #2878, .T. ) ;
#3698 = DIRECTION ( 'NONE',  ( 1.000000000000000000, 0.000000000000000000, 0.000000000000000000 ) ) ;
#3699 = ORIENTED_EDGE ( 'NONE', *, *, #1638, .F. ) ;
#3700 = EDGE_LOOP ( 'NONE', ( #1238, #1065, #387, #2816 ) ) ;
#3701 = ORIENTED_EDGE ( 'NONE', *, *, #2244, .F. ) ;
#3702 = CARTESIAN_POINT ( 'NONE',  ( -4.268512490100411279E-18, 0.007874015748031495954, -0.1673228346456692439 ) ) ;
#3703 = CARTESIAN_POINT ( 'NONE',  ( 0.2378227443157902854, 0.001181102362204726995, -0.2467172585078814540 ) ) ;
#3704 = ORIENTED_EDGE ( 'NONE', *, *, #577, .T. ) ;
#3705 = DIRECTION ( 'NONE',  ( 0.000000000000000000, 0.000000000000000000, -1.000000000000000000 ) ) ;
#3706 = DIRECTION ( 'NONE',  ( 0.000000000000000000, 0.000000000000000000, 1.000000000000000000 ) ) ;
#3707 = ORIENTED_EDGE ( 'NONE', *, *, #1030, .F. ) ;
#3708 = PLANE ( 'NONE',  #362 ) ;
#3709 = DIRECTION ( 'NONE',  ( 0.000000000000000000, 0.000000000000000000, -1.000000000000000000 ) ) ;
#3710 = EDGE_CURVE ( 'NONE', #2492, #1908, #2563, .T. ) ;
#3711 = EDGE_CURVE ( 'NONE', #3979, #2727, #1625, .T. ) ;
#3712 = DIRECTION ( 'NONE',  ( -0.000000000000000000, -0.000000000000000000, -1.000000000000000000 ) ) ;
#3713 = ORIENTED_EDGE ( 'NONE', *, *, #2937, .T. ) ;
#3714 = MANIFOLD_SOLID_BREP ( 'NONE', #2622 ) ;
#3715 = ORIENTED_EDGE ( 'NONE', *, *, #2469, .F. ) ;
#3716 = ORIENTED_EDGE ( 'NONE', *, *, #2157, .T. ) ;
#3717 = VECTOR ( 'NONE', #2213, 39.37007874015748143 ) ;
#3718 = CARTESIAN_POINT ( 'NONE',  ( 0.2440944881889763884, 0.09842519685039370636, -0.1633858267716535861 ) ) ;
#3719 = DIRECTION ( 'NONE',  ( 0.000000000000000000, 1.000000000000000000, 0.000000000000000000 ) ) ;
#3720 = ORIENTED_EDGE ( 'NONE', *, *, #2995, .F. ) ;
#3721 = AXIS2_PLACEMENT_3D ( 'NONE', #3084, #1127, #3557 ) ;
#3722 = CARTESIAN_POINT ( 'NONE',  ( 0.2432484214611869422, 0.001181102362204727863, -0.2242315308076134051 ) ) ;
#3723 = LINE ( 'NONE', #2755, #1248 ) ;
#3724 = CARTESIAN_POINT ( 'NONE',  ( 0.2474302781145604757, 0.001181102362204724176, -0.2337111990098350855 ) ) ;
#3725 = CARTESIAN_POINT ( 'NONE',  ( 0.000000000000000000, 0.09842519685039370636, 0.000000000000000000 ) ) ;
#3726 = AXIS2_PLACEMENT_3D ( 'NONE', #1323, #1281, #261 ) ;
#3727 = VECTOR ( 'NONE', #306, 39.37007874015748143 ) ;
#3728 = PRODUCT_DEFINITION_SHAPE ( 'NONE', 'NONE',  #3132 ) ;
#3729 = VERTEX_POINT ( 'NONE', #1575 ) ;
#3730 = DIRECTION ( 'NONE',  ( 0.000000000000000000, 0.000000000000000000, 1.000000000000000000 ) ) ;
#3731 = VECTOR ( 'NONE', #2934, 39.37007874015748143 ) ;
#3732 = LINE ( 'NONE', #115, #2021 ) ;
#3733 = VECTOR ( 'NONE', #4197, 39.37007874015748143 ) ;
#3734 = ADVANCED_FACE ( 'NONE', ( #1147 ), #2455, .F. ) ;
#3735 = AXIS2_PLACEMENT_3D ( 'NONE', #596, #2130, #2261 ) ;
#3736 = FACE_OUTER_BOUND ( 'NONE', #255, .T. ) ;
#3737 = VECTOR ( 'NONE', #3313, 39.37007874015748143 ) ;
#3738 = VERTEX_POINT ( 'NONE', #3554 ) ;
#3739 = ADVANCED_FACE ( 'NONE', ( #3916 ), #812, .F. ) ;
#3740 = DIRECTION ( 'NONE',  ( -1.000000000000000000, 0.000000000000000000, 0.000000000000000000 ) ) ;
#3741 = EDGE_CURVE ( 'NONE', #3007, #2399, #2284, .T. ) ;
#3742 = ORIENTED_EDGE ( 'NONE', *, *, #2445, .F. ) ;
#3743 = DIRECTION ( 'NONE',  ( 0.000000000000000000, 0.000000000000000000, 1.000000000000000000 ) ) ;
#3744 = DIRECTION ( 'NONE',  ( 0.000000000000000000, 1.000000000000000000, 0.000000000000000000 ) ) ;
#3745 = ORIENTED_EDGE ( 'NONE', *, *, #3978, .F. ) ;
#3746 = CARTESIAN_POINT ( 'NONE',  ( 0.000000000000000000, 0.01377952755905511792, 0.000000000000000000 ) ) ;
#3747 = CARTESIAN_POINT ( 'NONE',  ( 0.2428859970672434532, 0.001181102362204724176, -0.2425852137139840325 ) ) ;
#3748 = DIRECTION ( 'NONE',  ( 0.000000000000000000, 0.000000000000000000, -1.000000000000000000 ) ) ;
#3749 = CARTESIAN_POINT ( 'NONE',  ( 0.000000000000000000, 0.007874015748031495954, -0.1279527559055117503 ) ) ;
#3750 = VERTEX_POINT ( 'NONE', #2608 ) ;
#3751 = CARTESIAN_POINT ( 'NONE',  ( 0.000000000000000000, 0.005905511811023621965, 0.000000000000000000 ) ) ;
#3752 = DIRECTION ( 'NONE',  ( -0.000000000000000000, -1.000000000000000000, -0.000000000000000000 ) ) ;
#3753 = CARTESIAN_POINT ( 'NONE',  ( 0.04330708661417322081, 0.09842519685039370636, -0.2952755905511810219 ) ) ;
#3754 = MANIFOLD_SOLID_BREP ( '凸台-拉伸3[2]', #3509 ) ;
#3755 = CARTESIAN_POINT ( 'NONE',  ( 0.2507802602763769539, 0.000000000000000000, -0.2299931894908841257 ) ) ;
#3756 = MANIFOLD_SOLID_BREP ( '凸台-拉伸3[3]', #217 ) ;
#3757 = VERTEX_POINT ( 'NONE', #51 ) ;
#3758 = CARTESIAN_POINT ( 'NONE',  ( 0.2952755905511810774, 0.000000000000000000, -0.2603201588329114302 ) ) ;
#3759 = PRESENTATION_STYLE_ASSIGNMENT (( #1137 ) ) ;
#3760 = FACE_OUTER_BOUND ( 'NONE', #1984, .T. ) ;
#3761 = EDGE_CURVE ( 'NONE', #2917, #23, #3363, .T. ) ;
#3762 = EDGE_CURVE ( 'NONE', #23, #1787, #2678, .T. ) ;
#3763 = EDGE_LOOP ( 'NONE', ( #994, #3679, #705, #2031 ) ) ;
#3764 = EDGE_CURVE ( 'NONE', #89, #303, #1060, .T. ) ;
#3765 = PLANE ( 'NONE',  #1664 ) ;
#3766 = PLANE ( 'NONE',  #2351 ) ;
#3767 = CARTESIAN_POINT ( 'NONE',  ( 0.000000000000000000, 0.007874015748031495954, -0.1673228346456692994 ) ) ;
#3768 = CARTESIAN_POINT ( 'NONE',  ( -4.339299682018179909E-18, 0.007874015748031495954, 0.000000000000000000 ) ) ;
#3769 = VERTEX_POINT ( 'NONE', #2345 ) ;
#3770 = CARTESIAN_POINT ( 'NONE',  ( 0.2315411044120694595, 0.000000000000000000, -0.2433708278541454328 ) ) ;
#3771 = EDGE_LOOP ( 'NONE', ( #908, #3602, #582, #3627 ) ) ;
#3772 = PLANE ( 'NONE',  #2699 ) ;
#3773 = LINE ( 'NONE', #199, #95 ) ;
#3774 = EDGE_LOOP ( 'NONE', ( #453, #3474, #3037, #738 ) ) ;
#3775 = FACE_OUTER_BOUND ( 'NONE', #3655, .T. ) ;
#3776 = LINE ( 'NONE', #3180, #2362 ) ;
#3777 = VERTEX_POINT ( 'NONE', #2373 ) ;
#3778 = LINE ( 'NONE', #3120, #1172 ) ;
#3779 = LINE ( 'NONE', #258, #3238 ) ;
#3780 = AXIS2_PLACEMENT_3D ( 'NONE', #3969, #11, #3333 ) ;
#3781 = EDGE_CURVE ( 'NONE', #598, #593, #3683, .T. ) ;
#3782 = CARTESIAN_POINT ( 'NONE',  ( 0.2166613397371305871, 0.000000000000000000, -0.2313742900534231928 ) ) ;
#3783 = EDGE_CURVE ( 'NONE', #2624, #1554, #3599, .T. ) ;
#3784 = CARTESIAN_POINT ( 'NONE',  ( 0.2952755905511810774, 0.09842519685039370636, -0.2519685039370078705 ) ) ;
#3785 = EDGE_LOOP ( 'NONE', ( #670, #473, #2519, #2636 ) ) ;
#3786 = CARTESIAN_POINT ( 'NONE',  ( 0.2215877806141369200, 0.000000000000000000, -0.2355894516368668146 ) ) ;
#3787 = VECTOR ( 'NONE', #234, 39.37007874015748143 ) ;
#3788 = ORIENTED_EDGE ( 'NONE', *, *, #3954, .F. ) ;
#3789 = LINE ( 'NONE', #1831, #3654 ) ;
#3790 = EDGE_CURVE ( 'NONE', #1619, #4000, #3281, .T. ) ;
#3791 = VECTOR ( 'NONE', #3833, 39.37007874015748143 ) ;
#3792 = VECTOR ( 'NONE', #3421, 39.37007874015748143 ) ;
#3793 =( NAMED_UNIT ( * ) PLANE_ANGLE_UNIT ( ) SI_UNIT ( $, .RADIAN. ) );
#3794 = VERTEX_POINT ( 'NONE', #3758 ) ;
#3795 = AXIS2_PLACEMENT_3D ( 'NONE', #1152, #1117, #783 ) ;
#3796 = DIRECTION ( 'NONE',  ( 0.000000000000000000, 0.000000000000000000, 1.000000000000000000 ) ) ;
#3797 = CARTESIAN_POINT ( 'NONE',  ( 0.2952755905511810774, 0.09842519685039370636, -0.2519685039370078705 ) ) ;
#3798 = AXIS2_PLACEMENT_3D ( 'NONE', #2383, #795, #2094 ) ;
#3799 = CARTESIAN_POINT ( 'NONE',  ( 0.2496978280159020958, 0.000000000000000000, -0.2284859246414890632 ) ) ;
#3800 = VERTEX_POINT ( 'NONE', #2778 ) ;
#3801 = DIRECTION ( 'NONE',  ( 0.000000000000000000, 0.000000000000000000, 1.000000000000000000 ) ) ;
#3802 = AXIS2_PLACEMENT_3D ( 'NONE', #1747, #119, #3743 ) ;
#3803 = DIRECTION ( 'NONE',  ( 0.000000000000000000, 0.000000000000000000, -1.000000000000000000 ) ) ;
#3804 = ORIENTED_EDGE ( 'NONE', *, *, #861, .F. ) ;
#3805 = CARTESIAN_POINT ( 'NONE',  ( 0.2519685039370078705, 0.005905511811023621965, -0.2519685039370078705 ) ) ;
#3806 = LINE ( 'NONE', #848, #817 ) ;
#3807 = DIRECTION ( 'NONE',  ( 0.000000000000000000, 1.000000000000000000, 0.000000000000000000 ) ) ;
#3808 = VERTEX_POINT ( 'NONE', #1761 ) ;
#3809 = CARTESIAN_POINT ( 'NONE',  ( 0.2258313998707726367, 0.000000000000000000, -0.2390673543921023880 ) ) ;
#3810 = ADVANCED_FACE ( 'NONE', ( #3775 ), #818, .F. ) ;
#3811 = ORIENTED_EDGE ( 'NONE', *, *, #1015, .T. ) ;
#3812 = CARTESIAN_POINT ( 'NONE',  ( 0.2125171209223771784, 0.000000000000000000, -0.2246974930740982257 ) ) ;
#3813 = ADVANCED_FACE ( 'NONE', ( #781 ), #2140, .T. ) ;
#3814 = ORIENTED_EDGE ( 'NONE', *, *, #3422, .T. ) ;
#3815 = EDGE_CURVE ( 'NONE', #65, #879, #2387, .T. ) ;
#3816 =( NAMED_UNIT ( * ) SI_UNIT ( $, .STERADIAN. ) SOLID_ANGLE_UNIT ( ) );
#3817 = B_SPLINE_CURVE_WITH_KNOTS ( 'NONE', 3,
 ( #1188, #2499, #1834, #224, #4154, #881, #1510, #2520, #3836, #858, #3144, #2176, #3856, #3536, #2853, #580, #4171, #2876, #2196, #4151, #1854, #1882, #243, #3195, #1538, #3165, #1230, #878, #906, #1208, #1560, #2516, #1903, #3834, #3507, #2539, #2225, #2765, #1791, #1454, #547, #3104, #1128, #4070, #3501, #873, #472 ),
 .UNSPECIFIED., .F., .F.,
 ( 4, 1, 1, 1, 1, 1, 1, 1, 1, 1, 1, 1, 1, 1, 1, 1, 1, 1, 1, 1, 1, 1, 1, 1, 1, 1, 1, 1, 1, 1, 1, 1, 1, 1, 1, 1, 1, 1, 1, 1, 1, 1, 1, 1, 4 ),
 ( 0.000000000000000000, 4.182637316152484219E-05, 8.063625044673849410E-05, 0.0001171327034207353992, 0.0001521333803146326122, 0.0001858098557965565546, 0.0002180190833177164287, 0.0002492613653222185729, 0.0002801669536349616751, 0.0003099762425883454092, 0.0003385663211554387742, 0.0003670527204817054193, 0.0003963808923721108806, 0.0004256193396098922562, 0.0004538721168143734623, 0.0004819095931802812446, 0.0005107765158538869537, 0.0005417104294786179684, 0.0005756620138243456449, 0.0006136046665234243594, 0.0006558779959237140715, 0.0006796301471788012338, 0.0007065978131914207741, 0.0007366372870142886935, 0.0007698957651978006718, 0.0008061037607598846300, 0.0008457129299033459315, 0.0008884900047785674335, 0.0009344040785945295462, 0.0009805495626596816977, 0.001024011729098054518, 0.001064796275802902667, 0.001102887737218791317, 0.001138176678866035943, 0.001170806463569640720, 0.001200655429485818996, 0.001228048083606046378, 0.001253434207941521309, 0.001277671710772783267, 0.001301043111819459716, 0.001323658902103615025, 0.001345861685123110000, 0.001367672952600230800, 0.001389314259558889790, 0.001411228382855071913 ),
 .UNSPECIFIED. ) ;
#3818 = CARTESIAN_POINT ( 'NONE',  ( 0.04724409448818898960, 0.001181102362204724393, -0.1181102362204723977 ) ) ;
#3819 = DIRECTION ( 'NONE',  ( -1.000000000000000000, 0.000000000000000000, 0.000000000000000000 ) ) ;
#3820 = CARTESIAN_POINT ( 'NONE',  ( 0.2455386879503793085, 0.001181102362204724827, -0.2252840180546854532 ) ) ;
#3821 = ORIENTED_EDGE ( 'NONE', *, *, #2377, .T. ) ;
#3822 = CARTESIAN_POINT ( 'NONE',  ( 0.2519685039370078705, 0.005905511811023621965, -0.2519685039370078705 ) ) ;
#3823 = LINE ( 'NONE', #1174, #88 ) ;
#3824 = VERTEX_POINT ( 'NONE', #739 ) ;
#3825 = LINE ( 'NONE', #2256, #2350 ) ;
#3826 = CARTESIAN_POINT ( 'NONE',  ( 0.2490430008121971572, 0.000000000000000000, -0.2450557421702466709 ) ) ;
#3827 = DIRECTION ( 'NONE',  ( 0.000000000000000000, 0.000000000000000000, -1.000000000000000000 ) ) ;
#3828 = CARTESIAN_POINT ( 'NONE',  ( 0.2459444872055055742, 0.001181102362204736753, -0.2412009712490781055 ) ) ;
#3829 = DIRECTION ( 'NONE',  ( 0.000000000000000000, 0.000000000000000000, -1.000000000000000000 ) ) ;
#3830 = VERTEX_POINT ( 'NONE', #3718 ) ;
#3831 = DIRECTION ( 'NONE',  ( -1.000000000000000000, 0.000000000000000000, 0.000000000000000000 ) ) ;
#3832 = ORIENTED_EDGE ( 'NONE', *, *, #3954, .T. ) ;
#3833 = DIRECTION ( 'NONE',  ( -1.000000000000000000, 0.000000000000000000, 0.000000000000000000 ) ) ;
#3834 = CARTESIAN_POINT ( 'NONE',  ( 0.2232207406143511541, 0.000000000000000000, -0.2313387466748072219 ) ) ;
#3835 = ORIENTED_EDGE ( 'NONE', *, *, #1026, .T. ) ;
#3836 = CARTESIAN_POINT ( 'NONE',  ( 0.2477909994966897844, 0.000000000000000000, -0.2348949135162880786 ) ) ;
#3837 = FACE_OUTER_BOUND ( 'NONE', #4109, .T. ) ;
#3838 = DIRECTION ( 'NONE',  ( -0.000000000000000000, -1.000000000000000000, -0.000000000000000000 ) ) ;
#3839 = EDGE_CURVE ( 'NONE', #2549, #2950, #1442, .T. ) ;
#3840 = EDGE_CURVE ( 'NONE', #2706, #1830, #2812, .T. ) ;
#3841 = LINE ( 'NONE', #885, #4127 ) ;
#3842 = CARTESIAN_POINT ( 'NONE',  ( 0.2192012271056505424, 0.001181102362204724610, -0.2335705060273137457 ) ) ;
#3843 = ORIENTED_EDGE ( 'NONE', *, *, #778, .T. ) ;
#3844 = CARTESIAN_POINT ( 'NONE',  ( 0.000000000000000000, 0.01377952755905511792, 0.000000000000000000 ) ) ;
#3845 = CARTESIAN_POINT ( 'NONE',  ( 0.2523476684197294984, 0.0005905511811023624134, -0.2352882744895792022 ) ) ;
#3846 = EDGE_LOOP ( 'NONE', ( #3439, #3011, #3607, #1931 ) ) ;
#3847 = CARTESIAN_POINT ( 'NONE',  ( 0.2952755905511810774, 0.005905511811023621965, 0.000000000000000000 ) ) ;
#3848 = CARTESIAN_POINT ( 'NONE',  ( 0.2423982634753465981, 0.001181102362204724610, -0.2474772587960445136 ) ) ;
#3849 = CARTESIAN_POINT ( 'NONE',  ( 0.000000000000000000, 0.005905511811023621965, 0.000000000000000000 ) ) ;
#3850 = CARTESIAN_POINT ( 'NONE',  ( 0.2282793567692240067, 0.001181102362204736753, -0.2355193797495434838 ) ) ;
#3851 = ORIENTED_EDGE ( 'NONE', *, *, #2265, .F. ) ;
#3852 = CARTESIAN_POINT ( 'NONE',  ( 0.06731011842309610194, 0.09842519685039370636, -0.2387165161155367921 ) ) ;
#3853 = VERTEX_POINT ( 'NONE', #3432 ) ;
#3854 = VECTOR ( 'NONE', #1095, 39.37007874015748143 ) ;
#3855 = DIRECTION ( 'NONE',  ( -1.000000000000000000, 0.000000000000000000, 0.000000000000000000 ) ) ;
#3856 = CARTESIAN_POINT ( 'NONE',  ( 0.2473715883965013074, 0.000000000000000000, -0.2394271304464066774 ) ) ;
#3857 = VECTOR ( 'NONE', #2952, 39.37007874015748143 ) ;
#3858 = VERTEX_POINT ( 'NONE', #1428 ) ;
#3859 = ORIENTED_EDGE ( 'NONE', *, *, #1840, .F. ) ;
#3860 = CIRCLE ( 'NONE', #2068, 0.01181102362204724046 ) ;
#3861 = CARTESIAN_POINT ( 'NONE',  ( 0.2952755905511810774, 0.09842519685039370636, -0.1673228346456692994 ) ) ;
#3862 = DIRECTION ( 'NONE',  ( 1.000000000000000000, 0.000000000000000000, 0.000000000000000000 ) ) ;
#3863 = AXIS2_PLACEMENT_3D ( 'NONE', #1466, #2781, #819 ) ;
#3864 = EDGE_CURVE ( 'NONE', #315, #3830, #3134, .T. ) ;
#3865 = CARTESIAN_POINT ( 'NONE',  ( 0.2166613397371305871, 0.000000000000000000, -0.2313742900534231928 ) ) ;
#3866 = VECTOR ( 'NONE', #720, 39.37007874015748143 ) ;
#3867 = ORIENTED_EDGE ( 'NONE', *, *, #2123, .F. ) ;
#3868 = B_SPLINE_SURFACE_WITH_KNOTS ( 'NONE', 3, 1, ( 
 ( #1277, #2587 ),
 ( #3895, #3572 ),
 ( #1624, #4232 ),
 ( #1298, #2283 ),
 ( #50, #3638 ),
 ( #3682, #3657 ),
 ( #3321, #685 ),
 ( #3021, #1389 ),
 ( #2002, #370 ),
 ( #2677, #3362 ),
 ( #407, #1017 ),
 ( #1724, #1371 ),
 ( #706, #1035 ),
 ( #2028, #724 ),
 ( #3981, #3342 ),
 ( #1688, #1705 ),
 ( #3005, #2344 ),
 ( #2327, #1059 ),
 ( #389, #67 ),
 ( #2695, #4003 ),
 ( #2371, #2044 ),
 ( #1122, #2088 ),
 ( #432, #1068 ),
 ( #2378, #2033 ),
 ( #109, #3062 ),
 ( #1693, #1376 ),
 ( #1753, #4028 ),
 ( #3080, #3665 ),
 ( #713, #4043 ),
 ( #1100, #3747 ),
 ( #2431, #411 ),
 ( #55, #3009 ),
 ( #2353, #1433 ),
 ( #3348, #1767 ),
 ( #126, #3688 ),
 ( #2682, #378 ),
 ( #1448, #744 ),
 ( #2740, #1084 ),
 ( #2406, #2391 ),
 ( #393, #3724 ),
 ( #767, #3986 ),
 ( #3405, #1730 ),
 ( #451, #2757 ),
 ( #4063, #1710 ),
 ( #728, #2702 ),
 ( #2049, #788 ),
 ( #3025, #72 ) ),
 .UNSPECIFIED., .F., .F., .F.,
 ( 4, 1, 1, 1, 1, 1, 1, 1, 1, 1, 1, 1, 1, 1, 1, 1, 1, 1, 1, 1, 1, 1, 1, 1, 1, 1, 1, 1, 1, 1, 1, 1, 1, 1, 1, 1, 1, 1, 1, 1, 1, 1, 1, 1, 4 ),
 ( 2, 2 ),
 ( 0.000000000000000000, 0.01552840317160250443, 0.03086348799669381276, 0.04631900727486621544, 0.06205195545620620368, 0.07807756162946155598, 0.09463859549939646065, 0.1118133512835926685, 0.1298020231696527527, 0.1492125271341555592, 0.1703635798473885632, 0.1934851277839396144, 0.2184909610537119906, 0.2454826669169583586, 0.2743826998246980953, 0.3051801008452502129, 0.3378789075201801828, 0.3704137363074760936, 0.4007256797143106675, 0.4287928371104277603, 0.4544499143078344905, 0.4780169560337289569, 0.4993030031312898909, 0.5184123594482745734, 0.5352431938785131571, 0.5651981819682269093, 0.5920844415985190290, 0.6161426201032907946, 0.6380624695058008111, 0.6585176438945165023, 0.6783850705325670249, 0.6984050598891605732, 0.7191234975233503635, 0.7399055142732341439, 0.7600910488559750045, 0.7803500508108907052, 0.8014729883279750888, 0.8233727663427976573, 0.8455111263588395154, 0.8683346664126450065, 0.8921979020809871486, 0.9169994702177383106, 0.9428609490665129655, 0.9703617262310828551, 1.000000000000000000 ),
 ( 0.000000000000000000, 1.000000000000000000 ),
 .UNSPECIFIED. ) ;
#3869 = LINE ( 'NONE', #917, #3947 ) ;
#3870 = DIRECTION ( 'NONE',  ( 0.000000000000000000, 1.000000000000000000, 0.000000000000000000 ) ) ;
#3871 = PRESENTATION_LAYER_ASSIGNMENT (  '', '', ( #372 ) ) ;
#3872 = EDGE_CURVE ( 'NONE', #4145, #1331, #797, .T. ) ;
#3873 = ORIENTED_EDGE ( 'NONE', *, *, #1718, .F. ) ;
#3874 = EDGE_CURVE ( 'NONE', #2424, #586, #4056, .T. ) ;
#3875 = DIRECTION ( 'NONE',  ( -1.000000000000000000, 0.000000000000000000, 0.000000000000000000 ) ) ;
#3876 = CARTESIAN_POINT ( 'NONE',  ( 0.2356916774855224994, 0.001181102362204724610, -0.2458134127840800875 ) ) ;
#3877 = ORIENTED_EDGE ( 'NONE', *, *, #661, .T. ) ;
#3878 = LINE ( 'NONE', #1919, #1800 ) ;
#3879 = CARTESIAN_POINT ( 'NONE',  ( 0.2952755905511810774, 0.005905511811023621965, -0.2519685039370078705 ) ) ;
#3880 = VERTEX_POINT ( 'NONE', #2735 ) ;
#3881 = DIRECTION ( 'NONE',  ( 1.000000000000000000, 0.000000000000000000, 0.000000000000000000 ) ) ;
#3882 = DIMENSIONAL_EXPONENTS ( 1.000000000000000000, 0.000000000000000000, 0.000000000000000000, 0.000000000000000000, 0.000000000000000000, 0.000000000000000000, 0.000000000000000000 ) ;
#3883 = ORIENTED_EDGE ( 'NONE', *, *, #2417, .F. ) ;
#3884 = VERTEX_POINT ( 'NONE', #2115 ) ;
#3885 = PLANE ( 'NONE',  #2841 ) ;
#3886 = LINE ( 'NONE', #2930, #2920 ) ;
#3887 = CARTESIAN_POINT ( 'NONE',  ( 0.2166613397371305871, 0.001181102362204724610, -0.2313742900534231928 ) ) ;
#3888 = ORIENTED_EDGE ( 'NONE', *, *, #1359, .T. ) ;
#3889 = PLANE ( 'NONE',  #918 ) ;
#3890 = DIRECTION ( 'NONE',  ( -1.000000000000000000, 0.000000000000000000, 0.000000000000000000 ) ) ;
#3891 = VERTEX_POINT ( 'NONE', #425 ) ;
#3892 = PLANE ( 'NONE',  #1515 ) ;
#3893 = CARTESIAN_POINT ( 'NONE',  ( 0.2378227443157902854, 0.000000000000000000, -0.2467172585078814540 ) ) ;
#3894 = CARTESIAN_POINT ( 'NONE',  ( 0.01968503937007875376, 0.007874015748031495954, -0.2027559055118109688 ) ) ;
#3895 = CARTESIAN_POINT ( 'NONE',  ( 0.2137232430112674664, 0.000000000000000000, -0.2247253440622300202 ) ) ;
#3896 = LENGTH_MEASURE_WITH_UNIT ( LENGTH_MEASURE( 0.02539999999999999897 ), #132 );
#3897 = EDGE_CURVE ( 'NONE', #2626, #2680, #1190, .T. ) ;
#3898 = ADVANCED_FACE ( 'NONE', ( #478 ), #104, .T. ) ;
#3899 = CARTESIAN_POINT ( 'NONE',  ( 0.2523777795902025778, 0.000000000000000000, -0.2356632060749228874 ) ) ;
#3900 = ORIENTED_EDGE ( 'NONE', *, *, #3014, .T. ) ;
#3901 = CARTESIAN_POINT ( 'NONE',  ( 0.000000000000000000, 0.007874015748031495954, 0.000000000000000000 ) ) ;
#3902 = ORIENTED_EDGE ( 'NONE', *, *, #3974, .T. ) ;
#3903 = VERTEX_POINT ( 'NONE', #2081 ) ;
#3904 = DIRECTION ( 'NONE',  ( -1.000000000000000000, 0.000000000000000000, 0.000000000000000000 ) ) ;
#3905 = PLANE ( 'NONE',  #367 ) ;
#3906 = CARTESIAN_POINT ( 'NONE',  ( 0.06731011842309610194, 0.09842519685039370636, -0.2111574609974264938 ) ) ;
#3907 = DIRECTION ( 'NONE',  ( -0.7071067811865474617, 0.000000000000000000, -0.7071067811865475727 ) ) ;
#3908 = DIRECTION ( 'NONE',  ( 0.000000000000000000, 0.000000000000000000, -1.000000000000000000 ) ) ;
#3909 = CARTESIAN_POINT ( 'NONE',  ( 0.2523476684197294984, 0.001181102362204724610, -0.2352882744895792022 ) ) ;
#3910 = EDGE_LOOP ( 'NONE', ( #84, #1581, #3867, #904 ) ) ;
#3911 = CARTESIAN_POINT ( 'NONE',  ( 0.04724409448818898266, 0.000000000000000000, -0.1476377952755905110 ) ) ;
#3912 = CARTESIAN_POINT ( 'NONE',  ( 0.2333895262084521582, 0.001181102362204724610, -0.2445551858173807824 ) ) ;
#3913 = FACE_OUTER_BOUND ( 'NONE', #422, .T. ) ;
#3914 = EDGE_LOOP ( 'NONE', ( #1641, #1704, #3720, #676 ) ) ;
#3915 = CARTESIAN_POINT ( 'NONE',  ( 0.000000000000000000, 0.005905511811023621965, -0.2519685039370078150 ) ) ;
#3916 = FACE_OUTER_BOUND ( 'NONE', #796, .T. ) ;
#3917 = CARTESIAN_POINT ( 'NONE',  ( 0.2520110918647412435, 0.000000000000000000, -0.2403801435392138863 ) ) ;
#3918 = ORIENTED_EDGE ( 'NONE', *, *, #2793, .F. ) ;
#3919 = EDGE_CURVE ( 'NONE', #1687, #557, #2425, .T. ) ;
#3920 = LINE ( 'NONE', #5, #754 ) ;
#3921 = AXIS2_PLACEMENT_3D ( 'NONE', #969, #592, #1917 ) ;
#3922 = ORIENTED_EDGE ( 'NONE', *, *, #1481, .T. ) ;
#3923 = ORIENTED_EDGE ( 'NONE', *, *, #3783, .T. ) ;
#3924 = ADVANCED_FACE ( 'NONE', ( #3399 ), #1777, .F. ) ;
#3925 = CARTESIAN_POINT ( 'NONE',  ( 0.2952755905511810774, 0.01377952755905511792, -0.1279527559055117780 ) ) ;
#3926 = VECTOR ( 'NONE', #1570, 39.37007874015748143 ) ;
#3927 = EDGE_CURVE ( 'NONE', #2676, #2385, #141, .T. ) ;
#3928 = LINE ( 'NONE', #1995, #302 ) ;
#3929 = CARTESIAN_POINT ( 'NONE',  ( 0.000000000000000000, 0.09842519685039370636, -0.2519685039370078150 ) ) ;
#3930 = AXIS2_PLACEMENT_3D ( 'NONE', #1578, #1508, #1255 ) ;
#3931 = DIRECTION ( 'NONE',  ( -0.000000000000000000, -0.000000000000000000, -1.000000000000000000 ) ) ;
#3932 = AXIS2_PLACEMENT_3D ( 'NONE', #3282, #3532, #333 ) ;
#3933 = DIRECTION ( 'NONE',  ( 1.000000000000000000, 0.000000000000000000, 0.000000000000000000 ) ) ;
#3934 = FACE_OUTER_BOUND ( 'NONE', #3560, .T. ) ;
#3935 = ORIENTED_EDGE ( 'NONE', *, *, #4092, .T. ) ;
#3936 = DIRECTION ( 'NONE',  ( 0.000000000000000000, 0.000000000000000000, 1.000000000000000000 ) ) ;
#3937 = LINE ( 'NONE', #2462, #814 ) ;
#3938 = EDGE_LOOP ( 'NONE', ( #1722, #3234, #843, #3302 ) ) ;
#3939 = CARTESIAN_POINT ( 'NONE',  ( 0.2755905511811023167, 0.01377952755905511792, -0.1279527559055117780 ) ) ;
#3940 = CARTESIAN_POINT ( 'NONE',  ( 0.2755905511811023167, 0.007874015748031495954, -0.09251968503937006705 ) ) ;
#3941 = VECTOR ( 'NONE', #1859, 39.37007874015748143 ) ;
#3942 = VERTEX_POINT ( 'NONE', #1464 ) ;
#3943 = CARTESIAN_POINT ( 'NONE',  ( 0.2192012271056505424, 0.001181102362204726995, -0.2335705060273137457 ) ) ;
#3944 = EDGE_LOOP ( 'NONE', ( #2888, #1092, #2722, #3360 ) ) ;
#3945 = DIRECTION ( 'NONE',  ( 0.000000000000000000, 0.000000000000000000, 1.000000000000000000 ) ) ;
#3946 = CARTESIAN_POINT ( 'NONE',  ( 0.000000000000000000, 0.007874015748031495954, -0.2027559055118109688 ) ) ;
#3947 = VECTOR ( 'NONE', #3801, 39.37007874015748143 ) ;
#3948 = CARTESIAN_POINT ( 'NONE',  ( 0.1476377952755905387, 0.007874015748031495954, -0.2362204724409448231 ) ) ;
#3949 = ADVANCED_FACE ( 'NONE', ( #2442 ), #1483, .F. ) ;
#3950 = VECTOR ( 'NONE', #963, 39.37007874015748143 ) ;
#3951 = ORIENTED_EDGE ( 'NONE', *, *, #3710, .F. ) ;
#3952 = LINE ( 'NONE', #1006, #3441 ) ;
#3953 = DIRECTION ( 'NONE',  ( -0.000000000000000000, -1.000000000000000000, -0.000000000000000000 ) ) ;
#3954 = EDGE_CURVE ( 'NONE', #1081, #4052, #2886, .T. ) ;
#3955 = DIRECTION ( 'NONE',  ( 0.000000000000000000, 0.000000000000000000, -1.000000000000000000 ) ) ;
#3956 = ADVANCED_FACE ( 'NONE', ( #889 ), #3543, .T. ) ;
#3957 = LINE ( 'NONE', #4224, #763 ) ;
#3958 = CARTESIAN_POINT ( 'NONE',  ( 0.2755905511811023167, 0.007874015748031495954, -0.09251968503937006705 ) ) ;
#3959 = ORIENTED_EDGE ( 'NONE', *, *, #1741, .T. ) ;
#3960 = DIRECTION ( 'NONE',  ( -0.000000000000000000, -1.000000000000000000, -0.000000000000000000 ) ) ;
#3961 = EDGE_LOOP ( 'NONE', ( #1420, #1813, #922, #230 ) ) ;
#3962 = LINE ( 'NONE', #615, #3174 ) ;
#3963 = LINE ( 'NONE', #2217, #2071 ) ;
#3964 = CARTESIAN_POINT ( 'NONE',  ( 0.2356916774855224994, 0.001181102362204726995, -0.2458134127840800875 ) ) ;
#3965 = ORIENTED_EDGE ( 'NONE', *, *, #752, .T. ) ;
#3966 = FACE_OUTER_BOUND ( 'NONE', #2245, .T. ) ;
#3967 = DIRECTION ( 'NONE',  ( 1.000000000000000000, 0.000000000000000000, 0.000000000000000000 ) ) ;
#3968 = ORIENTED_EDGE ( 'NONE', *, *, #778, .F. ) ;
#3969 = CARTESIAN_POINT ( 'NONE',  ( 0.000000000000000000, 0.001181102362204724610, 0.000000000000000000 ) ) ;
#3970 = DIRECTION ( 'NONE',  ( 0.000000000000000000, 1.000000000000000000, 0.000000000000000000 ) ) ;
#3971 = LINE ( 'NONE', #14, #1053 ) ;
#3972 = DIRECTION ( 'NONE',  ( 0.000000000000000000, 0.000000000000000000, -1.000000000000000000 ) ) ;
#3973 = ADVANCED_FACE ( 'NONE', ( #1195 ), #203, .T. ) ;
#3974 = EDGE_CURVE ( 'NONE', #2441, #3757, #1547, .T. ) ;
#3975 = DIRECTION ( 'NONE',  ( 1.000000000000000000, 0.000000000000000000, 0.000000000000000000 ) ) ;
#3976 = CARTESIAN_POINT ( 'NONE',  ( 0.2952755905511810774, 0.000000000000000000, -0.2519685039370078705 ) ) ;
#3977 = EDGE_LOOP ( 'NONE', ( #1562, #2000, #3378, #3004, #3369, #3968, #2749, #1163, #2293, #1221, #2152, #4179, #4195, #1385, #1275, #128, #239, #2805, #2026, #2897, #3265, #2842, #356, #603 ) ) ;
#3978 = EDGE_CURVE ( 'NONE', #593, #3800, #300, .T. ) ;
#3979 = VERTEX_POINT ( 'NONE', #2505 ) ;
#3980 = ORIENTED_EDGE ( 'NONE', *, *, #376, .F. ) ;
#3981 = CARTESIAN_POINT ( 'NONE',  ( 0.2243402939300096210, 0.000000000000000000, -0.2323241632149575242 ) ) ;
#3982 = DIRECTION ( 'NONE',  ( -0.000000000000000000, -0.000000000000000000, -1.000000000000000000 ) ) ;
#3983 = CARTESIAN_POINT ( 'NONE',  ( 0.2423982634753465981, 0.001181102362204726995, -0.2474772587960445136 ) ) ;
#3984 = ORIENTED_EDGE ( 'NONE', *, *, #3872, .F. ) ;
#3985 = CARTESIAN_POINT ( 'NONE',  ( 0.2483000428745220645, 0.001181102362204727863, -0.2271085598741366673 ) ) ;
#3986 = CARTESIAN_POINT ( 'NONE',  ( 0.2468564010061902181, 0.001181102362204724176, -0.2325747723257934607 ) ) ;
#3987 = LINE ( 'NONE', #1395, #4061 ) ;
#3988 = ORIENTED_EDGE ( 'NONE', *, *, #129, .T. ) ;
#3989 = CARTESIAN_POINT ( 'NONE',  ( 0.000000000000000000, 0.000000000000000000, -0.2952755905511810219 ) ) ;
#3990 = LINE ( 'NONE', #1438, #4072 ) ;
#3991 = CARTESIAN_POINT ( 'NONE',  ( 0.06731011842309610194, 0.09842519685039370636, -0.2387165161155367921 ) ) ;
#3992 = AXIS2_PLACEMENT_3D ( 'NONE', #761, #1484, #1778 ) ;
#3993 = CARTESIAN_POINT ( 'NONE',  ( 0.2523217509782131329, 0.001181102362204724827, -0.2349664216441046394 ) ) ;
#3994 = DIRECTION ( 'NONE',  ( 0.000000000000000000, 0.000000000000000000, -1.000000000000000000 ) ) ;
#3995 = DIRECTION ( 'NONE',  ( 1.000000000000000000, 0.000000000000000000, 0.000000000000000000 ) ) ;
#3996 = VECTOR ( 'NONE', #3267, 39.37007874015748143 ) ;
#3997 = AXIS2_PLACEMENT_3D ( 'NONE', #2955, #2020, #988 ) ;
#3998 = EDGE_CURVE ( 'NONE', #2368, #89, #3869, .T. ) ;
#3999 = EDGE_LOOP ( 'NONE', ( #1058, #831 ) ) ;
#4000 = VERTEX_POINT ( 'NONE', #939 ) ;
#4001 = VECTOR ( 'NONE', #178, 39.37007874015748143 ) ;
#4002 = VERTEX_POINT ( 'NONE', #231 ) ;
#4003 = CARTESIAN_POINT ( 'NONE',  ( 0.2310204568959660920, 0.001181102362204724176, -0.2375936329805812541 ) ) ;
#4004 = CARTESIAN_POINT ( 'NONE',  ( 0.000000000000000000, 0.000000000000000000, -0.04330708661417323468 ) ) ;
#4005 = EDGE_CURVE ( 'NONE', #2664, #233, #844, .T. ) ;
#4006 = VECTOR ( 'NONE', #2840, 39.37007874015748143 ) ;
#4007 = ADVANCED_FACE ( 'NONE', ( #2164 ), #2253, .T. ) ;
#4008 = ORIENTED_EDGE ( 'NONE', *, *, #3303, .T. ) ;
#4009 = ADVANCED_FACE ( 'NONE', ( #1173 ), #2910, .F. ) ;
#4010 = DIRECTION ( 'NONE',  ( -0.7071067811865475727, 0.000000000000000000, 0.7071067811865475727 ) ) ;
#4011 = DIRECTION ( 'NONE',  ( 1.000000000000000000, 0.000000000000000000, 0.000000000000000000 ) ) ;
#4012 = AXIS2_PLACEMENT_3D ( 'NONE', #3117, #2506, #3473 ) ;
#4013 = DIRECTION ( 'NONE',  ( 0.000000000000000000, -1.000000000000000000, 0.000000000000000000 ) ) ;
#4014 = ORIENTED_EDGE ( 'NONE', *, *, #2299, .T. ) ;
#4015 = VECTOR ( 'NONE', #2859, 39.37007874015748143 ) ;
#4016 = LINE ( 'NONE', #677, #896 ) ;
#4017 = DIRECTION ( 'NONE',  ( 0.000000000000000000, 1.000000000000000000, 0.000000000000000000 ) ) ;
#4018 = VECTOR ( 'NONE', #2303, 39.37007874015748143 ) ;
#4019 = CARTESIAN_POINT ( 'NONE',  ( 0.000000000000000000, 0.01377952755905511792, -0.1279527559055117503 ) ) ;
#4020 = CARTESIAN_POINT ( 'NONE',  ( 0.2603201588329119298, 0.005905511811023621965, -0.2952755905511810774 ) ) ;
#4021 = ORIENTED_EDGE ( 'NONE', *, *, #890, .T. ) ;
#4022 = ORIENTED_EDGE ( 'NONE', *, *, #1415, .T. ) ;
#4023 = PRESENTATION_STYLE_ASSIGNMENT (( #1706 ) ) ;
#4024 = CARTESIAN_POINT ( 'NONE',  ( 0.1066801971632535817, 0.09724409448818897850, -0.2544645476115997007 ) ) ;
#4025 = VERTEX_POINT ( 'NONE', #1912 ) ;
#4026 = PLANE ( 'NONE',  #2271 ) ;
#4027 = EDGE_CURVE ( 'NONE', #3083, #808, #2863, .T. ) ;
#4028 = CARTESIAN_POINT ( 'NONE',  ( 0.2388719244674815667, 0.001181102362204724176, -0.2420935710782197992 ) ) ;
#4029 = EDGE_CURVE ( 'NONE', #2114, #314, #272, .T. ) ;
#4030 = FACE_OUTER_BOUND ( 'NONE', #113, .T. ) ;
#4031 = EDGE_CURVE ( 'NONE', #3340, #3824, #1267, .T. ) ;
#4032 = VERTEX_POINT ( 'NONE', #2184 ) ;
#4033 = LINE ( 'NONE', #1088, #2475 ) ;
#4034 = FILL_AREA_STYLE ('',( #3409 ) ) ;
#4035 = CARTESIAN_POINT ( 'NONE',  ( 0.2496978280159020958, 0.000000000000000000, -0.2284859246414890632 ) ) ;
#4036 = ORIENTED_EDGE ( 'NONE', *, *, #1792, .T. ) ;
#4037 = ORIENTED_EDGE ( 'NONE', *, *, #3131, .F. ) ;
#4038 = EDGE_LOOP ( 'NONE', ( #144, #2127, #325 ) ) ;
#4039 = DIRECTION ( 'NONE',  ( -1.000000000000000000, 0.000000000000000000, 0.000000000000000000 ) ) ;
#4040 = PLANE ( 'NONE',  #1676 ) ;
#4041 = VERTEX_POINT ( 'NONE', #520 ) ;
#4042 = CARTESIAN_POINT ( 'NONE',  ( 0.2125171209223771784, 0.000000000000000000, -0.2246974930740982257 ) ) ;
#4043 = CARTESIAN_POINT ( 'NONE',  ( 0.2416560278954011931, 0.001181102362204724176, -0.2426386949885412925 ) ) ;
#4044 = FACE_OUTER_BOUND ( 'NONE', #1535, .T. ) ;
#4045 = ORIENTED_EDGE ( 'NONE', *, *, #1083, .T. ) ;
#4046 = DIRECTION ( 'NONE',  ( 0.000000000000000000, 1.000000000000000000, 0.000000000000000000 ) ) ;
#4047 =( CONVERSION_BASED_UNIT ( 'INCH', #3695 ) LENGTH_UNIT ( ) NAMED_UNIT ( #936 ) );
#4048 = ADVANCED_FACE ( 'NONE', ( #1567 ), #3889, .T. ) ;
#4049 = ORIENTED_EDGE ( 'NONE', *, *, #2854, .T. ) ;
#4050 = CARTESIAN_POINT ( 'NONE',  ( 0.2521019555896914510, 0.000000000000000000, -0.2334002229416665963 ) ) ;
#4051 = STYLED_ITEM ( 'NONE', ( #678 ), #867 ) ;
#4052 = VERTEX_POINT ( 'NONE', #3250 ) ;
#4053 = ORIENTED_EDGE ( 'NONE', *, *, #3998, .F. ) ;
#4054 = AXIS2_PLACEMENT_3D ( 'NONE', #3295, #3960, #1074 ) ;
#4055 = CLOSED_SHELL ( 'NONE', ( #4048, #2121, #1413, #380, #3110, #3106 ) ) ;
#4056 = LINE ( 'NONE', #1115, #2998 ) ;
#4057 = DIRECTION ( 'NONE',  ( -1.000000000000000000, 0.000000000000000000, 0.000000000000000000 ) ) ;
#4058 = PLANE ( 'NONE',  #2708 ) ;
#4059 = ORIENTED_EDGE ( 'NONE', *, *, #3687, .T. ) ;
#4060 = VECTOR ( 'NONE', #470, 39.37007874015748143 ) ;
#4061 = VECTOR ( 'NONE', #3368, 39.37007874015748143 ) ;
#4062 = FACE_OUTER_BOUND ( 'NONE', #3177, .T. ) ;
#4063 = CARTESIAN_POINT ( 'NONE',  ( 0.2441151679336857894, 0.000000000000000000, -0.2295100913512183316 ) ) ;
#4064 = DIRECTION ( 'NONE',  ( 0.000000000000000000, 0.000000000000000000, 1.000000000000000000 ) ) ;
#4065 = VECTOR ( 'NONE', #2018, 39.37007874015748854 ) ;
#4066 = CARTESIAN_POINT ( 'NONE',  ( 0.03581405543097011812, 0.09724409448818897850, -0.2387165161155367921 ) ) ;
#4067 = ORIENTED_EDGE ( 'NONE', *, *, #3632, .F. ) ;
#4068 = CARTESIAN_POINT ( 'NONE',  ( 0.04330708661417322081, 0.000000000000000000, -0.2519685039370078150 ) ) ;
#4069 = VECTOR ( 'NONE', #4157, 39.37007874015748143 ) ;
#4070 = CARTESIAN_POINT ( 'NONE',  ( 0.2151239262017481668, 0.000000000000000000, -0.2249750745792241380 ) ) ;
#4071 = ADVANCED_FACE ( 'NONE', ( #3178 ), #2528, .F. ) ;
#4072 = VECTOR ( 'NONE', #4017, 39.37007874015748143 ) ;
#4073 = VERTEX_POINT ( 'NONE', #253 ) ;
#4074 = PLANE ( 'NONE',  #2772 ) ;
#4075 = EDGE_CURVE ( 'NONE', #1811, #502, #2553, .T. ) ;
#4076 = EDGE_CURVE ( 'NONE', #978, #443, #2339, .T. ) ;
#4077 = AXIS2_PLACEMENT_3D ( 'NONE', #2023, #682, #2366 ) ;
#4078 = ORIENTED_EDGE ( 'NONE', *, *, #2667, .F. ) ;
#4079 = EDGE_LOOP ( 'NONE', ( #458, #3294, #2171, #1266 ) ) ;
#4080 = DIRECTION ( 'NONE',  ( 0.000000000000000000, 0.000000000000000000, 1.000000000000000000 ) ) ;
#4081 = CARTESIAN_POINT ( 'NONE',  ( 0.000000000000000000, 0.000000000000000000, -0.2952755905511810774 ) ) ;
#4082 = LINE ( 'NONE', #1779, #2138 ) ;
#4083 = VERTEX_POINT ( 'NONE', #991 ) ;
#4084 = DIRECTION ( 'NONE',  ( 0.000000000000000000, 1.000000000000000000, 0.000000000000000000 ) ) ;
#4085 = CARTESIAN_POINT ( 'NONE',  ( 0.2952755905511810774, 0.005905511811023621965, 0.000000000000000000 ) ) ;
#4086 = CARTESIAN_POINT ( 'NONE',  ( 0.2519685039370078705, 0.005905511811023621965, 0.000000000000000000 ) ) ;
#4087 = ORIENTED_EDGE ( 'NONE', *, *, #1032, .T. ) ;
#4088 = FACE_OUTER_BOUND ( 'NONE', #3275, .T. ) ;
#4089 = ORIENTED_EDGE ( 'NONE', *, *, #3240, .F. ) ;
#4090 = CARTESIAN_POINT ( 'NONE',  ( 0.2519685039370078705, 0.000000000000000000, 0.000000000000000000 ) ) ;
#4091 = CARTESIAN_POINT ( 'NONE',  ( 0.04330708661417322081, 0.005905511811023621965, 0.000000000000000000 ) ) ;
#4092 = EDGE_CURVE ( 'NONE', #3407, #47, #1981, .T. ) ;
#4093 = EDGE_CURVE ( 'NONE', #4073, #2727, #2601, .T. ) ;
#4094 = ORIENTED_EDGE ( 'NONE', *, *, #3320, .F. ) ;
#4095 = CARTESIAN_POINT ( 'NONE',  ( 0.2519685039370078705, 0.09842519685039370636, 0.000000000000000000 ) ) ;
#4096 = SURFACE_SIDE_STYLE ('',( #427 ) ) ;
#4097 = DIRECTION ( 'NONE',  ( 1.000000000000000000, 0.000000000000000000, 0.000000000000000000 ) ) ;
#4098 = EDGE_CURVE ( 'NONE', #2734, #3142, #21, .T. ) ;
#4099 = ORIENTED_EDGE ( 'NONE', *, *, #3693, .T. ) ;
#4100 = DIRECTION ( 'NONE',  ( 0.000000000000000000, 0.000000000000000000, -1.000000000000000000 ) ) ;
#4101 = LINE ( 'NONE', #1224, #4196 ) ;
#4102 = DIRECTION ( 'NONE',  ( -1.000000000000000000, 0.000000000000000000, 0.000000000000000000 ) ) ;
#4103 = ORIENTED_EDGE ( 'NONE', *, *, #1614, .T. ) ;
#4104 = CARTESIAN_POINT ( 'NONE',  ( -1.084824920504544977E-18, 0.007874015748031495954, -0.2027559055118109688 ) ) ;
#4105 = EDGE_LOOP ( 'NONE', ( #160, #4049, #2715, #2076 ) ) ;
#4106 = DIRECTION ( 'NONE',  ( -0.000000000000000000, -1.000000000000000000, -0.000000000000000000 ) ) ;
#4107 = ORIENTED_EDGE ( 'NONE', *, *, #1106, .T. ) ;
#4108 = CARTESIAN_POINT ( 'NONE',  ( 0.1476377952755905387, 0.000000000000000000, -0.2480314960629920740 ) ) ;
#4109 = EDGE_LOOP ( 'NONE', ( #3192, #1517, #3716, #2341 ) ) ;
#4110 = CARTESIAN_POINT ( 'NONE',  ( 0.2440944881889763884, 0.09842519685039370636, 0.000000000000000000 ) ) ;
#4111 = EDGE_CURVE ( 'NONE', #2027, #598, #1683, .T. ) ;
#4112 = CARTESIAN_POINT ( 'NONE',  ( 0.01968503937007873988, 0.000000000000000000, -0.09251968503937003929 ) ) ;
#4113 = ORIENTED_EDGE ( 'NONE', *, *, #806, .T. ) ;
#4114 =( NAMED_UNIT ( * ) SI_UNIT ( $, .STERADIAN. ) SOLID_ANGLE_UNIT ( ) );
#4115 = FACE_OUTER_BOUND ( 'NONE', #689, .T. ) ;
#4116 = DIRECTION ( 'NONE',  ( 0.1559625734730105129, 0.000000000000000000, 0.9877629653290691536 ) ) ;
#4117 = EDGE_CURVE ( 'NONE', #3481, #1043, #2274, .T. ) ;
#4118 = ADVANCED_FACE ( 'NONE', ( #3614 ), #3291, .T. ) ;
#4119 = ORIENTED_EDGE ( 'NONE', *, *, #382, .F. ) ;
#4120 = DIRECTION ( 'NONE',  ( 0.000000000000000000, 0.000000000000000000, -1.000000000000000000 ) ) ;
#4121 = VECTOR ( 'NONE', #1159, 39.37007874015748143 ) ;
#4122 = ORIENTED_EDGE ( 'NONE', *, *, #2013, .T. ) ;
#4123 = LINE ( 'NONE', #1902, #1864 ) ;
#4124 = VECTOR ( 'NONE', #2975, 39.37007874015748143 ) ;
#4125 = VECTOR ( 'NONE', #3642, 39.37007874015748143 ) ;
#4126 = EDGE_LOOP ( 'NONE', ( #69, #673, #3339, #3133 ) ) ;
#4127 = VECTOR ( 'NONE', #3862, 39.37007874015748143 ) ;
#4128 = DIRECTION ( 'NONE',  ( -0.000000000000000000, -1.000000000000000000, -0.000000000000000000 ) ) ;
#4129 = CARTESIAN_POINT ( 'NONE',  ( 0.2952755905511810774, 0.04724409448818897572, -0.1003937007874015630 ) ) ;
#4130 = DIRECTION ( 'NONE',  ( 0.000000000000000000, 0.000000000000000000, 1.000000000000000000 ) ) ;
#4131 = VECTOR ( 'NONE', #4241, 39.37007874015748143 ) ;
#4132 = FACE_OUTER_BOUND ( 'NONE', #4105, .T. ) ;
#4133 = VECTOR ( 'NONE', #3449, 39.37007874015748143 ) ;
#4134 = FACE_OUTER_BOUND ( 'NONE', #2926, .T. ) ;
#4135 = ORIENTED_EDGE ( 'NONE', *, *, #1583, .T. ) ;
#4136 = CARTESIAN_POINT ( 'NONE',  ( 0.07518413417112761177, 0.09724409448818897850, -0.2820236027297099435 ) ) ;
#4137 = AXIS2_PLACEMENT_3D ( 'NONE', #4095, #2457, #2232 ) ;
#4138 = LINE ( 'NONE', #3453, #4006 ) ;
#4139 = ORIENTED_EDGE ( 'NONE', *, *, #1415, .F. ) ;
#4140 = LINE ( 'NONE', #1550, #211 ) ;
#4141 = DIRECTION ( 'NONE',  ( 0.000000000000000000, 0.000000000000000000, -1.000000000000000000 ) ) ;
#4142 = DIRECTION ( 'NONE',  ( -0.000000000000000000, -1.000000000000000000, -0.000000000000000000 ) ) ;
#4143 = CARTESIAN_POINT ( 'NONE',  ( 0.2196733833282173420, 0.001181102362204736753, -0.2279392098677343048 ) ) ;
#4144 = CARTESIAN_POINT ( 'NONE',  ( 0.04330708661417322081, 0.005905511811023621965, 0.000000000000000000 ) ) ;
#4145 = VERTEX_POINT ( 'NONE', #46 ) ;
#4146 = DIRECTION ( 'NONE',  ( 0.000000000000000000, 0.000000000000000000, -1.000000000000000000 ) ) ;
#4147 = EDGE_LOOP ( 'NONE', ( #2586, #4103, #3653, #505, #368, #3640, #4251, #1922, #2572, #4162, #3459, #2961 ) ) ;
#4148 = EDGE_CURVE ( 'NONE', #4167, #2385, #3338, .T. ) ;
#4149 = DIRECTION ( 'NONE',  ( 0.000000000000000000, 0.000000000000000000, -1.000000000000000000 ) ) ;
#4150 = EDGE_CURVE ( 'NONE', #3777, #1918, #386, .T. ) ;
#4151 = CARTESIAN_POINT ( 'NONE',  ( 0.2403180000440609254, 0.000000000000000000, -0.2424717077656828312 ) ) ;
#4152 = EDGE_LOOP ( 'NONE', ( #578, #3811, #2042, #3511, #2675, #1427, #2732, #3212 ) ) ;
#4153 = VERTEX_POINT ( 'NONE', #2689 ) ;
#4154 = CARTESIAN_POINT ( 'NONE',  ( 0.2452418637815984293, 0.000000000000000000, -0.2304184560273716542 ) ) ;
#4155 = FACE_OUTER_BOUND ( 'NONE', #876, .T. ) ;
#4156 = DIRECTION ( 'NONE',  ( -1.000000000000000000, -0.000000000000000000, -0.000000000000000000 ) ) ;
#4157 = DIRECTION ( 'NONE',  ( 1.000000000000000000, 0.000000000000000000, 0.000000000000000000 ) ) ;
#4158 = CARTESIAN_POINT ( 'NONE',  ( 0.2518845608334456254, 0.000000000000000000, -0.2324967959281926122 ) ) ;
#4159 = ORIENTED_EDGE ( 'NONE', *, *, #1818, .T. ) ;
#4160 = DIRECTION ( 'NONE',  ( 0.000000000000000000, -1.000000000000000000, 0.000000000000000000 ) ) ;
#4161 = CARTESIAN_POINT ( 'NONE',  ( 0.000000000000000000, 0.007874015748031495954, -0.09251968503937003929 ) ) ;
#4162 = ORIENTED_EDGE ( 'NONE', *, *, #3691, .T. ) ;
#4163 = DIRECTION ( 'NONE',  ( 1.000000000000000000, 0.000000000000000000, 0.000000000000000000 ) ) ;
#4164 = CARTESIAN_POINT ( 'NONE',  ( 0.2523779959581660126, 0.001181102362204724610, -0.2384669047391490826 ) ) ;
#4165 = CARTESIAN_POINT ( 'NONE',  ( 0.2952755905511810774, 0.007874015748031497688, -0.1279527559055117780 ) ) ;
#4166 = CARTESIAN_POINT ( 'NONE',  ( 0.2452418637815984293, 0.001181102362204736753, -0.2304184560273716542 ) ) ;
#4167 = VERTEX_POINT ( 'NONE', #343 ) ;
#4168 = DIRECTION ( 'NONE',  ( 0.000000000000000000, 0.000000000000000000, -1.000000000000000000 ) ) ;
#4169 = VERTEX_POINT ( 'NONE', #2673 ) ;
#4170 = CARTESIAN_POINT ( 'NONE',  ( 0.000000000000000000, 0.01377952755905511792, -0.2027559055118109688 ) ) ;
#4171 = CARTESIAN_POINT ( 'NONE',  ( 0.2440106244838436966, 0.000000000000000000, -0.2423203977398476205 ) ) ;
#4172 = ORIENTED_EDGE ( 'NONE', *, *, #3130, .T. ) ;
#4173 = ORIENTED_EDGE ( 'NONE', *, *, #2053, .F. ) ;
#4174 = DIRECTION ( 'NONE',  ( -1.000000000000000000, 0.000000000000000000, 0.000000000000000000 ) ) ;
#4175 = ADVANCED_FACE ( 'NONE', ( #1367 ), #3590, .T. ) ;
#4176 = LINE ( 'NONE', #293, #494 ) ;
#4177 = EDGE_CURVE ( 'NONE', #726, #481, #2620, .T. ) ;
#4178 = CARTESIAN_POINT ( 'NONE',  ( 0.2522705759497831934, 0.000000000000000000, -0.2343309102836534930 ) ) ;
#4179 = ORIENTED_EDGE ( 'NONE', *, *, #3660, .F. ) ;
#4180 = DIRECTION ( 'NONE',  ( -0.000000000000000000, -1.000000000000000000, -0.000000000000000000 ) ) ;
#4181 = DIRECTION ( 'NONE',  ( 0.000000000000000000, 0.000000000000000000, -1.000000000000000000 ) ) ;
#4182 = ORIENTED_EDGE ( 'NONE', *, *, #3425, .F. ) ;
#4183 = LINE ( 'NONE', #2843, #2275 ) ;
#4184 = CARTESIAN_POINT ( 'NONE',  ( 0.2512003483736106602, 0.000000000000000000, -0.2422897610912047583 ) ) ;
#4185 = DIRECTION ( 'NONE',  ( 0.000000000000000000, 1.000000000000000000, 0.000000000000000000 ) ) ;
#4186 = CARTESIAN_POINT ( 'NONE',  ( 0.2232207406143511541, 0.001181102362204736753, -0.2313387466748072219 ) ) ;
#4187 = DIRECTION ( 'NONE',  ( 0.000000000000000000, -1.000000000000000000, 0.000000000000000000 ) ) ;
#4188 = CARTESIAN_POINT ( 'NONE',  ( 0.2237924766327330228, 0.001181102362204726995, -0.2374268567085417725 ) ) ;
#4189 = ORIENTED_EDGE ( 'NONE', *, *, #1235, .F. ) ;
#4190 = VECTOR ( 'NONE', #3400, 39.37007874015748143 ) ;
#4191 = LINE ( 'NONE', #2471, #697 ) ;
#4192 = VECTOR ( 'NONE', #2615, 39.37007874015748143 ) ;
#4193 = AXIS2_PLACEMENT_3D ( 'NONE', #2404, #3094, #1447 ) ;
#4194 = ORIENTED_EDGE ( 'NONE', *, *, #1271, .F. ) ;
#4195 = ORIENTED_EDGE ( 'NONE', *, *, #3659, .T. ) ;
#4196 = VECTOR ( 'NONE', #1552, 39.37007874015748143 ) ;
#4197 = DIRECTION ( 'NONE',  ( -1.000000000000000000, -0.000000000000000000, -0.000000000000000000 ) ) ;
#4198 = FACE_OUTER_BOUND ( 'NONE', #449, .T. ) ;
#4199 = VECTOR ( 'NONE', #2433, 39.37007874015748143 ) ;
#4200 = CARTESIAN_POINT ( 'NONE',  ( 0.2432484214611869422, 0.000000000000000000, -0.2242315308076134051 ) ) ;
#4201 = EDGE_CURVE ( 'NONE', #2385, #65, #639, .T. ) ;
#4202 = VECTOR ( 'NONE', #2833, 39.37007874015748143 ) ;
#4203 = EDGE_CURVE ( 'NONE', #1703, #2734, #3678, .T. ) ;
#4204 = ORIENTED_EDGE ( 'NONE', *, *, #2013, .F. ) ;
#4205 = CARTESIAN_POINT ( 'NONE',  ( 0.000000000000000000, 0.007874015748031495954, 0.000000000000000000 ) ) ;
#4206 = DIRECTION ( 'NONE',  ( 0.000000000000000000, 0.000000000000000000, 1.000000000000000000 ) ) ;
#4207 = COLOUR_RGB ( '',0.7921568627450980005, 0.8196078431372548767, 0.9333333333333333481 ) ;
#4208 = ORIENTED_EDGE ( 'NONE', *, *, #3301, .F. ) ;
#4209 = LINE ( 'NONE', #1222, #1940 ) ;
#4210 = CARTESIAN_POINT ( 'NONE',  ( 0.2506276412142675047, 0.001181102362204724610, -0.2432572194595873094 ) ) ;
#4211 = VERTEX_POINT ( 'NONE', #4225 ) ;
#4212 = FACE_OUTER_BOUND ( 'NONE', #1775, .T. ) ;
#4213 = CARTESIAN_POINT ( 'NONE',  ( 0.2151239262017481668, 0.001181102362204736753, -0.2249750745792241380 ) ) ;
#4214 = DIRECTION ( 'NONE',  ( 0.000000000000000000, 0.000000000000000000, 1.000000000000000000 ) ) ;
#4215 = FACE_OUTER_BOUND ( 'NONE', #4079, .T. ) ;
#4216 = EDGE_LOOP ( 'NONE', ( #2453, #2043, #2716, #3715, #1002, #3984, #66, #1691, #626, #2693, #3616, #3636 ) ) ;
#4217 = CARTESIAN_POINT ( 'NONE',  ( 0.2755905511811023167, 0.007874015748031495954, -0.2027559055118110243 ) ) ;
#4218 = EDGE_LOOP ( 'NONE', ( #165, #3413, #1482, #1971 ) ) ;
#4219 = EDGE_LOOP ( 'NONE', ( #2540, #3387, #3237, #3606, #3431, #1502, #3140, #1755, #3089, #888, #3027, #2963 ) ) ;
#4220 = DIRECTION ( 'NONE',  ( -1.000000000000000000, 0.000000000000000000, 0.000000000000000000 ) ) ;
#4221 = DIRECTION ( 'NONE',  ( 0.000000000000000000, 1.000000000000000000, 0.000000000000000000 ) ) ;
#4222 = CARTESIAN_POINT ( 'NONE',  ( 0.2474704235050325385, 0.001181102362204724827, -0.2264689855057832046 ) ) ;
#4223 = EDGE_LOOP ( 'NONE', ( #3071, #1507, #137, #956 ) ) ;
#4224 = CARTESIAN_POINT ( 'NONE',  ( 0.000000000000000000, 0.005905511811023620231, -0.04330708661417323468 ) ) ;
#4225 = CARTESIAN_POINT ( 'NONE',  ( 0.07518413417112761177, 0.09842519685039370636, -0.2544645476115997007 ) ) ;
#4226 = DIRECTION ( 'NONE',  ( -1.000000000000000000, 0.000000000000000000, 0.000000000000000000 ) ) ;
#4227 = ORIENTED_EDGE ( 'NONE', *, *, #856, .F. ) ;
#4228 = PLANE ( 'NONE',  #2826 ) ;
#4229 = CARTESIAN_POINT ( 'NONE',  ( 0.2367764256653306643, 0.000000000000000000, -0.2463176025352780407 ) ) ;
#4230 = LINE ( 'NONE', #1318, #1396 ) ;
#4231 = ORIENTED_EDGE ( 'NONE', *, *, #604, .T. ) ;
#4232 = CARTESIAN_POINT ( 'NONE',  ( 0.2142900618009828950, 0.001181102362204724176, -0.2247806993121163333 ) ) ;
#4233 = DIMENSIONAL_EXPONENTS ( 1.000000000000000000, 0.000000000000000000, 0.000000000000000000, 0.000000000000000000, 0.000000000000000000, 0.000000000000000000, 0.000000000000000000 ) ;
#4234 = CARTESIAN_POINT ( 'NONE',  ( 0.2166613397371305871, 0.001181102362204724610, -0.2313742900534231928 ) ) ;
#4235 = EDGE_CURVE ( 'NONE', #3182, #3903, #721, .T. ) ;
#4236 = VERTEX_POINT ( 'NONE', #1636 ) ;
#4237 = PLANE ( 'NONE',  #2478 ) ;
#4238 = VERTEX_POINT ( 'NONE', #2957 ) ;
#4239 = ORIENTED_EDGE ( 'NONE', *, *, #1061, .F. ) ;
#4240 = DIRECTION ( 'NONE',  ( 0.000000000000000000, 0.000000000000000000, 1.000000000000000000 ) ) ;
#4241 = DIRECTION ( 'NONE',  ( 0.000000000000000000, 1.000000000000000000, 0.000000000000000000 ) ) ;
#4242 = CARTESIAN_POINT ( 'NONE',  ( 0.1476377952755905387, 0.000000000000000000, -0.07086614173228343583 ) ) ;
#4243 = CARTESIAN_POINT ( 'NONE',  ( 0.2523476684197294984, 0.000000000000000000, -0.2352882744895792022 ) ) ;
#4244 = DIRECTION ( 'NONE',  ( 1.000000000000000000, 0.000000000000000000, 0.000000000000000000 ) ) ;
#4245 = FACE_OUTER_BOUND ( 'NONE', #2885, .T. ) ;
#4246 = CARTESIAN_POINT ( 'NONE',  ( 0.03581405543097011812, 0.09842519685039370636, -0.2544645476115997007 ) ) ;
#4247 = ORIENTED_EDGE ( 'NONE', *, *, #3352, .T. ) ;
#4248 = DIRECTION ( 'NONE',  ( 0.000000000000000000, 1.000000000000000000, 0.000000000000000000 ) ) ;
#4249 = ORIENTED_EDGE ( 'NONE', *, *, #784, .T. ) ;
#4250 = DIRECTION ( 'NONE',  ( 1.000000000000000000, 0.000000000000000000, 0.000000000000000000 ) ) ;
#4251 = ORIENTED_EDGE ( 'NONE', *, *, #1153, .T. ) ;
#4252 = ADVANCED_FACE ( 'NONE', ( #4245 ), #1998, .F. ) ;
#4253 = LINE ( 'NONE', #279, #2014 ) ;
ENDSEC;
END-ISO-10303-21;
