ISO-10303-21;
HEADER;
FILE_DESCRIPTION (( 'STEP AP203' ),
    '1' );
FILE_NAME ('Same_Sky_TB0011-350-02GR.step',
    '2026-02-05T03:31:50',
    ( '' ),
    ( '' ),
    'SwSTEP 2.0',
    'SolidWorks 2025',
    '' );
FILE_SCHEMA (( 'CONFIG_CONTROL_DESIGN' ));
ENDSEC;

DATA;
#1 = ORIENTED_EDGE ( 'NONE', *, *, #1346, .F. ) ;
#2 = EDGE_CURVE ( 'NONE', #8104, #8154, #6168, .T. ) ;
#3 = VECTOR ( 'NONE', #2899, 1000.000000000000000 ) ;
#4 = DIRECTION ( 'NONE',  ( 0.000000000000000000, 0.000000000000000000, 1.000000000000000000 ) ) ;
#5 = CARTESIAN_POINT ( 'NONE',  ( 2.211766534743054624, 2.900100399568834586, -2.551296894706921226 ) ) ;
#6 = CARTESIAN_POINT ( 'NONE',  ( 6.034945947778998843, 2.983452093862069887, -2.894234709506180447 ) ) ;
#7 = EDGE_CURVE ( 'NONE', #8460, #4483, #614, .T. ) ;
#8 = FACE_OUTER_BOUND ( 'NONE', #9098, .T. ) ;
#9 = VERTEX_POINT ( 'NONE', #1247 ) ;
#10 = CIRCLE ( 'NONE', #5561, 0.1000000000000000472 ) ;
#11 = VECTOR ( 'NONE', #2076, 1000.000000000000000 ) ;
#12 = FACE_OUTER_BOUND ( 'NONE', #1725, .T. ) ;
#13 = LINE ( 'NONE', #1694, #5383 ) ;
#14 = CARTESIAN_POINT ( 'NONE',  ( 6.447462771250001445, 8.278198434414994367, -2.932479862598001752 ) ) ;
#15 = ORIENTED_EDGE ( 'NONE', *, *, #6417, .F. ) ;
#16 = DIRECTION ( 'NONE',  ( 0.000000000000000000, 0.9940776682000811437, 0.1086719355946580284 ) ) ;
#17 = CARTESIAN_POINT ( 'NONE',  ( 3.040342289089000616, 8.193305340768999301, -3.343299277194000663 ) ) ;
#18 = CARTESIAN_POINT ( 'NONE',  ( 1.847151999038999515, 8.082147991381003038, -2.033597275712002883 ) ) ;
#19 = VECTOR ( 'NONE', #1404, 1000.000000000000000 ) ;
#20 = AXIS2_PLACEMENT_3D ( 'NONE', #7103, #10308, #3093 ) ;
#21 = CARTESIAN_POINT ( 'NONE',  ( 6.352677787450002889, 8.083447353644000799, -4.344279737038001521 ) ) ;
#22 = DIRECTION ( 'NONE',  ( 0.000000000000000000, 6.420460951089835756E-10, 1.000000000000000000 ) ) ;
#23 = EDGE_CURVE ( 'NONE', #2873, #6465, #7932, .T. ) ;
#24 = ORIENTED_EDGE ( 'NONE', *, *, #1234, .F. ) ;
#25 = DIRECTION ( 'NONE',  ( 0.000000000000000000, 0.1394725269928732692, 0.9902259409923688249 ) ) ;
#26 = CIRCLE ( 'NONE', #6583, 0.1999999999999997335 ) ;
#27 = CARTESIAN_POINT ( 'NONE',  ( 4.926593745245299694, 3.245859523931069912, -2.464693017305460199 ) ) ;
#28 = CIRCLE ( 'NONE', #9770, 0.2000016170005001759 ) ;
#29 = CARTESIAN_POINT ( 'NONE',  ( 2.599299166489900337, 2.901783053193069950, -3.002268228768260272 ) ) ;
#30 = CARTESIAN_POINT ( 'NONE',  ( 2.628751111490999826, 2.631691868338069451, -2.947373046516979844 ) ) ;
#31 = DIRECTION ( 'NONE',  ( 0.000000000000000000, 1.000000000000000000, 0.000000000000000000 ) ) ;
#32 = ORIENTED_EDGE ( 'NONE', *, *, #8738, .T. ) ;
#33 = CARTESIAN_POINT ( 'NONE',  ( 0.8610148992521009514, 3.232079881065069937, -3.082780748982159924 ) ) ;
#34 = FACE_OUTER_BOUND ( 'NONE', #1665, .T. ) ;
#35 = AXIS2_PLACEMENT_3D ( 'NONE', #6392, #3018, #6238 ) ;
#36 = CARTESIAN_POINT ( 'NONE',  ( 2.558994025576999842, 2.925227303445069982, -3.282468099414879603 ) ) ;
#37 = DIRECTION ( 'NONE',  ( 0.000000000000000000, 0.000000000000000000, 1.000000000000000000 ) ) ;
#38 = ORIENTED_EDGE ( 'NONE', *, *, #1288, .T. ) ;
#39 = LINE ( 'NONE', #8091, #8599 ) ;
#40 = CARTESIAN_POINT ( 'NONE',  ( 6.112749237946800029, 3.408580981800070298, -3.973612233847759523 ) ) ;
#41 = VECTOR ( 'NONE', #7360, 1000.000000000000000 ) ;
#42 = VERTEX_POINT ( 'NONE', #8031 ) ;
#43 = ORIENTED_EDGE ( 'NONE', *, *, #4438, .F. ) ;
#44 = EDGE_CURVE ( 'NONE', #2427, #5165, #7150, .T. ) ;
#45 = CARTESIAN_POINT ( 'NONE',  ( 1.416113958212581236, 3.138471425372669099, -4.308795395390295546 ) ) ;
#46 = FACE_OUTER_BOUND ( 'NONE', #1525, .T. ) ;
#47 = CARTESIAN_POINT ( 'NONE',  ( 4.782636464303799961, 2.665486738268069811, -4.283582650811659676 ) ) ;
#48 = EDGE_LOOP ( 'NONE', ( #1515, #6117, #6801, #1165 ) ) ;
#49 = CARTESIAN_POINT ( 'NONE',  ( 7.000000000000000000, 4.750001019718999906, -1.749999998238999988 ) ) ;
#50 = VECTOR ( 'NONE', #8127, 999.9999999999998863 ) ;
#51 = CARTESIAN_POINT ( 'NONE',  ( 4.440201630739379901, 2.731714183812369967, -3.463984593464850104 ) ) ;
#52 = ORIENTED_EDGE ( 'NONE', *, *, #7908, .T. ) ;
#53 = CARTESIAN_POINT ( 'NONE',  ( 1.959493081714500207, 3.060910890576070020, -4.458999738743360197 ) ) ;
#54 = LINE ( 'NONE', #3269, #7561 ) ;
#55 = CARTESIAN_POINT ( 'NONE',  ( 0.9532225779590010051, 2.318420117542019820, -1.398893285062399849 ) ) ;
#56 = ORIENTED_EDGE ( 'NONE', *, *, #1111, .F. ) ;
#57 = APPROVAL_PERSON_ORGANIZATION ( #5930, #10218, #9142 ) ;
#58 = DIRECTION ( 'NONE',  ( -0.9999790310276359673, 0.000000000000000000, -0.006475917311892406304 ) ) ;
#59 = DIRECTION ( 'NONE',  ( 0.000000000000000000, -1.000000000000000000, 0.000000000000000000 ) ) ;
#60 = DIRECTION ( 'NONE',  ( 0.000000000000000000, 0.9999999999990646371, 1.367823383312432832E-06 ) ) ;
#61 = CYLINDRICAL_SURFACE ( 'NONE', #5499, 0.4000000000000001887 ) ;
#62 = VERTEX_POINT ( 'NONE', #5719 ) ;
#63 = ORIENTED_EDGE ( 'NONE', *, *, #3756, .F. ) ;
#64 = DIRECTION ( 'NONE',  ( 0.000000000000000000, -1.000000000000000000, 0.000000000000000000 ) ) ;
#65 = CARTESIAN_POINT ( 'NONE',  ( 3.042100611782098341, 8.265013785699318660, -3.274315165502320824 ) ) ;
#66 = CARTESIAN_POINT ( 'NONE',  ( 4.358435052360001727, 8.275223318147000739, -2.497709090604998572 ) ) ;
#67 = EDGE_CURVE ( 'NONE', #1092, #506, #8716, .T. ) ;
#68 = ORIENTED_EDGE ( 'NONE', *, *, #955, .T. ) ;
#69 = EDGE_CURVE ( 'NONE', #331, #5530, #1611, .T. ) ;
#70 = CARTESIAN_POINT ( 'NONE',  ( 5.253222577960496409, -3.199999998576397164, -3.449999999993616395 ) ) ;
#71 = CARTESIAN_POINT ( 'NONE',  ( 2.758720603211003208, 8.192906766120005457, -4.268171749718002950 ) ) ;
#72 = PLANE ( 'NONE',  #1378 ) ;
#73 = LINE ( 'NONE', #1597, #2697 ) ;
#74 = CARTESIAN_POINT ( 'NONE',  ( -2.800999999999999879E-13, 1.019498654400000011E-06, -6.249999999998999911 ) ) ;
#75 = ORIENTED_EDGE ( 'NONE', *, *, #6335, .T. ) ;
#76 = CARTESIAN_POINT ( 'NONE',  ( 5.607842744461000173, 3.131753540086070320, -4.377237774620580169 ) ) ;
#77 = CARTESIAN_POINT ( 'NONE',  ( 2.344206083793090034, 2.806213796120962556, -2.886771186921627041 ) ) ;
#78 = CARTESIAN_POINT ( 'NONE',  ( 1.297884290493799941, 3.026210793719070313, -4.208424161394959562 ) ) ;
#79 = EDGE_CURVE ( 'NONE', #9347, #4381, #8778, .T. ) ;
#80 = LINE ( 'NONE', #5768, #7243 ) ;
#81 = CARTESIAN_POINT ( 'NONE',  ( 1.330051468499400036, 3.474258713524069897, -4.117478369284980566 ) ) ;
#82 = ORIENTED_EDGE ( 'NONE', *, *, #1376, .F. ) ;
#83 = CARTESIAN_POINT ( 'NONE',  ( 0.8929249096556010068, 3.177315064580069848, -3.886775045766860170 ) ) ;
#84 = CARTESIAN_POINT ( 'NONE',  ( 1.026220694961050395, 3.315788202644025073, -3.078005313564300849 ) ) ;
#85 = CARTESIAN_POINT ( 'NONE',  ( 2.278632726677000342, 2.960596884820070329, -2.674695464239779774 ) ) ;
#86 = FACE_OUTER_BOUND ( 'NONE', #8912, .T. ) ;
#87 = ORIENTED_EDGE ( 'NONE', *, *, #2058, .F. ) ;
#88 = FACE_OUTER_BOUND ( 'NONE', #2936, .T. ) ;
#89 = CARTESIAN_POINT ( 'NONE',  ( 6.499999999250099414, 4.700001019498989407, -1.549999999994079891 ) ) ;
#90 = ADVANCED_FACE ( 'NONE', ( #9619 ), #951, .T. ) ;
#91 = ORIENTED_EDGE ( 'NONE', *, *, #2000, .T. ) ;
#92 = ORIENTED_EDGE ( 'NONE', *, *, #4366, .F. ) ;
#93 = CARTESIAN_POINT ( 'NONE',  ( 1.020847509055904601, 3.172367306648421259, -4.024280486397191936 ) ) ;
#94 = CARTESIAN_POINT ( 'NONE',  ( 5.417082617613442785, 2.767599377974225394, -2.649999998694255066 ) ) ;
#95 = CARTESIAN_POINT ( 'NONE',  ( 4.514422603429999903, 2.678045904396069599, -3.113109648791459794 ) ) ;
#96 = ORIENTED_EDGE ( 'NONE', *, *, #7, .F. ) ;
#97 = DIRECTION ( 'NONE',  ( 0.000000000000000000, 1.000000000000000000, 0.000000000000000000 ) ) ;
#98 = CARTESIAN_POINT ( 'NONE',  ( 5.253222577959999917, 2.670001019719070001, -4.149999998694359427 ) ) ;
#99 = ORIENTED_EDGE ( 'NONE', *, *, #3908, .T. ) ;
#100 = DIRECTION ( 'NONE',  ( -0.9987976606670762036, 0.000000000000000000, 0.04902278088782895116 ) ) ;
#101 = CARTESIAN_POINT ( 'NONE',  ( 0.9561237961210009573, 2.730096049682069648, -4.102120161039159996 ) ) ;
#102 = CARTESIAN_POINT ( 'NONE',  ( -0.4999999982212999794, 8.500001019718999018, -2.299999998059000017 ) ) ;
#103 = CARTESIAN_POINT ( 'NONE',  ( 4.601361092843399447, 2.892551299515070173, -4.016124256398380332 ) ) ;
#104 = ORIENTED_EDGE ( 'NONE', *, *, #4309, .F. ) ;
#105 = DIRECTION ( 'NONE',  ( 0.000000000000000000, 1.000000000000000000, 0.000000000000000000 ) ) ;
#106 = CARTESIAN_POINT ( 'NONE',  ( 0.9532225779590010051, 2.516840480107719991, -1.424464079161599894 ) ) ;
#107 = CARTESIAN_POINT ( 'NONE',  ( 5.535539025897000087, 3.059275078270069947, -4.266080869092879979 ) ) ;
#108 = LINE ( 'NONE', #4161, #6668 ) ;
#109 = EDGE_LOOP ( 'NONE', ( #4351, #5280, #7199, #3144 ) ) ;
#110 = VECTOR ( 'NONE', #2532, 1000.000000000000000 ) ;
#111 = ORIENTED_EDGE ( 'NONE', *, *, #6074, .F. ) ;
#112 = DIRECTION ( 'NONE',  ( 0.000000000000000000, 6.420450109068106765E-10, 1.000000000000000000 ) ) ;
#113 = LINE ( 'NONE', #4810, #6396 ) ;
#114 = CARTESIAN_POINT ( 'NONE',  ( 6.004187755496673162, 2.832146381479877739, -3.174225993811938373 ) ) ;
#115 = ORIENTED_EDGE ( 'NONE', *, *, #3602, .F. ) ;
#116 = LINE ( 'NONE', #3333, #9756 ) ;
#117 = CARTESIAN_POINT ( 'NONE',  ( 1.661414591063001156, 8.191352603215996453, -4.745791026354997832 ) ) ;
#118 = DIRECTION ( 'NONE',  ( 1.000000000000000000, 0.000000000000000000, 0.000000000000000000 ) ) ;
#119 = CARTESIAN_POINT ( 'NONE',  ( 5.358434352879999807, 2.584022019884069987, -4.308077935452759633 ) ) ;
#120 = CARTESIAN_POINT ( 'NONE',  ( 0.5000000000000000000, 0.8000000014230710388, -1.549999999994079891 ) ) ;
#121 = ORIENTED_EDGE ( 'NONE', *, *, #593, .T. ) ;
#122 = EDGE_CURVE ( 'NONE', #530, #6848, #4935, .T. ) ;
#123 = EDGE_CURVE ( 'NONE', #1382, #1647, #3252, .T. ) ;
#124 = CARTESIAN_POINT ( 'NONE',  ( -0.4999999982212000038, 3.800001019718999729, -1.599999998520000188 ) ) ;
#125 = CARTESIAN_POINT ( 'NONE',  ( 5.359160898690699781, 3.314227105791069938, -2.491010170021059622 ) ) ;
#126 = CARTESIAN_POINT ( 'NONE',  ( 1.085622404376600070, 2.783634895731070369, -2.763982989002160107 ) ) ;
#127 = CARTESIAN_POINT ( 'NONE',  ( 5.253222577959999917, 2.370001019719070179, -3.449999998694359693 ) ) ;
#128 = LINE ( 'NONE', #10394, #8265 ) ;
#129 = ORIENTED_EDGE ( 'NONE', *, *, #4438, .T. ) ;
#130 = CARTESIAN_POINT ( 'NONE',  ( 0.6000000002595998749, 0.7000000014231999579, -6.299999999999999822 ) ) ;
#131 = EDGE_CURVE ( 'NONE', #7423, #1318, #618, .T. ) ;
#132 = CARTESIAN_POINT ( 'NONE',  ( 0.5000000007595999385, 1.019498654400000011E-06, -5.700000000180000193 ) ) ;
#133 = CARTESIAN_POINT ( 'NONE',  ( 0.3532225779620510320, 4.400000001423070017, -1.649999999987080024 ) ) ;
#134 = DIRECTION ( 'NONE',  ( 1.000000000000000000, 0.000000000000000000, 0.000000000000000000 ) ) ;
#135 = EDGE_CURVE ( 'NONE', #6147, #2365, #479, .T. ) ;
#136 = VECTOR ( 'NONE', #2822, 1000.000000000000000 ) ;
#137 = DIRECTION ( 'NONE',  ( 0.000000000000000000, 0.1086719355948549681, -0.9940776682000596054 ) ) ;
#138 = CARTESIAN_POINT ( 'NONE',  ( 7.000000000000000000, 4.700001019498999177, 1.192872960903000084E-13 ) ) ;
#139 = VERTEX_POINT ( 'NONE', #8086 ) ;
#140 = ORIENTED_EDGE ( 'NONE', *, *, #9390, .T. ) ;
#141 = AXIS2_PLACEMENT_3D ( 'NONE', #8212, #5906, #2744 ) ;
#142 = CARTESIAN_POINT ( 'NONE',  ( 4.649155352989176926, 8.262333331058771435, -2.292607472456368978 ) ) ;
#143 = CYLINDRICAL_SURFACE ( 'NONE', #3732, 0.4000000000000001887 ) ;
#144 = CARTESIAN_POINT ( 'NONE',  ( 6.499999999250099414, 3.341743398537949883, -1.804005776796529847 ) ) ;
#145 = ORIENTED_EDGE ( 'NONE', *, *, #7215, .F. ) ;
#146 = ADVANCED_FACE ( 'NONE', ( #6512, #4034, #2350 ), #7986, .T. ) ;
#147 = LINE ( 'NONE', #4197, #4402 ) ;
#148 = CARTESIAN_POINT ( 'NONE',  ( 4.428175591949589318, 2.738383566554170034, -3.464191450697880370 ) ) ;
#149 = ORIENTED_EDGE ( 'NONE', *, *, #328, .T. ) ;
#150 = CARTESIAN_POINT ( 'NONE',  ( 6.112747555965000856, 2.723808925434069828, -3.252337268379680069 ) ) ;
#151 = AXIS2_PLACEMENT_3D ( 'NONE', #3617, #8293, #5191 ) ;
#152 = CARTESIAN_POINT ( 'NONE',  ( 1.750458030433579948, 3.273577574008069924, -2.420135751630359877 ) ) ;
#153 = CARTESIAN_POINT ( 'NONE',  ( 4.430352037302000667, 2.979184449012070246, -3.464154014142809768 ) ) ;
#154 = EDGE_LOOP ( 'NONE', ( #8192, #917 ) ) ;
#155 = CARTESIAN_POINT ( 'NONE',  ( 1.150700878977959807, 2.784965020771169808, -2.926779130319109967 ) ) ;
#156 = DIRECTION ( 'NONE',  ( 0.000000000000000000, -1.284980352575412502E-15, 1.000000000000000000 ) ) ;
#157 = AXIS2_PLACEMENT_3D ( 'NONE', #2853, #7750, #2072 ) ;
#158 = CARTESIAN_POINT ( 'NONE',  ( 0.000000000000000000, 1.019498648176999932E-06, 1.010549669620999961E-13 ) ) ;
#159 = CARTESIAN_POINT ( 'NONE',  ( 5.495572008242000095, 3.261232667464070367, -4.236535693193080654 ) ) ;
#160 = CARTESIAN_POINT ( 'NONE',  ( 5.104138373834999243, 3.132851527559070259, -4.374652800809679221 ) ) ;
#161 = ORIENTED_EDGE ( 'NONE', *, *, #4585, .F. ) ;
#162 = CARTESIAN_POINT ( 'NONE',  ( 4.450000000840000247, 0.7000000014228999756, 0.000000000000000000 ) ) ;
#163 = CARTESIAN_POINT ( 'NONE',  ( 1.620470333114004902, 3.195597527957809714, -4.397193689195238342 ) ) ;
#164 = AXIS2_PLACEMENT_3D ( 'NONE', #8092, #9037, #826 ) ;
#165 = CARTESIAN_POINT ( 'NONE',  ( 5.515693527400000740, 8.276895992962002069, -2.172838722526000854 ) ) ;
#166 = B_SPLINE_SURFACE_WITH_KNOTS ( 'NONE', 3, 3, ( 
 ( #1039, #2617, #984, #5728 ),
 ( #9781, #5881, #1880, #5831 ),
 ( #8300, #3360, #1775, #4251 ),
 ( #5096, #4942, #8149, #6574 ),
 ( #4302, #2569, #2080, #887 ),
 ( #4193, #9094, #3413, #201 ),
 ( #7410, #7510, #249, #6627 ),
 ( #9040, #1824, #7461, #6672 ),
 ( #443, #4099, #3660, #555 ),
 ( #6979, #2284, #5502, #9336 ),
 ( #4492, #8702, #1493, #2129 ),
 ( #2919, #3077, #4710, #3767 ),
 ( #5340, #6241, #7916, #6141 ),
 ( #10178, #657, #713, #8542 ),
 ( #6927, #1336, #7082, #4548 ),
 ( #3920, #7760, #604, #2968 ),
 ( #3123, #6187, #7707, #9386 ),
 ( #1284, #2178, #5291, #5394 ),
 ( #10340, #8495, #10129, #7137 ),
 ( #8602, #5451, #496, #1392 ),
 ( #3713, #4606, #7811, #3816 ),
 ( #10288, #7028, #6342, #10228 ),
 ( #2236, #3019, #6295, #9442 ),
 ( #9546, #8654, #1442, #4657 ),
 ( #7862, #3865, #9495, #9701 ),
 ( #7340, #8862, #862, #4075 ),
 ( #6450, #5653, #6497, #5761 ),
 ( #1549, #8916, #4864, #172 ),
 ( #5704, #8761, #2489, #5553 ),
 ( #3174, #5608, #6393, #4770 ),
 ( #1644, #7968, #2333, #915 ),
 ( #10386, #761, #3970, #2546 ),
 ( #9603, #3391, #7389, #3287 ),
 ( #3336, #8071, #7293, #8974 ),
 ( #1755, #4920, #7185, #4968 ),
 ( #7236, #1702, #2395, #9655 ),
 ( #6607, #119, #8020, #8813 ) ),
 .UNSPECIFIED., .F., .F., .F.,
 ( 4, 1, 1, 1, 1, 1, 1, 1, 1, 1, 1, 1, 1, 1, 1, 1, 1, 1, 1, 1, 1, 1, 1, 1, 1, 1, 1, 1, 1, 1, 1, 1, 1, 1, 4 ),
 ( 4, 4 ),
 ( 0.000000000000000000, 0.01045846005544039982, 0.02269762908908700208, 0.05451778011859410161, 0.08633793114810110747, 0.1181580821775790047, 0.1499782332070860036, 0.1817983842365930025, 0.2136185352660999737, 0.2454386862957049775, 0.2772588373251139715, 0.3090789883546209982, 0.3408991393842260020, 0.3727192904136349960, 0.4045394414432399999, 0.4363595924727470265, 0.4681797435021559650, 0.4999998945317610244, 0.5318200455612690503, 0.5636401965906779887, 0.5954603476202829926, 0.6272804986498879964, 0.6591006496791990132, 0.6909208007088040171, 0.7227409517384090210, 0.7545611027678180704, 0.7863812537973249306, 0.8182014048267339801, 0.8500215558563389839, 0.8818417068858459551, 0.9136618579152550046, 0.9454820089448600084, 0.9773021599744649013, 0.9895415334842950772, 1.000000000000000000 ),
 ( 0.000000000000000000, 1.000000000000000000 ),
 .UNSPECIFIED. ) ;
#167 = ORIENTED_EDGE ( 'NONE', *, *, #3616, .F. ) ;
#168 = CARTESIAN_POINT ( 'NONE',  ( 0.8532225779600010052, 4.400000001260250038, -5.249994381111370068 ) ) ;
#169 = CYLINDRICAL_SURFACE ( 'NONE', #5070, 0.1000000000000000472 ) ;
#170 = EDGE_CURVE ( 'NONE', #8665, #394, #2409, .T. ) ;
#171 = CARTESIAN_POINT ( 'NONE',  ( 6.447056816360031917, 8.264882513886076865, -2.932662417153709011 ) ) ;
#172 = CARTESIAN_POINT ( 'NONE',  ( 4.534970436504700331, 2.824614575652069970, -2.711933704251360044 ) ) ;
#173 = CARTESIAN_POINT ( 'NONE',  ( 6.053222577959600059, 2.767681913925760018, -1.260443083338330217 ) ) ;
#174 = VECTOR ( 'NONE', #2477, 1000.000000000000114 ) ;
#175 = VECTOR ( 'NONE', #2541, 1000.000000000000000 ) ;
#176 = EDGE_LOOP ( 'NONE', ( #10012, #8302, #8522, #5640, #10406, #3588, #2619, #7888, #1215, #1989, #6637 ) ) ;
#177 = LINE ( 'NONE', #7495, #4702 ) ;
#178 = CARTESIAN_POINT ( 'NONE',  ( 5.928432696956200232, 3.450962269513070169, -2.987538597531560036 ) ) ;
#179 = CARTESIAN_POINT ( 'NONE',  ( 2.528501372355199894, 2.972671947670069592, -4.011473170294060253 ) ) ;
#180 = CARTESIAN_POINT ( 'NONE',  ( 2.557622849446000046, 2.676427929237069847, -3.983280556414080298 ) ) ;
#181 = VECTOR ( 'NONE', #2516, 1000.000000000000000 ) ;
#182 = AXIS2_PLACEMENT_3D ( 'NONE', #5044, #5104, #8306 ) ;
#183 = EDGE_CURVE ( 'NONE', #324, #8889, #6504, .T. ) ;
#184 = PLANE ( 'NONE',  #1545 ) ;
#185 = EDGE_CURVE ( 'NONE', #584, #1070, #7840, .T. ) ;
#186 = CARTESIAN_POINT ( 'NONE',  ( 2.613833611843900062, 3.433369766799069911, -3.824807016297959716 ) ) ;
#187 = DIRECTION ( 'NONE',  ( -7.065776539944999710E-14, 0.000000000000000000, -1.000000000000000000 ) ) ;
#188 = CARTESIAN_POINT ( 'NONE',  ( 5.769157681419979866, 3.048397808383100038, -4.278489666835549876 ) ) ;
#189 = CARTESIAN_POINT ( 'NONE',  ( 5.253222577960001693, 3.154531003513296294, -2.649999998694360759 ) ) ;
#190 = VECTOR ( 'NONE', #5426, 1000.000000000000000 ) ;
#191 = VECTOR ( 'NONE', #6755, 1000.000000000000000 ) ;
#192 = FACE_OUTER_BOUND ( 'NONE', #6745, .T. ) ;
#193 = ADVANCED_FACE ( 'NONE', ( #86 ), #9716, .F. ) ;
#194 = CARTESIAN_POINT ( 'NONE',  ( 1.529708093189995566, 3.173626382941699298, -4.424692264220848159 ) ) ;
#195 = ADVANCED_FACE ( 'NONE', ( #10305 ), #9870, .T. ) ;
#196 = EDGE_LOOP ( 'NONE', ( #6355, #3246, #7792, #7252, #9057, #4734, #5479, #6285 ) ) ;
#197 = EDGE_CURVE ( 'NONE', #6690, #7463, #8237, .T. ) ;
#198 = VECTOR ( 'NONE', #2416, 1000.000000000000000 ) ;
#199 = CIRCLE ( 'NONE', #10113, 1.350000000000000089 ) ;
#200 = CARTESIAN_POINT ( 'NONE',  ( 5.948880978561430055, 2.897370762940049804, -2.790566487836739551 ) ) ;
#201 = CARTESIAN_POINT ( 'NONE',  ( 6.176056090662900289, 3.344466468485069566, -2.992828825086159661 ) ) ;
#202 = DIRECTION ( 'NONE',  ( -0.9998966258754281577, 0.000000000000000000, 0.01437837135889036277 ) ) ;
#203 = ORIENTED_EDGE ( 'NONE', *, *, #5092, .T. ) ;
#204 = FACE_OUTER_BOUND ( 'NONE', #8955, .T. ) ;
#205 = CARTESIAN_POINT ( 'NONE',  ( 6.653222577958859851, 4.400000001423070017, -4.449994381876369864 ) ) ;
#206 = VERTEX_POINT ( 'NONE', #6622 ) ;
#207 = AXIS2_PLACEMENT_3D ( 'NONE', #6712, #6619, #9819 ) ;
#208 = PLANE ( 'NONE',  #9577 ) ;
#209 = CARTESIAN_POINT ( 'NONE',  ( 0.8716856377910010556, 3.097099688196070399, -3.376292538548929745 ) ) ;
#210 = CARTESIAN_POINT ( 'NONE',  ( 5.253222577959999917, 7.050001019498997934, -2.050000000499999864 ) ) ;
#211 = ORIENTED_EDGE ( 'NONE', *, *, #6633, .T. ) ;
#212 = ADVANCED_FACE ( 'NONE', ( #6666 ), #6565, .T. ) ;
#213 = CARTESIAN_POINT ( 'NONE',  ( 1.001967334550800226, 2.783023797867069771, -4.017173987142379943 ) ) ;
#214 = B_SPLINE_CURVE_WITH_KNOTS ( 'NONE', 3,
 ( #4752, #3954, #3423, #9002, #9838, #2625, #8202, #994, #6636 ),
 .UNSPECIFIED., .F., .F.,
 ( 4, 1, 1, 1, 1, 1, 4 ),
 ( 0.009805647740698069520, 0.07862287350873259362, 0.1522278926324620030, 0.2258329117562900001, 0.2994379308800200201, 0.3730429500037499846, 0.4046341860357345332 ),
 .UNSPECIFIED. ) ;
#215 = TOROIDAL_SURFACE ( 'NONE', #1561, 0.5999999999999999778, 0.2000000000000000111 ) ;
#216 = CARTESIAN_POINT ( 'NONE',  ( 5.250847948581840008, 3.191618214166069833, -2.565390176209159989 ) ) ;
#217 = CARTESIAN_POINT ( 'NONE',  ( 5.845252811496000511, 2.986876625141069663, -4.017195772740879356 ) ) ;
#218 = LINE ( 'NONE', #5162, #3163 ) ;
#219 = LINE ( 'NONE', #7527, #8598 ) ;
#220 = CARTESIAN_POINT ( 'NONE',  ( 3.153222577962000006, 4.400000001423070017, -1.649999999994079980 ) ) ;
#221 = ORIENTED_EDGE ( 'NONE', *, *, #67, .F. ) ;
#222 = CARTESIAN_POINT ( 'NONE',  ( 1.753222577959000050, 7.050001019498999710, -3.449999999580000143 ) ) ;
#223 = B_SPLINE_CURVE_WITH_KNOTS ( 'NONE', 3,
 ( #1897, #9260, #6742, #9948, #9844, #5954 ),
 .UNSPECIFIED., .F., .F.,
 ( 4, 2, 4 ),
 ( 5.494241979483279150E-17, 0.0005247196001920787509, 0.001049439200384102424 ),
 .UNSPECIFIED. ) ;
#224 = DIRECTION ( 'NONE',  ( -1.268826314690000202E-13, 0.000000000000000000, -1.000000000000000000 ) ) ;
#225 = DIRECTION ( 'NONE',  ( 0.000000000000000000, -1.000000000000000000, -1.239088197940549937E-15 ) ) ;
#226 = ORIENTED_EDGE ( 'NONE', *, *, #3110, .F. ) ;
#227 = ADVANCED_FACE ( 'NONE', ( #1030 ), #1816, .F. ) ;
#228 = CARTESIAN_POINT ( 'NONE',  ( 0.4935671861791480208, 8.261366855906999263, -3.799215124340992400 ) ) ;
#229 = CARTESIAN_POINT ( 'NONE',  ( 4.824738561778730173, 3.098175328140097662, -4.353481558305788646 ) ) ;
#230 = CARTESIAN_POINT ( 'NONE',  ( 0.3821468132865002421, 8.080186196893000883, -3.069723197336998499 ) ) ;
#231 = CARTESIAN_POINT ( 'NONE',  ( 4.774122564009996239, 8.081390305450000255, -4.787604490365995780 ) ) ;
#232 = CARTESIAN_POINT ( 'NONE',  ( 2.381357047061410270, 2.962998834000940107, -2.772427836336699869 ) ) ;
#233 = EDGE_LOOP ( 'NONE', ( #2219, #3757, #10173, #1253, #5662, #707 ) ) ;
#234 = CARTESIAN_POINT ( 'NONE',  ( 1.300000000840999981, 0.7000000014231999579, -4.000000000000000000 ) ) ;
#235 = ADVANCED_FACE ( 'NONE', ( #8292 ), #4243, .F. ) ;
#236 = CARTESIAN_POINT ( 'NONE',  ( 5.205275341619439722, 2.985461329396069896, -2.633004604611760335 ) ) ;
#237 = CARTESIAN_POINT ( 'NONE',  ( 1.014422603430000125, 2.678045904396069599, -3.113109648791459794 ) ) ;
#238 = CARTESIAN_POINT ( 'NONE',  ( 4.453222577959000006, 2.767681914086459916, -1.009946619339350038 ) ) ;
#239 = CARTESIAN_POINT ( 'NONE',  ( 1.368296541647000097, 3.207302560069070108, -2.722544574774479642 ) ) ;
#240 = DIRECTION ( 'NONE',  ( 1.000000000000000000, 3.278477620651019622E-14, 1.376873865985070099E-14 ) ) ;
#241 = PLANE ( 'NONE',  #3403 ) ;
#242 = LINE ( 'NONE', #9084, #1535 ) ;
#243 = DIRECTION ( 'NONE',  ( 0.000000000000000000, -0.9902259409886646768, 0.1394725270191719824 ) ) ;
#244 = DIRECTION ( 'NONE',  ( 0.000000000000000000, -1.000000000000000000, 0.000000000000000000 ) ) ;
#245 = EDGE_CURVE ( 'NONE', #10282, #2465, #9524, .T. ) ;
#246 = CARTESIAN_POINT ( 'NONE',  ( 4.226935785669999390, 3.179059048038070046, -3.364189649299420104 ) ) ;
#247 = ORIENTED_EDGE ( 'NONE', *, *, #5629, .T. ) ;
#248 = CARTESIAN_POINT ( 'NONE',  ( 5.939770957310440025, 2.907072816976980167, -2.751850261682240006 ) ) ;
#249 = CARTESIAN_POINT ( 'NONE',  ( 5.898439635628200506, 3.279857157072069818, -2.742890041725159822 ) ) ;
#250 = LINE ( 'NONE', #6098, #4725 ) ;
#251 = ORIENTED_EDGE ( 'NONE', *, *, #2769, .T. ) ;
#252 = CARTESIAN_POINT ( 'NONE',  ( 0.8173360812050429747, 2.833226155430665028, -3.858006251920440111 ) ) ;
#253 = CARTESIAN_POINT ( 'NONE',  ( 4.619323647057470339, 2.698315070173169961, -3.928573676839310469 ) ) ;
#254 = VERTEX_POINT ( 'NONE', #9085 ) ;
#255 = CC_DESIGN_PERSON_AND_ORGANIZATION_ASSIGNMENT ( #2711, #9033, ( #5263 ) ) ;
#256 = PLANE ( 'NONE',  #4728 ) ;
#257 = EDGE_CURVE ( 'NONE', #10372, #3707, #1871, .T. ) ;
#258 = CARTESIAN_POINT ( 'NONE',  ( 1.753222577960000139, 7.050001019498999710, -3.449999998694359693 ) ) ;
#259 = CARTESIAN_POINT ( 'NONE',  ( 1.930400214945100057, 2.978951530734069930, -4.316688092273460065 ) ) ;
#260 = ORIENTED_EDGE ( 'NONE', *, *, #2974, .T. ) ;
#261 = CARTESIAN_POINT ( 'NONE',  ( 1.097407282891800229, 2.737972913386069962, -4.019567328057780387 ) ) ;
#262 = EDGE_CURVE ( 'NONE', #8779, #6172, #3310, .T. ) ;
#263 = DIRECTION ( 'NONE',  ( -1.000000000000000000, 0.000000000000000000, 0.000000000000000000 ) ) ;
#264 = CARTESIAN_POINT ( 'NONE',  ( 7.000000000000000000, 4.750001019718999906, -1.749999998238999988 ) ) ;
#265 = LINE ( 'NONE', #9893, #5183 ) ;
#266 = LINE ( 'NONE', #316, #3390 ) ;
#267 = CARTESIAN_POINT ( 'NONE',  ( 0.9910029189326009513, 2.808148697663070070, -4.111967377324480033 ) ) ;
#268 = VERTEX_POINT ( 'NONE', #4980 ) ;
#269 = EDGE_CURVE ( 'NONE', #4221, #9896, #280, .T. ) ;
#270 = VERTEX_POINT ( 'NONE', #189 ) ;
#271 = CARTESIAN_POINT ( 'NONE',  ( 5.029708093186993523, 3.173626382941698854, -4.424692264220847271 ) ) ;
#272 = CARTESIAN_POINT ( 'NONE',  ( 5.253222577959999917, 8.500001019718999018, -4.849999998660000422 ) ) ;
#273 = CARTESIAN_POINT ( 'NONE',  ( 2.612747555967999791, 2.723808925434069828, -3.252337268379680069 ) ) ;
#274 = EDGE_LOOP ( 'NONE', ( #5428, #5152, #5158, #2011 ) ) ;
#275 = CARTESIAN_POINT ( 'NONE',  ( 1.750000000000000000, 8.500001019718999018, -3.449999999580000143 ) ) ;
#276 = DIRECTION ( 'NONE',  ( 0.000000000000000000, -1.000000000000000000, 0.000000000000000000 ) ) ;
#277 = CARTESIAN_POINT ( 'NONE',  ( 0.4596591712342003033, 8.189596576694997410, -3.556716944857001295 ) ) ;
#278 = CARTESIAN_POINT ( 'NONE',  ( 4.474998047350003283, 8.117014359581006033, -4.545956885999002495 ) ) ;
#279 = CARTESIAN_POINT ( 'NONE',  ( 2.337927048512609574, 2.999040839061089869, -2.638953792440410062 ) ) ;
#280 = CIRCLE ( 'NONE', #9528, 0.1999999987799997714 ) ;
#281 = EDGE_LOOP ( 'NONE', ( #9409, #10253, #2910, #8454, #7878, #2957, #4506, #7121 ) ) ;
#282 = ADVANCED_FACE ( 'NONE', ( #8341 ), #1766, .T. ) ;
#283 = ORIENTED_EDGE ( 'NONE', *, *, #7344, .T. ) ;
#284 = CARTESIAN_POINT ( 'NONE',  ( 5.253222577959999917, 0.6000000014230709722, -3.049999999994080113 ) ) ;
#285 = CARTESIAN_POINT ( 'NONE',  ( 6.025032782289399869, 3.067608554122069897, -3.177806281049060377 ) ) ;
#286 = CARTESIAN_POINT ( 'NONE',  ( 5.726258016019998287, 8.082642118904999506, -2.112532325223000829 ) ) ;
#287 = PLANE ( 'NONE',  #514 ) ;
#288 = CARTESIAN_POINT ( 'NONE',  ( 1.568518022084000041, 3.493795161473069566, -4.311957661316879964 ) ) ;
#289 = CARTESIAN_POINT ( 'NONE',  ( 2.076891425644300071, 2.971858564020069871, -2.619210578837360082 ) ) ;
#290 = CARTESIAN_POINT ( 'NONE',  ( 3.087912566231662215, 8.126112860258173143, -3.449998965603620960 ) ) ;
#291 = CYLINDRICAL_SURFACE ( 'NONE', #531, 0.4000000000000001887 ) ;
#292 = CARTESIAN_POINT ( 'NONE',  ( 6.499999999250080762, 6.079442291744959981, -3.260122364160691788 ) ) ;
#293 = DIRECTION ( 'NONE',  ( 0.000000000000000000, -0.9883316596401398035, 0.1523172037327588102 ) ) ;
#294 = CARTESIAN_POINT ( 'NONE',  ( 5.250458030433580170, 3.273577574008069924, -2.420135751630359877 ) ) ;
#295 = CARTESIAN_POINT ( 'NONE',  ( 5.699999999160000108, 1.019498458601000007E-06, -0.3499999999999999778 ) ) ;
#296 = ORIENTED_EDGE ( 'NONE', *, *, #4460, .T. ) ;
#297 = LINE ( 'NONE', #6573, #5587 ) ;
#298 = ADVANCED_FACE ( 'NONE', ( #8804 ), #61, .T. ) ;
#299 = DIRECTION ( 'NONE',  ( 0.000000000000000000, 1.000000000000000000, 0.000000000000000000 ) ) ;
#300 = VECTOR ( 'NONE', #5735, 1000.000000000000000 ) ;
#301 = EDGE_LOOP ( 'NONE', ( #2168, #8565, #944, #68 ) ) ;
#302 = DIRECTION ( 'NONE',  ( 0.000000000000000000, 1.000000000000000000, 0.000000000000000000 ) ) ;
#303 = CARTESIAN_POINT ( 'NONE',  ( 0.9500000008406001006, 0.7000000014231000378, 0.000000000000000000 ) ) ;
#304 = EDGE_LOOP ( 'NONE', ( #1010, #10017, #7569, #6202, #8100, #1071 ) ) ;
#305 = LINE ( 'NONE', #5257, #1529 ) ;
#306 = CARTESIAN_POINT ( 'NONE',  ( 1.246023899314039118, 3.341743398537011522, -2.831332478632258898 ) ) ;
#307 = CARTESIAN_POINT ( 'NONE',  ( 1.111227174643699911, 3.008860745290069971, -3.947154304378060363 ) ) ;
#308 = AXIS2_PLACEMENT_3D ( 'NONE', #8581, #2111, #7795 ) ;
#309 = ORIENTED_EDGE ( 'NONE', *, *, #10291, .T. ) ;
#310 = ADVANCED_FACE ( 'NONE', ( #7280, #9848 ), #7328, .T. ) ;
#311 = DIRECTION ( 'NONE',  ( 1.000000000000000000, 0.000000000000000000, 0.000000000000000000 ) ) ;
#312 = EDGE_CURVE ( 'NONE', #7590, #10259, #108, .T. ) ;
#313 = CARTESIAN_POINT ( 'NONE',  ( 6.175599178412799262, 3.400373748932069784, -3.859960279797260085 ) ) ;
#314 = CARTESIAN_POINT ( 'NONE',  ( 6.499999999249999938, 8.500001019718999018, -2.299999998060999751 ) ) ;
#315 = DIRECTION ( 'NONE',  ( 0.000000000000000000, -0.9902259409886646768, 0.1394725270191719824 ) ) ;
#316 = CARTESIAN_POINT ( 'NONE',  ( 2.142730437526999880E-14, 1.019498654399000089E-06, -5.849999999899000436 ) ) ;
#317 = CARTESIAN_POINT ( 'NONE',  ( 0.9447326968013020076, 2.965497468346069976, -3.077211682339779930 ) ) ;
#318 = ORIENTED_EDGE ( 'NONE', *, *, #9785, .T. ) ;
#319 = AXIS2_PLACEMENT_3D ( 'NONE', #8053, #3212, #3319 ) ;
#320 = ORIENTED_EDGE ( 'NONE', *, *, #6831, .T. ) ;
#321 = CARTESIAN_POINT ( 'NONE',  ( 0.9545711629337662041, 2.966304778106273687, -3.556082162209576403 ) ) ;
#322 = LINE ( 'NONE', #8213, #8233 ) ;
#323 = CARTESIAN_POINT ( 'NONE',  ( 6.053222577959600059, 2.042160668637170051, -4.549232072371530045 ) ) ;
#324 = VERTEX_POINT ( 'NONE', #4807 ) ;
#325 = DIRECTION ( 'NONE',  ( -0.9578262854892138911, 0.000000000000000000, -0.2873478846728039215 ) ) ;
#326 = AXIS2_PLACEMENT_3D ( 'NONE', #10268, #10107, #9478 ) ;
#327 = CARTESIAN_POINT ( 'NONE',  ( 6.353222577958899997, 3.583840959242920121, -1.375398428162289965 ) ) ;
#328 = EDGE_CURVE ( 'NONE', #3531, #6860, #7377, .T. ) ;
#329 = CARTESIAN_POINT ( 'NONE',  ( 5.514813529729997832, 8.191859190825999448, -4.721531319340996014 ) ) ;
#330 = DIRECTION ( 'NONE',  ( 1.024174132777030572E-13, 0.9902259409886784436, -0.1394725270190740607 ) ) ;
#331 = VERTEX_POINT ( 'NONE', #6537 ) ;
#332 = ORIENTED_EDGE ( 'NONE', *, *, #4869, .T. ) ;
#333 = CIRCLE ( 'NONE', #6888, 0.9499999999999998446 ) ;
#334 = DIRECTION ( 'NONE',  ( 0.000000000000000000, 6.420456820245000015E-10, 1.000000000000000000 ) ) ;
#335 = CARTESIAN_POINT ( 'NONE',  ( 4.602665081464900609, 2.930696512911069807, -2.953456591652259711 ) ) ;
#336 = CARTESIAN_POINT ( 'NONE',  ( 1.747726956803030030, 2.551249626644069846, -4.245812382749360125 ) ) ;
#337 = EDGE_LOOP ( 'NONE', ( #5442, #2138, #2804, #9787, #4121 ) ) ;
#338 = LINE ( 'NONE', #3495, #4208 ) ;
#339 = CARTESIAN_POINT ( 'NONE',  ( 1.537253499675000024, 3.578184532794070005, -4.457859285076080980 ) ) ;
#340 = CARTESIAN_POINT ( 'NONE',  ( 1.096021456499700175, 2.848549288185069805, -3.937716203647060098 ) ) ;
#341 = ADVANCED_FACE ( 'NONE', ( #8010 ), #4908, .T. ) ;
#342 = AXIS2_PLACEMENT_3D ( 'NONE', #1062, #7533, #7382 ) ;
#343 = CARTESIAN_POINT ( 'NONE',  ( 1.590077206476043559, 3.198390695234368142, -4.249999998694268477 ) ) ;
#344 = CALENDAR_DATE ( 2026, 5, 2 ) ;
#345 = CARTESIAN_POINT ( 'NONE',  ( 6.132302170499000837, 3.416693513495070000, -2.873319716766979948 ) ) ;
#346 = DIRECTION ( 'NONE',  ( -1.000000000000000000, 0.000000000000000000, 0.000000000000000000 ) ) ;
#347 = DIRECTION ( 'NONE',  ( 0.000000000000000000, 0.000000000000000000, -1.000000000000000000 ) ) ;
#348 = VECTOR ( 'NONE', #5990, 1000.000000000000000 ) ;
#349 = CARTESIAN_POINT ( 'NONE',  ( 4.335340544302299648, 3.114449736625069853, -3.721665056753860057 ) ) ;
#350 = TOROIDAL_SURFACE ( 'NONE', #7406, 0.5000000000000000000, 0.2000000000000000111 ) ;
#351 = DIRECTION ( 'NONE',  ( 0.000000000000000000, 0.000000000000000000, -1.000000000000000000 ) ) ;
#352 = B_SPLINE_CURVE_WITH_KNOTS ( 'NONE', 3,
 ( #800, #1791, #9744, #8165, #5692, #1687 ),
 .UNSPECIFIED., .F., .F.,
 ( 4, 2, 4 ),
 ( 5.494241979483279150E-17, 0.0005247196001920787509, 0.001049439200384102424 ),
 .UNSPECIFIED. ) ;
#353 = EDGE_LOOP ( 'NONE', ( #10146, #1204, #6543, #3003 ) ) ;
#354 = LINE ( 'NONE', #6199, #4408 ) ;
#355 = CIRCLE ( 'NONE', #2202, 0.9499999999999999556 ) ;
#356 = DIRECTION ( 'NONE',  ( 0.000000000000000000, 0.000000000000000000, 1.000000000000000000 ) ) ;
#357 = VECTOR ( 'NONE', #1011, 1000.000000000000114 ) ;
#358 = EDGE_LOOP ( 'NONE', ( #8864, #5958, #428, #203 ) ) ;
#359 = DIRECTION ( 'NONE',  ( -0.9998966258754280467, 0.000000000000000000, 0.01437837135889035237 ) ) ;
#360 = CARTESIAN_POINT ( 'NONE',  ( 4.445599135562500415, 2.823710816029069814, -4.059730197494680226 ) ) ;
#361 = VERTEX_POINT ( 'NONE', #7432 ) ;
#362 = CARTESIAN_POINT ( 'NONE',  ( 5.459539515461331760, 2.883044719251520505, -2.462455968527670347 ) ) ;
#363 = CARTESIAN_POINT ( 'NONE',  ( 2.255339900433000366, 3.385352749753069990, -2.526301312337980054 ) ) ;
#364 = EDGE_CURVE ( 'NONE', #5405, #4624, #352, .T. ) ;
#365 = AXIS2_PLACEMENT_3D ( 'NONE', #886, #7207, #6266 ) ;
#366 = CARTESIAN_POINT ( 'NONE',  ( 0.9584505671494010226, 3.120729319688070103, -3.061570317180360323 ) ) ;
#367 = VECTOR ( 'NONE', #10373, 1000.000000000000000 ) ;
#368 = VERTEX_POINT ( 'NONE', #1746 ) ;
#369 = CARTESIAN_POINT ( 'NONE',  ( 1.122359406034900031, 2.877294093703069766, -2.754314549997579853 ) ) ;
#370 = CARTESIAN_POINT ( 'NONE',  ( 4.604218602961299922, 3.185338631102069495, -2.746364317330560301 ) ) ;
#371 = DIRECTION ( 'NONE',  ( 1.000000000000000000, -0.000000000000000000, 1.224646799147353207E-16 ) ) ;
#372 = LINE ( 'NONE', #7524, #4010 ) ;
#373 = CARTESIAN_POINT ( 'NONE',  ( 5.983390885671999726, 2.625004998904070241, -3.934068162600380170 ) ) ;
#374 = VECTOR ( 'NONE', #5664, 1000.000000000000000 ) ;
#375 = CARTESIAN_POINT ( 'NONE',  ( 6.103063150626308442, 3.041820478823848539, -3.836619624476547141 ) ) ;
#376 = VERTEX_POINT ( 'NONE', #8904 ) ;
#377 = EDGE_LOOP ( 'NONE', ( #8739, #6058, #4056, #7315, #5177 ) ) ;
#378 = CARTESIAN_POINT ( 'NONE',  ( 5.253222577959999917, 0.6000000014230709722, -3.449999999994080024 ) ) ;
#379 = CARTESIAN_POINT ( 'NONE',  ( 2.093786658658999933, 3.137151270124070024, -4.390217711898079855 ) ) ;
#380 = DIRECTION ( 'NONE',  ( 0.04902278088782890952, 0.000000000000000000, 0.9987976606670762036 ) ) ;
#381 = EDGE_LOOP ( 'NONE', ( #1271, #7926, #3356, #3530 ) ) ;
#382 = CARTESIAN_POINT ( 'NONE',  ( 0.4500000326078000268, 8.261302185252999308, -3.450000111213999965 ) ) ;
#383 = CIRCLE ( 'NONE', #1723, 0.2000000000000000666 ) ;
#384 = CARTESIAN_POINT ( 'NONE',  ( 0.3532225779600010052, 4.600000002413000111, -1.949994380535080118 ) ) ;
#385 = CARTESIAN_POINT ( 'NONE',  ( 4.814545927940002024, 8.190849671387999464, -4.673645600769005704 ) ) ;
#386 = DIRECTION ( 'NONE',  ( -0.9999790310276359673, 0.000000000000000000, -0.006475917311892406304 ) ) ;
#387 = ORIENTED_EDGE ( 'NONE', *, *, #1376, .T. ) ;
#388 = EDGE_LOOP ( 'NONE', ( #9123, #5065, #8418, #6587, #3132, #7834, #4681, #1942, #6729, #7681, #9050, #484, #5720, #8754, #7934, #320, #10335, #4779, #1249, #6470 ) ) ;
#389 = EDGE_CURVE ( 'NONE', #3780, #7264, #1003, .T. ) ;
#390 = DIRECTION ( 'NONE',  ( 0.000000000000000000, 1.000000000000000000, 0.000000000000000000 ) ) ;
#391 = EDGE_CURVE ( 'NONE', #10298, #5218, #4006, .T. ) ;
#392 = CARTESIAN_POINT ( 'NONE',  ( 4.486272017939400669, 2.848726165674070110, -2.864618620173259522 ) ) ;
#393 = CARTESIAN_POINT ( 'NONE',  ( 1.579518793485000128, 2.564744639465069920, -4.233903131572859913 ) ) ;
#394 = VERTEX_POINT ( 'NONE', #2588 ) ;
#395 = DIRECTION ( 'NONE',  ( 0.000000000000000000, -1.000000000000000000, 0.000000000000000000 ) ) ;
#396 = CARTESIAN_POINT ( 'NONE',  ( 0.7819798397985020522, 3.239864325825069891, -3.852404917977380272 ) ) ;
#397 = CARTESIAN_POINT ( 'NONE',  ( 0.9862720179394008913, 2.848726165674070110, -2.864618620173259522 ) ) ;
#398 = DIRECTION ( 'NONE',  ( 0.000000000000000000, -6.420460951089835756E-10, -1.000000000000000000 ) ) ;
#399 = CARTESIAN_POINT ( 'NONE',  ( 5.718990991727999074, 3.427554758968069937, -2.593169029828780392 ) ) ;
#400 = CARTESIAN_POINT ( 'NONE',  ( 4.896976204520999687, 3.187597059519070353, -4.409398965313479302 ) ) ;
#401 = DIRECTION ( 'NONE',  ( 0.000000000000000000, 0.000000000000000000, 1.000000000000000000 ) ) ;
#402 = EDGE_CURVE ( 'NONE', #4519, #1576, #5998, .T. ) ;
#403 = B_SPLINE_CURVE_WITH_KNOTS ( 'NONE', 3,
 ( #6175, #5596, #592, #5438, #3161, #3803, #10167, #8641, #3755, #6967, #10213, #543, #3007, #6283, #2955, #5381 ),
 .UNSPECIFIED., .F., .F.,
 ( 4, 2, 2, 2, 2, 2, 2, 4 ),
 ( 8.673617379884035472E-19, 0.0003672562865412457500, 0.0007345125730824906326, 0.001101768859623735407, 0.001469025146164980398, 0.001836281432706225389, 0.002203537719247469946, 0.002938050292329959928 ),
 .UNSPECIFIED. ) ;
#404 = CARTESIAN_POINT ( 'NONE',  ( 4.299310711730700341, 3.138079368117070000, -3.370241093924180031 ) ) ;
#405 = CARTESIAN_POINT ( 'NONE',  ( 4.153222577959000184, 4.700001019498989407, -1.549999999994079891 ) ) ;
#406 = ORIENTED_EDGE ( 'NONE', *, *, #7214, .T. ) ;
#407 = CARTESIAN_POINT ( 'NONE',  ( 6.053222577959600059, 1.845643535393149737, -4.466570817937359550 ) ) ;
#408 = DIRECTION ( 'NONE',  ( 0.000000000000000000, -0.9940776682207647097, -0.1086719354054549863 ) ) ;
#409 = ORIENTED_EDGE ( 'NONE', *, *, #1609, .F. ) ;
#410 = CARTESIAN_POINT ( 'NONE',  ( 4.315828019219694944, 2.886392424425495040, -3.023055398099399937 ) ) ;
#411 = ORIENTED_EDGE ( 'NONE', *, *, #7273, .F. ) ;
#412 = CARTESIAN_POINT ( 'NONE',  ( 2.553222577959600059, 2.742401317444509878, -1.256882331665519992 ) ) ;
#413 = ADVANCED_FACE ( 'NONE', ( #8 ), #5798, .F. ) ;
#414 = CYLINDRICAL_SURFACE ( 'NONE', #4370, 0.1000000000000000472 ) ;
#415 = ORIENTED_EDGE ( 'NONE', *, *, #10302, .T. ) ;
#416 = ORIENTED_EDGE ( 'NONE', *, *, #4717, .F. ) ;
#417 = CARTESIAN_POINT ( 'NONE',  ( 1.493442079461940075, 3.164847358110590037, -4.396026811520689748 ) ) ;
#418 = CARTESIAN_POINT ( 'NONE',  ( 5.227177504424340704, 2.789914478794070174, -2.565770491838959888 ) ) ;
#419 = DIRECTION ( 'NONE',  ( 0.000000000000000000, 6.420278933276801004E-10, 1.000000000000000000 ) ) ;
#420 = CARTESIAN_POINT ( 'NONE',  ( 6.653222577959999384, 2.742401317446509612, -1.256882331665819974 ) ) ;
#421 = CARTESIAN_POINT ( 'NONE',  ( 6.150423496279000091, 2.596952963307070039, -3.581609182746880116 ) ) ;
#422 = CARTESIAN_POINT ( 'NONE',  ( 1.101361092846399936, 2.892551299515070173, -4.016124256398380332 ) ) ;
#423 = ORIENTED_EDGE ( 'NONE', *, *, #6764, .T. ) ;
#424 = ORIENTED_EDGE ( 'NONE', *, *, #5753, .F. ) ;
#425 = LINE ( 'NONE', #7435, #7216 ) ;
#426 = CARTESIAN_POINT ( 'NONE',  ( 6.203222577961001072, 2.250294765869069735, -1.549999999994079891 ) ) ;
#427 = DIRECTION ( 'NONE',  ( 0.000000000000000000, 0.000000000000000000, -1.000000000000000000 ) ) ;
#428 = ORIENTED_EDGE ( 'NONE', *, *, #9031, .T. ) ;
#429 = DIRECTION ( 'NONE',  ( 0.000000000000000000, 0.000000000000000000, -1.000000000000000000 ) ) ;
#430 = CARTESIAN_POINT ( 'NONE',  ( 6.499999999250099414, 0.7000000014231949619, -1.549999999994079891 ) ) ;
#431 = CARTESIAN_POINT ( 'NONE',  ( 3.909383780080001536, 8.116199640172006013, -3.471917281996002913 ) ) ;
#432 = CARTESIAN_POINT ( 'NONE',  ( 0.3000000002593999349, 4.700001019498999177, 0.000000000000000000 ) ) ;
#433 = ORIENTED_EDGE ( 'NONE', *, *, #10027, .T. ) ;
#434 = ORIENTED_EDGE ( 'NONE', *, *, #2717, .F. ) ;
#435 = FACE_OUTER_BOUND ( 'NONE', #4891, .T. ) ;
#436 = CARTESIAN_POINT ( 'NONE',  ( 4.452513991525299808, 2.875931696427069806, -3.619251794995459903 ) ) ;
#437 = CARTESIAN_POINT ( 'NONE',  ( 4.279816850420004926, 8.080726841893998369, -2.413469912700999753 ) ) ;
#438 = ORIENTED_EDGE ( 'NONE', *, *, #3694, .F. ) ;
#439 = DIRECTION ( 'NONE',  ( 0.000000000000000000, 0.000000000000000000, 1.000000000000000000 ) ) ;
#440 = AXIS2_PLACEMENT_3D ( 'NONE', #7503, #5188, #1131 ) ;
#441 = CARTESIAN_POINT ( 'NONE',  ( 2.792520740379001332, 8.119531489054999440, -4.295517562077002083 ) ) ;
#442 = CARTESIAN_POINT ( 'NONE',  ( 1.907270250779000031, 3.177138187091069987, -4.253772184038560944 ) ) ;
#443 = CARTESIAN_POINT ( 'NONE',  ( 5.251042907655960157, 3.150638534245069788, -2.638017388498460125 ) ) ;
#444 = DIRECTION ( 'NONE',  ( 0.000000000000000000, 1.000000000000000000, 0.000000000000000000 ) ) ;
#445 = EDGE_CURVE ( 'NONE', #8130, #10109, #6437, .T. ) ;
#446 = CARTESIAN_POINT ( 'NONE',  ( 4.829524530096199975, 3.625629551359069946, -4.288816190901179937 ) ) ;
#447 = CARTESIAN_POINT ( 'NONE',  ( 2.448880978564050181, 2.897370762940449929, -2.790566487839089671 ) ) ;
#448 = CARTESIAN_POINT ( 'NONE',  ( 5.430400214945100501, 2.978951530734069930, -4.316688092273460065 ) ) ;
#449 = LINE ( 'NONE', #405, #9058 ) ;
#450 = ADVANCED_FACE ( 'NONE', ( #4214 ), #9643, .T. ) ;
#451 = ORIENTED_EDGE ( 'NONE', *, *, #8238, .T. ) ;
#452 = DIRECTION ( 'NONE',  ( -1.000000000000000000, 0.000000000000000000, 1.268826314690000202E-13 ) ) ;
#453 = EDGE_CURVE ( 'NONE', #1772, #6025, #4473, .T. ) ;
#454 = CARTESIAN_POINT ( 'NONE',  ( 1.379223194034570721, 3.123578489289940308, -2.742805216422638637 ) ) ;
#455 = ORIENTED_EDGE ( 'NONE', *, *, #6878, .F. ) ;
#456 = CARTESIAN_POINT ( 'NONE',  ( 1.177181825639096235, 3.005724475766978099, -4.005136965275498007 ) ) ;
#457 = VERTEX_POINT ( 'NONE', #1157 ) ;
#458 = DIRECTION ( 'NONE',  ( 0.000000000000000000, 1.118440135825760132E-15, -1.000000000000000000 ) ) ;
#459 = CARTESIAN_POINT ( 'NONE',  ( 1.292846650840500100, 3.673842862484069993, -4.180925273679280352 ) ) ;
#460 = ORIENTED_EDGE ( 'NONE', *, *, #1139, .T. ) ;
#461 = ORIENTED_EDGE ( 'NONE', *, *, #464, .F. ) ;
#462 = CARTESIAN_POINT ( 'NONE',  ( 1.658348767270999113, 8.117977106659994391, -2.110840217833000132 ) ) ;
#463 = DIRECTION ( 'NONE',  ( -1.824712256292910092E-12, 1.000000000000000000, -1.090236451181999875E-12 ) ) ;
#464 = EDGE_CURVE ( 'NONE', #6812, #254, #6007, .T. ) ;
#465 = CARTESIAN_POINT ( 'NONE',  ( 4.686926340120399992, 2.701675535888069746, -2.868081558503760231 ) ) ;
#466 = CARTESIAN_POINT ( 'NONE',  ( 4.649204541312340844, 8.262333402611561795, -4.607423269922111153 ) ) ;
#467 = ORIENTED_EDGE ( 'NONE', *, *, #1075, .T. ) ;
#468 = B_SPLINE_CURVE_WITH_KNOTS ( 'NONE', 3,
 ( #1796, #8856, #5698, #114 ),
 .UNSPECIFIED., .F., .F.,
 ( 4, 4 ),
 ( 1.060657813327484136E-12, 0.0002126988458219510958 ),
 .UNSPECIFIED. ) ;
#469 = DIRECTION ( 'NONE',  ( -0.9573209005442995245, 0.000000000000000000, -0.2890271499029998803 ) ) ;
#470 = LINE ( 'NONE', #1899, #5319 ) ;
#471 = EDGE_LOOP ( 'NONE', ( #8399, #8172 ) ) ;
#472 = VERTEX_POINT ( 'NONE', #6900 ) ;
#473 = AXIS2_PLACEMENT_3D ( 'NONE', #9457, #672, #10306 ) ;
#474 = CARTESIAN_POINT ( 'NONE',  ( 2.071865718127100298, 3.215247845658069981, -2.624768716414260350 ) ) ;
#475 = DIRECTION ( 'NONE',  ( -1.000000000000000000, 0.000000000000000000, 0.000000000000000000 ) ) ;
#476 = CARTESIAN_POINT ( 'NONE',  ( 0.4532225779637020224, 0.8000000014230710388, -5.349999999994079936 ) ) ;
#477 = VERTEX_POINT ( 'NONE', #9212 ) ;
#478 = CARTESIAN_POINT ( 'NONE',  ( 3.853222577959999562, 4.700001019498999177, 0.000000000000000000 ) ) ;
#479 = B_SPLINE_CURVE_WITH_KNOTS ( 'NONE', 3,
 ( #1564, #2455, #8876, #5515, #3936, #3301, #10351, #9668, #3136, #6353 ),
 .UNSPECIFIED., .F., .F.,
 ( 4, 2, 2, 2, 4 ),
 ( 0.000000000000000000, 0.0002517588641817315839, 0.0005035177283634631679, 0.0007552765925451941555, 0.001007035456726925035 ),
 .UNSPECIFIED. ) ;
#480 = CARTESIAN_POINT ( 'NONE',  ( 5.390617148348694876, 2.670001019719068225, -4.434730869427841782 ) ) ;
#481 = CARTESIAN_POINT ( 'NONE',  ( 6.447460605770000797, 8.278198431833997617, -3.967516983008001485 ) ) ;
#482 = VECTOR ( 'NONE', #1902, 1000.000000000000000 ) ;
#483 = DIRECTION ( 'NONE',  ( 0.000000000000000000, 0.000000000000000000, 1.000000000000000000 ) ) ;
#484 = ORIENTED_EDGE ( 'NONE', *, *, #3966, .T. ) ;
#485 = ORIENTED_EDGE ( 'NONE', *, *, #6014, .F. ) ;
#486 = CARTESIAN_POINT ( 'NONE',  ( 1.453222577960000095, 6.670001019719070001, -4.766244656803360513 ) ) ;
#487 = DIRECTION ( 'NONE',  ( 0.000000000000000000, 0.000000000000000000, -1.000000000000000000 ) ) ;
#488 = CARTESIAN_POINT ( 'NONE',  ( 5.616954118312199817, 2.643446542603069993, -4.422222248369959807 ) ) ;
#489 = AXIS2_PLACEMENT_3D ( 'NONE', #6971, #9328, #9433 ) ;
#490 = CARTESIAN_POINT ( 'NONE',  ( 3.946790709780001460, 8.080274792106004966, -2.886720844160003629 ) ) ;
#491 = ORIENTED_EDGE ( 'NONE', *, *, #3141, .F. ) ;
#492 = ADVANCED_FACE ( 'NONE', ( #6689 ), #5717, .T. ) ;
#493 = CARTESIAN_POINT ( 'NONE',  ( 5.754006398090600882, 3.057997896733270160, -2.708829061236015523 ) ) ;
#494 = DIRECTION ( 'NONE',  ( 1.000000000000000000, 0.000000000000000000, 0.000000000000000000 ) ) ;
#495 = CARTESIAN_POINT ( 'NONE',  ( 2.526451821269899867, 3.081388196988069872, -3.893947203208760310 ) ) ;
#496 = CARTESIAN_POINT ( 'NONE',  ( 6.028501372355200338, 2.972671947670069592, -4.011473170294060253 ) ) ;
#497 = CARTESIAN_POINT ( 'NONE',  ( 4.956885599344002635, 3.154219295498251530, -2.663152584198658968 ) ) ;
#498 = CARTESIAN_POINT ( 'NONE',  ( 4.492874300824999168, 3.355254958690069955, -3.765027205940080002 ) ) ;
#499 = CIRCLE ( 'NONE', #3187, 0.4000000001000000305 ) ;
#500 = DIRECTION ( 'NONE',  ( 0.000000000000000000, 0.000000000000000000, -1.000000000000000000 ) ) ;
#501 = CARTESIAN_POINT ( 'NONE',  ( 4.442539929912700636, 2.654416272903070251, -3.404020585248739739 ) ) ;
#502 = EDGE_CURVE ( 'NONE', #6049, #9776, #9056, .T. ) ;
#503 = CARTESIAN_POINT ( 'NONE',  ( 1.867072328310799945, 2.625001699805070032, -4.378526857553459273 ) ) ;
#504 = EDGE_CURVE ( 'NONE', #3208, #3671, #8145, .T. ) ;
#505 = AXIS2_PLACEMENT_3D ( 'NONE', #7062, #10106, #5374 ) ;
#506 = VERTEX_POINT ( 'NONE', #9116 ) ;
#507 = CARTESIAN_POINT ( 'NONE',  ( 0.5000000000000000000, 3.341743398537949883, -1.549999999994089883 ) ) ;
#508 = LINE ( 'NONE', #10140, #19 ) ;
#509 = ORIENTED_EDGE ( 'NONE', *, *, #1858, .F. ) ;
#510 = ADVANCED_FACE ( 'NONE', ( #3587, #6744 ), #10045, .F. ) ;
#511 = CIRCLE ( 'NONE', #8431, 0.2000000000004636957 ) ;
#512 = DIRECTION ( 'NONE',  ( -0.9999790310276359673, 0.000000000000000000, -0.006475917311892407172 ) ) ;
#513 = ORIENTED_EDGE ( 'NONE', *, *, #10221, .T. ) ;
#514 = AXIS2_PLACEMENT_3D ( 'NONE', #238, #5182, #7607 ) ;
#515 = CARTESIAN_POINT ( 'NONE',  ( 4.453222577959000006, 2.318420117542019820, -1.398893285062399849 ) ) ;
#516 = CARTESIAN_POINT ( 'NONE',  ( 1.296458823615100009, 3.583427542143070355, -4.354278021802780785 ) ) ;
#517 = EDGE_CURVE ( 'NONE', #722, #10324, #470, .T. ) ;
#518 = EDGE_CURVE ( 'NONE', #9800, #600, #2626, .T. ) ;
#519 = EDGE_LOOP ( 'NONE', ( #438, #7583, #1793, #4930, #2250, #4788, #7823, #4272 ) ) ;
#520 = ORIENTED_EDGE ( 'NONE', *, *, #6890, .F. ) ;
#521 = CIRCLE ( 'NONE', #7748, 0.1999999987800000767 ) ;
#522 = CARTESIAN_POINT ( 'NONE',  ( 2.964278297378000637, 8.083589136598000380, -2.714359830647000038 ) ) ;
#523 = FACE_OUTER_BOUND ( 'NONE', #8318, .T. ) ;
#524 = CARTESIAN_POINT ( 'NONE',  ( 5.116232143551600053, 2.961601482305070476, -4.250346250277660332 ) ) ;
#525 = DATE_AND_TIME ( #5312, #7784 ) ;
#526 = ORIENTED_EDGE ( 'NONE', *, *, #3957, .T. ) ;
#527 = DIRECTION ( 'NONE',  ( 0.000000000000000000, -1.000000000000000000, 0.000000000000000000 ) ) ;
#528 = CARTESIAN_POINT ( 'NONE',  ( 6.499999999250099414, 3.341743398537949883, -1.549999999994089883 ) ) ;
#529 = EDGE_LOOP ( 'NONE', ( #1905, #5117 ) ) ;
#530 = VERTEX_POINT ( 'NONE', #10000 ) ;
#531 = AXIS2_PLACEMENT_3D ( 'NONE', #8986, #4242, #975 ) ;
#532 = AXIS2_PLACEMENT_3D ( 'NONE', #2065, #9321, #10270 ) ;
#533 = CARTESIAN_POINT ( 'NONE',  ( 1.456677804281099942, 3.127008902752069996, -2.694102057680560325 ) ) ;
#534 = EDGE_CURVE ( 'NONE', #1967, #1951, #8680, .T. ) ;
#535 = PLANE ( 'NONE',  #3196 ) ;
#536 = CARTESIAN_POINT ( 'NONE',  ( 6.499999999250079874, 7.050001019498999710, -4.086824982746689372 ) ) ;
#537 = VERTEX_POINT ( 'NONE', #7003 ) ;
#538 = DIRECTION ( 'NONE',  ( 0.000000000000000000, -1.000000000000000000, 0.000000000000000000 ) ) ;
#539 = CARTESIAN_POINT ( 'NONE',  ( 6.064080553029814524, 2.670001019719068669, -3.798734171302727169 ) ) ;
#540 = VECTOR ( 'NONE', #7415, 1000.000000000000114 ) ;
#541 = CIRCLE ( 'NONE', #2885, 1.350000000000000311 ) ;
#542 = CARTESIAN_POINT ( 'NONE',  ( 5.160921474449997604, 8.276389657049996629, -4.751461309855002035 ) ) ;
#543 = CARTESIAN_POINT ( 'NONE',  ( 4.697462910849560025, 3.274019550261469735, -2.703327482432811291 ) ) ;
#544 = ORIENTED_EDGE ( 'NONE', *, *, #7716, .F. ) ;
#545 = CARTESIAN_POINT ( 'NONE',  ( 4.477615640664898145, 2.996367872911331887, -3.177623430188843745 ) ) ;
#546 = CARTESIAN_POINT ( 'NONE',  ( 1.753222577960000139, 2.370001019719070179, -3.449999998694359693 ) ) ;
#547 = EDGE_CURVE ( 'NONE', #7378, #568, #4763, .T. ) ;
#548 = VECTOR ( 'NONE', #8941, 1000.000000000000000 ) ;
#549 = CARTESIAN_POINT ( 'NONE',  ( 5.539993606597300335, 2.766402063458070160, -4.216513604673160387 ) ) ;
#550 = CARTESIAN_POINT ( 'NONE',  ( 6.586500562720007501, 8.119928532039001112, -3.524668364300000079 ) ) ;
#551 = ORIENTED_EDGE ( 'NONE', *, *, #8949, .T. ) ;
#552 = CARTESIAN_POINT ( 'NONE',  ( 6.092233917156908873, 2.695895453369320016, -3.994013685900920319 ) ) ;
#553 = CARTESIAN_POINT ( 'NONE',  ( 5.037206757385054523, 2.971730695300045522, -4.250000115898957098 ) ) ;
#554 = DIRECTION ( 'NONE',  ( 1.000000000000000000, 0.000000000000000000, 0.000000000000000000 ) ) ;
#555 = CARTESIAN_POINT ( 'NONE',  ( 5.250458030433580170, 3.273577574008069924, -2.420135751630359877 ) ) ;
#556 = CARTESIAN_POINT ( 'NONE',  ( 1.300000000840999981, 1.019498648065999864E-06, -4.000000000000000000 ) ) ;
#557 = AXIS2_PLACEMENT_3D ( 'NONE', #6759, #8482, #1911 ) ;
#558 = CARTESIAN_POINT ( 'NONE',  ( 4.732065708407900750, 3.323914194948069945, -4.086998555999180383 ) ) ;
#559 = EDGE_CURVE ( 'NONE', #722, #7486, #7947, .T. ) ;
#560 = CARTESIAN_POINT ( 'NONE',  ( 2.468887886144829569, 2.875301786886379940, -2.886207801837739950 ) ) ;
#561 = CARTESIAN_POINT ( 'NONE',  ( 4.854044812153500033, 2.583527378426070165, -4.157091965565160585 ) ) ;
#562 = CARTESIAN_POINT ( 'NONE',  ( 0.3532225779600010052, 4.600000001878890465, -4.449994381919780473 ) ) ;
#563 = CARTESIAN_POINT ( 'NONE',  ( 0.9120034108290010488, 2.671766321332069705, -3.723661577824560087 ) ) ;
#564 = CIRCLE ( 'NONE', #2070, 0.2000016170005001759 ) ;
#565 = VERTEX_POINT ( 'NONE', #582 ) ;
#566 = DIRECTION ( 'NONE',  ( 0.000000000000000000, 0.1523172038323520050, 0.9883316596247910812 ) ) ;
#567 = DIRECTION ( 'NONE',  ( 0.3421692587890369230, -0.9308817853019267785, 0.1279816398271969580 ) ) ;
#568 = VERTEX_POINT ( 'NONE', #1468 ) ;
#569 = DIRECTION ( 'NONE',  ( -1.000000000000000000, 0.000000000000000000, 0.000000000000000000 ) ) ;
#570 = VERTEX_POINT ( 'NONE', #8732 ) ;
#571 = CARTESIAN_POINT ( 'NONE',  ( 2.093786658658999933, 3.137151270124070024, -4.390217711898079855 ) ) ;
#572 = CARTESIAN_POINT ( 'NONE',  ( 1.007001483028499900, 3.375734476958069941, -2.948405417988880117 ) ) ;
#573 = ORIENTED_EDGE ( 'NONE', *, *, #4175, .F. ) ;
#574 = ORIENTED_EDGE ( 'NONE', *, *, #3277, .F. ) ;
#575 = CARTESIAN_POINT ( 'NONE',  ( 1.000017035098000218, 8.190389583525998773, -2.389600516872002256 ) ) ;
#576 = CARTESIAN_POINT ( 'NONE',  ( 1.753222577963000184, -3.199999998576930071, -3.449999999994159960 ) ) ;
#577 = CARTESIAN_POINT ( 'NONE',  ( 5.910857914071899977, 2.890712587828069946, -3.926273309137260359 ) ) ;
#578 = EDGE_CURVE ( 'NONE', #2365, #8259, #1859, .T. ) ;
#579 = VERTEX_POINT ( 'NONE', #8573 ) ;
#580 = ADVANCED_FACE ( 'NONE', ( #5529 ), #7837, .T. ) ;
#581 = FACE_OUTER_BOUND ( 'NONE', #1798, .T. ) ;
#582 = CARTESIAN_POINT ( 'NONE',  ( 0.5000000007595000184, 4.700001019498999177, -6.399999999720000332 ) ) ;
#583 = ORIENTED_EDGE ( 'NONE', *, *, #6889, .F. ) ;
#584 = VERTEX_POINT ( 'NONE', #8632 ) ;
#585 = CARTESIAN_POINT ( 'NONE',  ( 0.9049818252946010277, 3.073470056703069719, -3.701053363801659835 ) ) ;
#586 = DIRECTION ( 'NONE',  ( 0.000000000000000000, 1.000000000000000000, 0.000000000000000000 ) ) ;
#587 = CARTESIAN_POINT ( 'NONE',  ( 4.534132577351799753, 2.871108402173370155, -2.840269068524789997 ) ) ;
#588 = VERTEX_POINT ( 'NONE', #6217 ) ;
#589 = EDGE_CURVE ( 'NONE', #270, #4483, #4739, .T. ) ;
#590 = DIRECTION ( 'NONE',  ( 0.000000000000000000, 0.000000000000000000, 1.000000000000000000 ) ) ;
#591 = CARTESIAN_POINT ( 'NONE',  ( 3.962875214090001208, 8.189593014814001037, -3.623901257490000916 ) ) ;
#592 = CARTESIAN_POINT ( 'NONE',  ( 4.696564493806394402, 3.155384678658393671, -4.196110702113647228 ) ) ;
#593 = EDGE_CURVE ( 'NONE', #5313, #910, #1420, .T. ) ;
#594 = CARTESIAN_POINT ( 'NONE',  ( 5.115771398928999680, 3.090656841899069640, -4.302502237990079692 ) ) ;
#595 = ORIENTED_EDGE ( 'NONE', *, *, #2638, .T. ) ;
#596 = CARTESIAN_POINT ( 'NONE',  ( 6.203222577961001072, 2.250294765869069735, -5.349999999994079936 ) ) ;
#597 = DIRECTION ( 'NONE',  ( -1.000000000000000000, 0.000000000000000000, 1.781189284539538762E-13 ) ) ;
#598 = CARTESIAN_POINT ( 'NONE',  ( 5.188975575768799864, 2.752799298082070134, -4.339294561719860610 ) ) ;
#599 = CARTESIAN_POINT ( 'NONE',  ( 5.848429446840000878, 8.192332061292994183, -2.297259033919000881 ) ) ;
#600 = VERTEX_POINT ( 'NONE', #6274 ) ;
#601 = CYLINDRICAL_SURFACE ( 'NONE', #4719, 1.350000000000000089 ) ;
#602 = FACE_OUTER_BOUND ( 'NONE', #3067, .T. ) ;
#603 = PLANE ( 'NONE',  #35 ) ;
#604 = CARTESIAN_POINT ( 'NONE',  ( 4.760500633171999674, 3.067190473640069914, -4.270691424621860577 ) ) ;
#605 = CARTESIAN_POINT ( 'NONE',  ( 1.753222577960192652, 3.274676319215347853, -4.249999998694359959 ) ) ;
#606 = EDGE_CURVE ( 'NONE', #3750, #10262, #633, .T. ) ;
#607 = CARTESIAN_POINT ( 'NONE',  ( 6.261480698575999426, 3.071945112334069972, -3.747920504971779643 ) ) ;
#608 = DIRECTION ( 'NONE',  ( 0.000000000000000000, 0.000000000000000000, -1.000000000000000000 ) ) ;
#609 = CARTESIAN_POINT ( 'NONE',  ( 4.782636464303799961, 2.665486738268069811, -4.283582650811659676 ) ) ;
#610 = CARTESIAN_POINT ( 'NONE',  ( 2.349485913072999921, 3.238877477151070217, -2.796539684489660171 ) ) ;
#611 = CARTESIAN_POINT ( 'NONE',  ( 0.8161782743678008822, 2.800984944159069734, -3.022710889064259998 ) ) ;
#612 = ORIENTED_EDGE ( 'NONE', *, *, #9518, .F. ) ;
#613 = DIRECTION ( 'NONE',  ( 0.000000000000000000, 0.9383431168971900771, 0.3457053586099965159 ) ) ;
#614 = B_SPLINE_CURVE_WITH_KNOTS ( 'NONE', 3,
 ( #4456, #6099, #9299, #7773 ),
 .UNSPECIFIED., .F., .F.,
 ( 4, 4 ),
 ( 1.289870235580439348E-14, 0.0002067821116639347717 ),
 .UNSPECIFIED. ) ;
#615 = LINE ( 'NONE', #7196, #2228 ) ;
#616 = CARTESIAN_POINT ( 'NONE',  ( 1.753222577960000139, 7.270001019719069646, -3.449999998694359693 ) ) ;
#617 = ORIENTED_EDGE ( 'NONE', *, *, #170, .T. ) ;
#618 = CIRCLE ( 'NONE', #3649, 0.3499999999999996447 ) ;
#619 = CARTESIAN_POINT ( 'NONE',  ( 3.053222577961999917, 4.700001019498999177, -5.249999999994080291 ) ) ;
#620 = EDGE_LOOP ( 'NONE', ( #4620, #4959, #6041, #3842 ) ) ;
#621 = DIRECTION ( 'NONE',  ( 1.000000000000000000, 0.000000000000000000, 0.000000000000000000 ) ) ;
#622 = CARTESIAN_POINT ( 'NONE',  ( 1.580405251051000048, 3.250371421991069987, -4.332370227856680245 ) ) ;
#623 = B_SPLINE_CURVE_WITH_KNOTS ( 'NONE', 3,
 ( #379, #5802, #3593, #3533, #163, #6804 ),
 .UNSPECIFIED., .F., .F.,
 ( 4, 2, 4 ),
 ( 0.000000000000000000, 0.0002886773490461076513, 0.0005773546980922153026 ),
 .UNSPECIFIED. ) ;
#624 = ORIENTED_EDGE ( 'NONE', *, *, #4598, .F. ) ;
#625 = ORIENTED_EDGE ( 'NONE', *, *, #4896, .T. ) ;
#626 = ADVANCED_FACE ( 'NONE', ( #9473 ), #2262, .T. ) ;
#627 = CARTESIAN_POINT ( 'NONE',  ( 3.053269144670998081, 8.083701910499005550, -2.886856900288999217 ) ) ;
#628 = DIRECTION ( 'NONE',  ( 0.000000000000000000, 1.118440135825760132E-15, -1.000000000000000000 ) ) ;
#629 = CARTESIAN_POINT ( 'NONE',  ( 5.525330731447500199, 2.772564430366069921, -2.684965584881459755 ) ) ;
#630 = PERSON_AND_ORGANIZATION ( #3295, #5944 ) ;
#631 = EDGE_LOOP ( 'NONE', ( #10032, #3043, #4333, #5181 ) ) ;
#632 = CARTESIAN_POINT ( 'NONE',  ( 1.025674174495260216, 2.861205903736929734, -2.871880016721069850 ) ) ;
#633 = LINE ( 'NONE', #4745, #4676 ) ;
#634 = ORIENTED_EDGE ( 'NONE', *, *, #1221, .F. ) ;
#635 = EDGE_LOOP ( 'NONE', ( #4128, #9567, #1200 ) ) ;
#636 = CARTESIAN_POINT ( 'NONE',  ( 1.297884290493799941, 3.026210793719070313, -4.208424161394959562 ) ) ;
#637 = CARTESIAN_POINT ( 'NONE',  ( 7.500000000759999175, 1.019498654400000011E-06, -5.700000000182000370 ) ) ;
#638 = CARTESIAN_POINT ( 'NONE',  ( 4.521684900071339719, 2.856390984161026214, -2.887788735320850897 ) ) ;
#639 = ORIENTED_EDGE ( 'NONE', *, *, #9952, .F. ) ;
#640 = EDGE_CURVE ( 'NONE', #2248, #3899, #7206, .T. ) ;
#641 = CARTESIAN_POINT ( 'NONE',  ( 5.253222700031310310, 2.670002976677069650, -4.449993869428159776 ) ) ;
#642 = CARTESIAN_POINT ( 'NONE',  ( 6.069525875983280194, 2.736246333039140222, -3.872651311474419877 ) ) ;
#643 = FACE_OUTER_BOUND ( 'NONE', #7076, .T. ) ;
#644 = CARTESIAN_POINT ( 'NONE',  ( 4.868296541643999831, 3.207302560069070108, -2.722544574774479642 ) ) ;
#645 = EDGE_CURVE ( 'NONE', #5370, #10185, #2895, .T. ) ;
#646 = ORIENTED_EDGE ( 'NONE', *, *, #876, .F. ) ;
#647 = CARTESIAN_POINT ( 'NONE',  ( 0.9890061976634708651, 2.814629173895995429, -2.805074452466043144 ) ) ;
#648 = CARTESIAN_POINT ( 'NONE',  ( 1.190286280005992570, 3.015777841006244131, -2.855974519476383477 ) ) ;
#649 = CARTESIAN_POINT ( 'NONE',  ( 1.481330689398844713, 3.341743398537951215, -2.487834211394011952 ) ) ;
#650 = CARTESIAN_POINT ( 'NONE',  ( 6.590614834010000145, 8.119928738463999096, -3.428080853118002036 ) ) ;
#651 = ORIENTED_EDGE ( 'NONE', *, *, #4238, .T. ) ;
#652 = ADVANCED_FACE ( 'NONE', ( #7733 ), #6956, .T. ) ;
#653 = DIRECTION ( 'NONE',  ( 0.000000000000000000, 1.000000000000000000, 0.000000000000000000 ) ) ;
#654 = AXIS2_PLACEMENT_3D ( 'NONE', #7587, #225, #2690 ) ;
#655 = CARTESIAN_POINT ( 'NONE',  ( 3.043264011418998827, 8.119867527036996435, -3.809457073212000999 ) ) ;
#656 = CARTESIAN_POINT ( 'NONE',  ( 2.528739408884699724, 2.674642046089069858, -3.269566589946959922 ) ) ;
#657 = CARTESIAN_POINT ( 'NONE',  ( 4.404981825294600029, 3.073470056703069719, -3.701053363801659835 ) ) ;
#658 = CARTESIAN_POINT ( 'NONE',  ( 1.058054147928809030, 3.341743398535572229, -3.845905105870277563 ) ) ;
#659 = CARTESIAN_POINT ( 'NONE',  ( 6.499999999250099414, 0.7000000014231949619, -1.549999999994079891 ) ) ;
#660 = CIRCLE ( 'NONE', #2182, 0.1999999999999999556 ) ;
#661 = CARTESIAN_POINT ( 'NONE',  ( 2.494459663045249798, 2.844615703737839674, -3.058565043920189908 ) ) ;
#662 = CARTESIAN_POINT ( 'NONE',  ( 4.382259717388500064, 2.760005264238070133, -3.052843808973359607 ) ) ;
#663 = CARTESIAN_POINT ( 'NONE',  ( 2.430904809282099954, 3.285641942036070073, -3.862835021021460147 ) ) ;
#664 = ADVANCED_FACE ( 'NONE', ( #988 ), #1623, .F. ) ;
#665 = CARTESIAN_POINT ( 'NONE',  ( 1.867072328310799945, 2.625001699805070032, -4.378526857553459273 ) ) ;
#666 = VERTEX_POINT ( 'NONE', #98 ) ;
#667 = CARTESIAN_POINT ( 'NONE',  ( 1.453222577959999651, 7.270001019719036783, -2.286187434786547179 ) ) ;
#668 = CIRCLE ( 'NONE', #7892, 0.2000000000000000944 ) ;
#669 = CARTESIAN_POINT ( 'NONE',  ( 6.653222577959999384, 4.200000001423520146, -1.664158040310059983 ) ) ;
#670 = LINE ( 'NONE', #3191, #5904 ) ;
#671 = ORIENTED_EDGE ( 'NONE', *, *, #185, .F. ) ;
#672 = DIRECTION ( 'NONE',  ( 0.000000000000000000, 1.000000000000000000, 0.000000000000000000 ) ) ;
#673 = EDGE_LOOP ( 'NONE', ( #1405, #2037, #1257, #8383 ) ) ;
#674 = DIRECTION ( 'NONE',  ( 0.000000000000000000, 0.000000000000000000, -1.000000000000000000 ) ) ;
#675 = CARTESIAN_POINT ( 'NONE',  ( 2.213147225898000059, 3.119454945003069746, -2.798954965597179712 ) ) ;
#676 = CIRCLE ( 'NONE', #164, 0.3999999999999999667 ) ;
#677 = VERTEX_POINT ( 'NONE', #3314 ) ;
#678 = VERTEX_POINT ( 'NONE', #8998 ) ;
#679 = CARTESIAN_POINT ( 'NONE',  ( 2.187410695868999611, 8.277138550460005462, -2.221010793778999570 ) ) ;
#680 = FACE_BOUND ( 'NONE', #884, .T. ) ;
#681 = CARTESIAN_POINT ( 'NONE',  ( 5.882041032674230507, 2.962395426598828596, -2.774835921212979173 ) ) ;
#682 = AXIS2_PLACEMENT_3D ( 'NONE', #6458, #9610, #5615 ) ;
#683 = MECHANICAL_CONTEXT ( 'NONE', #9654, 'mechanical' ) ;
#684 = ORIENTED_EDGE ( 'NONE', *, *, #9402, .F. ) ;
#685 = CARTESIAN_POINT ( 'NONE',  ( 1.071064215252698126, 2.911475503778946816, -2.718951483682325865 ) ) ;
#686 = CARTESIAN_POINT ( 'NONE',  ( 6.029834234372524193, 2.670001019718648116, -3.257973086197568868 ) ) ;
#687 = EDGE_LOOP ( 'NONE', ( #4390, #9418, #6507, #3055, #4670, #4541 ) ) ;
#688 = EDGE_CURVE ( 'NONE', #5699, #2427, #4198, .T. ) ;
#689 = ORIENTED_EDGE ( 'NONE', *, *, #1295, .F. ) ;
#690 = CARTESIAN_POINT ( 'NONE',  ( 2.480818245599899718, 3.221527428722069875, -3.089549537469860052 ) ) ;
#691 = AXIS2_PLACEMENT_3D ( 'NONE', #3512, #8944, #3414 ) ;
#692 = CARTESIAN_POINT ( 'NONE',  ( 2.491519618837000127, 3.326621621958070207, -3.899760758630160140 ) ) ;
#693 = CIRCLE ( 'NONE', #7915, 1.500000000000000000 ) ;
#694 = CARTESIAN_POINT ( 'NONE',  ( 0.5000000007595000184, 1.019498654400000011E-06, -6.399999999720000332 ) ) ;
#695 = ORIENTED_EDGE ( 'NONE', *, *, #9451, .T. ) ;
#696 = CARTESIAN_POINT ( 'NONE',  ( 0.5000000000000000000, 0.7000000014231949619, -1.549999999994079891 ) ) ;
#697 = CARTESIAN_POINT ( 'NONE',  ( 4.746023899315811256, 3.341743398537102117, -2.831332478630804061 ) ) ;
#698 = PLANE ( 'NONE',  #9131 ) ;
#699 = AXIS2_PLACEMENT_3D ( 'NONE', #6344, #763, #8604 ) ;
#700 = CARTESIAN_POINT ( 'NONE',  ( 4.726884263633099437, 3.082619040074070060, -4.080011855473579807 ) ) ;
#701 = CIRCLE ( 'NONE', #1537, 0.4267949192431849115 ) ;
#702 = ORIENTED_EDGE ( 'NONE', *, *, #2826, .F. ) ;
#703 = CARTESIAN_POINT ( 'NONE',  ( 5.253222577961000006, 2.250294765869069735, -1.549999999994079891 ) ) ;
#704 = CARTESIAN_POINT ( 'NONE',  ( 2.310123217195582335, 3.020157314822744965, -2.665024386940565648 ) ) ;
#705 = CARTESIAN_POINT ( 'NONE',  ( 5.178424799181690297, 2.670828950845070437, -4.485336368101359383 ) ) ;
#706 = CARTESIAN_POINT ( 'NONE',  ( 6.442254899309999949, 8.193161334697997233, -2.934775985403997645 ) ) ;
#707 = ORIENTED_EDGE ( 'NONE', *, *, #1283, .F. ) ;
#708 = FACE_OUTER_BOUND ( 'NONE', #7636, .T. ) ;
#709 = VECTOR ( 'NONE', #8997, 1000.000000000000000 ) ;
#710 = AXIS2_PLACEMENT_3D ( 'NONE', #7326, #9641, #59 ) ;
#711 = CARTESIAN_POINT ( 'NONE',  ( 1.838944290596001174, 8.191607614523997327, -4.745765811336000617 ) ) ;
#712 = CARTESIAN_POINT ( 'NONE',  ( 2.560718858265500053, 2.624963966784069846, -3.141332990885760346 ) ) ;
#713 = CARTESIAN_POINT ( 'NONE',  ( 4.335340544302299648, 3.114449736625069853, -3.721665056753860057 ) ) ;
#714 = CARTESIAN_POINT ( 'NONE',  ( 2.472417464280440402, 2.871288748572570437, -3.801452104170999657 ) ) ;
#715 = CARTESIAN_POINT ( 'NONE',  ( 5.840740786892999914, 2.992848917356070171, -2.618340261250480250 ) ) ;
#716 = EDGE_CURVE ( 'NONE', #9792, #10317, #6525, .T. ) ;
#717 = VECTOR ( 'NONE', #2665, 1000.000000000000114 ) ;
#718 = DIRECTION ( 'NONE',  ( 5.075305304471000091E-13, -3.095936235726999732E-13, -1.000000000000000000 ) ) ;
#719 = CARTESIAN_POINT ( 'NONE',  ( 6.276222951525999960, 2.966392364606069698, -3.331264023413159858 ) ) ;
#720 = CARTESIAN_POINT ( 'NONE',  ( 2.749832768318999587, 3.386878788324070300, -3.659379101610260143 ) ) ;
#721 = CARTESIAN_POINT ( 'NONE',  ( 0.000000000000000000, 3.800001019718999729, -2.149043746758999784 ) ) ;
#722 = VERTEX_POINT ( 'NONE', #4843 ) ;
#723 = CARTESIAN_POINT ( 'NONE',  ( 0.000000000000000000, 4.700001019498999177, 0.000000000000000000 ) ) ;
#724 = AXIS2_PLACEMENT_3D ( 'NONE', #5762, #7341, #3338 ) ;
#725 = CARTESIAN_POINT ( 'NONE',  ( 5.253222577961000006, 2.250294765869069735, -5.349999999994079936 ) ) ;
#726 = DIRECTION ( 'NONE',  ( 0.000000000000000000, -6.420450148232860907E-10, -1.000000000000000000 ) ) ;
#727 = DIRECTION ( 'NONE',  ( 1.000000000000000000, 0.000000000000000000, 0.000000000000000000 ) ) ;
#728 = ADVANCED_FACE ( 'NONE', ( #4103 ), #6476, .F. ) ;
#729 = DIRECTION ( 'NONE',  ( 1.000000000000000000, 0.000000000000000000, 0.000000000000000000 ) ) ;
#730 = VERTEX_POINT ( 'NONE', #10366 ) ;
#731 = DIRECTION ( 'NONE',  ( 0.000000000000000000, 0.3457053586099079756, -0.9383431168972227177 ) ) ;
#732 = CIRCLE ( 'NONE', #8967, 1.350000000000000311 ) ;
#733 = CARTESIAN_POINT ( 'NONE',  ( 1.205894899738159998, 3.026744524843079986, -2.866539571193429836 ) ) ;
#734 = EDGE_LOOP ( 'NONE', ( #9944, #2677 ) ) ;
#735 = ORIENTED_EDGE ( 'NONE', *, *, #6777, .T. ) ;
#736 = CARTESIAN_POINT ( 'NONE',  ( 2.865671740686002167, 8.278085663071996336, -2.773968950231998853 ) ) ;
#737 = LINE ( 'NONE', #3200, #4546 ) ;
#738 = CARTESIAN_POINT ( 'NONE',  ( 5.247235404841920747, 2.592229306565069891, -4.316993260558160017 ) ) ;
#739 = ORIENTED_EDGE ( 'NONE', *, *, #2998, .T. ) ;
#740 = EDGE_CURVE ( 'NONE', #3707, #530, #2367, .T. ) ;
#741 = CARTESIAN_POINT ( 'NONE',  ( 5.250000000000000000, 8.500001019718999018, -4.749999999579999965 ) ) ;
#742 = DIRECTION ( 'NONE',  ( 1.000000000000000000, -3.844432427318920070E-10, -2.494514039527170024E-09 ) ) ;
#743 = ORIENTED_EDGE ( 'NONE', *, *, #2033, .F. ) ;
#744 = CARTESIAN_POINT ( 'NONE',  ( 1.915853781560399982, 2.937971850813069885, -4.245532269038360340 ) ) ;
#745 = CARTESIAN_POINT ( 'NONE',  ( 2.634351964937100110, 3.286136740136069712, -3.371559732834539691 ) ) ;
#746 = CARTESIAN_POINT ( 'NONE',  ( 4.444732696798299187, 2.965497468346069976, -3.077211682339779930 ) ) ;
#747 = ORIENTED_EDGE ( 'NONE', *, *, #8224, .T. ) ;
#748 = CARTESIAN_POINT ( 'NONE',  ( 3.006417849452838187, 8.264964049020269599, -3.799261912479781955 ) ) ;
#749 = CARTESIAN_POINT ( 'NONE',  ( 1.979974363312276830, 3.172836704125195695, -2.682807958132412463 ) ) ;
#750 = DIRECTION ( 'NONE',  ( 1.000000000000000000, 0.000000000000000000, 0.000000000000000000 ) ) ;
#751 = CARTESIAN_POINT ( 'NONE',  ( 5.416125288879999999, 3.468882591923070358, -4.334238399721679791 ) ) ;
#752 = ORIENTED_EDGE ( 'NONE', *, *, #7144, .F. ) ;
#753 = CARTESIAN_POINT ( 'NONE',  ( 2.536572061456770832, 2.787752883676879012, -3.612368673953290088 ) ) ;
#754 = CARTESIAN_POINT ( 'NONE',  ( 5.837927048509610195, 2.999040839061089869, -2.638953792440410062 ) ) ;
#755 = CARTESIAN_POINT ( 'NONE',  ( 3.993145592250002096, 8.274682792982998691, -3.100648005344000424 ) ) ;
#756 = VERTEX_POINT ( 'NONE', #4151 ) ;
#757 = CARTESIAN_POINT ( 'NONE',  ( 4.901484375053991371, 3.092780965473453048, -4.389865612783910187 ) ) ;
#758 = B_SPLINE_CURVE_WITH_KNOTS ( 'NONE', 3,
 ( #649, #4600, #3012, #6233, #9434, #2229, #5445, #3858, #10280, #7074 ),
 .UNSPECIFIED., .F., .F.,
 ( 4, 2, 2, 2, 4 ),
 ( 1.323723570831001982E-14, 0.0004087285182705400035, 0.0008174570365278427658, 0.001226185554785145636, 0.001634914073042448290 ),
 .UNSPECIFIED. ) ;
#759 = CARTESIAN_POINT ( 'NONE',  ( 0.4528074238942997320, 8.189575146149996598, -3.471200135407998655 ) ) ;
#760 = DIRECTION ( 'NONE',  ( 0.000000000000000000, -2.284321894503000260E-14, 1.000000000000000000 ) ) ;
#761 = CARTESIAN_POINT ( 'NONE',  ( 4.568548443562000294, 2.648136689840070002, -4.010143631892259641 ) ) ;
#762 = DIRECTION ( 'NONE',  ( 0.000000000000000000, -1.000000000000000000, 0.000000000000000000 ) ) ;
#763 = DIRECTION ( 'NONE',  ( 0.000000000000000000, -1.000000000000000000, 0.000000000000000000 ) ) ;
#764 = DIRECTION ( 'NONE',  ( -0.01437837135889036451, -0.000000000000000000, -0.9998966258754281577 ) ) ;
#765 = CARTESIAN_POINT ( 'NONE',  ( 7.500000000759999175, 1.019498654400000011E-06, -5.700000000182000370 ) ) ;
#766 = CARTESIAN_POINT ( 'NONE',  ( 1.750652989507710089, 3.232597894087070323, -2.492762963919860297 ) ) ;
#767 = CARTESIAN_POINT ( 'NONE',  ( 1.746743852880820125, 2.633208986486069936, -4.388174138367060273 ) ) ;
#768 = CARTESIAN_POINT ( 'NONE',  ( 5.053220960960500108, -3.399999998570734761, -3.449999999993500044 ) ) ;
#769 = EDGE_LOOP ( 'NONE', ( #3073, #4936, #2997, #7893, #1834, #9179, #5839, #6854, #5447, #1983 ) ) ;
#770 = EDGE_CURVE ( 'NONE', #2248, #3942, #10414, .T. ) ;
#771 = CARTESIAN_POINT ( 'NONE',  ( 1.453222577960006312, 7.070001019719070356, -4.766244656803269031 ) ) ;
#772 = CARTESIAN_POINT ( 'NONE',  ( 1.753222577960000139, 7.270001019719069646, -3.449999998694359693 ) ) ;
#773 = CARTESIAN_POINT ( 'NONE',  ( 2.029624012837999647, 3.059735592879069710, -4.268082508431979782 ) ) ;
#774 = CARTESIAN_POINT ( 'NONE',  ( 16.99999999925010030, 7.050001019498999710, -1.350000000000000089 ) ) ;
#775 = EDGE_LOOP ( 'NONE', ( #6892, #4195, #5521, #6753 ) ) ;
#776 = DIRECTION ( 'NONE',  ( 0.000000000000000000, 1.000000000000000000, 1.162443566441900040E-15 ) ) ;
#777 = ADVANCED_FACE ( 'NONE', ( #8198 ), #8911, .T. ) ;
#778 = LINE ( 'NONE', #138, #7570 ) ;
#779 = VERTEX_POINT ( 'NONE', #205 ) ;
#780 = VERTEX_POINT ( 'NONE', #1044 ) ;
#781 = EDGE_CURVE ( 'NONE', #4046, #6350, #3418, .T. ) ;
#782 = CARTESIAN_POINT ( 'NONE',  ( 2.134362874537412136, 3.341743398537950327, -2.609761872596755516 ) ) ;
#783 = DIRECTION ( 'NONE',  ( 0.000000000000000000, 1.000000000000000000, 0.000000000000000000 ) ) ;
#784 = AXIS2_PLACEMENT_3D ( 'NONE', #1367, #4683, #8520 ) ;
#785 = CARTESIAN_POINT ( 'NONE',  ( 5.811373894510011517, 3.122552782152663742, -2.850589511723729874 ) ) ;
#786 = ORIENTED_EDGE ( 'NONE', *, *, #8576, .T. ) ;
#787 = CARTESIAN_POINT ( 'NONE',  ( 2.564080553029811860, 2.670001019719071333, -3.798734171302731610 ) ) ;
#788 = CARTESIAN_POINT ( 'NONE',  ( 4.646309644629200264, 2.788299712142070064, -2.922965847814580354 ) ) ;
#789 = VERTEX_POINT ( 'NONE', #6676 ) ;
#790 = CARTESIAN_POINT ( 'NONE',  ( 0.9483411604092010228, 2.719025584317070532, -3.082976728882460105 ) ) ;
#791 = CARTESIAN_POINT ( 'NONE',  ( 2.480818245599899718, 3.221527428722069875, -3.089549537469860052 ) ) ;
#792 = CARTESIAN_POINT ( 'NONE',  ( 4.513170140143199838, 3.007698769271069938, -3.108767648547380080 ) ) ;
#793 = VERTEX_POINT ( 'NONE', #3515 ) ;
#794 = EDGE_CURVE ( 'NONE', #600, #9800, #5686, .T. ) ;
#795 = B_SPLINE_CURVE_WITH_KNOTS ( 'NONE', 3,
 ( #3768, #9337, #497, #6980, #3714, #7237, #6343, #7917, #1494, #6394 ),
 .UNSPECIFIED., .F., .F.,
 ( 4, 2, 2, 2, 4 ),
 ( 9.792633613556076959E-14, 0.0001718025760950314673, 0.0003436051520921366018, 0.0005154077280892417363, 0.0006872103040863468707 ),
 .UNSPECIFIED. ) ;
#796 = LINE ( 'NONE', #844, #1205 ) ;
#797 = CARTESIAN_POINT ( 'NONE',  ( 1.556030859066517058, 2.857436027896405939, -2.460580494617190084 ) ) ;
#798 = CARTESIAN_POINT ( 'NONE',  ( 5.912932886271000221, 2.899049950372070139, -2.980979748979580179 ) ) ;
#799 = ADVANCED_FACE ( 'NONE', ( #3626 ), #8459, .F. ) ;
#800 = CARTESIAN_POINT ( 'NONE',  ( 2.625448816288212583, 2.626753779811827894, -2.961181410423392890 ) ) ;
#801 = ORIENTED_EDGE ( 'NONE', *, *, #9592, .F. ) ;
#802 = CARTESIAN_POINT ( 'NONE',  ( 2.584579772040340284, 2.710307268088910426, -3.953908134219140003 ) ) ;
#803 = CARTESIAN_POINT ( 'NONE',  ( 1.753222577960000139, 7.070001019719070356, -3.449999998694359693 ) ) ;
#804 = CARTESIAN_POINT ( 'NONE',  ( 6.699999999740000156, 4.700001019498999177, -5.400000000000000355 ) ) ;
#805 = ORIENTED_EDGE ( 'NONE', *, *, #1757, .F. ) ;
#806 = CARTESIAN_POINT ( 'NONE',  ( 5.642747053666145263, 3.044594944335913933, -4.374743251303796043 ) ) ;
#807 = CARTESIAN_POINT ( 'NONE',  ( 0.6020539573485997886, 8.116480247017998195, -4.145684881982003134 ) ) ;
#808 = CARTESIAN_POINT ( 'NONE',  ( 1.273992266688000363, 8.081390133520995889, -2.112444706147000417 ) ) ;
#809 = CARTESIAN_POINT ( 'NONE',  ( 6.667960888849997048, 8.083844485506000765, -3.473141778550999703 ) ) ;
#810 = CARTESIAN_POINT ( 'NONE',  ( 4.981330689395838007, 3.341743398537950327, -2.487834211394013728 ) ) ;
#811 = CARTESIAN_POINT ( 'NONE',  ( 17.50000000000000000, 1.019498654399000089E-06, -6.899999999160000286 ) ) ;
#812 = EDGE_CURVE ( 'NONE', #3783, #8718, #3620, .T. ) ;
#813 = CARTESIAN_POINT ( 'NONE',  ( 5.787042392466200447, 3.300624340415069913, -2.559745461018959833 ) ) ;
#814 = CIRCLE ( 'NONE', #2149, 1.149999999999999911 ) ;
#815 = CARTESIAN_POINT ( 'NONE',  ( 0.7738738050297010451, 2.753725681174070239, -3.768597270595960058 ) ) ;
#816 = CARTESIAN_POINT ( 'NONE',  ( 2.671755316335000074, 2.693336837229070024, -3.891475801192480155 ) ) ;
#817 = CARTESIAN_POINT ( 'NONE',  ( 5.253222577960192652, 3.274676319215107601, -4.249999998694357295 ) ) ;
#818 = ORIENTED_EDGE ( 'NONE', *, *, #10163, .F. ) ;
#819 = CARTESIAN_POINT ( 'NONE',  ( 0.4500000326078000268, 8.261302185252999308, -3.450000111213999965 ) ) ;
#820 = CARTESIAN_POINT ( 'NONE',  ( 1.222630787878808745, 2.670001019719071778, -4.271386288205858861 ) ) ;
#821 = DIRECTION ( 'NONE',  ( 1.000000000000000000, 0.000000000000000000, 0.000000000000000000 ) ) ;
#822 = CIRCLE ( 'NONE', #141, 0.1000000000000000472 ) ;
#823 = DIRECTION ( 'NONE',  ( 0.000000000000000000, -1.000000000000000000, 0.000000000000000000 ) ) ;
#824 = ORIENTED_EDGE ( 'NONE', *, *, #7303, .T. ) ;
#825 = DIRECTION ( 'NONE',  ( -1.000000000000000000, 0.000000000000000000, 0.000000000000000000 ) ) ;
#826 = DIRECTION ( 'NONE',  ( 1.000000000000000000, 1.824712256293103962E-12, 1.788933584601082569E-13 ) ) ;
#827 = VERTEX_POINT ( 'NONE', #9155 ) ;
#828 = ORIENTED_EDGE ( 'NONE', *, *, #1744, .T. ) ;
#829 = CARTESIAN_POINT ( 'NONE',  ( 0.4511282723465004363, 8.274623138768005148, -3.522665444261002143 ) ) ;
#830 = CARTESIAN_POINT ( 'NONE',  ( 1.750000000000000000, 8.263201068181759368, -2.150001168399715112 ) ) ;
#831 = CARTESIAN_POINT ( 'NONE',  ( 0.000000000000000000, 4.700001019498999177, -5.400000000000000355 ) ) ;
#832 = ORIENTED_EDGE ( 'NONE', *, *, #5734, .F. ) ;
#833 = CARTESIAN_POINT ( 'NONE',  ( 1.037143547693803125, 2.874579013954263296, -3.997516471495822010 ) ) ;
#834 = CARTESIAN_POINT ( 'NONE',  ( 4.373840958511999943, 2.851606481980069940, -3.044526233683680250 ) ) ;
#835 = VERTEX_POINT ( 'NONE', #5992 ) ;
#836 = AXIS2_PLACEMENT_3D ( 'NONE', #3394, #9025, #3604 ) ;
#837 = EDGE_CURVE ( 'NONE', #9196, #2043, #7255, .T. ) ;
#838 = EDGE_CURVE ( 'NONE', #268, #1433, #4306, .T. ) ;
#839 = CARTESIAN_POINT ( 'NONE',  ( 1.068548443562000072, 2.648136689840070002, -4.010143631892259641 ) ) ;
#840 = CARTESIAN_POINT ( 'NONE',  ( 2.612749237946800029, 3.408580981800070298, -3.973612233847759523 ) ) ;
#841 = CARTESIAN_POINT ( 'NONE',  ( 4.446178840531200827, 2.911725610648070450, -3.806410112960480152 ) ) ;
#842 = ORIENTED_EDGE ( 'NONE', *, *, #1283, .T. ) ;
#843 = VECTOR ( 'NONE', #5960, 1000.000000000000000 ) ;
#844 = CARTESIAN_POINT ( 'NONE',  ( 16.99999999925010030, 4.700001019498989407, -1.549999999994079891 ) ) ;
#845 = EDGE_CURVE ( 'NONE', #880, #5035, #2976, .T. ) ;
#846 = CYLINDRICAL_SURFACE ( 'NONE', #9589, 0.2000000000000000944 ) ;
#847 = CARTESIAN_POINT ( 'NONE',  ( 5.506227455791999681, 3.017534521133070413, -4.198834264176880104 ) ) ;
#848 = CARTESIAN_POINT ( 'NONE',  ( 2.093786658658999933, 3.137151270124070024, -4.390217711898079855 ) ) ;
#849 = EDGE_CURVE ( 'NONE', #9173, #8259, #7995, .T. ) ;
#850 = ORIENTED_EDGE ( 'NONE', *, *, #10085, .F. ) ;
#851 = AXIS2_PLACEMENT_3D ( 'NONE', #9934, #3362, #8150 ) ;
#852 = AXIS2_PLACEMENT_3D ( 'NONE', #5448, #4707, #1389 ) ;
#853 = CARTESIAN_POINT ( 'NONE',  ( 2.152741642229830443, 0.6000000014230709722, -3.469609112349211877 ) ) ;
#854 = DIRECTION ( 'NONE',  ( 0.000000000000000000, -1.000000000000000000, 0.000000000000000000 ) ) ;
#855 = CARTESIAN_POINT ( 'NONE',  ( 4.052524019689998092, 8.274771315020002405, -2.932519185372000070 ) ) ;
#856 = VERTEX_POINT ( 'NONE', #6042 ) ;
#857 = CARTESIAN_POINT ( 'NONE',  ( 1.750000000000000000, 8.300001019718999729, -3.449999999580000143 ) ) ;
#858 = CARTESIAN_POINT ( 'NONE',  ( 1.148986231760999122, 8.275649317258997328, -4.607811241007002678 ) ) ;
#859 = CARTESIAN_POINT ( 'NONE',  ( 5.553222577960000628, 7.270001019719069646, -4.560180164253153201 ) ) ;
#860 = AXIS2_PLACEMENT_3D ( 'NONE', #8631, #4632, #4682 ) ;
#861 = AXIS2_PLACEMENT_3D ( 'NONE', #1409, #4729, #4509 ) ;
#862 = CARTESIAN_POINT ( 'NONE',  ( 5.225039181927029652, 2.830894158715069775, -2.493174503783559981 ) ) ;
#863 = CARTESIAN_POINT ( 'NONE',  ( 1.750000000000000222, 8.300001019718999729, -4.749999999579999965 ) ) ;
#864 = ORIENTED_EDGE ( 'NONE', *, *, #4704, .T. ) ;
#865 = EDGE_CURVE ( 'NONE', #5127, #7423, #9508, .T. ) ;
#866 = CARTESIAN_POINT ( 'NONE',  ( 4.499321020235779400, 2.828597410210500041, -2.832843408479789549 ) ) ;
#867 = VECTOR ( 'NONE', #1366, 1000.000000000000000 ) ;
#868 = CARTESIAN_POINT ( 'NONE',  ( 6.049236430210800819, 3.368991922276069584, -2.904798333168060243 ) ) ;
#869 = VECTOR ( 'NONE', #6017, 1000.000000000000000 ) ;
#870 = CARTESIAN_POINT ( 'NONE',  ( 1.725039181927029874, 2.830894158715069775, -2.493174503783559981 ) ) ;
#871 = CARTESIAN_POINT ( 'NONE',  ( 2.551518851126000076, 2.580268938004069756, -2.991710854196480085 ) ) ;
#872 = DIRECTION ( 'NONE',  ( 0.000000000000000000, 9.578761693691410276E-16, -1.000000000000000000 ) ) ;
#873 = EDGE_LOOP ( 'NONE', ( #8687, #5833 ) ) ;
#874 = CARTESIAN_POINT ( 'NONE',  ( 2.547370753842300051, 3.500110627301070032, -3.588599238532659719 ) ) ;
#875 = DIRECTION ( 'NONE',  ( 0.000000000000000000, -1.000000000000000000, 0.000000000000000000 ) ) ;
#876 = EDGE_CURVE ( 'NONE', #3678, #4115, #4989, .T. ) ;
#877 = VECTOR ( 'NONE', #8820, 1000.000000000000000 ) ;
#878 = CARTESIAN_POINT ( 'NONE',  ( 3.053222577960999828, 0.7000000014231969603, -1.549999999994079891 ) ) ;
#879 = CARTESIAN_POINT ( 'NONE',  ( 6.499999999250099414, 4.700001019498999177, -6.399999999720000332 ) ) ;
#880 = VERTEX_POINT ( 'NONE', #5464 ) ;
#881 = CARTESIAN_POINT ( 'NONE',  ( 0.000000000000000000, 0.7000000014231999579, -5.400000000000000355 ) ) ;
#882 = LINE ( 'NONE', #2509, #3868 ) ;
#883 = VECTOR ( 'NONE', #6881, 1000.000000000000000 ) ;
#884 = EDGE_LOOP ( 'NONE', ( #526, #3138 ) ) ;
#885 = EDGE_LOOP ( 'NONE', ( #6885, #1369, #2344, #5706, #2720, #8204, #491, #1514 ) ) ;
#886 = CARTESIAN_POINT ( 'NONE',  ( 6.653222577959999384, 4.200000002145519495, -1.664155840000459907 ) ) ;
#888 = EDGE_CURVE ( 'NONE', #1474, #5687, #5857, .T. ) ;
#887 = CARTESIAN_POINT ( 'NONE',  ( 6.279034896135999411, 3.368096099978070246, -3.358679708905750072 ) ) ;
#889 = CARTESIAN_POINT ( 'NONE',  ( 5.914872417788229697, 2.932324819687889494, -2.734763924132090018 ) ) ;
#890 = VERTEX_POINT ( 'NONE', #3881 ) ;
#891 = CARTESIAN_POINT ( 'NONE',  ( 2.529834234372522861, 2.670001019718647228, -3.257973086197567980 ) ) ;
#892 = VECTOR ( 'NONE', #4758, 1000.000000000000000 ) ;
#893 = CARTESIAN_POINT ( 'NONE',  ( 4.720908835410030591, 2.792585366009249892, -2.862990103072360348 ) ) ;
#894 = ORIENTED_EDGE ( 'NONE', *, *, #3051, .F. ) ;
#895 = DIRECTION ( 'NONE',  ( 1.000000000000000000, 0.000000000000000000, 0.000000000000000000 ) ) ;
#896 = CARTESIAN_POINT ( 'NONE',  ( 1.725039181927029874, 2.830894158715069775, -2.493174503783559981 ) ) ;
#897 = DIRECTION ( 'NONE',  ( 0.000000000000000000, 1.000000000000000000, 0.000000000000000000 ) ) ;
#898 = CARTESIAN_POINT ( 'NONE',  ( 4.514493870000399589, 2.953926911574070058, -3.776240536961980254 ) ) ;
#899 = ORIENTED_EDGE ( 'NONE', *, *, #8869, .F. ) ;
#900 = DIRECTION ( 'NONE',  ( 5.430584521513999634E-13, -1.000000000000000000, 7.218222402904000693E-14 ) ) ;
#901 = EDGE_CURVE ( 'NONE', #4156, #1543, #6152, .T. ) ;
#902 = LINE ( 'NONE', #8162, #174 ) ;
#903 = DIRECTION ( 'NONE',  ( 0.000000000000000000, -1.000000000000000000, 0.000000000000000000 ) ) ;
#904 = DIRECTION ( 'NONE',  ( 0.000000000000000000, -1.000000000000000000, 0.000000000000000000 ) ) ;
#905 = ORIENTED_EDGE ( 'NONE', *, *, #7660, .F. ) ;
#906 = DIRECTION ( 'NONE',  ( 0.000000000000000000, 0.000000000000000000, 1.000000000000000000 ) ) ;
#907 = ADVANCED_FACE ( 'NONE', ( #6991 ), #1407, .F. ) ;
#908 = DIRECTION ( 'NONE',  ( 0.000000000000000000, -0.9940776682131343689, -0.1086719354752535421 ) ) ;
#909 = DIRECTION ( 'NONE',  ( 0.000000000000000000, 0.000000000000000000, -1.000000000000000000 ) ) ;
#910 = VERTEX_POINT ( 'NONE', #3037 ) ;
#911 = CARTESIAN_POINT ( 'NONE',  ( 6.399999999740000334, 4.700001019498999177, -5.400000000000000355 ) ) ;
#912 = CARTESIAN_POINT ( 'NONE',  ( 2.023762168913000092, 8.118483946056002765, -4.764077609097997268 ) ) ;
#913 = CARTESIAN_POINT ( 'NONE',  ( 6.141187980042118966, 8.264458748803361843, -2.497972510776821586 ) ) ;
#914 = ADVANCED_FACE ( 'NONE', ( #6884 ), #10246, .T. ) ;
#915 = CARTESIAN_POINT ( 'NONE',  ( 4.273873805029699824, 2.753725681174070239, -3.768597270595960058 ) ) ;
#916 = CARTESIAN_POINT ( 'NONE',  ( 2.053222577959993078, 7.070001019719070356, -2.133755340585450799 ) ) ;
#917 = ORIENTED_EDGE ( 'NONE', *, *, #10291, .F. ) ;
#918 = CARTESIAN_POINT ( 'NONE',  ( 0.000000000000000000, 0.000000000000000000, -5.400000000000000355 ) ) ;
#919 = CARTESIAN_POINT ( 'NONE',  ( 6.059771437992000465, 3.478344677755069725, -3.311209653152760168 ) ) ;
#920 = CARTESIAN_POINT ( 'NONE',  ( 1.379909031321999935, 2.807264527223069628, -2.568554409024260021 ) ) ;
#921 = CARTESIAN_POINT ( 'NONE',  ( 0.5000000000031089575, 4.400000001017010831, -4.684838256928680167 ) ) ;
#922 = CARTESIAN_POINT ( 'NONE',  ( 0.5000000000000000000, 0.7000000014231949619, -1.549999999994079891 ) ) ;
#923 = ORIENTED_EDGE ( 'NONE', *, *, #7563, .F. ) ;
#924 = CARTESIAN_POINT ( 'NONE',  ( 0.9964170887009008437, 3.314050228302069634, -3.138510251883060320 ) ) ;
#925 = EDGE_CURVE ( 'NONE', #5969, #10157, #814, .T. ) ;
#926 = LINE ( 'NONE', #974, #4241 ) ;
#927 = CARTESIAN_POINT ( 'NONE',  ( 1.400952431917976471, 2.726533111834733791, -2.709906721002902863 ) ) ;
#928 = DIRECTION ( 'NONE',  ( 0.000000000000000000, 1.070816960479510155E-15, -1.000000000000000000 ) ) ;
#929 = CARTESIAN_POINT ( 'NONE',  ( 0.3000000002593999349, 4.700001019498999177, -5.400000000000000355 ) ) ;
#930 = CARTESIAN_POINT ( 'NONE',  ( 5.253222577959999917, 2.985462208132676931, -2.649999998694359871 ) ) ;
#931 = ORIENTED_EDGE ( 'NONE', *, *, #2401, .T. ) ;
#932 = ORIENTED_EDGE ( 'NONE', *, *, #1477, .T. ) ;
#933 = FACE_OUTER_BOUND ( 'NONE', #7258, .T. ) ;
#934 = FACE_OUTER_BOUND ( 'NONE', #3861, .T. ) ;
#935 = CARTESIAN_POINT ( 'NONE',  ( 6.399999999740000334, 0.7000000014231999579, -5.400000000000000355 ) ) ;
#936 = ORIENTED_EDGE ( 'NONE', *, *, #9739, .T. ) ;
#937 = LINE ( 'NONE', #9630, #8088 ) ;
#938 = DIRECTION ( 'NONE',  ( 0.000000000000000000, 1.000000000000000000, 0.000000000000000000 ) ) ;
#939 = VERTEX_POINT ( 'NONE', #9403 ) ;
#940 = CARTESIAN_POINT ( 'NONE',  ( 6.094748606835999283, 2.690940066550069787, -4.007896809412479833 ) ) ;
#941 = EDGE_CURVE ( 'NONE', #2962, #1244, #8033, .T. ) ;
#942 = CARTESIAN_POINT ( 'NONE',  ( 1.751042907655960157, 3.150638534245069788, -2.638017388498460125 ) ) ;
#943 = DIRECTION ( 'NONE',  ( 0.000000000000000000, -1.000000000000000000, 0.000000000000000000 ) ) ;
#944 = ORIENTED_EDGE ( 'NONE', *, *, #79, .F. ) ;
#945 = FACE_OUTER_BOUND ( 'NONE', #4513, .T. ) ;
#946 = CARTESIAN_POINT ( 'NONE',  ( 6.045897527287600326, 3.262507108643070364, -3.057309300008559827 ) ) ;
#947 = CARTESIAN_POINT ( 'NONE',  ( 5.627315347839000559, 3.007198776457070011, -4.156433873682180646 ) ) ;
#948 = CARTESIAN_POINT ( 'NONE',  ( 5.253222577959999917, 2.670001019719070001, -3.449999998694359693 ) ) ;
#949 = CARTESIAN_POINT ( 'NONE',  ( 2.232750752211885015, 3.127736043721049963, -4.339746680860154804 ) ) ;
#950 = ORIENTED_EDGE ( 'NONE', *, *, #2382, .T. ) ;
#951 = TOROIDAL_SURFACE ( 'NONE', #2965, 1.149999999999999911, 0.2000000000000000111 ) ;
#952 = ORIENTED_EDGE ( 'NONE', *, *, #2, .T. ) ;
#953 = EDGE_CURVE ( 'NONE', #2886, #8564, #7370, .T. ) ;
#954 = DIRECTION ( 'NONE',  ( 0.000000000000000000, 0.000000000000000000, 1.000000000000000000 ) ) ;
#955 = EDGE_CURVE ( 'NONE', #9347, #10141, #9374, .T. ) ;
#956 = LINE ( 'NONE', #2593, #1513 ) ;
#957 = CARTESIAN_POINT ( 'NONE',  ( 6.499999999249999938, 4.750001019718999906, -2.299999998060999751 ) ) ;
#958 = VERTEX_POINT ( 'NONE', #10142 ) ;
#959 = CARTESIAN_POINT ( 'NONE',  ( 4.153222577959000184, 4.254481236148950352, -1.267883465059339798 ) ) ;
#960 = CARTESIAN_POINT ( 'NONE',  ( 4.916113958209119339, 3.138471425372491463, -4.308795395389700467 ) ) ;
#961 = CARTESIAN_POINT ( 'NONE',  ( 6.365295360321248097, 8.264769742368708094, -2.774206580558822743 ) ) ;
#962 = CARTESIAN_POINT ( 'NONE',  ( 6.656951989779999579, 8.083833623638005506, -3.640092200116000765 ) ) ;
#963 = PLANE ( 'NONE',  #1894 ) ;
#964 = ADVANCED_FACE ( 'NONE', ( #2879 ), #7101, .F. ) ;
#965 = ORIENTED_EDGE ( 'NONE', *, *, #5676, .F. ) ;
#966 = EDGE_CURVE ( 'NONE', #1576, #9474, #4339, .T. ) ;
#967 = CARTESIAN_POINT ( 'NONE',  ( 3.153222577962000006, 4.700001019498999177, -5.249999999992080113 ) ) ;
#968 = EDGE_CURVE ( 'NONE', #5678, #1772, #8708, .T. ) ;
#969 = CARTESIAN_POINT ( 'NONE',  ( 4.949630444310200161, 3.286844697549069938, -2.534185414005960091 ) ) ;
#970 = CARTESIAN_POINT ( 'NONE',  ( 0.8161782743678008822, 2.800984944159069734, -3.022710889064259998 ) ) ;
#971 = CARTESIAN_POINT ( 'NONE',  ( 2.631242439319999793, 2.667625372062070177, -3.872004034872379652 ) ) ;
#972 = DIRECTION ( 'NONE',  ( 0.000000000000000000, 0.000000000000000000, 1.000000000000000000 ) ) ;
#973 = CARTESIAN_POINT ( 'NONE',  ( 1.045489893230000078, 3.218477115689069912, -2.690637985068160098 ) ) ;
#974 = CARTESIAN_POINT ( 'NONE',  ( 1.753222577960000139, 6.070001019719070356, -4.249999998694359959 ) ) ;
#975 = DIRECTION ( 'NONE',  ( 0.000000000000000000, -6.420450109068106765E-10, -1.000000000000000000 ) ) ;
#976 = DIRECTION ( 'NONE',  ( 1.000000000000000000, 0.000000000000000000, 0.000000000000000000 ) ) ;
#977 = VECTOR ( 'NONE', #8616, 1000.000000000000000 ) ;
#978 = DIRECTION ( 'NONE',  ( -1.000000000000000000, 0.000000000000000000, 0.000000000000000000 ) ) ;
#979 = EDGE_CURVE ( 'NONE', #3015, #3085, #6259, .T. ) ;
#980 = CARTESIAN_POINT ( 'NONE',  ( 6.110552118703000524, 3.359394069010070094, -3.831049408824959812 ) ) ;
#981 = VERTEX_POINT ( 'NONE', #7877 ) ;
#982 = VECTOR ( 'NONE', #3435, 1000.000000000000000 ) ;
#983 = CARTESIAN_POINT ( 'NONE',  ( 4.496926655382233129, 8.262110736845864167, -2.385361362294950549 ) ) ;
#984 = CARTESIAN_POINT ( 'NONE',  ( 6.052134428391900300, 3.367601301879069808, -3.936686496238959609 ) ) ;
#985 = DIRECTION ( 'NONE',  ( 0.000000000000000000, -0.1523172032599539316, -0.9883316597130064052 ) ) ;
#986 = VERTEX_POINT ( 'NONE', #1296 ) ;
#987 = CARTESIAN_POINT ( 'NONE',  ( 1.453222577960030071, 7.050001019498999710, -4.766244656803180213 ) ) ;
#988 = FACE_OUTER_BOUND ( 'NONE', #377, .T. ) ;
#989 = ORIENTED_EDGE ( 'NONE', *, *, #6699, .T. ) ;
#990 = EDGE_CURVE ( 'NONE', #2013, #361, #10215, .T. ) ;
#991 = CARTESIAN_POINT ( 'NONE',  ( 6.171767029589999787, 2.682137446733070085, -3.891483678386479905 ) ) ;
#992 = CIRCLE ( 'NONE', #3352, 1.399999999080000057 ) ;
#993 = CARTESIAN_POINT ( 'NONE',  ( 2.704079787497100540, 2.925412684685070097, -3.339637421079659774 ) ) ;
#994 = CARTESIAN_POINT ( 'NONE',  ( 1.413538485997917871, 3.337259585356999736, -2.506964097569345018 ) ) ;
#995 = ORIENTED_EDGE ( 'NONE', *, *, #7847, .T. ) ;
#996 = CARTESIAN_POINT ( 'NONE',  ( 1.114703732521599822, 2.701649761544069772, -3.932061566437780264 ) ) ;
#997 = CARTESIAN_POINT ( 'NONE',  ( 6.249832768319000031, 3.386878788324070300, -3.659379101610260143 ) ) ;
#998 = AXIS2_PLACEMENT_3D ( 'NONE', #7698, #7072, #3652 ) ;
#999 = CARTESIAN_POINT ( 'NONE',  ( 5.583333516409999753, 3.143677221761070228, -4.404238492003480054 ) ) ;
#1000 = CYLINDRICAL_SURFACE ( 'NONE', #9887, 0.4000000001000000305 ) ;
#1001 = EDGE_CURVE ( 'NONE', #7060, #1125, #2931, .T. ) ;
#1002 = DIRECTION ( 'NONE',  ( 0.000000000000000000, 0.1523172032599539316, 0.9883316597130064052 ) ) ;
#1003 = LINE ( 'NONE', #8115, #110 ) ;
#1004 = EDGE_LOOP ( 'NONE', ( #2878, #4477, #7359, #10037 ) ) ;
#1005 = CARTESIAN_POINT ( 'NONE',  ( 7.500000000759999175, 1.019498654400000011E-06, -6.399999999722000510 ) ) ;
#1006 = CARTESIAN_POINT ( 'NONE',  ( 1.453222577960006312, 7.070001019719070356, -4.766244656803269031 ) ) ;
#1007 = VECTOR ( 'NONE', #9379, 1000.000000000000000 ) ;
#1008 = CARTESIAN_POINT ( 'NONE',  ( 1.979746326472521911, 3.341743398537950327, -2.560866044068747183 ) ) ;
#1009 = B_SPLINE_SURFACE_WITH_KNOTS ( 'NONE', 3, 3, ( 
 ( #4723, #773, #1610, #8664 ),
 ( #5568, #6256, #2349, #8776 ),
 ( #1563, #9617, #3251, #8030 ),
 ( #5667, #10304, #4878, #7930 ),
 ( #3089, #7985, #7249, #8085 ),
 ( #36, #9455, #6463, #10350 ),
 ( #6352, #9667, #2454, #7874 ),
 ( #8875, #7040, #10244, #4667 ),
 ( #1768, #7305, #85, #3351 ),
 ( #6564, #9820, #9143, #4089 ) ),
 .UNSPECIFIED., .F., .F., .F.,
 ( 4, 1, 1, 1, 1, 1, 1, 4 ),
 ( 4, 4 ),
 ( 0.000000000000000000, 0.009711372227553090319, 0.2082497130025590115, 0.4285552994554310269, 0.6488608859083040414, 0.8691664723611769450, 0.9805856042883570600, 1.000000000000000000 ),
 ( 0.000000000000000000, 1.000000000000000000 ),
 .UNSPECIFIED. ) ;
#1010 = ORIENTED_EDGE ( 'NONE', *, *, #1346, .T. ) ;
#1011 = DIRECTION ( 'NONE',  ( 0.3420304964565629158, 0.9305042781933127172, -0.1310607788685039521 ) ) ;
#1012 = DIRECTION ( 'NONE',  ( 0.000000000000000000, -1.073024830561760027E-15, 1.000000000000000000 ) ) ;
#1013 = FACE_OUTER_BOUND ( 'NONE', #6806, .T. ) ;
#1014 = CARTESIAN_POINT ( 'NONE',  ( 4.961027579210003147, 8.081639216457999098, -4.840010576740999326 ) ) ;
#1015 = DIRECTION ( 'NONE',  ( 0.000000000000000000, 1.000000000000000000, 9.578761693691410276E-16 ) ) ;
#1016 = AXIS2_PLACEMENT_3D ( 'NONE', #6086, #7361, #2515 ) ;
#1017 = AXIS2_PLACEMENT_3D ( 'NONE', #8982, #1710, #4928 ) ;
#1018 = ORIENTED_EDGE ( 'NONE', *, *, #502, .F. ) ;
#1019 = DIRECTION ( 'NONE',  ( 0.000000000000000000, 0.1086719355948549404, -0.9940776682000594944 ) ) ;
#1020 = CARTESIAN_POINT ( 'NONE',  ( 5.962961162417800942, 3.122373370607069987, -3.857494235665160254 ) ) ;
#1021 = CARTESIAN_POINT ( 'NONE',  ( 2.049669253456299689, 2.813544110287069522, -2.616537620928859997 ) ) ;
#1022 = CARTESIAN_POINT ( 'NONE',  ( 2.520506867561000064, 2.650716464070069556, -3.958674359507179830 ) ) ;
#1023 = VECTOR ( 'NONE', #7045, 1000.000000000000000 ) ;
#1024 = CARTESIAN_POINT ( 'NONE',  ( 1.422762008708999826, 3.145402373859070178, -4.339955805467079486 ) ) ;
#1025 = CARTESIAN_POINT ( 'NONE',  ( 2.483226555849300077, 3.515340114036070052, -3.767925987345360106 ) ) ;
#1026 = CARTESIAN_POINT ( 'NONE',  ( 1.953224194964500171, -3.399999998570005122, -3.449999999994086686 ) ) ;
#1027 = ADVANCED_FACE ( 'NONE', ( #3137 ), #2351, .T. ) ;
#1028 = CALENDAR_DATE ( 2026, 5, 2 ) ;
#1029 = CARTESIAN_POINT ( 'NONE',  ( 5.716451602996250436, 3.079711691127020146, -4.251033301646879536 ) ) ;
#1030 = FACE_OUTER_BOUND ( 'NONE', #3193, .T. ) ;
#1031 = VECTOR ( 'NONE', #8291, 1000.000000000000000 ) ;
#1032 = CIRCLE ( 'NONE', #5579, 0.3999999999999999112 ) ;
#1033 = CARTESIAN_POINT ( 'NONE',  ( 0.4532225779637020224, 4.400000001423070017, -5.249999999994080291 ) ) ;
#1034 = CARTESIAN_POINT ( 'NONE',  ( 5.910857914071899977, 2.890712587828069946, -3.926273309137260359 ) ) ;
#1035 = ORIENTED_EDGE ( 'NONE', *, *, #2854, .F. ) ;
#1036 = VECTOR ( 'NONE', #1827, 1000.000000000000000 ) ;
#1037 = CIRCLE ( 'NONE', #10081, 0.9500000000000002887 ) ;
#1038 = CARTESIAN_POINT ( 'NONE',  ( 5.090077206475854155, 3.198390695234381020, -4.249999998694264924 ) ) ;
#1039 = CARTESIAN_POINT ( 'NONE',  ( 5.930904809282100842, 3.285641942036070073, -3.862835021021460147 ) ) ;
#1040 = EDGE_CURVE ( 'NONE', #1470, #2092, #7151, .T. ) ;
#1041 = CARTESIAN_POINT ( 'NONE',  ( 4.453222577959000006, 2.742401317444509878, -1.256882331665519992 ) ) ;
#1042 = EDGE_LOOP ( 'NONE', ( #2800, #4803, #3229, #8785, #3984, #6864, #5736, #10102 ) ) ;
#1043 = DIRECTION ( 'NONE',  ( 0.000000000000000000, 0.000000000000000000, 1.000000000000000000 ) ) ;
#1044 = CARTESIAN_POINT ( 'NONE',  ( 1.481330689398844713, 3.341743398537951215, -2.487834211394011952 ) ) ;
#1045 = ORIENTED_EDGE ( 'NONE', *, *, #7552, .F. ) ;
#1046 = DIRECTION ( 'NONE',  ( 0.000000000000000000, 1.000000000000000000, 0.000000000000000000 ) ) ;
#1047 = AXIS2_PLACEMENT_3D ( 'NONE', #5137, #7551, #4399 ) ;
#1048 = DIRECTION ( 'NONE',  ( 0.8479983037706272375, -5.211237859084072588E-23, 0.5299989403783171849 ) ) ;
#1049 = CARTESIAN_POINT ( 'NONE',  ( 1.223116975850299992, 3.108170153561069959, -4.332958687848759816 ) ) ;
#1050 = VERTEX_POINT ( 'NONE', #10352 ) ;
#1051 = CARTESIAN_POINT ( 'NONE',  ( 1.154966188310379893, 2.693951203854249687, -3.969578143279879789 ) ) ;
#1052 = EDGE_CURVE ( 'NONE', #2880, #8347, #3835, .T. ) ;
#1053 = VECTOR ( 'NONE', #4906, 1000.000000000000000 ) ;
#1054 = CARTESIAN_POINT ( 'NONE',  ( 3.800000000259999844, 4.700001019498999177, 5.156985949383999805E-14 ) ) ;
#1055 = CARTESIAN_POINT ( 'NONE',  ( 3.950000032610000211, 8.261302185252999308, -3.450000111213999965 ) ) ;
#1056 = CARTESIAN_POINT ( 'NONE',  ( 6.399999999740000334, 0.7000000014231999579, -6.299999999999999822 ) ) ;
#1057 = CARTESIAN_POINT ( 'NONE',  ( 6.012902720939999668, 2.554557472837069909, -3.013879758036179801 ) ) ;
#1058 = DIRECTION ( 'NONE',  ( 1.000000000000000000, 1.824712256293103155E-12, 1.788933584601081559E-13 ) ) ;
#1059 = ORIENTED_EDGE ( 'NONE', *, *, #901, .F. ) ;
#1060 = VERTEX_POINT ( 'NONE', #2737 ) ;
#1061 = CARTESIAN_POINT ( 'NONE',  ( 2.552134428391899856, 3.367601301879069808, -3.936686496238959609 ) ) ;
#1062 = CARTESIAN_POINT ( 'NONE',  ( 5.253222577959999917, 8.500001019718999018, -3.449999999580000143 ) ) ;
#1063 = CARTESIAN_POINT ( 'NONE',  ( 2.758263098877999919, 2.639405497422069757, -3.218873436100380125 ) ) ;
#1064 = ORIENTED_EDGE ( 'NONE', *, *, #7606, .T. ) ;
#1065 = CARTESIAN_POINT ( 'NONE',  ( 1.622682495803958513, 3.144139512308665729, -2.649999998694382963 ) ) ;
#1066 = PLANE ( 'NONE',  #2715 ) ;
#1067 = CARTESIAN_POINT ( 'NONE',  ( 2.226258016014998731, 8.082642118904999506, -2.112532325222998608 ) ) ;
#1068 = CARTESIAN_POINT ( 'NONE',  ( 5.904312300789995582, 8.082872772075996082, -4.709961903211003609 ) ) ;
#1069 = CARTESIAN_POINT ( 'NONE',  ( 2.392443124448840219, 2.953072890849940180, -4.063892105871730109 ) ) ;
#1070 = VERTEX_POINT ( 'NONE', #1839 ) ;
#1071 = ORIENTED_EDGE ( 'NONE', *, *, #5045, .F. ) ;
#1072 = DIRECTION ( 'NONE',  ( 5.467063331096000655E-13, 1.000000000000000000, -7.218222431031998734E-14 ) ) ;
#1073 = CARTESIAN_POINT ( 'NONE',  ( 4.653412316963099649, 3.149932656338069847, -4.205719636413760121 ) ) ;
#1074 = CARTESIAN_POINT ( 'NONE',  ( 4.035783580650001312, 8.080396037204000237, -2.714260380883998902 ) ) ;
#1075 = EDGE_CURVE ( 'NONE', #7590, #4798, #218, .T. ) ;
#1076 = DIRECTION ( 'NONE',  ( 0.000000000000000000, -1.000000000000000000, 0.000000000000000000 ) ) ;
#1077 = CARTESIAN_POINT ( 'NONE',  ( 1.370124412231999989, 3.509652097227069945, -4.226575369848180941 ) ) ;
#1078 = CARTESIAN_POINT ( 'NONE',  ( 0.7933138045277009498, 3.191094707447069911, -3.054915997531660210 ) ) ;
#1079 = CARTESIAN_POINT ( 'NONE',  ( 0.000000000000000000, 0.000000000000000000, 0.000000000000000000 ) ) ;
#1080 = PERSON_AND_ORGANIZATION ( #3295, #5944 ) ;
#1081 = DIRECTION ( 'NONE',  ( 0.000000000000000000, -1.000000000000000000, 0.000000000000000000 ) ) ;
#1082 = DIRECTION ( 'NONE',  ( 0.000000000000000000, 0.000000000000000000, -1.000000000000000000 ) ) ;
#1083 = CARTESIAN_POINT ( 'NONE',  ( 2.479151730528400321, 3.205601517647829635, -3.828577752575493154 ) ) ;
#1084 = CARTESIAN_POINT ( 'NONE',  ( 6.179358202205900596, 2.949042316178069889, -3.692037468866459893 ) ) ;
#1085 = CARTESIAN_POINT ( 'NONE',  ( 2.538823212130900231, 2.867082956335070154, -3.655309874572560069 ) ) ;
#1086 = EDGE_CURVE ( 'NONE', #1605, #9874, #9054, .T. ) ;
#1087 = B_SPLINE_CURVE_WITH_KNOTS ( 'NONE', 3,
 ( #8449, #5934, #5824, #9036, #9191, #1083, #2026, #8396, #5141, #5247 ),
 .UNSPECIFIED., .F., .F.,
 ( 4, 2, 2, 2, 4 ),
 ( 3.414806577268629485E-18, 0.0005211749180880656486, 0.001042349836176128045, 0.001563524754264190332, 0.002084699672352252620 ),
 .UNSPECIFIED. ) ;
#1088 = ORIENTED_EDGE ( 'NONE', *, *, #8487, .T. ) ;
#1089 = CARTESIAN_POINT ( 'NONE',  ( 4.444697354974997516, 3.276533118730893701, -3.565478244098309712 ) ) ;
#1090 = DIRECTION ( 'NONE',  ( -1.000000000000000000, 0.000000000000000000, 0.000000000000000000 ) ) ;
#1091 = CARTESIAN_POINT ( 'NONE',  ( 2.536572061456770832, 2.787752883676879012, -3.612368673953290088 ) ) ;
#1092 = VERTEX_POINT ( 'NONE', #2834 ) ;
#1094 = EDGE_CURVE ( 'NONE', #4394, #1461, #2475, .T. ) ;
#1093 = CARTESIAN_POINT ( 'NONE',  ( 4.558054147937456335, 3.341743398535563347, -3.845905105885459196 ) ) ;
#1095 = CARTESIAN_POINT ( 'NONE',  ( 4.571064215249698748, 2.911475503778947704, -2.718951483682324533 ) ) ;
#1096 = ORIENTED_EDGE ( 'NONE', *, *, #8724, .F. ) ;
#1097 = CARTESIAN_POINT ( 'NONE',  ( 6.653222577958999295, 4.400000001423070017, -5.249999999992080113 ) ) ;
#1098 = CARTESIAN_POINT ( 'NONE',  ( 3.953222577960799899, 0.7000000014231999579, -5.349999999994079936 ) ) ;
#1099 = EDGE_CURVE ( 'NONE', #1141, #9160, #223, .T. ) ;
#1100 = CARTESIAN_POINT ( 'NONE',  ( 0.9440605638513009934, 3.056120008275069910, -3.382343983173690116 ) ) ;
#1101 = VERTEX_POINT ( 'NONE', #9165 ) ;
#1102 = DIRECTION ( 'NONE',  ( -0.000000000000000000, 0.1362030849785670350, 0.9906809373568875587 ) ) ;
#1103 = CARTESIAN_POINT ( 'NONE',  ( 5.991519618836999683, 3.326621621958070207, -3.899760758630160140 ) ) ;
#1104 = FACE_OUTER_BOUND ( 'NONE', #6916, .T. ) ;
#1105 = DIRECTION ( 'NONE',  ( 0.000000000000000000, -1.000000000000000000, 0.000000000000000000 ) ) ;
#1106 = DIRECTION ( 'NONE',  ( 1.000000000000000000, 0.000000000000000000, 0.000000000000000000 ) ) ;
#1107 = CARTESIAN_POINT ( 'NONE',  ( 5.713350536756249376, 3.081428487404361594, -4.249661890463607428 ) ) ;
#1108 = ORIENTED_EDGE ( 'NONE', *, *, #1432, .F. ) ;
#1109 = ORIENTED_EDGE ( 'NONE', *, *, #9184, .F. ) ;
#1110 = DIRECTION ( 'NONE',  ( -1.000000000000000000, 0.000000000000000000, 3.466042557132008154E-10 ) ) ;
#1111 = EDGE_CURVE ( 'NONE', #1470, #6891, #372, .T. ) ;
#1112 = LINE ( 'NONE', #7586, #1846 ) ;
#1113 = CARTESIAN_POINT ( 'NONE',  ( 1.753222577960000139, 2.570001019719070356, -3.449999998694359693 ) ) ;
#1114 = ORIENTED_EDGE ( 'NONE', *, *, #4196, .T. ) ;
#1115 = CARTESIAN_POINT ( 'NONE',  ( 1.753222577959999917, 3.154531003513295850, -2.649999998694358982 ) ) ;
#1116 = CARTESIAN_POINT ( 'NONE',  ( 5.253222577959999917, -3.199999998576493976, -3.049999999994159605 ) ) ;
#1117 = CARTESIAN_POINT ( 'NONE',  ( 2.185594450263997679, 8.192101491125008295, -2.226405087722001852 ) ) ;
#1118 = CARTESIAN_POINT ( 'NONE',  ( 6.442252744280000165, 8.193161329154005301, -3.965220872235998062 ) ) ;
#1119 = DIRECTION ( 'NONE',  ( 3.375077992992000138E-14, -2.139348021819000131E-10, -1.000000000000000000 ) ) ;
#1120 = ORIENTED_EDGE ( 'NONE', *, *, #9600, .F. ) ;
#1121 = ORIENTED_EDGE ( 'NONE', *, *, #3547, .F. ) ;
#1122 = CARTESIAN_POINT ( 'NONE',  ( 5.253222577959999917, 0.6000000014230709722, -3.449999999994080024 ) ) ;
#1123 = CARTESIAN_POINT ( 'NONE',  ( 4.834596798596600742, 2.917093747535069781, -2.662773830432460187 ) ) ;
#1124 = CARTESIAN_POINT ( 'NONE',  ( 3.839536407980001176, 8.080141683042999290, -3.566696194813003373 ) ) ;
#1125 = VERTEX_POINT ( 'NONE', #1056 ) ;
#1126 = CARTESIAN_POINT ( 'NONE',  ( 1.753222577959999251, 2.985462208132676931, -2.649999998694359871 ) ) ;
#1127 = CARTESIAN_POINT ( 'NONE',  ( 0.8807103322345020135, 3.302545853309070356, -2.863515085320180287 ) ) ;
#1128 = CARTESIAN_POINT ( 'NONE',  ( 0.8808854837699009455, 2.834946522809069780, -3.634392451420760395 ) ) ;
#1129 = CARTESIAN_POINT ( 'NONE',  ( 2.042368784389106295, 2.931523669472647864, -4.209617754357284802 ) ) ;
#1130 = CARTESIAN_POINT ( 'NONE',  ( 5.755339900429999211, 3.385352749753069990, -2.526301312337980054 ) ) ;
#1131 = DIRECTION ( 'NONE',  ( -0.7239908126244057884, 0.000000000000000000, 0.6898096137598058730 ) ) ;
#1132 = EDGE_CURVE ( 'NONE', #5165, #8521, #8263, .T. ) ;
#1133 = CARTESIAN_POINT ( 'NONE',  ( 2.549999999158999664, 2340.735856753000007, -0.3499999999999999778 ) ) ;
#1134 = CARTESIAN_POINT ( 'NONE',  ( 4.554977560506300094, 3.226318311023070429, -2.692978273802960398 ) ) ;
#1135 = CARTESIAN_POINT ( 'NONE',  ( 1.823537329828619935, 2.586610837574069954, -4.312343414941260278 ) ) ;
#1136 = ORIENTED_EDGE ( 'NONE', *, *, #4631, .T. ) ;
#1137 = CARTESIAN_POINT ( 'NONE',  ( 5.131380168625105931, 8.263031186760652957, -2.153044532707141467 ) ) ;
#1138 = CARTESIAN_POINT ( 'NONE',  ( 7.000000000000000000, 4.750001019718999906, -2.149999998344000129 ) ) ;
#1139 = EDGE_CURVE ( 'NONE', #6465, #779, #7429, .T. ) ;
#1140 = AXIS2_PLACEMENT_3D ( 'NONE', #7933, #3937, #729 ) ;
#1141 = VERTEX_POINT ( 'NONE', #3428 ) ;
#1142 = DIRECTION ( 'NONE',  ( -1.000000000000000000, 0.000000000000000000, 0.000000000000000000 ) ) ;
#1143 = CARTESIAN_POINT ( 'NONE',  ( 4.650606039933899538, 2.697285895225070007, -3.973364877254680572 ) ) ;
#1144 = ORIENTED_EDGE ( 'NONE', *, *, #2205, .F. ) ;
#1145 = CARTESIAN_POINT ( 'NONE',  ( 4.481941069261520916, 2.805062405262159775, -4.054589632946510314 ) ) ;
#1146 = CARTESIAN_POINT ( 'NONE',  ( 1.929918503816999920, 3.584258577678069990, -4.409108180779680808 ) ) ;
#1147 = CARTESIAN_POINT ( 'NONE',  ( 1.153459645416200052, 3.144358951181069894, -2.799750360858159759 ) ) ;
#1148 = AXIS2_PLACEMENT_3D ( 'NONE', #1113, #3642, #6852 ) ;
#1149 = ORIENTED_EDGE ( 'NONE', *, *, #5933, .F. ) ;
#1150 = CARTESIAN_POINT ( 'NONE',  ( 1.007142387664299976, 2.716460549111070044, -3.779489523356780456 ) ) ;
#1151 = CARTESIAN_POINT ( 'NONE',  ( 16.99999999925010030, 0.7000000014231949619, -1.549999999994079891 ) ) ;
#1152 = CARTESIAN_POINT ( 'NONE',  ( 5.131499543783206718, 8.263031355170042502, -4.746963948496260244 ) ) ;
#1153 = DIRECTION ( 'NONE',  ( 1.000000000000000000, 1.823613310202444896E-12, -7.329147429826711011E-13 ) ) ;
#1154 = ADVANCED_FACE ( 'NONE', ( #6687 ), #1210, .T. ) ;
#1155 = EDGE_CURVE ( 'NONE', #890, #8297, #2785, .T. ) ;
#1156 = CARTESIAN_POINT ( 'NONE',  ( 6.050216685286999407, 2.616202441729070127, -3.833060502231979694 ) ) ;
#1157 = CARTESIAN_POINT ( 'NONE',  ( 6.499999999250099414, 0.8000000014230710388, -5.349999999994079936 ) ) ;
#1158 = VERTEX_POINT ( 'NONE', #4423 ) ;
#1159 = VECTOR ( 'NONE', #1648, 1000.000000000000000 ) ;
#1160 = ORIENTED_EDGE ( 'NONE', *, *, #3361, .F. ) ;
#1161 = CARTESIAN_POINT ( 'NONE',  ( 2.222589596310930116, 3.076245492055639907, -4.253878437281239933 ) ) ;
#1162 = B_SPLINE_CURVE_WITH_KNOTS ( 'NONE', 3,
 ( #6871, #10070, #6087, #5292 ),
 .UNSPECIFIED., .F., .F.,
 ( 4, 4 ),
 ( 0.000000000000000000, 1.000000000000000000 ),
 .UNSPECIFIED. ) ;
#1163 = DIRECTION ( 'NONE',  ( -0.000000000000000000, 1.000000000000000000, 0.000000000000000000 ) ) ;
#1164 = DIRECTION ( 'NONE',  ( -1.000000000000000000, 0.000000000000000000, 0.000000000000000000 ) ) ;
#1165 = ORIENTED_EDGE ( 'NONE', *, *, #559, .F. ) ;
#1166 = CARTESIAN_POINT ( 'NONE',  ( 7.500000000759999175, 4.700001019498999177, -5.700000000182000370 ) ) ;
#1167 = AXIS2_PLACEMENT_3D ( 'NONE', #8591, #7019, #9327 ) ;
#1168 = CARTESIAN_POINT ( 'NONE',  ( 1.384309621859679762, 3.126400047662709625, -4.321939832090070155 ) ) ;
#1169 = CARTESIAN_POINT ( 'NONE',  ( 6.543264011430006022, 8.119867527036001675, -3.809457073212000111 ) ) ;
#1170 = CARTESIAN_POINT ( 'NONE',  ( 0.000000000000000000, 0.000000000000000000, -5.400000000000000355 ) ) ;
#1171 = EDGE_CURVE ( 'NONE', #4156, #1615, #265, .T. ) ;
#1172 = ORIENTED_EDGE ( 'NONE', *, *, #2782, .F. ) ;
#1173 = VERTEX_POINT ( 'NONE', #9998 ) ;
#1174 = CIRCLE ( 'NONE', #8741, 1.399999999080000057 ) ;
#1175 = CARTESIAN_POINT ( 'NONE',  ( 1.300000000840999981, 0.7000000014231999579, -4.000000000000000000 ) ) ;
#1176 = CARTESIAN_POINT ( 'NONE',  ( 5.421050801049299928, 3.136153013473069961, -4.325674750324360218 ) ) ;
#1177 = CARTESIAN_POINT ( 'NONE',  ( 1.246932290379000108, 2.706466418189069856, -4.346827993434859927 ) ) ;
#1178 = ORIENTED_EDGE ( 'NONE', *, *, #5213, .T. ) ;
#1179 = CARTESIAN_POINT ( 'NONE',  ( 3.953222577960799899, 4.700001019498999177, -5.349999999994079936 ) ) ;
#1180 = CARTESIAN_POINT ( 'NONE',  ( 1.902338202171000026, 3.426687906262070094, -4.259401882744180412 ) ) ;
#1181 = CARTESIAN_POINT ( 'NONE',  ( 2.641139992354500254, 3.054005788746069872, -3.531087903591560107 ) ) ;
#1182 = TOROIDAL_SURFACE ( 'NONE', #7071, 0.2000000000001136424, 0.2000000000004606149 ) ;
#1183 = CARTESIAN_POINT ( 'NONE',  ( 4.464536740347422317, 2.779893339835967758, -3.928832296921008549 ) ) ;
#1184 = ADVANCED_FACE ( 'NONE', ( #6004 ), #1000, .T. ) ;
#1185 = B_SPLINE_CURVE_WITH_KNOTS ( 'NONE', 3,
 ( #2568, #248, #200, #4192, #9780, #2722, #8299, #3412, #5939, #6626 ),
 .UNSPECIFIED., .F., .F.,
 ( 4, 3, 3, 4 ),
 ( 0.000000000000000000, 0.2579693892884609707, 0.6319497403799710922, 1.000000000000000000 ),
 .UNSPECIFIED. ) ;
#1186 = CARTESIAN_POINT ( 'NONE',  ( 6.149949710736999364, 3.521577050194069969, -3.833380749972380208 ) ) ;
#1187 = CARTESIAN_POINT ( 'NONE',  ( 4.948547812892000408, 3.103207688199070002, -4.270512645620679670 ) ) ;
#1188 = DIRECTION ( 'NONE',  ( -0.9987976606670763147, 0.000000000000000000, 0.04902278088782890259 ) ) ;
#1189 = AXIS2_PLACEMENT_3D ( 'NONE', #9946, #5952, #7474 ) ;
#1190 = CARTESIAN_POINT ( 'NONE',  ( 6.110976808975199681, 3.303486788564069965, -3.025069062547359966 ) ) ;
#1191 = AXIS2_PLACEMENT_3D ( 'NONE', #5224, #3484, #4327 ) ;
#1192 = CARTESIAN_POINT ( 'NONE',  ( 2.053222577959999295, 7.175962597286799749, -4.743197663186289326 ) ) ;
#1193 = ORIENTED_EDGE ( 'NONE', *, *, #2816, .T. ) ;
#1194 = LINE ( 'NONE', #6096, #6263 ) ;
#1195 = CIRCLE ( 'NONE', #8420, 0.1999999987799997714 ) ;
#1196 = CARTESIAN_POINT ( 'NONE',  ( 3.800000000259999844, 0.7000000014231999579, 0.000000000000000000 ) ) ;
#1197 = AXIS2_PLACEMENT_3D ( 'NONE', #8988, #7404, #1770 ) ;
#1198 = ORIENTED_EDGE ( 'NONE', *, *, #7908, .F. ) ;
#1199 = CARTESIAN_POINT ( 'NONE',  ( 1.120252214069748620, 2.959512622544256288, -3.941100921474248953 ) ) ;
#1200 = ORIENTED_EDGE ( 'NONE', *, *, #6468, .T. ) ;
#1201 = CARTESIAN_POINT ( 'NONE',  ( 5.323016769526331515, 2.874453016237829672, -2.443486822480232412 ) ) ;
#1202 = CARTESIAN_POINT ( 'NONE',  ( 2.649949710740000075, 3.521577050194069969, -3.833380749972380208 ) ) ;
#1203 = AXIS2_PLACEMENT_3D ( 'NONE', #3931, #7147, #4827 ) ;
#1204 = ORIENTED_EDGE ( 'NONE', *, *, #2827, .T. ) ;
#1205 = VECTOR ( 'NONE', #2476, 1000.000000000000000 ) ;
#1206 = ORIENTED_EDGE ( 'NONE', *, *, #8949, .F. ) ;
#1207 = LINE ( 'NONE', #2888, #7764 ) ;
#1208 = CARTESIAN_POINT ( 'NONE',  ( 6.028501372355200338, 2.972671947670069592, -4.011473170294060253 ) ) ;
#1209 = DIRECTION ( 'NONE',  ( 1.000000000000000000, 0.000000000000000000, 0.000000000000000000 ) ) ;
#1210 = PLANE ( 'NONE',  #2490 ) ;
#1211 = CARTESIAN_POINT ( 'NONE',  ( 2.592233917159910028, 2.695895453369320016, -3.994013685900920319 ) ) ;
#1212 = AXIS2_PLACEMENT_3D ( 'NONE', #9712, #3402, #875 ) ;
#1213 = CARTESIAN_POINT ( 'NONE',  ( 0.7781596976037019608, 2.894781847160069699, -3.466771840912660441 ) ) ;
#1214 = ORIENTED_EDGE ( 'NONE', *, *, #8869, .T. ) ;
#1215 = ORIENTED_EDGE ( 'NONE', *, *, #4563, .F. ) ;
#1216 = CARTESIAN_POINT ( 'NONE',  ( 4.389084035194299460, 3.296951195253090106, -2.869143717458800147 ) ) ;
#1217 = CARTESIAN_POINT ( 'NONE',  ( 2.199999999159000019, 0.7000000014231999579, -4.000000000000000000 ) ) ;
#1218 = CARTESIAN_POINT ( 'NONE',  ( 2.565383692914000147, 2.662694555817070263, -2.983759569803579481 ) ) ;
#1219 = CC_DESIGN_PERSON_AND_ORGANIZATION_ASSIGNMENT ( #1080, #2560, ( #7619 ) ) ;
#1220 = ORIENTED_EDGE ( 'NONE', *, *, #183, .F. ) ;
#1221 = EDGE_CURVE ( 'NONE', #8360, #3979, #6055, .T. ) ;
#1222 = DIRECTION ( 'NONE',  ( 0.000000000000000000, -1.000000000000000000, 0.000000000000000000 ) ) ;
#1223 = VECTOR ( 'NONE', #330, 1000.000000000000000 ) ;
#1224 = CARTESIAN_POINT ( 'NONE',  ( 1.753222577960000139, 2.670001019719070001, -3.449999998694359693 ) ) ;
#1225 = CARTESIAN_POINT ( 'NONE',  ( 3.836397180950000596, 8.080127235648999928, -3.370989574577999193 ) ) ;
#1226 = PLANE ( 'NONE',  #7285 ) ;
#1227 = VERTEX_POINT ( 'NONE', #5543 ) ;
#1228 = EDGE_CURVE ( 'NONE', #6690, #2774, #4505, .T. ) ;
#1229 = ORIENTED_EDGE ( 'NONE', *, *, #2675, .T. ) ;
#1230 = DIRECTION ( 'NONE',  ( 0.000000000000000000, 0.000000000000000000, 1.000000000000000000 ) ) ;
#1231 = CARTESIAN_POINT ( 'NONE',  ( 4.380885483769899835, 2.834946522809069780, -3.634392451420760395 ) ) ;
#1232 = DIRECTION ( 'NONE',  ( 0.000000000000000000, 0.000000000000000000, 1.000000000000000000 ) ) ;
#1233 = VERTEX_POINT ( 'NONE', #7332 ) ;
#1234 = EDGE_CURVE ( 'NONE', #4624, #5171, #4359, .T. ) ;
#1235 = CARTESIAN_POINT ( 'NONE',  ( 2.142730437526999880E-14, 4.700001019498999177, -5.849999999899000436 ) ) ;
#1236 = CARTESIAN_POINT ( 'NONE',  ( 1.178219531028599887, 3.124813725734069791, -4.138262143647379432 ) ) ;
#1237 = CARTESIAN_POINT ( 'NONE',  ( 1.324008087928999933, 2.780181706324070134, -4.231503369962259953 ) ) ;
#1238 = LINE ( 'NONE', #556, #4079 ) ;
#1239 = CARTESIAN_POINT ( 'NONE',  ( 5.909783484937999098, 3.510715804720069944, -4.271136382348680094 ) ) ;
#1240 = DIRECTION ( 'NONE',  ( 0.3420304964565629158, 0.9305042781933127172, -0.1310607788685039521 ) ) ;
#1241 = CARTESIAN_POINT ( 'NONE',  ( 5.091726117840099874, 3.043560842147069678, -4.393519063066159802 ) ) ;
#1242 = CARTESIAN_POINT ( 'NONE',  ( 1.835083130657930273, 2.668570197417070133, -4.453941658067360088 ) ) ;
#1243 = ADVANCED_FACE ( 'NONE', ( #12 ), #8806, .T. ) ;
#1244 = VERTEX_POINT ( 'NONE', #3329 ) ;
#1245 = CARTESIAN_POINT ( 'NONE',  ( 0.8032225779639999841, 2.250294765869069735, -1.549999999994079891 ) ) ;
#1246 = DIRECTION ( 'NONE',  ( -1.801028462172000038E-13, 0.000000000000000000, 1.000000000000000000 ) ) ;
#1247 = CARTESIAN_POINT ( 'NONE',  ( 5.699999999160000108, 0.7000000014231949619, -1.549999999994079891 ) ) ;
#1248 = CARTESIAN_POINT ( 'NONE',  ( 6.353222577958899997, 3.583840959477559984, -1.009946619863359984 ) ) ;
#1249 = ORIENTED_EDGE ( 'NONE', *, *, #5199, .F. ) ;
#1250 = CARTESIAN_POINT ( 'NONE',  ( 3.199999999741000245, 0.7000000014231999579, 0.000000000000000000 ) ) ;
#1251 = CARTESIAN_POINT ( 'NONE',  ( 2.218990991730999784, 3.427554758968069937, -2.593169029828780392 ) ) ;
#1252 = EDGE_LOOP ( 'NONE', ( #5318, #1229, #4753, #8370, #8733 ) ) ;
#1253 = ORIENTED_EDGE ( 'NONE', *, *, #1608, .F. ) ;
#1254 = DIRECTION ( 'NONE',  ( 0.000000000000000000, -1.000000000000000000, 0.000000000000000000 ) ) ;
#1255 = CARTESIAN_POINT ( 'NONE',  ( 4.879909031321999713, 2.807264527223069628, -2.568554409024260021 ) ) ;
#1256 = FACE_OUTER_BOUND ( 'NONE', #8160, .T. ) ;
#1257 = ORIENTED_EDGE ( 'NONE', *, *, #5004, .T. ) ;
#1258 = CARTESIAN_POINT ( 'NONE',  ( 0.6532225779590010717, 3.583840959242920121, -1.375398428162259989 ) ) ;
#1259 = DIRECTION ( 'NONE',  ( 0.000000000000000000, 0.000000000000000000, -1.000000000000000000 ) ) ;
#1260 = ORIENTED_EDGE ( 'NONE', *, *, #9103, .F. ) ;
#1261 = EDGE_CURVE ( 'NONE', #10357, #1141, #10136, .T. ) ;
#1262 = ORIENTED_EDGE ( 'NONE', *, *, #3348, .F. ) ;
#1263 = CARTESIAN_POINT ( 'NONE',  ( 2.509798679595399928, 3.324032805866070195, -3.869729592370160010 ) ) ;
#1264 = CARTESIAN_POINT ( 'NONE',  ( 4.464536740347422317, 2.779893339835967758, -3.928832296921008549 ) ) ;
#1265 = CARTESIAN_POINT ( 'NONE',  ( 2.662219478211000023, 2.624725708993070228, -3.005580449658079800 ) ) ;
#1266 = ORIENTED_EDGE ( 'NONE', *, *, #1132, .F. ) ;
#1267 = CARTESIAN_POINT ( 'NONE',  ( 5.253222577959999917, 6.070001019719070356, -3.449999998694359693 ) ) ;
#1268 = FACE_OUTER_BOUND ( 'NONE', #8060, .T. ) ;
#1269 = CARTESIAN_POINT ( 'NONE',  ( 3.956789920209998090, 8.189586297797001535, -3.377740759030002149 ) ) ;
#1270 = LINE ( 'NONE', #6019, #8119 ) ;
#1271 = ORIENTED_EDGE ( 'NONE', *, *, #4598, .T. ) ;
#1272 = EDGE_CURVE ( 'NONE', #2107, #6264, #6440, .T. ) ;
#1273 = EDGE_CURVE ( 'NONE', #7675, #2260, #1980, .T. ) ;
#1274 = VERTEX_POINT ( 'NONE', #853 ) ;
#1275 = DIRECTION ( 'NONE',  ( 0.000000000000000000, 1.000000000000000000, 0.000000000000000000 ) ) ;
#1276 = CARTESIAN_POINT ( 'NONE',  ( 5.553222577960000628, 7.270001019719037672, -2.286210887467606145 ) ) ;
#1277 = CARTESIAN_POINT ( 'NONE',  ( 6.140600836176699495, 2.586569799408069414, -3.151561910272359768 ) ) ;
#1278 = ORIENTED_EDGE ( 'NONE', *, *, #5214, .F. ) ;
#1279 = CARTESIAN_POINT ( 'NONE',  ( 3.953222577960799899, 0.8000000014230710388, -5.349999999994079936 ) ) ;
#1280 = AXIS2_PLACEMENT_3D ( 'NONE', #8987, #5823, #243 ) ;
#1281 = DIRECTION ( 'NONE',  ( 0.000000000000000000, 1.000000000000000000, 0.000000000000000000 ) ) ;
#1282 = CARTESIAN_POINT ( 'NONE',  ( 1.683700187475249965, 2.711814124463070019, -4.412315464910859575 ) ) ;
#1283 = EDGE_CURVE ( 'NONE', #7417, #4394, #7128, .T. ) ;
#1284 = CARTESIAN_POINT ( 'NONE',  ( 5.415853781560400648, 2.937971850813069885, -4.245532269038360340 ) ) ;
#1285 = CARTESIAN_POINT ( 'NONE',  ( 6.653222577959999384, 2.713752781398320213, -1.459820166552729948 ) ) ;
#1286 = CARTESIAN_POINT ( 'NONE',  ( 4.434268207053300159, 3.386595722432070410, -3.368235818009819749 ) ) ;
#1287 = ADVANCED_FACE ( 'NONE', ( #3384 ), #2384, .T. ) ;
#1288 = EDGE_CURVE ( 'NONE', #10307, #9825, #6538, .T. ) ;
#1289 = CARTESIAN_POINT ( 'NONE',  ( 4.993442079458939808, 3.164847358110590037, -4.396026811520689748 ) ) ;
#1290 = CARTESIAN_POINT ( 'NONE',  ( 5.335083130657930717, 2.668570197417070133, -4.453941658067360088 ) ) ;
#1291 = VERTEX_POINT ( 'NONE', #8966 ) ;
#1292 = CARTESIAN_POINT ( 'NONE',  ( 6.032318011926391499, 3.068810098544968223, -3.240352860390599332 ) ) ;
#1293 = CARTESIAN_POINT ( 'NONE',  ( 5.453222577960609385, -3.199999998576066762, -3.449999999993616395 ) ) ;
#1294 = VERTEX_POINT ( 'NONE', #5599 ) ;
#1295 = EDGE_CURVE ( 'NONE', #472, #8521, #1749, .T. ) ;
#1296 = CARTESIAN_POINT ( 'NONE',  ( 4.450000000840000247, 1.019498755346999938E-06, 0.000000000000000000 ) ) ;
#1297 = ORIENTED_EDGE ( 'NONE', *, *, #578, .T. ) ;
#1298 = DIRECTION ( 'NONE',  ( -1.000000000000000000, 0.000000000000000000, 0.000000000000000000 ) ) ;
#1299 = CARTESIAN_POINT ( 'NONE',  ( 1.311299621726599973, 3.718037265580069750, -4.105228638487379733 ) ) ;
#1300 = ORIENTED_EDGE ( 'NONE', *, *, #1932, .T. ) ;
#1301 = ORIENTED_EDGE ( 'NONE', *, *, #9840, .T. ) ;
#1302 = B_SPLINE_CURVE_WITH_KNOTS ( 'NONE', 3,
 ( #2754, #5971, #1964, #4439, #6861, #647 ),
 .UNSPECIFIED., .F., .F.,
 ( 4, 2, 4 ),
 ( 1.315044274787000245E-16, 0.0006235177923969277775, 0.001247035584793723933 ),
 .UNSPECIFIED. ) ;
#1303 = CARTESIAN_POINT ( 'NONE',  ( 0.4093794029034000248, 8.116199631110001533, -3.428129125518001530 ) ) ;
#1304 = CARTESIAN_POINT ( 'NONE',  ( 5.542368784389756442, 2.931523669472595905, -4.209617754357103614 ) ) ;
#1305 = CARTESIAN_POINT ( 'NONE',  ( 4.335340544302299648, 3.114449736625069853, -3.721665056753860057 ) ) ;
#1306 = CARTESIAN_POINT ( 'NONE',  ( 5.634362874531131382, 3.341743398537951215, -2.609761872594769549 ) ) ;
#1307 = VERTEX_POINT ( 'NONE', #4012 ) ;
#1308 = EDGE_CURVE ( 'NONE', #5777, #4996, #8168, .T. ) ;
#1309 = CARTESIAN_POINT ( 'NONE',  ( 4.100000000260000554, 0.7000000014231999579, -6.299999999999999822 ) ) ;
#1310 = DIRECTION ( 'NONE',  ( 0.000000000000000000, 0.000000000000000000, 1.000000000000000000 ) ) ;
#1311 = ORIENTED_EDGE ( 'NONE', *, *, #5852, .T. ) ;
#1312 = ORIENTED_EDGE ( 'NONE', *, *, #9402, .T. ) ;
#1313 = AXIS2_PLACEMENT_3D ( 'NONE', #9646, #3224, #6540 ) ;
#1314 = CARTESIAN_POINT ( 'NONE',  ( 2.447683143740199796, 3.283053125945070150, -3.835269438832260125 ) ) ;
#1315 = B_SPLINE_CURVE_WITH_KNOTS ( 'NONE', 3,
 ( #7263, #785, #6422, #8098, #3993, #7209, #10409, #3203, #8674, #4840 ),
 .UNSPECIFIED., .F., .F.,
 ( 4, 2, 2, 2, 4 ),
 ( 4.336808689942017736E-19, 0.0005211749180885887761, 0.001042349836177177119, 0.001563524754265765461, 0.002084699672354353803 ),
 .UNSPECIFIED. ) ;
#1316 = CARTESIAN_POINT ( 'NONE',  ( 6.499999999250099414, 0.8000000014230710388, -1.549999999994079891 ) ) ;
#1317 = CARTESIAN_POINT ( 'NONE',  ( 4.557600384871649979, 2.897584499459190166, -2.758872645701769599 ) ) ;
#1318 = VERTEX_POINT ( 'NONE', #162 ) ;
#1319 = LINE ( 'NONE', #7743, #2029 ) ;
#1320 = CARTESIAN_POINT ( 'NONE',  ( 1.753222577960000139, 6.070001019719070356, -3.449999998694359693 ) ) ;
#1321 = EDGE_CURVE ( 'NONE', #6147, #5786, #8494, .T. ) ;
#1322 = DIRECTION ( 'NONE',  ( 0.000000000000000000, -0.1523172032599539316, -0.9883316597130064052 ) ) ;
#1323 = AXIS2_PLACEMENT_3D ( 'NONE', #6598, #64, #2481 ) ;
#1324 = CARTESIAN_POINT ( 'NONE',  ( 1.021684900075131353, 2.856390984161979674, -2.887788735317690758 ) ) ;
#1325 = ORIENTED_EDGE ( 'NONE', *, *, #8463, .F. ) ;
#1326 = ORIENTED_EDGE ( 'NONE', *, *, #10053, .F. ) ;
#1327 = DIRECTION ( 'NONE',  ( 0.000000000000000000, 1.000000000000000000, 0.000000000000000000 ) ) ;
#1328 = CARTESIAN_POINT ( 'NONE',  ( 5.253222577959999917, 7.270001019719069646, -3.449999998694359693 ) ) ;
#1329 = CARTESIAN_POINT ( 'NONE',  ( 6.098114352877500366, 2.633656872470070187, -3.253425666723759768 ) ) ;
#1330 = CIRCLE ( 'NONE', #7222, 0.6999999999999998446 ) ;
#1331 = CARTESIAN_POINT ( 'NONE',  ( 4.057764186850000065, 8.189734215739999712, -2.934737462506001204 ) ) ;
#1332 = ORIENTED_EDGE ( 'NONE', *, *, #990, .F. ) ;
#1333 = CARTESIAN_POINT ( 'NONE',  ( 5.824338971403873799, 3.009651925668876959, -2.652252135105373831 ) ) ;
#1334 = CARTESIAN_POINT ( 'NONE',  ( 3.083534809939999288, 8.119933079499002559, -3.339713071958998913 ) ) ;
#1335 = CARTESIAN_POINT ( 'NONE',  ( 0.8834541043257009285, 2.862328931051069780, -3.253848562985460102 ) ) ;
#1336 = CARTESIAN_POINT ( 'NONE',  ( 4.553804348268000624, 3.049840425211069572, -3.991621920859059980 ) ) ;
#1337 = CARTESIAN_POINT ( 'NONE',  ( 3.800000000259999844, 0.7000000014231999579, 0.000000000000000000 ) ) ;
#1338 = CARTESIAN_POINT ( 'NONE',  ( 5.416129024134001213, 3.626460586893069937, -4.334258674740479655 ) ) ;
#1339 = CIRCLE ( 'NONE', #5546, 0.4000000001000000305 ) ;
#1340 = CARTESIAN_POINT ( 'NONE',  ( 0.9532225779590010051, 1.843345133684619830, -4.570966459631880419 ) ) ;
#1341 = CARTESIAN_POINT ( 'NONE',  ( 4.297518053730800425, 2.736375632746069986, -3.395795392789389577 ) ) ;
#1342 = CARTESIAN_POINT ( 'NONE',  ( 0.9049818252946010277, 3.073470056703069719, -3.701053363801659835 ) ) ;
#1343 = CARTESIAN_POINT ( 'NONE',  ( 0.8429386079294008960, 2.712746001253069750, -3.746129424210260073 ) ) ;
#1344 = AXIS2_PLACEMENT_3D ( 'NONE', #8579, #2110, #5321 ) ;
#1345 = ORIENTED_EDGE ( 'NONE', *, *, #2134, .T. ) ;
#1346 = EDGE_CURVE ( 'NONE', #5286, #1605, #822, .T. ) ;
#1347 = CARTESIAN_POINT ( 'NONE',  ( 4.635184163549010528, 2.971955657760366964, -2.804416982643674228 ) ) ;
#1348 = CARTESIAN_POINT ( 'NONE',  ( 6.499999999250079874, 7.050001019498999710, -1.350000000000000089 ) ) ;
#1349 = EDGE_LOOP ( 'NONE', ( #10077, #595, #8199, #1412 ) ) ;
#1350 = CIRCLE ( 'NONE', #6090, 0.3500000000000000333 ) ;
#1351 = DIRECTION ( 'NONE',  ( 0.000000000000000000, 0.1086719355941530296, -0.9940776682001363218 ) ) ;
#1352 = ORIENTED_EDGE ( 'NONE', *, *, #6044, .F. ) ;
#1353 = AXIS2_PLACEMENT_3D ( 'NONE', #6081, #4235, #4444 ) ;
#1354 = PLANE ( 'NONE',  #10092 ) ;
#1355 = EDGE_CURVE ( 'NONE', #4115, #9250, #2855, .T. ) ;
#1356 = CARTESIAN_POINT ( 'NONE',  ( 1.368293076674999886, 3.449277249916069987, -2.722538026471080119 ) ) ;
#1357 = ORIENTED_EDGE ( 'NONE', *, *, #9113, .T. ) ;
#1358 = EDGE_LOOP ( 'NONE', ( #2567, #332, #9682, #4910 ) ) ;
#1359 = EDGE_CURVE ( 'NONE', #6860, #910, #3480, .T. ) ;
#1360 = CIRCLE ( 'NONE', #2370, 0.1999999999999999556 ) ;
#1361 = VECTOR ( 'NONE', #3596, 1000.000000000000000 ) ;
#1362 = CARTESIAN_POINT ( 'NONE',  ( 2.368530290799997662, 8.118956808055004970, -2.258707383530000889 ) ) ;
#1363 = DIRECTION ( 'NONE',  ( 0.000000000000000000, -1.000000000000000000, 0.000000000000000000 ) ) ;
#1364 = CARTESIAN_POINT ( 'NONE',  ( 4.265699263310000156, 3.155429416546070343, -3.742276749706060279 ) ) ;
#1365 = ORIENTED_EDGE ( 'NONE', *, *, #1132, .T. ) ;
#1366 = DIRECTION ( 'NONE',  ( 0.000000000000000000, 6.447695762250949225E-10, 1.000000000000000000 ) ) ;
#1367 = CARTESIAN_POINT ( 'NONE',  ( 0.000000000000000000, 1.019498654400000011E-06, -6.899999999161000375 ) ) ;
#1368 = ORIENTED_EDGE ( 'NONE', *, *, #4398, .T. ) ;
#1369 = ORIENTED_EDGE ( 'NONE', *, *, #5695, .T. ) ;
#1370 = VECTOR ( 'NONE', #2611, 1000.000000000000114 ) ;
#1371 = CIRCLE ( 'NONE', #7421, 1.399999999080000057 ) ;
#1372 = CARTESIAN_POINT ( 'NONE',  ( 2.634351964937100110, 3.286136740136069712, -3.371559732834539691 ) ) ;
#1373 = CARTESIAN_POINT ( 'NONE',  ( 0.3532225779637010454, 4.400000001423070017, -5.249999999988079757 ) ) ;
#1374 = CARTESIAN_POINT ( 'NONE',  ( 4.571064215249698748, 2.911475503778947704, -2.718951483682324533 ) ) ;
#1375 = ORIENTED_EDGE ( 'NONE', *, *, #10053, .T. ) ;
#1376 = EDGE_CURVE ( 'NONE', #2776, #7828, #4377, .T. ) ;
#1377 = CARTESIAN_POINT ( 'NONE',  ( 2.199999999159000019, 1.019498648082000104E-06, -4.000000000000000000 ) ) ;
#1378 = AXIS2_PLACEMENT_3D ( 'NONE', #5652, #118, #4170 ) ;
#1379 = CARTESIAN_POINT ( 'NONE',  ( 3.947124485310001596, 8.274612505002002294, -3.471284028968999902 ) ) ;
#1380 = LINE ( 'NONE', #8803, #7778 ) ;
#1381 = CARTESIAN_POINT ( 'NONE',  ( 6.073035662666000256, 3.332665615037070150, -3.377433847247139909 ) ) ;
#1382 = VERTEX_POINT ( 'NONE', #8270 ) ;
#1383 = PLANE ( 'NONE',  #2846 ) ;
#1384 = CARTESIAN_POINT ( 'NONE',  ( 0.9756574601207900210, 2.796175769918790355, -4.014090910385820443 ) ) ;
#1385 = AXIS2_PLACEMENT_3D ( 'NONE', #669, #3932, #3032 ) ;
#1386 = DIRECTION ( 'NONE',  ( 0.000000000000000000, -1.000000000000000000, -9.578761693691410276E-16 ) ) ;
#1387 = CARTESIAN_POINT ( 'NONE',  ( 6.137649325520003529, 8.192737584601001544, -2.501846080035000419 ) ) ;
#1388 = ORIENTED_EDGE ( 'NONE', *, *, #8382, .F. ) ;
#1389 = DIRECTION ( 'NONE',  ( 0.000000000000000000, 0.000000000000000000, 1.000000000000000000 ) ) ;
#1390 = CARTESIAN_POINT ( 'NONE',  ( 3.086495176365002369, 8.119928532539995913, -3.375219229552999689 ) ) ;
#1391 = CARTESIAN_POINT ( 'NONE',  ( 2.494414497300300404, 2.665949140403069517, -3.166677960519560298 ) ) ;
#1392 = CARTESIAN_POINT ( 'NONE',  ( 6.087323101496899369, 3.013651627591070081, -4.054073100872559898 ) ) ;
#1393 = DIRECTION ( 'NONE',  ( 1.000000000000000000, 0.000000000000000000, -9.149365293170651553E-11 ) ) ;
#1394 = VECTOR ( 'NONE', #3065, 1000.000000000000000 ) ;
#1395 = LINE ( 'NONE', #4160, #2034 ) ;
#1396 = CARTESIAN_POINT ( 'NONE',  ( 1.753222577960000139, 2.570001019719070356, -3.449999998694359693 ) ) ;
#1397 = EDGE_CURVE ( 'NONE', #6812, #8297, #7638, .T. ) ;
#1398 = CARTESIAN_POINT ( 'NONE',  ( 4.514422603429999903, 2.678045904396069599, -3.113109648791459794 ) ) ;
#1399 = CARTESIAN_POINT ( 'NONE',  ( 0.7656992633100010437, 3.155429416546070343, -3.742276749706060279 ) ) ;
#1400 = CARTESIAN_POINT ( 'NONE',  ( 2.074007775465100067, 2.854523790208070455, -2.548109656976259796 ) ) ;
#1401 = ORIENTED_EDGE ( 'NONE', *, *, #3667, .F. ) ;
#1402 = CARTESIAN_POINT ( 'NONE',  ( 1.453222577960000095, 7.070001019719070356, -2.133755340585450799 ) ) ;
#1403 = CARTESIAN_POINT ( 'NONE',  ( 5.952224180627292860, 3.052091574456730516, -3.047087629444180656 ) ) ;
#1404 = DIRECTION ( 'NONE',  ( -1.000000000000000000, 0.000000000000000000, 0.000000000000000000 ) ) ;
#1405 = ORIENTED_EDGE ( 'NONE', *, *, #10326, .F. ) ;
#1406 = B_SPLINE_CURVE_WITH_KNOTS ( 'NONE', 3,
 ( #10042, #2833, #1152, #5211, #7680, #466, #8364, #10096, #3472, #5526, #2207, #6162, #8629, #3894, #1465 ),
 .UNSPECIFIED., .F., .F.,
 ( 4, 1, 1, 1, 1, 1, 1, 1, 1, 1, 1, 1, 4 ),
 ( 0.5002268538904258710, 0.5219809237895789433, 0.5655174175657879942, 0.6090545725025660051, 0.6526161032285239250, 0.6961502910235840558, 0.7396633297614519931, 0.7831839580810389112, 0.8267145325624749574, 0.8702425794835260131, 0.9137729979868930430, 0.9572836677098349734, 1.000000000000000000 ),
 .UNSPECIFIED. ) ;
#1407 = PLANE ( 'NONE',  #8203 ) ;
#1408 = ORIENTED_EDGE ( 'NONE', *, *, #7458, .F. ) ;
#1409 = CARTESIAN_POINT ( 'NONE',  ( 1.753222577960000139, 7.270001019719069646, -3.449999998694359693 ) ) ;
#1410 = EDGE_CURVE ( 'NONE', #1294, #1158, #3504, .T. ) ;
#1411 = CARTESIAN_POINT ( 'NONE',  ( 1.183872117625200060, 3.281712185733069997, -4.145904519889880291 ) ) ;
#1412 = ORIENTED_EDGE ( 'NONE', *, *, #1540, .F. ) ;
#1413 = ORIENTED_EDGE ( 'NONE', *, *, #3908, .F. ) ;
#1414 = CARTESIAN_POINT ( 'NONE',  ( 2.942254899319002526, 8.193161334698002563, -2.934775985403999865 ) ) ;
#1415 = CARTESIAN_POINT ( 'NONE',  ( 0.000000000000000000, 0.000000000000000000, -4.000000000000000000 ) ) ;
#1416 = CARTESIAN_POINT ( 'NONE',  ( 6.163492445454100022, 2.942762733114069995, -2.968298053020959948 ) ) ;
#1417 =( NAMED_UNIT ( * ) SI_UNIT ( $, .STERADIAN. ) SOLID_ANGLE_UNIT ( ) );
#1418 = ORIENTED_EDGE ( 'NONE', *, *, #740, .F. ) ;
#1419 = CARTESIAN_POINT ( 'NONE',  ( 1.021684900075131353, 2.856390984161979674, -2.887788735317690758 ) ) ;
#1420 = LINE ( 'NONE', #7116, #4848 ) ;
#1421 = ORIENTED_EDGE ( 'NONE', *, *, #2500, .F. ) ;
#1422 = EDGE_CURVE ( 'NONE', #9173, #3387, #1850, .T. ) ;
#1423 = ORIENTED_EDGE ( 'NONE', *, *, #1927, .F. ) ;
#1424 = CARTESIAN_POINT ( 'NONE',  ( 2.300532190517800224, 3.197897797230070172, -2.850189327254259997 ) ) ;
#1425 = CARTESIAN_POINT ( 'NONE',  ( 5.253222577959536288, 3.185429472045777199, -4.249999998694359071 ) ) ;
#1426 = DIRECTION ( 'NONE',  ( 1.000000000000000000, 0.000000000000000000, 0.000000000000000000 ) ) ;
#1427 = ORIENTED_EDGE ( 'NONE', *, *, #5097, .F. ) ;
#1428 = CARTESIAN_POINT ( 'NONE',  ( 1.753222577963000184, 0.7000000014231969603, -3.449999999994080024 ) ) ;
#1429 = CARTESIAN_POINT ( 'NONE',  ( 6.003313472599995926, 8.277582460683001742, -4.515013547535003724 ) ) ;
#1430 = DIRECTION ( 'NONE',  ( -0.9987976606670762036, 0.000000000000000000, 0.04902278088782893728 ) ) ;
#1431 = CARTESIAN_POINT ( 'NONE',  ( 5.941382921806999562, 3.301324851295070140, -2.998563627948479748 ) ) ;
#1432 = EDGE_CURVE ( 'NONE', #2465, #6829, #5005, .T. ) ;
#1433 = VERTEX_POINT ( 'NONE', #5167 ) ;
#1434 = CARTESIAN_POINT ( 'NONE',  ( 1.750000000000000000, 8.300001019718999729, -2.149999999579999876 ) ) ;
#1435 = CARTESIAN_POINT ( 'NONE',  ( 2.553222577959600059, 2.042160668637170051, -4.549232072371530045 ) ) ;
#1436 = CARTESIAN_POINT ( 'NONE',  ( 4.753521589916400281, 2.698211359087070438, -4.359843482202659715 ) ) ;
#1437 = CARTESIAN_POINT ( 'NONE',  ( 6.660479943899999533, 8.083850396003002814, -3.566501066451000401 ) ) ;
#1438 = VERTEX_POINT ( 'NONE', #1952 ) ;
#1439 = CARTESIAN_POINT ( 'NONE',  ( 1.753222577960000139, 7.270001019719069646, -3.449999998694359693 ) ) ;
#1440 = CARTESIAN_POINT ( 'NONE',  ( 0.5358375730043999363, 8.080396108762997187, -4.185835834956999513 ) ) ;
#1441 = CARTESIAN_POINT ( 'NONE',  ( 2.589997912438400274, 2.670652073356070133, -3.757869569631260287 ) ) ;
#1442 = CARTESIAN_POINT ( 'NONE',  ( 5.879286958875099778, 2.878153421700070158, -2.725877963101159818 ) ) ;
#1443 = CARTESIAN_POINT ( 'NONE',  ( 6.036572061456551452, 2.787752883675219895, -3.612368673954350129 ) ) ;
#1444 = CYLINDRICAL_SURFACE ( 'NONE', #699, 0.7000000000000000666 ) ;
#1445 = CARTESIAN_POINT ( 'NONE',  ( 6.499999999250099414, 0.7000000014231999579, -6.299999999999999822 ) ) ;
#1446 = CARTESIAN_POINT ( 'NONE',  ( 6.099299166489899449, 2.901783053193069950, -3.002268228768260272 ) ) ;
#1447 = FACE_OUTER_BOUND ( 'NONE', #8335, .T. ) ;
#1448 = CARTESIAN_POINT ( 'NONE',  ( 1.829310230243279989, 2.627590517496070088, -4.383142536504459841 ) ) ;
#1449 = VERTEX_POINT ( 'NONE', #8372 ) ;
#1450 = FACE_OUTER_BOUND ( 'NONE', #1042, .T. ) ;
#1451 = CARTESIAN_POINT ( 'NONE',  ( 1.205894899738159998, 3.026744524843079986, -2.866539571193429836 ) ) ;
#1452 = ADVANCED_FACE ( 'NONE', ( #5062 ), #3591, .T. ) ;
#1453 = PLANE ( 'NONE',  #4052 ) ;
#1454 = ORIENTED_EDGE ( 'NONE', *, *, #1767, .T. ) ;
#1455 = AXIS2_PLACEMENT_3D ( 'NONE', #774, #3983, #928 ) ;
#1456 = CARTESIAN_POINT ( 'NONE',  ( 5.029708093186993523, 3.173626382941698854, -4.424692264220847271 ) ) ;
#1457 = ORIENTED_EDGE ( 'NONE', *, *, #5612, .F. ) ;
#1458 = DIRECTION ( 'NONE',  ( 1.000000000000000000, -0.000000000000000000, 1.224646799147353207E-16 ) ) ;
#1459 = CARTESIAN_POINT ( 'NONE',  ( 2.338551545451999836, 3.229891903723070001, -4.028585899280479943 ) ) ;
#1460 = ORIENTED_EDGE ( 'NONE', *, *, #4732, .F. ) ;
#1461 = VERTEX_POINT ( 'NONE', #6010 ) ;
#1462 = CARTESIAN_POINT ( 'NONE',  ( 3.037125481020998663, 8.193292969774006451, -3.276113310739999562 ) ) ;
#1463 = CARTESIAN_POINT ( 'NONE',  ( 2.549999999158999664, 0.7000000014232999890, 0.000000000000000000 ) ) ;
#1464 = CARTESIAN_POINT ( 'NONE',  ( 1.753222577960000139, 2.570001019719070356, -4.149999998694359427 ) ) ;
#1465 = CARTESIAN_POINT ( 'NONE',  ( 3.950000032610000211, 8.261302185252999308, -3.450000111213999965 ) ) ;
#1466 = ORIENTED_EDGE ( 'NONE', *, *, #8568, .T. ) ;
#1467 = PLANE ( 'NONE',  #860 ) ;
#1468 = CARTESIAN_POINT ( 'NONE',  ( 6.029834234372524193, 2.670001019718648116, -3.257973086197568868 ) ) ;
#1469 = ORIENTED_EDGE ( 'NONE', *, *, #9829, .T. ) ;
#1470 = VERTEX_POINT ( 'NONE', #9216 ) ;
#1471 = CARTESIAN_POINT ( 'NONE',  ( 0.7656992633100010437, 3.155429416546070343, -3.742276749706060279 ) ) ;
#1472 = DIRECTION ( 'NONE',  ( -1.000000000000000000, 0.000000000000000000, 1.304512054794000046E-13 ) ) ;
#1473 = CARTESIAN_POINT ( 'NONE',  ( 4.529822340083509147, 2.866115843475190328, -2.856038700754929938 ) ) ;
#1474 = VERTEX_POINT ( 'NONE', #2002 ) ;
#1475 = EDGE_CURVE ( 'NONE', #9624, #7876, #425, .T. ) ;
#1476 = LINE ( 'NONE', #2376, #3221 ) ;
#1477 = EDGE_CURVE ( 'NONE', #9625, #7839, #2495, .T. ) ;
#1478 = CARTESIAN_POINT ( 'NONE',  ( 4.241410122549997830, 8.190007478767000748, -4.268334377156000059 ) ) ;
#1479 = CARTESIAN_POINT ( 'NONE',  ( -0.4999999982212000038, 8.500001019718999018, -1.599999998520000188 ) ) ;
#1480 = CARTESIAN_POINT ( 'NONE',  ( 6.148834789329000294, 3.374860300698069970, -3.370724450793079807 ) ) ;
#1481 = AXIS2_PLACEMENT_3D ( 'NONE', #4507, #7774, #7671 ) ;
#1482 = ORIENTED_EDGE ( 'NONE', *, *, #10249, .F. ) ;
#1483 = DIRECTION ( 'NONE',  ( 0.000000000000000000, -1.284980352575412502E-15, 1.000000000000000000 ) ) ;
#1484 = CARTESIAN_POINT ( 'NONE',  ( 0.9645367403507645321, 2.779893339836472244, -3.928832296923860490 ) ) ;
#1485 = ADVANCED_FACE ( 'NONE', ( #5847 ), #2522, .F. ) ;
#1486 = CARTESIAN_POINT ( 'NONE',  ( 5.253222577961000006, 2.250294765869069735, -1.549999999994079891 ) ) ;
#1487 = CARTESIAN_POINT ( 'NONE',  ( 4.241337054980001575, 8.190007372674003250, -2.631755433804998656 ) ) ;
#1488 = ORIENTED_EDGE ( 'NONE', *, *, #8753, .F. ) ;
#1489 = LINE ( 'NONE', #7912, #1856 ) ;
#1490 = CARTESIAN_POINT ( 'NONE',  ( 0.3320422244281000523, 8.080115392190998946, -3.473184629815996960 ) ) ;
#1491 = CARTESIAN_POINT ( 'NONE',  ( 4.476073458042466591, 3.341743398537951659, -2.935747537178865052 ) ) ;
#1492 = EDGE_CURVE ( 'NONE', #3854, #789, #6779, .T. ) ;
#1493 = CARTESIAN_POINT ( 'NONE',  ( 4.604218602961299922, 3.185338631102069495, -2.746364317330560301 ) ) ;
#1494 = CARTESIAN_POINT ( 'NONE',  ( 5.437454466570081024, 3.183287678856540737, -2.643944653126850675 ) ) ;
#1495 = CARTESIAN_POINT ( 'NONE',  ( 1.058054147928809030, 3.341743398535572229, -3.845905105870277563 ) ) ;
#1496 = B_SPLINE_CURVE_WITH_KNOTS ( 'NONE', 3,
 ( #1264, #6278, #4475, #7688, #10159, #6906 ),
 .UNSPECIFIED., .F., .F.,
 ( 4, 2, 4 ),
 ( 8.673617379884035472E-19, 0.0005521399936405590406, 0.001104279987281117214 ),
 .UNSPECIFIED. ) ;
#1497 = VECTOR ( 'NONE', #8954, 1000.000000000000000 ) ;
#1498 = DIRECTION ( 'NONE',  ( -1.000000000000000000, 0.000000000000000000, 0.000000000000000000 ) ) ;
#1499 = CARTESIAN_POINT ( 'NONE',  ( 5.225039181927029652, 2.830894158715069775, -2.493174503783559981 ) ) ;
#1500 = CARTESIAN_POINT ( 'NONE',  ( 1.104218602961300144, 3.185338631102069495, -2.746364317330560301 ) ) ;
#1501 = CARTESIAN_POINT ( 'NONE',  ( 1.823537329828619935, 2.586610837574069954, -4.312343414941260278 ) ) ;
#1502 = ORIENTED_EDGE ( 'NONE', *, *, #4833, .T. ) ;
#1503 = FACE_OUTER_BOUND ( 'NONE', #4588, .T. ) ;
#1504 = EDGE_CURVE ( 'NONE', #6163, #588, #7616, .T. ) ;
#1505 = AXIS2_PLACEMENT_3D ( 'NONE', #6704, #7544, #2801 ) ;
#1506 = CARTESIAN_POINT ( 'NONE',  ( 0.000000000000000000, 4.700001019498999177, 1.192379528446999839E-13 ) ) ;
#1507 = PLANE ( 'NONE',  #1700 ) ;
#1508 = CARTESIAN_POINT ( 'NONE',  ( 6.653222577958999295, 0.8000000014230710388, -5.249999999992080113 ) ) ;
#1509 = CARTESIAN_POINT ( 'NONE',  ( 5.253222577961000006, -3.399999998570370163, -3.449999999993940136 ) ) ;
#1510 = ORIENTED_EDGE ( 'NONE', *, *, #7144, .T. ) ;
#1511 = LINE ( 'NONE', #3781, #4554 ) ;
#1512 = CARTESIAN_POINT ( 'NONE',  ( 4.756889285720521166, 3.062728045120706177, -2.818696016179393027 ) ) ;
#1513 = VECTOR ( 'NONE', #6693, 1000.000000000000000 ) ;
#1514 = ORIENTED_EDGE ( 'NONE', *, *, #7200, .T. ) ;
#1515 = ORIENTED_EDGE ( 'NONE', *, *, #2232, .F. ) ;
#1516 = CARTESIAN_POINT ( 'NONE',  ( 3.052875651405998259, 8.278341595231999861, -3.428706984561998183 ) ) ;
#1517 = DIRECTION ( 'NONE',  ( 0.000000000000000000, 0.000000000000000000, 1.000000000000000000 ) ) ;
#1518 = AXIS2_PLACEMENT_3D ( 'NONE', #8958, #5595, #3322 ) ;
#1519 = CARTESIAN_POINT ( 'NONE',  ( 4.412003410829000494, 2.671766321332069705, -3.723661577824560087 ) ) ;
#1520 = VECTOR ( 'NONE', #5660, 1000.000000000000000 ) ;
#1521 = CARTESIAN_POINT ( 'NONE',  ( 6.049413660200979592, 2.768487543030570208, -3.372078836214149611 ) ) ;
#1522 = ORIENTED_EDGE ( 'NONE', *, *, #7059, .T. ) ;
#1523 = PLANE ( 'NONE',  #9606 ) ;
#1524 = CARTESIAN_POINT ( 'NONE',  ( 5.479974363342949850, 3.172836704116919204, -2.682807958149924676 ) ) ;
#1525 = EDGE_LOOP ( 'NONE', ( #8821, #4472, #9898, #423 ) ) ;
#1526 = CARTESIAN_POINT ( 'NONE',  ( 2.776222951525999960, 2.966392364606069698, -3.331264023413159858 ) ) ;
#1527 = VECTOR ( 'NONE', #5253, 1000.000000000000000 ) ;
#1528 = CARTESIAN_POINT ( 'NONE',  ( 2.610552118703000080, 3.359394069010070094, -3.831049408824959812 ) ) ;
#1529 = VECTOR ( 'NONE', #7722, 1000.000000000000000 ) ;
#1530 = CARTESIAN_POINT ( 'NONE',  ( 4.800000000839999892, 1.019498648065999864E-06, -4.000000000000000000 ) ) ;
#1531 = VERTEX_POINT ( 'NONE', #6720 ) ;
#1532 = CARTESIAN_POINT ( 'NONE',  ( 3.914805535349699994, 8.127108890823073750, -3.450001054351812702 ) ) ;
#1533 = CARTESIAN_POINT ( 'NONE',  ( 2.549413660202479726, 2.768487543031410425, -3.372078836214109643 ) ) ;
#1534 = LINE ( 'NONE', #8744, #1394 ) ;
#1535 = VECTOR ( 'NONE', #8340, 1000.000000000000000 ) ;
#1536 = CARTESIAN_POINT ( 'NONE',  ( 4.922762008706000003, 3.145402373859070178, -4.339955805467079486 ) ) ;
#1537 = AXIS2_PLACEMENT_3D ( 'NONE', #1428, #7744, #10164 ) ;
#1538 = ORIENTED_EDGE ( 'NONE', *, *, #8277, .F. ) ;
#1539 = CARTESIAN_POINT ( 'NONE',  ( 6.100930145870863797, 2.683561631058516639, -3.094932730475381977 ) ) ;
#1540 = EDGE_CURVE ( 'NONE', #2374, #1882, #9929, .T. ) ;
#1541 = FACE_OUTER_BOUND ( 'NONE', #8146, .T. ) ;
#1542 = CARTESIAN_POINT ( 'NONE',  ( 3.947120232389999650, 8.274612492246996354, -3.428761095782001167 ) ) ;
#1543 = VERTEX_POINT ( 'NONE', #1929 ) ;
#1544 = FACE_OUTER_BOUND ( 'NONE', #9118, .T. ) ;
#1545 = AXIS2_PLACEMENT_3D ( 'NONE', #922, #1604, #972 ) ;
#1546 = AXIS2_PLACEMENT_3D ( 'NONE', #6363, #8887, #628 ) ;
#1547 = CARTESIAN_POINT ( 'NONE',  ( 1.658536522849002992, 8.117977360427996558, -4.789173170721000794 ) ) ;
#1548 = CARTESIAN_POINT ( 'NONE',  ( 4.853255368710932771, 3.341743398537950771, -2.539707820574375940 ) ) ;
#1549 = CARTESIAN_POINT ( 'NONE',  ( 4.686926340120399992, 2.701675535888069746, -2.868081558503760231 ) ) ;
#1550 = CARTESIAN_POINT ( 'NONE',  ( 6.026544875262979772, 2.802369717249460379, -3.660751105356879975 ) ) ;
#1551 = LINE ( 'NONE', #6536, #7921 ) ;
#1552 = AXIS2_PLACEMENT_3D ( 'NONE', #2865, #7761, #2762 ) ;
#1553 = DIRECTION ( 'NONE',  ( 0.000000000000000000, 0.000000000000000000, 1.000000000000000000 ) ) ;
#1554 = EDGE_CURVE ( 'NONE', #2589, #1438, #449, .T. ) ;
#1555 = CARTESIAN_POINT ( 'NONE',  ( 6.049413660200979592, 2.768487543030570208, -3.372078836214149611 ) ) ;
#1556 = CARTESIAN_POINT ( 'NONE',  ( 2.300532190517800224, 3.197897797230070172, -2.850189327254259997 ) ) ;
#1557 = CARTESIAN_POINT ( 'NONE',  ( 0.9532225779590010051, 2.713752781398320213, -1.459820166552729948 ) ) ;
#1558 = DIRECTION ( 'NONE',  ( 0.9999790310276358563, 0.000000000000000000, 0.006475917311893256319 ) ) ;
#1559 = ORIENTED_EDGE ( 'NONE', *, *, #8499, .T. ) ;
#1560 = DIRECTION ( 'NONE',  ( 0.000000000000000000, 0.000000000000000000, 1.000000000000000000 ) ) ;
#1561 = AXIS2_PLACEMENT_3D ( 'NONE', #7901, #7849, #1430 ) ;
#1562 = DIRECTION ( 'NONE',  ( -1.000000000000000000, 0.000000000000000000, 0.000000000000000000 ) ) ;
#1563 = CARTESIAN_POINT ( 'NONE',  ( 2.127315347842000381, 3.007198776457070011, -4.156433873682180646 ) ) ;
#1564 = CARTESIAN_POINT ( 'NONE',  ( 2.290308219067569873, 3.033901181188067842, -4.293518069547440419 ) ) ;
#1565 = EDGE_LOOP ( 'NONE', ( #9509, #8682, #3034, #4413 ) ) ;
#1566 = CARTESIAN_POINT ( 'NONE',  ( 3.199999999741000245, 0.7000000014231999579, 0.000000000000000000 ) ) ;
#1567 = ADVANCED_FACE ( 'NONE', ( #10026 ), #3665, .F. ) ;
#1568 = CIRCLE ( 'NONE', #2573, 0.7000000000000000666 ) ;
#1569 = CARTESIAN_POINT ( 'NONE',  ( 1.565776848837999946, 3.208169412775069951, -4.407059883254278887 ) ) ;
#1570 = VERTEX_POINT ( 'NONE', #5144 ) ;
#1571 = ORIENTED_EDGE ( 'NONE', *, *, #5421, .T. ) ;
#1572 = CARTESIAN_POINT ( 'NONE',  ( 0.8305726179071099002, 3.223047436258443366, -3.327589675132246683 ) ) ;
#1573 = DIRECTION ( 'NONE',  ( -0.9706197661653157560, 0.000000000000000000, 0.2406185145187039187 ) ) ;
#1574 = CARTESIAN_POINT ( 'NONE',  ( 5.048445168330699673, 2.646703999307070010, -4.374134458034659723 ) ) ;
#1575 = B_SPLINE_CURVE_WITH_KNOTS ( 'NONE', 3,
 ( #1419, #632, #2155, #4579, #9416, #7683, #685 ),
 .UNSPECIFIED., .F., .F.,
 ( 4, 3, 4 ),
 ( 0.000000000000000000, 0.2781121383348720277, 1.000000000000000000 ),
 .UNSPECIFIED. ) ;
#1576 = VERTEX_POINT ( 'NONE', #3619 ) ;
#1577 = DIRECTION ( 'NONE',  ( 0.000000000000000000, 0.000000000000000000, 1.000000000000000000 ) ) ;
#1578 = CARTESIAN_POINT ( 'NONE',  ( 4.655092113320730363, 2.781630329400269996, -2.930592412823629811 ) ) ;
#1579 = ORIENTED_EDGE ( 'NONE', *, *, #1475, .T. ) ;
#1580 = CARTESIAN_POINT ( 'NONE',  ( 0.9810682137286010907, 2.630786641411070104, -3.701193731438859658 ) ) ;
#1581 = DIRECTION ( 'NONE',  ( 9.896973340342469146E-13, 0.9902259409881991603, -0.1394725270224770330 ) ) ;
#1582 = CARTESIAN_POINT ( 'NONE',  ( 4.485576617771799945, 2.899162265508070213, -2.783382032416579666 ) ) ;
#1583 = ORIENTED_EDGE ( 'NONE', *, *, #6180, .F. ) ;
#1584 = CARTESIAN_POINT ( 'NONE',  ( 1.779673654841041452, 8.263243528150679751, -4.749998829231278918 ) ) ;
#1585 = CARTESIAN_POINT ( 'NONE',  ( 1.416014376457319424, 3.139334971167420996, -2.700601915892254734 ) ) ;
#1586 = CARTESIAN_POINT ( 'NONE',  ( 5.553222577960000628, 7.070001019719070356, -4.766244656803269031 ) ) ;
#1587 = CARTESIAN_POINT ( 'NONE',  ( 7.500000000759999175, 1.019498654400000011E-06, -5.700000000182000370 ) ) ;
#1588 = VERTEX_POINT ( 'NONE', #9983 ) ;
#1589 = CARTESIAN_POINT ( 'NONE',  ( 0.9532225779590010051, 2.714506812042659867, -1.454927519863410179 ) ) ;
#1590 = CARTESIAN_POINT ( 'NONE',  ( 5.713350536756249376, 3.081428487404361594, -4.249661890463607428 ) ) ;
#1591 = CARTESIAN_POINT ( 'NONE',  ( 6.004187755496673162, 2.832146381479877739, -3.174225993811938373 ) ) ;
#1592 = B_SPLINE_SURFACE_WITH_KNOTS ( 'NONE', 3, 3, ( 
 ( #8798, #2473, #4155, #2373 ),
 ( #1582, #8844, #9791, #4802 ),
 ( #1681, #4847, #746, #792 ),
 ( #4003, #3270, #6530, #153 ),
 ( #3370, #3157, #841, #898 ),
 ( #7219, #8004, #9580, #4108 ),
 ( #7323, #5591, #103, #10420 ) ),
 .UNSPECIFIED., .F., .F., .F.,
 ( 4, 1, 1, 1, 4 ),
 ( 4, 4 ),
 ( 0.000000000000000000, 0.2317803467869490042, 0.5495282759951389817, 0.8672762052033300417, 1.000000000000000000 ),
 ( 0.000000000000000000, 1.000000000000000000 ),
 .UNSPECIFIED. ) ;
#1593 = VERTEX_POINT ( 'NONE', #2719 ) ;
#1594 = DIRECTION ( 'NONE',  ( 0.000000000000000000, -1.000000000000000000, 0.000000000000000000 ) ) ;
#1595 = CARTESIAN_POINT ( 'NONE',  ( 1.839226791590000687, 8.276644665595002337, -4.751450610153996834 ) ) ;
#1596 = CARTESIAN_POINT ( 'NONE',  ( 0.9302835484055003157, 8.080930198808001563, -2.290818454941002003 ) ) ;
#1598 = EDGE_CURVE ( 'NONE', #1433, #1593, #9194, .T. ) ;
#1597 = CARTESIAN_POINT ( 'NONE',  ( 2.853222577958900441, 3.583840959371150436, -1.175680949433560052 ) ) ;
#1599 = CARTESIAN_POINT ( 'NONE',  ( 7.000000000000000000, 4.700001019498999177, 1.192872960903000084E-13 ) ) ;
#1600 = LINE ( 'NONE', #6454, #1159 ) ;
#1601 = CARTESIAN_POINT ( 'NONE',  ( 6.189454027929900626, 3.418140280064069447, -3.613396416666760036 ) ) ;
#1602 = CARTESIAN_POINT ( 'NONE',  ( 0.9120034108290010488, 2.671766321332069705, -3.723661577824560087 ) ) ;
#1603 = CARTESIAN_POINT ( 'NONE',  ( 0.9645367403507645321, 2.779893339836472244, -3.928832296923860490 ) ) ;
#1604 = DIRECTION ( 'NONE',  ( -1.000000000000000000, 0.000000000000000000, 0.000000000000000000 ) ) ;
#1605 = VERTEX_POINT ( 'NONE', #6934 ) ;
#1606 = CARTESIAN_POINT ( 'NONE',  ( 0.4148055353491060249, 8.127108890822910325, -3.450001054351851337 ) ) ;
#1607 = CARTESIAN_POINT ( 'NONE',  ( 1.750000000000000000, 8.500001019719000794, -1.949999999579999921 ) ) ;
#1608 = EDGE_CURVE ( 'NONE', #42, #10364, #9367, .T. ) ;
#1609 = EDGE_CURVE ( 'NONE', #8845, #10307, #4755, .T. ) ;
#1610 = CARTESIAN_POINT ( 'NONE',  ( 2.053020569881000235, 3.101936664624069806, -4.337330752687079460 ) ) ;
#1611 = LINE ( 'NONE', #6306, #5157 ) ;
#1612 = ORIENTED_EDGE ( 'NONE', *, *, #3216, .F. ) ;
#1613 = DIRECTION ( 'NONE',  ( 0.000000000000000000, -1.000000000000000000, 0.000000000000000000 ) ) ;
#1614 = CARTESIAN_POINT ( 'NONE',  ( 5.041981616616159734, 2.802346740873012720, -4.249999998694297787 ) ) ;
#1615 = VERTEX_POINT ( 'NONE', #10075 ) ;
#1616 = ORIENTED_EDGE ( 'NONE', *, *, #2763, .F. ) ;
#1617 = DIRECTION ( 'NONE',  ( 0.000000000000000000, 1.000000000000000000, 0.000000000000000000 ) ) ;
#1618 = DIRECTION ( 'NONE',  ( 1.000000000000000000, 0.000000000000000000, 0.000000000000000000 ) ) ;
#1619 = ADVANCED_FACE ( 'NONE', ( #5296 ), #5693, .F. ) ;
#1620 = FACE_OUTER_BOUND ( 'NONE', #885, .T. ) ;
#1621 = ORIENTED_EDGE ( 'NONE', *, *, #9148, .F. ) ;
#1622 = CARTESIAN_POINT ( 'NONE',  ( 2.513456949967048715, 2.670001019719070445, -3.930224171627959784 ) ) ;
#1623 = CYLINDRICAL_SURFACE ( 'NONE', #10391, 1.300000000000000044 ) ;
#1624 = ORIENTED_EDGE ( 'NONE', *, *, #9113, .F. ) ;
#1625 = B_SPLINE_CURVE_WITH_KNOTS ( 'NONE', 3,
 ( #2538, #3963, #8968, #5602, #2385, #7962, #2434, #6491, #1750, #4961, #8120, #3117, #65, #6442, #8169 ),
 .UNSPECIFIED., .F., .F.,
 ( 4, 1, 1, 1, 1, 1, 1, 1, 1, 1, 1, 1, 4 ),
 ( 0.4997732531526949962, 0.5215242587075800129, 0.5650668326423750054, 0.6086170324852129276, 0.6522039479908628978, 0.6957730462281169759, 0.7393269861157309997, 0.7828934299334729952, 0.8264753259974270128, 0.8700598623753719174, 0.9136491876457299988, 0.9572201475647600377, 1.000000000000000000 ),
 .UNSPECIFIED. ) ;
#1626 = CARTESIAN_POINT ( 'NONE',  ( 1.124760767282499963, 2.607157009919069957, -3.964155367318859646 ) ) ;
#1627 = CARTESIAN_POINT ( 'NONE',  ( 2.634029751305899669, 3.405992165708069841, -3.938649899445959335 ) ) ;
#1628 = FACE_OUTER_BOUND ( 'NONE', #7724, .T. ) ;
#1629 = ORIENTED_EDGE ( 'NONE', *, *, #4187, .T. ) ;
#1630 = CYLINDRICAL_SURFACE ( 'NONE', #7260, 1.399999999080000057 ) ;
#1631 = EDGE_CURVE ( 'NONE', #1274, #6939, #6706, .T. ) ;
#1632 = DIRECTION ( 'NONE',  ( 0.000000000000000000, 1.000000000000000000, 0.000000000000000000 ) ) ;
#1633 = CARTESIAN_POINT ( 'NONE',  ( 5.661909474658999741, 3.049399848202070107, -4.221761153395580557 ) ) ;
#1634 = DIRECTION ( 'NONE',  ( 0.000000000000000000, -1.070816960479510155E-15, 1.000000000000000000 ) ) ;
#1635 = EDGE_LOOP ( 'NONE', ( #6953, #1488, #6360, #7049 ) ) ;
#1636 = CARTESIAN_POINT ( 'NONE',  ( 2.554893897859779717, 2.760135025714329782, -3.788402509491759940 ) ) ;
#1637 = FACE_OUTER_BOUND ( 'NONE', #1712, .T. ) ;
#1638 = CARTESIAN_POINT ( 'NONE',  ( 6.365671740679998969, 8.278085663073003531, -2.773968950231998853 ) ) ;
#1639 = EDGE_LOOP ( 'NONE', ( #1935, #4443, #10239, #544, #1352, #6094, #8001, #434, #4856, #2148 ) ) ;
#1640 = EDGE_CURVE ( 'NONE', #6371, #472, #5347, .T. ) ;
#1641 = CARTESIAN_POINT ( 'NONE',  ( 5.790308219064194795, 3.033901181188319640, -4.293518069549592475 ) ) ;
#1642 = CARTESIAN_POINT ( 'NONE',  ( 2.200394718096999824, 8.118726430671006966, -4.714473831110001179 ) ) ;
#1643 = CARTESIAN_POINT ( 'NONE',  ( 5.553222577960000628, 7.123684023177995428, -4.766244656803488411 ) ) ;
#1644 = CARTESIAN_POINT ( 'NONE',  ( 4.481068213728600647, 2.630786641411070104, -3.701193731438859658 ) ) ;
#1645 = AXIS2_PLACEMENT_3D ( 'NONE', #7043, #2195, #2091 ) ;
#1646 = DIRECTION ( 'NONE',  ( -0.2873478846758040217, 0.000000000000000000, -0.9578262854883138333 ) ) ;
#1647 = VERTEX_POINT ( 'NONE', #6249 ) ;
#1648 = DIRECTION ( 'NONE',  ( 1.000000000000000000, 0.000000000000000000, 0.000000000000000000 ) ) ;
#1649 = CARTESIAN_POINT ( 'NONE',  ( 6.276224310815999630, 3.355389156900070002, -3.273962599066659873 ) ) ;
#1650 = AXIS2_PLACEMENT_3D ( 'NONE', #2926, #5936, #6146 ) ;
#1651 = CARTESIAN_POINT ( 'NONE',  ( 2.587323101496899813, 3.013651627591070081, -4.054073100872559898 ) ) ;
#1652 = CARTESIAN_POINT ( 'NONE',  ( 6.353222577958899997, 4.583364638219899589, -1.549999999994079891 ) ) ;
#1653 = CARTESIAN_POINT ( 'NONE',  ( 16.99999999925010030, 4.700001019498989407, -1.549999999994079891 ) ) ;
#1654 = EDGE_LOOP ( 'NONE', ( #7127, #7529, #10052, #2942, #6958, #4727, #2069, #1616, #3930, #8999, #10116 ) ) ;
#1655 = CARTESIAN_POINT ( 'NONE',  ( 0.9354652770607010392, 3.286667820060069634, -3.482456254733450329 ) ) ;
#1656 = CARTESIAN_POINT ( 'NONE',  ( 5.253222577959999917, 3.341743398537960097, -3.449999998694359693 ) ) ;
#1657 = DIRECTION ( 'NONE',  ( 0.000000000000000000, 1.070816960479510155E-15, -1.000000000000000000 ) ) ;
#1658 = AXIS2_PLACEMENT_3D ( 'NONE', #6776, #4449, #401 ) ;
#1659 = CARTESIAN_POINT ( 'NONE',  ( 0.6532225779590010717, 4.227894506827680310, -1.466112852112469778 ) ) ;
#1660 = ORIENTED_EDGE ( 'NONE', *, *, #7035, .F. ) ;
#1661 = DIRECTION ( 'NONE',  ( 0.000000000000000000, 0.1351668289530538469, 0.9908228541726195049 ) ) ;
#1662 = CARTESIAN_POINT ( 'NONE',  ( 5.980457999283399495, 3.277434709168070004, -3.773227666880460074 ) ) ;
#1663 = CC_DESIGN_DATE_AND_TIME_ASSIGNMENT ( #8789, #6713, ( #5263 ) ) ;
#1664 = ADVANCED_FACE ( 'NONE', ( #1447 ), #7983, .F. ) ;
#1665 = EDGE_LOOP ( 'NONE', ( #7629, #7731, #684, #1748 ) ) ;
#1666 = EDGE_LOOP ( 'NONE', ( #4199, #7434, #6313, #3999 ) ) ;
#1667 = CARTESIAN_POINT ( 'NONE',  ( 0.9502227371325797645, 3.180855485673065974, -3.920667960181854372 ) ) ;
#1668 = DIRECTION ( 'NONE',  ( -1.000000000000000000, 0.000000000000000000, 0.000000000000000000 ) ) ;
#1669 = CARTESIAN_POINT ( 'NONE',  ( 2.553222577959600059, 2.121596968917629944, -5.275876460555529945 ) ) ;
#1670 = EDGE_LOOP ( 'NONE', ( #1482, #923 ) ) ;
#1672 = ADVANCED_FACE ( 'NONE', ( #9135 ), #6921, .F. ) ;
#1671 = DIRECTION ( 'NONE',  ( -1.000000000000000000, 0.000000000000000000, 0.000000000000000000 ) ) ;
#1673 = CARTESIAN_POINT ( 'NONE',  ( 4.275431254950100346, 2.823092294248069845, -3.466818772251149650 ) ) ;
#1674 = ORIENTED_EDGE ( 'NONE', *, *, #4773, .T. ) ;
#1675 = CIRCLE ( 'NONE', #3525, 1.350000000000000089 ) ;
#1676 = DIRECTION ( 'NONE',  ( 0.000000000000000000, -1.000000000000000000, -9.832543920492090707E-23 ) ) ;
#1677 = CARTESIAN_POINT ( 'NONE',  ( 2.193325827109700032, 2.914342219320069649, -4.132370595680260550 ) ) ;
#1678 = EDGE_CURVE ( 'NONE', #6453, #5370, #5235, .T. ) ;
#1679 = ADVANCED_FACE ( 'NONE', ( #5180 ), #6816, .T. ) ;
#1680 = DIRECTION ( 'NONE',  ( 0.000000000000000000, -1.000000000000000000, 0.000000000000000000 ) ) ;
#1681 = CARTESIAN_POINT ( 'NONE',  ( 4.307857810108500551, 2.881094866495069962, -3.014099749924580074 ) ) ;
#1682 = ORIENTED_EDGE ( 'NONE', *, *, #3216, .T. ) ;
#1683 = VECTOR ( 'NONE', #9489, 1000.000000000000000 ) ;
#1684 = CARTESIAN_POINT ( 'NONE',  ( 4.153222577959000184, 4.254481236143949907, -1.267883465059339798 ) ) ;
#1685 = CARTESIAN_POINT ( 'NONE',  ( 2.053222577959999295, 7.249137257069752316, -2.233290949345360321 ) ) ;
#1686 = FACE_OUTER_BOUND ( 'NONE', #6760, .T. ) ;
#1687 = CARTESIAN_POINT ( 'NONE',  ( 2.592233917159910028, 2.695895453369320016, -3.994013685900920319 ) ) ;
#1688 = B_SPLINE_CURVE_WITH_KNOTS ( 'NONE', 3,
 ( #4905, #9585, #2377, #8112, #797, #4852, #7221, #5, #8848, #3217 ),
 .UNSPECIFIED., .F., .F.,
 ( 4, 2, 2, 2, 4 ),
 ( 4.702038701245014638E-17, 0.0004018940887056645836, 0.0008037881774112822213, 0.001205682266116898937, 0.001607576354822515870 ),
 .UNSPECIFIED. ) ;
#1689 = ORIENTED_EDGE ( 'NONE', *, *, #5612, .T. ) ;
#1690 = AXIS2_PLACEMENT_3D ( 'NONE', #7996, #3311, #6521 ) ;
#1691 = AXIS2_PLACEMENT_3D ( 'NONE', #6137, #653, #10174 ) ;
#1692 = CARTESIAN_POINT ( 'NONE',  ( 0.000000000000000000, 4.700001019498999177, 0.000000000000000000 ) ) ;
#1693 = ADVANCED_FACE ( 'NONE', ( #8489 ), #4599, .T. ) ;
#1694 = CARTESIAN_POINT ( 'NONE',  ( 2.853222577958900441, 4.254481236146950174, -1.267883465059739923 ) ) ;
#1695 = CARTESIAN_POINT ( 'NONE',  ( 0.3532192635000019898, -3.399999998576929805, -3.449999999994080024 ) ) ;
#1696 = ORIENTED_EDGE ( 'NONE', *, *, #8704, .F. ) ;
#1697 = CARTESIAN_POINT ( 'NONE',  ( 1.720385077660662621, 8.263158692442644337, -4.749998833716507995 ) ) ;
#1698 = CARTESIAN_POINT ( 'NONE',  ( 0.4135007649751998304, 8.116211255570000560, -3.375305273623998570 ) ) ;
#1699 = LINE ( 'NONE', #4074, #4748 ) ;
#1700 = AXIS2_PLACEMENT_3D ( 'NONE', #8826, #821, #4782 ) ;
#1701 = AXIS2_PLACEMENT_3D ( 'NONE', #2985, #7935, #6205 ) ;
#1702 = CARTESIAN_POINT ( 'NONE',  ( 5.323537329828619491, 2.586610837574069954, -4.312343414941260278 ) ) ;
#1703 = DIRECTION ( 'NONE',  ( 0.000000000000000000, 0.000000000000000000, -1.000000000000000000 ) ) ;
#1704 = ORIENTED_EDGE ( 'NONE', *, *, #2, .F. ) ;
#1705 = CARTESIAN_POINT ( 'NONE',  ( 5.593786658656000554, 3.137151270124070024, -4.390217711898079855 ) ) ;
#1706 = VECTOR ( 'NONE', #7244, 1000.000000000000000 ) ;
#1707 = CARTESIAN_POINT ( 'NONE',  ( 5.988834563583499637, 3.409977095895069699, -2.946168465349760179 ) ) ;
#1708 = AXIS2_PLACEMENT_3D ( 'NONE', #5895, #1102, #7521 ) ;
#1709 = CARTESIAN_POINT ( 'NONE',  ( 2.749625697243500255, 2.990021996099070378, -3.710401266013360289 ) ) ;
#1710 = DIRECTION ( 'NONE',  ( 0.000000000000000000, -1.000000000000000000, 0.000000000000000000 ) ) ;
#1711 = LINE ( 'NONE', #7397, #6765 ) ;
#1712 = EDGE_LOOP ( 'NONE', ( #2163, #3307, #832, #7948 ) ) ;
#1713 = CARTESIAN_POINT ( 'NONE',  ( 1.095405342337899990, 3.259462289307069938, -2.744194782378059916 ) ) ;
#1714 = CARTESIAN_POINT ( 'NONE',  ( 3.153222577959999828, 4.254481236136950173, -1.267883465058939896 ) ) ;
#1715 = AXIS2_PLACEMENT_3D ( 'NONE', #2293, #8713, #7928 ) ;
#1716 = CARTESIAN_POINT ( 'NONE',  ( 4.433899404232675145, 2.731137294137223837, -4.023308556859775287 ) ) ;
#1717 = DIRECTION ( 'NONE',  ( 0.000000000000000000, 0.000000000000000000, 1.000000000000000000 ) ) ;
#1718 = ADVANCED_FACE ( 'NONE', ( #3281 ), #7711, .T. ) ;
#1719 = ORIENTED_EDGE ( 'NONE', *, *, #5625, .T. ) ;
#1720 = DIRECTION ( 'NONE',  ( 0.000000000000000000, -1.000000000000000000, 0.000000000000000000 ) ) ;
#1721 = CARTESIAN_POINT ( 'NONE',  ( 6.699999999740000156, 0.7000000014231999579, 0.000000000000000000 ) ) ;
#1722 = B_SPLINE_CURVE_WITH_KNOTS ( 'NONE', 3,
 ( #638, #5534, #1473, #587, #8737, #1317, #1374 ),
 .UNSPECIFIED., .F., .F.,
 ( 4, 3, 4 ),
 ( 0.000000000000000000, 0.2781121383481520160, 1.000000000000000000 ),
 .UNSPECIFIED. ) ;
#1723 = AXIS2_PLACEMENT_3D ( 'NONE', #1993, #9164, #6741 ) ;
#1724 = ORIENTED_EDGE ( 'NONE', *, *, #8444, .F. ) ;
#1725 = EDGE_LOOP ( 'NONE', ( #8667, #6021, #3725, #6499 ) ) ;
#1726 = PLANE ( 'NONE',  #7602 ) ;
#1727 = DIRECTION ( 'NONE',  ( 0.000000000000000000, 6.420456820245000015E-10, 1.000000000000000000 ) ) ;
#1728 = CYLINDRICAL_SURFACE ( 'NONE', #2027, 1.350000000000000089 ) ;
#1729 = ADVANCED_FACE ( 'NONE', ( #9805 ), #4915, .T. ) ;
#1730 = VERTEX_POINT ( 'NONE', #1591 ) ;
#1731 = EDGE_CURVE ( 'NONE', #3887, #2897, #6492, .T. ) ;
#1732 = FACE_OUTER_BOUND ( 'NONE', #3848, .T. ) ;
#1733 = AXIS2_PLACEMENT_3D ( 'NONE', #3634, #7523, #9892 ) ;
#1734 = CARTESIAN_POINT ( 'NONE',  ( 0.5000000007595000184, 1.019498654400000011E-06, -6.399999999720000332 ) ) ;
#1735 = ORIENTED_EDGE ( 'NONE', *, *, #2590, .T. ) ;
#1736 = CARTESIAN_POINT ( 'NONE',  ( 5.553222577959990858, 7.050001019498999710, -2.133755340585360205 ) ) ;
#1737 = CARTESIAN_POINT ( 'NONE',  ( 0.8279476627422009960, 3.202688679531069837, -2.997789508462860297 ) ) ;
#1738 = LINE ( 'NONE', #5685, #1832 ) ;
#1739 = VERTEX_POINT ( 'NONE', #8014 ) ;
#1740 = CARTESIAN_POINT ( 'NONE',  ( 1.146309644632199864, 2.788299712142070064, -2.922965847814580354 ) ) ;
#1741 = CARTESIAN_POINT ( 'NONE',  ( 1.379223194034570721, 3.123578489289940308, -2.742805216422638637 ) ) ;
#1742 = CARTESIAN_POINT ( 'NONE',  ( 4.749242767105820384, 3.055890778578380207, -4.209883025210610086 ) ) ;
#1743 = EDGE_CURVE ( 'NONE', #6992, #10317, #8214, .T. ) ;
#1744 = EDGE_CURVE ( 'NONE', #9792, #3638, #7383, .T. ) ;
#1745 = DIRECTION ( 'NONE',  ( -0.9998966258754281577, 0.000000000000000000, 0.01437837135889036277 ) ) ;
#1746 = CARTESIAN_POINT ( 'NONE',  ( 5.253222577959999917, 2.670001019719070001, -2.749999998694359959 ) ) ;
#1747 = ORIENTED_EDGE ( 'NONE', *, *, #8310, .T. ) ;
#1748 = ORIENTED_EDGE ( 'NONE', *, *, #8191, .T. ) ;
#1749 = LINE ( 'NONE', #4960, #9224 ) ;
#1750 = CARTESIAN_POINT ( 'NONE',  ( 2.762694971507391184, 8.264627850294912648, -2.628399759756981702 ) ) ;
#1751 = CARTESIAN_POINT ( 'NONE',  ( 5.160738986440004616, 8.276389398694004029, -2.148551726897002467 ) ) ;
#1752 = EDGE_LOOP ( 'NONE', ( #6539, #7857 ) ) ;
#1753 = CARTESIAN_POINT ( 'NONE',  ( 4.824738561778730173, 3.098175328140097662, -4.353481558305788646 ) ) ;
#1754 = CARTESIAN_POINT ( 'NONE',  ( 3.048872062806001537, 8.278340398870005501, -3.377337401706999920 ) ) ;
#1755 = CARTESIAN_POINT ( 'NONE',  ( 5.247726956803030696, 2.551249626644069846, -4.245812382749360125 ) ) ;
#1756 = CARTESIAN_POINT ( 'NONE',  ( 6.053222577959600059, 2.742401317444509878, -1.256882331665519992 ) ) ;
#1757 = EDGE_CURVE ( 'NONE', #9938, #2248, #2664, .T. ) ;
#1758 = ORIENTED_EDGE ( 'NONE', *, *, #4047, .T. ) ;
#1759 = CARTESIAN_POINT ( 'NONE',  ( 7.000000000000000000, 8.500001019718999018, -1.400000001620999912 ) ) ;
#1760 = CARTESIAN_POINT ( 'NONE',  ( 6.179137139841199833, 3.392384593180069796, -3.853247530774259744 ) ) ;
#1761 = CARTESIAN_POINT ( 'NONE',  ( 2.272055276986600258, 2.996301579162070183, -4.254438909914960654 ) ) ;
#1762 = CARTESIAN_POINT ( 'NONE',  ( 4.153222577959000184, 4.200000001423520146, -1.664158040310059983 ) ) ;
#1763 = CARTESIAN_POINT ( 'NONE',  ( 1.231312273067600049, 3.599451483054069811, -4.314436155824179941 ) ) ;
#1764 = CARTESIAN_POINT ( 'NONE',  ( 2.509742502758800065, 3.480456957738069956, -3.869774509998360035 ) ) ;
#1765 = CARTESIAN_POINT ( 'NONE',  ( 3.153222577039000107, 8.090000782891999975, -3.449999999580000143 ) ) ;
#1766 = B_SPLINE_SURFACE_WITH_KNOTS ( 'NONE', 3, 3, ( 
 ( #5030, #2562, #7556, #3562 ),
 ( #6775, #9979, #9190, #3405 ),
 ( #5773, #1769, #3804, #2224 ),
 ( #5440, #3008, #8448, #4759 ),
 ( #8642, #751, #6229, #8692 ),
 ( #9429, #7126, #10329, #10023 ),
 ( #7959, #9239, #4696, #2025 ),
 ( #1381, #1480, #3114, #7069 ),
 ( #1431, #3162, #7016, #3960 ),
 ( #6383, #3853, #7902, #6331 ),
 ( #4593, #10376, #9536, #3066 ),
 ( #644, #10214, #7175, #4646 ),
 ( #6824, #7850, #9587, #10275 ),
 ( #2811, #6284, #9484, #2322 ),
 ( #6032, #2273, #5489, #2380 ),
 ( #700, #5244, #3909, #5541 ),
 ( #8745, #1187, #1536, #400 ),
 ( #5597, #4401, #7613, #3614 ),
 ( #7800, #594, #160, #5644 ) ),
 .UNSPECIFIED., .F., .F., .F.,
 ( 4, 1, 1, 1, 1, 1, 1, 1, 1, 1, 1, 1, 1, 1, 1, 1, 4 ),
 ( 4, 4 ),
 ( 0.000000000000000000, 0.009802480272871940889, 0.03811689700591269769, 0.1117219161296520019, 0.1853269352534799852, 0.2589319543772100052, 0.3325369735009390260, 0.4061419926246689904, 0.4797470117486929975, 0.5533520308724230174, 0.6269570499962500154, 0.7005620691199799799, 0.7741670882437100554, 0.8477721073675380525, 0.9213771264912670178, 0.9901944016066730470, 1.000000000000000000 ),
 ( 0.000000000000000000, 1.000000000000000000 ),
 .UNSPECIFIED. ) ;
#1767 = EDGE_CURVE ( 'NONE', #10357, #1730, #468, .T. ) ;
#1768 = CARTESIAN_POINT ( 'NONE',  ( 2.196625582888000139, 2.876194741330070137, -2.795706660348979966 ) ) ;
#1769 = CARTESIAN_POINT ( 'NONE',  ( 4.870124412228999944, 3.509652097227069945, -4.226575369848180941 ) ) ;
#1770 = DIRECTION ( 'NONE',  ( 0.000000000000000000, 0.000000000000000000, -1.000000000000000000 ) ) ;
#1771 = LINE ( 'NONE', #8989, #2689 ) ;
#1772 = VERTEX_POINT ( 'NONE', #6542 ) ;
#1773 = ADVANCED_FACE ( 'NONE', ( #9015 ), #8910, .T. ) ;
#1774 = CARTESIAN_POINT ( 'NONE',  ( 3.993575448284778950, 8.261366867512878187, -3.100762597433417866 ) ) ;
#1775 = CARTESIAN_POINT ( 'NONE',  ( 6.110552118703000524, 3.359394069010070094, -3.831049408824959812 ) ) ;
#1776 = B_SPLINE_CURVE_WITH_KNOTS ( 'NONE', 3,
 ( #9656, #5705, #8177, #1069, #2441, #3288, #5072, #4865, #9755, #5810 ),
 .UNSPECIFIED., .F., .F.,
 ( 4, 3, 3, 4 ),
 ( 0.000000000000000000, 0.4929191583139760358, 0.7483273084354390425, 1.000000000000000000 ),
 .UNSPECIFIED. ) ;
#1777 = DIRECTION ( 'NONE',  ( 0.000000000000000000, 1.000000000000000000, 0.000000000000000000 ) ) ;
#1778 = ORIENTED_EDGE ( 'NONE', *, *, #1985, .F. ) ;
#1779 = DIRECTION ( 'NONE',  ( 0.000000000000000000, 0.000000000000000000, 1.000000000000000000 ) ) ;
#1780 = CARTESIAN_POINT ( 'NONE',  ( 4.512540547391320267, 2.713125857740249725, -3.777105547613139880 ) ) ;
#1781 = VERTEX_POINT ( 'NONE', #4118 ) ;
#1782 = CARTESIAN_POINT ( 'NONE',  ( 7.000000000000000000, 1.019498648176999932E-06, 1.010549667651999860E-13 ) ) ;
#1783 = CARTESIAN_POINT ( 'NONE',  ( 1.430153566002100307, 3.167988582673070042, -2.626491299098160148 ) ) ;
#1784 = CARTESIAN_POINT ( 'NONE',  ( 2.703222577964000006, 2.250294765869069735, -5.349999999994079936 ) ) ;
#1785 = AXIS2_PLACEMENT_3D ( 'NONE', #3451, #4186, #1082 ) ;
#1786 = ORIENTED_EDGE ( 'NONE', *, *, #968, .T. ) ;
#1787 = CARTESIAN_POINT ( 'NONE',  ( 0.8754150410839020013, 2.797834585434070043, -3.837663941070879936 ) ) ;
#1788 = CARTESIAN_POINT ( 'NONE',  ( 5.624187459073699991, 3.297207205500070071, -2.489264348267960170 ) ) ;
#1789 = CARTESIAN_POINT ( 'NONE',  ( 5.687073476376999004, 2.875274108012070506, -2.789426441669080159 ) ) ;
#1790 = CARTESIAN_POINT ( 'NONE',  ( 6.057622849442999780, 2.676427929237069847, -3.983280556414080298 ) ) ;
#1791 = CARTESIAN_POINT ( 'NONE',  ( 2.639111517480005276, 2.595098364416172476, -3.132775667929353691 ) ) ;
#1792 = EDGE_LOOP ( 'NONE', ( #4482, #5909, #3315, #7311, #6761 ) ) ;
#1793 = ORIENTED_EDGE ( 'NONE', *, *, #5600, .T. ) ;
#1794 = DIRECTION ( 'NONE',  ( 0.000000000000000000, -1.000000000000000000, 0.000000000000000000 ) ) ;
#1795 = CARTESIAN_POINT ( 'NONE',  ( 6.053222577959600059, 1.843345133684619830, -4.570966459631880419 ) ) ;
#1796 = CARTESIAN_POINT ( 'NONE',  ( 6.049413660200979592, 2.768487543030570208, -3.372078836214149611 ) ) ;
#1797 = EDGE_CURVE ( 'NONE', #3327, #5778, #3612, .T. ) ;
#1798 = EDGE_LOOP ( 'NONE', ( #296, #9226, #5359, #1178 ) ) ;
#1799 = ADVANCED_FACE ( 'NONE', ( #6805 ), #10005, .T. ) ;
#1800 = CARTESIAN_POINT ( 'NONE',  ( 5.253222577959999917, 7.270001019719069646, -3.449999998694359693 ) ) ;
#1801 = CARTESIAN_POINT ( 'NONE',  ( 4.853701801845939912, 3.112812160234009973, -4.336841123880669890 ) ) ;
#1802 = CARTESIAN_POINT ( 'NONE',  ( 5.279610758301023665, 8.263243437341591502, -2.150001166889541349 ) ) ;
#1803 = CARTESIAN_POINT ( 'NONE',  ( 5.848495012699999052, 8.192332151403004303, -4.602701261597003324 ) ) ;
#1804 = CARTESIAN_POINT ( 'NONE',  ( 5.553222577959994410, 7.070001019719070356, -2.133755340585450799 ) ) ;
#1805 = ORIENTED_EDGE ( 'NONE', *, *, #966, .T. ) ;
#1806 = DIRECTION ( 'NONE',  ( -3.656131713971999577E-14, -2.284321894503000260E-14, 1.000000000000000000 ) ) ;
#1807 = CARTESIAN_POINT ( 'NONE',  ( 4.478439763426799836, 2.766578940948070553, -4.024974875680359609 ) ) ;
#1808 = CARTESIAN_POINT ( 'NONE',  ( 1.223116975850299992, 3.108170153561069959, -4.332958687848759816 ) ) ;
#1809 = EDGE_CURVE ( 'NONE', #4356, #1449, #2746, .T. ) ;
#1810 = CARTESIAN_POINT ( 'NONE',  ( 2.550216685290000118, 2.616202441729070127, -3.833060502231979694 ) ) ;
#1811 = CARTESIAN_POINT ( 'NONE',  ( 1.916125288883000044, 3.468882591923070358, -4.334238399721679791 ) ) ;
#1812 = DIRECTION ( 'NONE',  ( 0.000000000000000000, 0.000000000000000000, 1.000000000000000000 ) ) ;
#1813 = PLANE ( 'NONE',  #207 ) ;
#1814 = APPROVAL_ROLE ( '' ) ;
#1815 = CARTESIAN_POINT ( 'NONE',  ( 4.688700139556400082, 3.591431237934069820, -4.287003969790579738 ) ) ;
#1816 = PLANE ( 'NONE',  #440 ) ;
#1817 = AXIS2_PLACEMENT_3D ( 'NONE', #3726, #8507, #6100 ) ;
#1818 = CARTESIAN_POINT ( 'NONE',  ( 4.953222577959999207, 7.050001019498999710, -1.350000000000000089 ) ) ;
#1819 = CARTESIAN_POINT ( 'NONE',  ( 6.052134428391900300, 3.367601301879069808, -3.936686496238959609 ) ) ;
#1820 = EDGE_CURVE ( 'NONE', #7414, #8779, #8547, .T. ) ;
#1821 = ORIENTED_EDGE ( 'NONE', *, *, #606, .F. ) ;
#1822 = VECTOR ( 'NONE', #5250, 1000.000000000000000 ) ;
#1823 = LINE ( 'NONE', #4983, #717 ) ;
#1824 = CARTESIAN_POINT ( 'NONE',  ( 5.571865718127099854, 3.215247845658069981, -2.624768716414260350 ) ) ;
#1825 = CARTESIAN_POINT ( 'NONE',  ( 6.499999999250079874, 7.270001019719069646, -3.967731649031920771 ) ) ;
#1826 = ORIENTED_EDGE ( 'NONE', *, *, #1890, .T. ) ;
#1827 = DIRECTION ( 'NONE',  ( 0.000000000000000000, -1.000000000000000000, 0.000000000000000000 ) ) ;
#1828 = CARTESIAN_POINT ( 'NONE',  ( 5.850842653293542917, 8.264053304026168334, -4.607393376978508037 ) ) ;
#1829 = ORIENTED_EDGE ( 'NONE', *, *, #4500, .T. ) ;
#1830 = CARTESIAN_POINT ( 'NONE',  ( 5.711766534740227108, 2.900100399568632525, -2.551296894705446849 ) ) ;
#1831 = DIRECTION ( 'NONE',  ( -1.000000000000000000, 0.000000000000000000, 0.000000000000000000 ) ) ;
#1832 = VECTOR ( 'NONE', #6431, 1000.000000000000000 ) ;
#1833 = CARTESIAN_POINT ( 'NONE',  ( 1.260500633171999896, 3.067190473640069914, -4.270691424621860577 ) ) ;
#1834 = ORIENTED_EDGE ( 'NONE', *, *, #5877, .F. ) ;
#1835 = CARTESIAN_POINT ( 'NONE',  ( 0.8078591786289019971, 2.892293500142069984, -3.014102717650780416 ) ) ;
#1836 = CARTESIAN_POINT ( 'NONE',  ( 5.250652989507710089, 3.232597894087070323, -2.492762963919860297 ) ) ;
#1837 = VECTOR ( 'NONE', #5708, 1000.000000000000000 ) ;
#1838 = DIRECTION ( 'NONE',  ( 1.000000000000000000, 0.000000000000000000, 0.000000000000000000 ) ) ;
#1839 = CARTESIAN_POINT ( 'NONE',  ( 0.3532225779610010385, 4.400000001423070017, -1.649999999976079934 ) ) ;
#1840 = CARTESIAN_POINT ( 'NONE',  ( 4.450000000840000247, -1324.615064622000091, -0.3499999999999999778 ) ) ;
#1841 = CARTESIAN_POINT ( 'NONE',  ( 6.069337884339506495, 2.982340171006374163, -2.996680756799615875 ) ) ;
#1842 = ORIENTED_EDGE ( 'NONE', *, *, #10234, .F. ) ;
#1843 = ORIENTED_EDGE ( 'NONE', *, *, #8173, .F. ) ;
#1844 = CARTESIAN_POINT ( 'NONE',  ( 2.491519618837000127, 3.326621621958070207, -3.899760758630160140 ) ) ;
#1845 = CARTESIAN_POINT ( 'NONE',  ( 2.553222577959600059, 2.318420117542259629, -1.398893285059599867 ) ) ;
#1846 = VECTOR ( 'NONE', #5119, 1000.000000000000000 ) ;
#1847 = CARTESIAN_POINT ( 'NONE',  ( 2.637543897272999871, 2.747291333680070391, -3.579720755516179853 ) ) ;
#1848 = ORIENTED_EDGE ( 'NONE', *, *, #135, .F. ) ;
#1849 = LINE ( 'NONE', #5010, #1361 ) ;
#1850 = B_SPLINE_CURVE_WITH_KNOTS ( 'NONE', 3,
 ( #4323, #7532, #9899, #321, #6646, #6850, #9012, #5801 ),
 .UNSPECIFIED., .F., .F.,
 ( 4, 2, 2, 4 ),
 ( 0.000000000000000000, 0.0002840097201470080505, 0.0005680194402940161010, 0.001136038880588033503 ),
 .UNSPECIFIED. ) ;
#1851 = CARTESIAN_POINT ( 'NONE',  ( 2.549413660202479726, 2.768487543031410425, -3.372078836214109643 ) ) ;
#1852 = CARTESIAN_POINT ( 'NONE',  ( 0.4528031873234003024, 8.189575135894996194, -3.428844779427000500 ) ) ;
#1853 = CARTESIAN_POINT ( 'NONE',  ( 3.839523522079998585, 8.080141610856003354, -3.333458495348001538 ) ) ;
#1854 = FACE_OUTER_BOUND ( 'NONE', #7543, .T. ) ;
#1855 = CIRCLE ( 'NONE', #2361, 0.3999999999999999667 ) ;
#1856 = VECTOR ( 'NONE', #3917, 1000.000000000000000 ) ;
#1857 = ORIENTED_EDGE ( 'NONE', *, *, #5344, .T. ) ;
#1858 = EDGE_CURVE ( 'NONE', #2117, #5510, #4325, .T. ) ;
#1859 = B_SPLINE_CURVE_WITH_KNOTS ( 'NONE', 3,
 ( #10204, #4581, #10155, #6321, #7890, #2996, #2311, #7789, #10261, #2210 ),
 .UNSPECIFIED., .F., .F.,
 ( 4, 3, 3, 4 ),
 ( 0.000000000000000000, 0.3145124319709799998, 0.6592781632276250026, 1.000000000000000000 ),
 .UNSPECIFIED. ) ;
#1860 = DIRECTION ( 'NONE',  ( 0.000000000000000000, 0.000000000000000000, 1.000000000000000000 ) ) ;
#1861 = CARTESIAN_POINT ( 'NONE',  ( 5.770904389019300140, 3.108770605230069872, -4.175932588956059455 ) ) ;
#1862 = CARTESIAN_POINT ( 'NONE',  ( 1.318340638228699957, 2.624507058347070210, -4.220337308188359948 ) ) ;
#1863 = FACE_OUTER_BOUND ( 'NONE', #9419, .T. ) ;
#1864 = VECTOR ( 'NONE', #567, 1000.000000000000227 ) ;
#1865 = AXIS2_PLACEMENT_3D ( 'NONE', #2006, #1222, #3644 ) ;
#1866 = CARTESIAN_POINT ( 'NONE',  ( 1.583927267587999843, 3.134243257571069918, -4.371411723086479739 ) ) ;
#1867 = CARTESIAN_POINT ( 'NONE',  ( 2.447623863460300253, 3.521442131357069627, -3.835306387481459911 ) ) ;
#1868 = FACE_OUTER_BOUND ( 'NONE', #620, .T. ) ;
#1869 = DATE_TIME_ROLE ( 'creation_date' ) ;
#1870 = DIRECTION ( 'NONE',  ( -0.9999790310276358563, 0.000000000000000000, -0.006475917311892210280 ) ) ;
#1871 = LINE ( 'NONE', #9144, #3976 ) ;
#1872 = EDGE_CURVE ( 'NONE', #7839, #9625, #6873, .T. ) ;
#1873 = AXIS2_PLACEMENT_3D ( 'NONE', #4150, #97, #7945 ) ;
#1874 = FACE_OUTER_BOUND ( 'NONE', #10189, .T. ) ;
#1875 = CARTESIAN_POINT ( 'NONE',  ( 4.553804348268000624, 3.049840425211069572, -3.991621920859059980 ) ) ;
#1876 = CARTESIAN_POINT ( 'NONE',  ( 0.9425399299127010799, 2.654416272903070251, -3.404020585248739739 ) ) ;
#1877 = ORIENTED_EDGE ( 'NONE', *, *, #8823, .T. ) ;
#1878 = CIRCLE ( 'NONE', #9274, 1.300000000000000044 ) ;
#1879 = DIRECTION ( 'NONE',  ( -3.650048300138999548E-14, 3.114621601455999765E-14, 1.000000000000000000 ) ) ;
#1880 = CARTESIAN_POINT ( 'NONE',  ( 6.071914215450600061, 3.365012485787069796, -3.904189745908059894 ) ) ;
#1881 = LINE ( 'NONE', #7511, #181 ) ;
#1882 = VERTEX_POINT ( 'NONE', #2640 ) ;
#1883 = EDGE_CURVE ( 'NONE', #8857, #4356, #5961, .T. ) ;
#1884 = CARTESIAN_POINT ( 'NONE',  ( 4.628123105655082448, 3.330395806529483860, -3.968938950215865180 ) ) ;
#1885 = CARTESIAN_POINT ( 'NONE',  ( 6.506417849452239111, 8.264964049020530723, -3.799261912479778402 ) ) ;
#1886 = VERTEX_POINT ( 'NONE', #6648 ) ;
#1887 = CARTESIAN_POINT ( 'NONE',  ( 2.625448816288212583, 2.626753779811827894, -2.961181410423392890 ) ) ;
#1888 = VECTOR ( 'NONE', #2969, 1000.000000000000000 ) ;
#1889 = CARTESIAN_POINT ( 'NONE',  ( 1.568511261724999883, 3.651373337417069820, -4.311977263593679943 ) ) ;
#1890 = EDGE_CURVE ( 'NONE', #8309, #7310, #5120, .T. ) ;
#1891 = CARTESIAN_POINT ( 'NONE',  ( 2.535105887525700208, 2.860803373271070260, -3.036238404515459788 ) ) ;
#1892 = ORIENTED_EDGE ( 'NONE', *, *, #5791, .F. ) ;
#1893 = LINE ( 'NONE', #9945, #3057 ) ;
#1894 = AXIS2_PLACEMENT_3D ( 'NONE', #2647, #9022, #9703 ) ;
#1895 = CARTESIAN_POINT ( 'NONE',  ( 5.800532190517800224, 3.197897797230070172, -2.850189327254259997 ) ) ;
#1896 = CARTESIAN_POINT ( 'NONE',  ( 0.9890061976634708651, 2.814629173895995429, -2.805074452466043144 ) ) ;
#1897 = CARTESIAN_POINT ( 'NONE',  ( 6.125448816285211429, 2.626753779811827005, -2.961181410423392446 ) ) ;
#1898 = CARTESIAN_POINT ( 'NONE',  ( 1.753222577960000361, 2.754533156597672949, -2.649999998694358538 ) ) ;
#1899 = CARTESIAN_POINT ( 'NONE',  ( 2.899999999739999890, 0.7000000014231999579, -6.299999999999999822 ) ) ;
#1900 = ORIENTED_EDGE ( 'NONE', *, *, #1359, .F. ) ;
#1901 = ORIENTED_EDGE ( 'NONE', *, *, #4493, .T. ) ;
#1902 = DIRECTION ( 'NONE',  ( 0.000000000000000000, 0.000000000000000000, 1.000000000000000000 ) ) ;
#1903 = VECTOR ( 'NONE', #2890, 1000.000000000000000 ) ;
#1904 = DIRECTION ( 'NONE',  ( -1.000000000000000000, 0.000000000000000000, 3.466042557132010222E-10 ) ) ;
#1905 = ORIENTED_EDGE ( 'NONE', *, *, #794, .F. ) ;
#1906 = CARTESIAN_POINT ( 'NONE',  ( 1.312705916450709998, 8.262570815237607391, -4.678558701212187643 ) ) ;
#1907 = DIRECTION ( 'NONE',  ( -0.9998966258754281577, 0.000000000000000000, 0.01437837135889036277 ) ) ;
#1908 = ADVANCED_FACE ( 'NONE', ( #2004 ), #4293, .T. ) ;
#1909 = CARTESIAN_POINT ( 'NONE',  ( 3.163604395380000600, 8.083844509593003380, -3.528978378255999360 ) ) ;
#1910 = CARTESIAN_POINT ( 'NONE',  ( 3.916455859130002271, 8.116224261739995782, -3.339826407802998887 ) ) ;
#1911 = DIRECTION ( 'NONE',  ( 0.000000000000000000, -1.284980352575412502E-15, 1.000000000000000000 ) ) ;
#1912 = ORIENTED_EDGE ( 'NONE', *, *, #9526, .T. ) ;
#1913 = ORIENTED_EDGE ( 'NONE', *, *, #1321, .T. ) ;
#1914 = DIRECTION ( 'NONE',  ( 0.000000000000000000, -1.000000000000000000, 0.000000000000000000 ) ) ;
#1915 = CARTESIAN_POINT ( 'NONE',  ( 4.765849200716099965, 2.835123400298070084, -2.533493908543859696 ) ) ;
#1916 = CARTESIAN_POINT ( 'NONE',  ( 4.773992266680004093, 8.081390133521006547, -2.112444706147003526 ) ) ;
#1917 = EDGE_LOOP ( 'NONE', ( #2510, #6204, #96, #4903, #1401, #4990, #1987, #5002, #2368, #4866, #4463, #3431, #6223, #5583, #702, #9596, #9304, #2045, #3600, #3332, #167, #10192, #52, #7605, #1193, #5604, #9119 ) ) ;
#1918 = APPLICATION_CONTEXT ( 'configuration controlled 3d designs of mechanical parts and assemblies' ) ;
#1919 = PLANE ( 'NONE',  #1353 ) ;
#1920 = EDGE_CURVE ( 'NONE', #7133, #8512, #7640, .T. ) ;
#1921 = CARTESIAN_POINT ( 'NONE',  ( 2.573035662669000079, 3.332665615037070150, -3.377433847247139909 ) ) ;
#1922 = CARTESIAN_POINT ( 'NONE',  ( 1.334596798596600076, 2.917093747535069781, -2.662773830432460187 ) ) ;
#1923 = CARTESIAN_POINT ( 'NONE',  ( 7.500000000759999175, 4.700001019498999177, -6.399999999722000510 ) ) ;
#1924 = CARTESIAN_POINT ( 'NONE',  ( 1.353703513696169702, 0.6000000014230709722, -3.430390887638948616 ) ) ;
#1925 = CARTESIAN_POINT ( 'NONE',  ( 3.500000000000000000, 5.000001019718999906, 0.000000000000000000 ) ) ;
#1926 = DIRECTION ( 'NONE',  ( -1.000000000000000000, 0.000000000000000000, -1.299374603640319867E-12 ) ) ;
#1927 = EDGE_CURVE ( 'NONE', #4665, #793, #5170, .T. ) ;
#1928 = CARTESIAN_POINT ( 'NONE',  ( 4.604218602961299922, 3.185338631102069495, -2.746364317330560301 ) ) ;
#1929 = CARTESIAN_POINT ( 'NONE',  ( 0.000000000000000000, 3.800001019718999729, -1.749043746659000087 ) ) ;
#1930 = ADVANCED_FACE ( 'NONE', ( #9901 ), #5022, .T. ) ;
#1931 = EDGE_LOOP ( 'NONE', ( #7093, #3778 ) ) ;
#1932 = EDGE_CURVE ( 'NONE', #4436, #3105, #6372, .T. ) ;
#1933 = CARTESIAN_POINT ( 'NONE',  ( 4.052935028883700497, 8.261455394559529708, -2.932689559396531642 ) ) ;
#1934 = LINE ( 'NONE', #8195, #8759 ) ;
#1935 = ORIENTED_EDGE ( 'NONE', *, *, #5738, .T. ) ;
#1936 = CARTESIAN_POINT ( 'NONE',  ( 3.800000000259999844, 4.700001019498999177, 0.000000000000000000 ) ) ;
#1937 = CARTESIAN_POINT ( 'NONE',  ( 4.317336081202040710, 2.833226155430665028, -3.858006251920440111 ) ) ;
#1938 = VERTEX_POINT ( 'NONE', #10323 ) ;
#1939 = CARTESIAN_POINT ( 'NONE',  ( 5.905226823596970043, 3.004321999899539630, -2.687474974792490201 ) ) ;
#1940 = CARTESIAN_POINT ( 'NONE',  ( 2.362254209615000100, 3.552917813936069535, -4.211693279992379857 ) ) ;
#1941 = CARTESIAN_POINT ( 'NONE',  ( 0.8353405443023009802, 3.114449736625069853, -3.721665056753860057 ) ) ;
#1942 = ORIENTED_EDGE ( 'NONE', *, *, #517, .T. ) ;
#1943 = EDGE_CURVE ( 'NONE', #2897, #7060, #4587, .T. ) ;
#1944 = DIRECTION ( 'NONE',  ( -0.9578262854893679901, 0.000000000000000000, -0.2873478846722899438 ) ) ;
#1945 = CARTESIAN_POINT ( 'NONE',  ( 4.877105089444100372, 3.249947942516069777, -2.491269781933459715 ) ) ;
#1946 = DIRECTION ( 'NONE',  ( -1.823613310203245015E-12, 1.000000000000000000, -1.090236451181999875E-12 ) ) ;
#1947 = CARTESIAN_POINT ( 'NONE',  ( 1.261372272850906251, 2.943713106313194494, -2.810512470315666977 ) ) ;
#1948 = CARTESIAN_POINT ( 'NONE',  ( 2.625448816288212583, 2.626753779811827894, -2.961181410423392890 ) ) ;
#1949 = CARTESIAN_POINT ( 'NONE',  ( 5.988199458342772452, 2.972380253567673325, -2.873552380153401753 ) ) ;
#1950 = EDGE_LOOP ( 'NONE', ( #6218, #211, #10124, #2174, #9248, #6489 ) ) ;
#1951 = VERTEX_POINT ( 'NONE', #9317 ) ;
#1952 = CARTESIAN_POINT ( 'NONE',  ( 4.153221682414000249, 4.364219189800570220, -1.549999999994079891 ) ) ;
#1953 = PLANE ( 'NONE',  #4200 ) ;
#1954 = DIRECTION ( 'NONE',  ( 0.000000000000000000, -1.000000000000000000, 0.000000000000000000 ) ) ;
#1955 = ORIENTED_EDGE ( 'NONE', *, *, #4277, .F. ) ;
#1956 = EDGE_CURVE ( 'NONE', #4248, #8945, #2094, .T. ) ;
#1957 = DIRECTION ( 'NONE',  ( 0.000000000000000000, 1.000000000000000000, 0.000000000000000000 ) ) ;
#1958 = CARTESIAN_POINT ( 'NONE',  ( 6.500000051829061043, 4.399999993077200244, -1.804005721612270019 ) ) ;
#1959 = CARTESIAN_POINT ( 'NONE',  ( 4.985525239880000292, 8.191098577776996237, -4.721602756882000484 ) ) ;
#1960 = CARTESIAN_POINT ( 'NONE',  ( 0.8678771965672626987, 2.792678991830022994, -3.769607380513581241 ) ) ;
#1961 = AXIS2_PLACEMENT_3D ( 'NONE', #4090, #3192, #6409 ) ;
#1962 = VERTEX_POINT ( 'NONE', #694 ) ;
#1963 = ORIENTED_EDGE ( 'NONE', *, *, #5083, .T. ) ;
#1964 = CARTESIAN_POINT ( 'NONE',  ( 0.8996769853896414704, 2.667796250885410725, -3.612829612637805887 ) ) ;
#1965 = CARTESIAN_POINT ( 'NONE',  ( 4.383454104325700484, 2.862328931051069780, -3.253848562985460102 ) ) ;
#1966 = CARTESIAN_POINT ( 'NONE',  ( 1.747235404841920081, 2.592229306565069891, -4.316993260558160017 ) ) ;
#1967 = VERTEX_POINT ( 'NONE', #5322 ) ;
#1968 = LINE ( 'NONE', #1235, #6568 ) ;
#1969 = CARTESIAN_POINT ( 'NONE',  ( 2.649918610178000122, 3.448395750100070156, -3.833367453445080120 ) ) ;
#1970 = CARTESIAN_POINT ( 'NONE',  ( 2.568232168272799765, 3.094990962364069453, -3.524429691229050032 ) ) ;
#1971 = DIRECTION ( 'NONE',  ( 0.000000000000000000, -1.000000000000000000, -9.832543920492100111E-23 ) ) ;
#1972 = CARTESIAN_POINT ( 'NONE',  ( 5.682642083024999735, 3.469756768184070417, -2.660036747319579842 ) ) ;
#1973 = CARTESIAN_POINT ( 'NONE',  ( 6.499999999250079874, 6.220001019719070712, -3.967731649031922991 ) ) ;
#1974 = FACE_OUTER_BOUND ( 'NONE', #10153, .T. ) ;
#1975 = CARTESIAN_POINT ( 'NONE',  ( 5.947393358183400203, 3.320836836993070307, -2.689240398960559997 ) ) ;
#1976 = CARTESIAN_POINT ( 'NONE',  ( 2.053222577959999295, 7.270001019719036783, -4.613812562602173095 ) ) ;
#1977 = ORIENTED_EDGE ( 'NONE', *, *, #5344, .F. ) ;
#1978 = CARTESIAN_POINT ( 'NONE',  ( 5.253222577959999917, 2.370001019719070179, -2.749999998694359959 ) ) ;
#1979 = LINE ( 'NONE', #10079, #9421 ) ;
#1980 = CIRCLE ( 'NONE', #1313, 0.3499999999999999778 ) ;
#1981 = ORIENTED_EDGE ( 'NONE', *, *, #5083, .F. ) ;
#1982 = CARTESIAN_POINT ( 'NONE',  ( 1.095867617769129998, 2.936120290325340054, -3.905939534792789658 ) ) ;
#1983 = ORIENTED_EDGE ( 'NONE', *, *, #3589, .F. ) ;
#1984 = LINE ( 'NONE', #4308, #6072 ) ;
#1985 = EDGE_CURVE ( 'NONE', #8404, #5510, #3847, .T. ) ;
#1986 = CARTESIAN_POINT ( 'NONE',  ( 2.568664485798000108, 3.458895522710069947, -2.915066332602580079 ) ) ;
#1987 = ORIENTED_EDGE ( 'NONE', *, *, #8838, .T. ) ;
#1988 = VECTOR ( 'NONE', #1164, 1000.000000000000000 ) ;
#1989 = ORIENTED_EDGE ( 'NONE', *, *, #6523, .T. ) ;
#1990 = CARTESIAN_POINT ( 'NONE',  ( 5.699999999160000108, 1.019498085952000108E-06, -0.3499999999999999778 ) ) ;
#1991 = EDGE_CURVE ( 'NONE', #6915, #7566, #3343, .T. ) ;
#1992 = CARTESIAN_POINT ( 'NONE',  ( 5.930904809282100842, 3.285641942036070073, -3.862835021021460147 ) ) ;
#1993 = CARTESIAN_POINT ( 'NONE',  ( 4.653943981559754306, 0.6000000014230709722, -3.420586331461382912 ) ) ;
#1994 = DIRECTION ( 'NONE',  ( -1.801028462172000038E-13, 0.000000000000000000, 1.000000000000000000 ) ) ;
#1995 = CARTESIAN_POINT ( 'NONE',  ( 6.241636693784999856, 2.648375893640070089, -3.594989122663280412 ) ) ;
#1996 = B_SPLINE_CURVE_WITH_KNOTS ( 'NONE', 3,
 ( #3796, #9422, #4429, #8052, #3318, #3156, #8843, #6529, #2472, #7322 ),
 .UNSPECIFIED., .F., .F.,
 ( 4, 3, 3, 4 ),
 ( 0.000000000000000000, 0.4929191583230100315, 0.7483273084399350017, 1.000000000000000000 ),
 .UNSPECIFIED. ) ;
#1997 = CARTESIAN_POINT ( 'NONE',  ( 0.9461788405342019814, 2.911725610648070450, -3.806410112960480152 ) ) ;
#1998 = ORIENTED_EDGE ( 'NONE', *, *, #6156, .F. ) ;
#1999 = AXIS2_PLACEMENT_3D ( 'NONE', #7120, #2268, #5432 ) ;
#2000 = EDGE_CURVE ( 'NONE', #5938, #2086, #6222, .T. ) ;
#2001 = EDGE_LOOP ( 'NONE', ( #1778, #6695, #2352, #4004 ) ) ;
#2002 = CARTESIAN_POINT ( 'NONE',  ( 1.753222577963000184, -3.199999998576493976, -3.049999999994159605 ) ) ;
#2003 = CARTESIAN_POINT ( 'NONE',  ( 4.408938113210608911, 2.670001019719069557, -3.525682024275575088 ) ) ;
#2004 = FACE_OUTER_BOUND ( 'NONE', #10118, .T. ) ;
#2005 = ORIENTED_EDGE ( 'NONE', *, *, #2254, .F. ) ;
#2006 = CARTESIAN_POINT ( 'NONE',  ( 1.753222577960000139, 7.070001019719070356, -3.449999998694359693 ) ) ;
#2007 = AXIS2_PLACEMENT_3D ( 'NONE', #703, #4699, #1831 ) ;
#2008 = CARTESIAN_POINT ( 'NONE',  ( 6.081185985708629005, 2.670001019719070889, -3.386644832074957367 ) ) ;
#2009 = CARTESIAN_POINT ( 'NONE',  ( 6.398079842670001405, 8.119673328660004685, -4.145453318841999746 ) ) ;
#2010 = CARTESIAN_POINT ( 'NONE',  ( 0.8419178730804546262, 2.830846425260541199, -3.216224272493731107 ) ) ;
#2011 = ORIENTED_EDGE ( 'NONE', *, *, #7670, .T. ) ;
#2012 = EDGE_CURVE ( 'NONE', #2308, #2043, #1722, .T. ) ;
#2013 = VERTEX_POINT ( 'NONE', #476 ) ;
#2014 = AXIS2_PLACEMENT_3D ( 'NONE', #803, #3330, #8807 ) ;
#2015 = FACE_OUTER_BOUND ( 'NONE', #7807, .T. ) ;
#2016 = CARTESIAN_POINT ( 'NONE',  ( 5.630044998319299943, 2.889888216783070618, -2.482776608988259692 ) ) ;
#2017 = CARTESIAN_POINT ( 'NONE',  ( 1.867072328310799945, 2.625001699805070032, -4.378526857553459273 ) ) ;
#2018 = ORIENTED_EDGE ( 'NONE', *, *, #5466, .T. ) ;
#2019 = CARTESIAN_POINT ( 'NONE',  ( 5.479974363342949850, 3.172836704116919204, -2.682807958149924676 ) ) ;
#2020 = CARTESIAN_POINT ( 'NONE',  ( 1.337701332220400108, 3.551846782887069676, -4.292299948048180269 ) ) ;
#2021 = CARTESIAN_POINT ( 'NONE',  ( 1.700986154456640032, 2.944476155777069781, -2.559919137672959533 ) ) ;
#2022 = VECTOR ( 'NONE', #7498, 1000.000000000000000 ) ;
#2023 = CARTESIAN_POINT ( 'NONE',  ( 0.3000000002593999349, 0.7000000014231999579, -5.400000000000000355 ) ) ;
#2024 = CARTESIAN_POINT ( 'NONE',  ( 4.761504875554799732, 3.322671222269069968, -2.520723524663179838 ) ) ;
#2025 = CARTESIAN_POINT ( 'NONE',  ( 6.219887709220000005, 3.490590435760069887, -3.863281576355679814 ) ) ;
#2026 = CARTESIAN_POINT ( 'NONE',  ( 2.376751256276919300, 3.219456815166566344, -3.980432594663771972 ) ) ;
#2027 = AXIS2_PLACEMENT_3D ( 'NONE', #9096, #5038, #356 ) ;
#2028 = CARTESIAN_POINT ( 'NONE',  ( 4.458450567149399468, 3.120729319688070103, -3.061570317180360323 ) ) ;
#2029 = VECTOR ( 'NONE', #6963, 1000.000000000000227 ) ;
#2030 = DIRECTION ( 'NONE',  ( 1.000000000000000000, 0.000000000000000000, 0.000000000000000000 ) ) ;
#2031 = ORIENTED_EDGE ( 'NONE', *, *, #3452, .F. ) ;
#2032 = CARTESIAN_POINT ( 'NONE',  ( 2.668414586085901430, 3.002013710687057024, -3.264895008806866894 ) ) ;
#2033 = EDGE_CURVE ( 'NONE', #1318, #9638, #7063, .T. ) ;
#2034 = VECTOR ( 'NONE', #2531, 1000.000000000000000 ) ;
#2035 = CARTESIAN_POINT ( 'NONE',  ( 0.000000000000000000, 1.019498654399000089E-06, -6.899999999160000286 ) ) ;
#2036 = CIRCLE ( 'NONE', #2545, 0.3500000000000000333 ) ;
#2037 = ORIENTED_EDGE ( 'NONE', *, *, #6644, .T. ) ;
#2038 = CARTESIAN_POINT ( 'NONE',  ( 4.654966188307390063, 2.693951203854249687, -3.969578143279879789 ) ) ;
#2039 = EDGE_LOOP ( 'NONE', ( #8061, #5836, #10202, #9199 ) ) ;
#2040 = CARTESIAN_POINT ( 'NONE',  ( 5.253222577959999917, 0.6000000014230709722, -3.449999999994080024 ) ) ;
#2041 = CARTESIAN_POINT ( 'NONE',  ( 1.757841652508999930, 3.480618013658069998, -2.626987056703080192 ) ) ;
#2042 = AXIS2_PLACEMENT_3D ( 'NONE', #5712, #31, #9663 ) ;
#2043 = VERTEX_POINT ( 'NONE', #9369 ) ;
#2044 = VECTOR ( 'NONE', #1944, 1000.000000000000114 ) ;
#2045 = ORIENTED_EDGE ( 'NONE', *, *, #5666, .T. ) ;
#2046 = ADVANCED_FACE ( 'NONE', ( #3903 ), #9423, .F. ) ;
#2047 = CARTESIAN_POINT ( 'NONE',  ( 0.9500000008406001006, 0.7000000014228999756, -0.3499999999999999778 ) ) ;
#2048 = EDGE_CURVE ( 'NONE', #5778, #780, #3740, .T. ) ;
#2049 = CARTESIAN_POINT ( 'NONE',  ( 5.811420001925100109, 3.037281259083069784, -4.315473067032260523 ) ) ;
#2050 = LINE ( 'NONE', #5112, #1903 ) ;
#2051 = CARTESIAN_POINT ( 'NONE',  ( 0.9532222473413979325, 2.877027806406238675, -3.555621449658596944 ) ) ;
#2052 = CARTESIAN_POINT ( 'NONE',  ( 4.464536740347422317, 2.779893339835967758, -3.928832296921008549 ) ) ;
#2053 = CIRCLE ( 'NONE', #3570, 1.149999999999999911 ) ;
#2054 = CARTESIAN_POINT ( 'NONE',  ( 0.8095487815957019828, 2.827323008797069992, -3.866749264957380028 ) ) ;
#2055 = ORIENTED_EDGE ( 'NONE', *, *, #7525, .T. ) ;
#2056 = EDGE_LOOP ( 'NONE', ( #5059, #5458, #6922, #1375, #2622, #7057, #6677, #3990, #5917, #8571, #9994, #1198, #4095, #4635, #4720, #583, #7112 ) ) ;
#2057 = CARTESIAN_POINT ( 'NONE',  ( 2.609268572462700053, 3.304919428482070209, -3.629847790857759993 ) ) ;
#2058 = EDGE_CURVE ( 'NONE', #3693, #1070, #3692, .T. ) ;
#2059 = CARTESIAN_POINT ( 'NONE',  ( 4.994621982554016348, 3.133938653373419925, -2.681776660637146925 ) ) ;
#2060 = CARTESIAN_POINT ( 'NONE',  ( 2.712400649652999984, 2.705089619674070356, -3.590701463843079644 ) ) ;
#2061 = ORIENTED_EDGE ( 'NONE', *, *, #8738, .F. ) ;
#2062 = DIRECTION ( 'NONE',  ( 0.000000000000000000, -1.000000000000000000, 0.000000000000000000 ) ) ;
#2063 = CIRCLE ( 'NONE', #2406, 0.1000000000000002554 ) ;
#2064 = ADVANCED_FACE ( 'NONE', ( #5375 ), #2217, .T. ) ;
#2065 = CARTESIAN_POINT ( 'NONE',  ( 0.000000000000000000, 8.500001019718999018, -5.500000000078999918 ) ) ;
#2066 = EDGE_CURVE ( 'NONE', #5687, #9629, #2505, .T. ) ;
#2067 = DIRECTION ( 'NONE',  ( 0.9583292516573798103, 0.000000000000000000, -0.2856659682527939448 ) ) ;
#2068 = CARTESIAN_POINT ( 'NONE',  ( 5.253222577959999917, 0.8000000014230710388, -3.049999999994080113 ) ) ;
#2069 = ORIENTED_EDGE ( 'NONE', *, *, #6602, .F. ) ;
#2070 = AXIS2_PLACEMENT_3D ( 'NONE', #4316, #1946, #8262 ) ;
#2071 = VERTEX_POINT ( 'NONE', #4476 ) ;
#2072 = DIRECTION ( 'NONE',  ( 0.000000000000000000, 0.000000000000000000, 1.000000000000000000 ) ) ;
#2073 = CARTESIAN_POINT ( 'NONE',  ( 6.005931563652900707, 2.668540146646070088, -3.196853126153559543 ) ) ;
#2074 = CARTESIAN_POINT ( 'NONE',  ( 1.068548443562000072, 2.648136689840070002, -4.010143631892259641 ) ) ;
#2075 = ORIENTED_EDGE ( 'NONE', *, *, #2867, .T. ) ;
#2076 = DIRECTION ( 'NONE',  ( 0.000000000000000000, 0.000000000000000000, -1.000000000000000000 ) ) ;
#2077 = DIRECTION ( 'NONE',  ( -1.000000000000000000, 0.000000000000000000, 0.000000000000000000 ) ) ;
#2078 = CARTESIAN_POINT ( 'NONE',  ( 2.663119507330800051, 2.985638206885070201, -3.129107340771259516 ) ) ;
#2079 = EDGE_CURVE ( 'NONE', #9278, #3149, #9378, .T. ) ;
#2080 = CARTESIAN_POINT ( 'NONE',  ( 6.206693430536499356, 3.327116420057069757, -3.365119720870149767 ) ) ;
#2081 = CARTESIAN_POINT ( 'NONE',  ( 0.6532225779590010717, 4.254481236148950352, -1.267883465059339798 ) ) ;
#2082 = CARTESIAN_POINT ( 'NONE',  ( 6.079968467447999458, 3.563779059409069472, -3.803461434992380319 ) ) ;
#2083 = CARTESIAN_POINT ( 'NONE',  ( 5.029708093186993523, 3.173626382941698854, -4.424692264220847271 ) ) ;
#2084 = CARTESIAN_POINT ( 'NONE',  ( 4.444060563851300216, 3.056120008275069910, -3.382343983173690116 ) ) ;
#2085 = CARTESIAN_POINT ( 'NONE',  ( -10.50000000000000000, 4.700001019498999177, 0.000000000000000000 ) ) ;
#2086 = VERTEX_POINT ( 'NONE', #536 ) ;
#2087 = ADVANCED_FACE ( 'NONE', ( #2949 ), #9686, .T. ) ;
#2088 = CARTESIAN_POINT ( 'NONE',  ( 5.357591097613844333, 3.177137825983120667, -4.249999998694421244 ) ) ;
#2089 = CYLINDRICAL_SURFACE ( 'NONE', #4387, 0.1999999987799998546 ) ;
#2090 = VERTEX_POINT ( 'NONE', #5789 ) ;
#2091 = DIRECTION ( 'NONE',  ( 1.000000000000000000, 1.824712256293103155E-12, 1.788933584601081559E-13 ) ) ;
#2092 = VERTEX_POINT ( 'NONE', #10371 ) ;
#2093 = FACE_OUTER_BOUND ( 'NONE', #7838, .T. ) ;
#2094 = B_SPLINE_CURVE_WITH_KNOTS ( 'NONE', 3,
 ( #8525, #9531, #7009, #4639, #6279, #10160, #3108 ),
 .UNSPECIFIED., .F., .F.,
 ( 4, 3, 4 ),
 ( 0.000000000000000000, 0.2536720696928829732, 1.000000000000000000 ),
 .UNSPECIFIED. ) ;
#2095 = CARTESIAN_POINT ( 'NONE',  ( 2.573043042344000053, 3.574640304883070385, -3.377433194031610242 ) ) ;
#2096 = ADVANCED_FACE ( 'NONE', ( #6482 ), #6375, .F. ) ;
#2097 = ORIENTED_EDGE ( 'NONE', *, *, #5965, .T. ) ;
#2098 = VERTEX_POINT ( 'NONE', #7951 ) ;
#2099 = CARTESIAN_POINT ( 'NONE',  ( 0.8623817766704001686, 8.190186239267996271, -2.501809041437998093 ) ) ;
#2100 = FACE_OUTER_BOUND ( 'NONE', #381, .T. ) ;
#2101 = CARTESIAN_POINT ( 'NONE',  ( 5.772055276986598926, 2.996301579162070183, -4.254438909914960654 ) ) ;
#2102 = CARTESIAN_POINT ( 'NONE',  ( 4.100000000260000554, 0.7000000014231999579, -5.400000000000000355 ) ) ;
#2103 = ORIENTED_EDGE ( 'NONE', *, *, #3098, .F. ) ;
#2104 = CARTESIAN_POINT ( 'NONE',  ( 5.250000000000000000, 8.500001019718999018, -3.449999999580000143 ) ) ;
#2105 =( BOUNDED_CURVE ( )  B_SPLINE_CURVE ( 3, ( #7094, #1606, #7871, #819 ),
 .UNSPECIFIED., .F., .T. ) 
 B_SPLINE_CURVE_WITH_KNOTS ( ( 4, 4 ),
 ( 0.000000000000000000, 1.000000000000000000 ),
 .UNSPECIFIED. ) 
 CURVE ( )  GEOMETRIC_REPRESENTATION_ITEM ( )  RATIONAL_B_SPLINE_CURVE ( ( 1.064019090978020055, 0.9753058072869540407, 0.9787921305767189883, 1.074478060847569916 ) ) 
 REPRESENTATION_ITEM ( '' )  );
#2106 = DIRECTION ( 'NONE',  ( -1.887378661489000122E-14, 1.000000000000000000, 1.289246159208000155E-14 ) ) ;
#2107 = VERTEX_POINT ( 'NONE', #9637 ) ;
#2108 = ORIENTED_EDGE ( 'NONE', *, *, #7872, .T. ) ;
#2109 = CARTESIAN_POINT ( 'NONE',  ( 2.398439635628200506, 3.279857157072069818, -2.742890041725159822 ) ) ;
#2110 = DIRECTION ( 'NONE',  ( 0.000000000000000000, -1.000000000000000000, 0.000000000000000000 ) ) ;
#2111 = DIRECTION ( 'NONE',  ( -0.006475917311892210280, 0.000000000000000000, 0.9999790310276359673 ) ) ;
#2112 = ORIENTED_EDGE ( 'NONE', *, *, #3324, .T. ) ;
#2113 = DIRECTION ( 'NONE',  ( 0.000000000000000000, 1.000000000000000000, 0.000000000000000000 ) ) ;
#2114 = FACE_OUTER_BOUND ( 'NONE', #233, .T. ) ;
#2115 = CARTESIAN_POINT ( 'NONE',  ( 6.365712143189998784, 8.278085718384001979, -4.125957345682003563 ) ) ;
#2116 = CARTESIAN_POINT ( 'NONE',  ( 5.253222577959999917, -3.199999998576930071, -3.449999999994159960 ) ) ;
#2117 = VERTEX_POINT ( 'NONE', #7369 ) ;
#2118 = EDGE_LOOP ( 'NONE', ( #4096, #2987, #3366, #8518, #7177 ) ) ;
#2119 = CARTESIAN_POINT ( 'NONE',  ( 6.499999999250079874, 5.000001019718999906, 0.000000000000000000 ) ) ;
#2120 = CARTESIAN_POINT ( 'NONE',  ( 2.275246349572691340, 3.044389399577959843, -2.693553038238353459 ) ) ;
#2121 = ADVANCED_FACE ( 'NONE', ( #1628 ), #1592, .T. ) ;
#2122 = CARTESIAN_POINT ( 'NONE',  ( 6.275675947618000627, 2.566915894090069816, -3.459569032036589942 ) ) ;
#2123 = CARTESIAN_POINT ( 'NONE',  ( 4.362381776679998602, 8.190186239268001600, -2.501809041437998982 ) ) ;
#2124 = ORIENTED_EDGE ( 'NONE', *, *, #4706, .T. ) ;
#2125 = LINE ( 'NONE', #1279, #9251 ) ;
#2126 = VECTOR ( 'NONE', #3090, 1000.000000000000000 ) ;
#2127 = CARTESIAN_POINT ( 'NONE',  ( 3.163598701506998179, 8.083844512001002514, -3.370902720885000203 ) ) ;
#2128 = CARTESIAN_POINT ( 'NONE',  ( 2.355919174852199927, 3.026800257993070176, -4.295146751732960233 ) ) ;
#2129 = CARTESIAN_POINT ( 'NONE',  ( 4.554977560506300094, 3.226318311023070429, -2.692978273802960398 ) ) ;
#2130 = FACE_OUTER_BOUND ( 'NONE', #1666, .T. ) ;
#2131 = EDGE_CURVE ( 'NONE', #9381, #10185, #1738, .T. ) ;
#2132 = CARTESIAN_POINT ( 'NONE',  ( 4.570166574810299309, 3.417936486174069977, -2.990863702840679927 ) ) ;
#2133 = FACE_OUTER_BOUND ( 'NONE', #687, .T. ) ;
#2134 = EDGE_CURVE ( 'NONE', #565, #331, #4055, .T. ) ;
#2135 = CARTESIAN_POINT ( 'NONE',  ( 6.163492445454100022, 2.942762733114069995, -2.968298053020959948 ) ) ;
#2136 = CARTESIAN_POINT ( 'NONE',  ( 2.053222577959999740, 7.070001019719070356, -4.766244656803269031 ) ) ;
#2137 = DIRECTION ( 'NONE',  ( 0.000000000000000000, 6.420460951089835756E-10, 1.000000000000000000 ) ) ;
#2138 = ORIENTED_EDGE ( 'NONE', *, *, #2443, .T. ) ;
#2139 = CARTESIAN_POINT ( 'NONE',  ( 2.529834234372522861, 2.670001019718647228, -3.257973086197567980 ) ) ;
#2140 = CARTESIAN_POINT ( 'NONE',  ( 6.049999999159999753, 0.7000000014235999712, 0.000000000000000000 ) ) ;
#2141 = ORIENTED_EDGE ( 'NONE', *, *, #1422, .F. ) ;
#2142 = CARTESIAN_POINT ( 'NONE',  ( 5.409006296127262914, 3.192361149562199074, -4.365800882293203067 ) ) ;
#2143 = ORIENTED_EDGE ( 'NONE', *, *, #6312, .T. ) ;
#2144 = CARTESIAN_POINT ( 'NONE',  ( 1.753222577960000805, 2.785457036528154351, -4.249999998694359959 ) ) ;
#2145 = EDGE_CURVE ( 'NONE', #677, #3750, #7271, .T. ) ;
#2146 = CARTESIAN_POINT ( 'NONE',  ( 2.017983090114000344, 3.219030658249069532, -4.309269991733679639 ) ) ;
#2147 = ORIENTED_EDGE ( 'NONE', *, *, #6324, .T. ) ;
#2148 = ORIENTED_EDGE ( 'NONE', *, *, #6059, .T. ) ;
#2149 = AXIS2_PLACEMENT_3D ( 'NONE', #3829, #4619, #512 ) ;
#2150 = CARTESIAN_POINT ( 'NONE',  ( 3.086500562717997553, 8.119928532039997648, -3.524668364299997414 ) ) ;
#2151 = DIRECTION ( 'NONE',  ( 0.9999790310276359673, 0.000000000000000000, 0.006475917311892210280 ) ) ;
#2152 = CARTESIAN_POINT ( 'NONE',  ( 6.276222951525999960, 2.966392364606069698, -3.331264023413159858 ) ) ;
#2153 =( LENGTH_UNIT ( ) NAMED_UNIT ( * ) SI_UNIT ( .MILLI., .METRE. ) );
#2154 = ORIENTED_EDGE ( 'NONE', *, *, #7059, .F. ) ;
#2155 = CARTESIAN_POINT ( 'NONE',  ( 1.029822340086800070, 2.866115843475519842, -2.856038700753889881 ) ) ;
#2156 = CARTESIAN_POINT ( 'NONE',  ( 5.253222577960001693, 3.154531003513296294, -2.649999998694360759 ) ) ;
#2157 = ORIENTED_EDGE ( 'NONE', *, *, #7012, .T. ) ;
#2158 = VERTEX_POINT ( 'NONE', #8897 ) ;
#2159 = VECTOR ( 'NONE', #8153, 1000.000000000000114 ) ;
#2160 = CARTESIAN_POINT ( 'NONE',  ( 2.480457999283399939, 3.277434709168070004, -3.773227666880460074 ) ) ;
#2161 = CARTESIAN_POINT ( 'NONE',  ( 3.800000000258999755, 4.700001019498999177, 5.156985949383999805E-14 ) ) ;
#2162 = CARTESIAN_POINT ( 'NONE',  ( 1.481330689398844713, 3.341743398537951215, -2.487834211394011952 ) ) ;
#2163 = ORIENTED_EDGE ( 'NONE', *, *, #6109, .T. ) ;
#2164 = DIRECTION ( 'NONE',  ( 0.000000000000000000, 1.000000000000000000, 0.000000000000000000 ) ) ;
#2165 = CARTESIAN_POINT ( 'NONE',  ( 4.236947561999988565, 8.275044568632003106, -4.271865737523998341 ) ) ;
#2166 = VECTOR ( 'NONE', #9553, 1000.000000000000000 ) ;
#2167 = LINE ( 'NONE', #9373, #5435 ) ;
#2168 = ORIENTED_EDGE ( 'NONE', *, *, #4895, .F. ) ;
#2169 = DIRECTION ( 'NONE',  ( 0.000000000000000000, 1.000000000000000000, 0.000000000000000000 ) ) ;
#2170 = CARTESIAN_POINT ( 'NONE',  ( 0.9819410692645199612, 2.805062405262159775, -4.054589632946510314 ) ) ;
#2171 = CARTESIAN_POINT ( 'NONE',  ( 6.158706407049700182, 2.629666899737070018, -3.783149060892660120 ) ) ;
#2172 = AXIS2_PLACEMENT_3D ( 'NONE', #10132, #3869, #9339 ) ;
#2173 = CARTESIAN_POINT ( 'NONE',  ( 5.868530290799999882, 8.118956808054997865, -2.258707383530001778 ) ) ;
#2174 = ORIENTED_EDGE ( 'NONE', *, *, #8545, .T. ) ;
#2175 = CARTESIAN_POINT ( 'NONE',  ( 4.953222577959999207, 7.123684023177995428, -2.133755340585232307 ) ) ;
#2176 = CARTESIAN_POINT ( 'NONE',  ( 0.9338994042354890057, 2.731137294136911198, -4.023308556863794294 ) ) ;
#2177 = CARTESIAN_POINT ( 'NONE',  ( 4.378078883653905073, 3.341743398537952991, -3.334768171932452230 ) ) ;
#2178 = CARTESIAN_POINT ( 'NONE',  ( 5.430400214945100501, 2.978951530734069930, -4.316688092273460065 ) ) ;
#2179 = CARTESIAN_POINT ( 'NONE',  ( 6.499999999250079874, 8.500001019718999018, -4.086824982746689372 ) ) ;
#2180 = EDGE_CURVE ( 'NONE', #3834, #3516, #2524, .T. ) ;
#2181 = CARTESIAN_POINT ( 'NONE',  ( 5.095033653259999795, 3.292573431206069934, -4.257680572459180190 ) ) ;
#2182 = AXIS2_PLACEMENT_3D ( 'NONE', #9658, #3925, #25 ) ;
#2183 = CARTESIAN_POINT ( 'NONE',  ( 5.250000000000000000, 8.500001019718999018, -3.449999999580000143 ) ) ;
#2184 = CARTESIAN_POINT ( 'NONE',  ( 4.908232969089899811, 2.766284847302070027, -2.635431194644559660 ) ) ;
#2185 = CARTESIAN_POINT ( 'NONE',  ( 2.612749237946800029, 3.408580981800070298, -3.973612233847759523 ) ) ;
#2186 = CARTESIAN_POINT ( 'NONE',  ( 0.7738738050297010451, 2.753725681174070239, -3.768597270595960058 ) ) ;
#2187 = AXIS2_PLACEMENT_3D ( 'NONE', #9121, #5169, #1904 ) ;
#2188 = ORIENTED_EDGE ( 'NONE', *, *, #10217, .F. ) ;
#2189 = CARTESIAN_POINT ( 'NONE',  ( 1.453222577960000095, 7.270001019719069646, -2.339819833135567517 ) ) ;
#2190 = DIRECTION ( 'NONE',  ( 0.000000000000000000, 1.000000000000000000, 0.000000000000000000 ) ) ;
#2191 = ADVANCED_FACE ( 'NONE', ( #6586 ), #4950, .T. ) ;
#2192 = DIRECTION ( 'NONE',  ( 0.000000000000000000, -6.420450148232860907E-10, -1.000000000000000000 ) ) ;
#2193 = ORIENTED_EDGE ( 'NONE', *, *, #7010, .T. ) ;
#2194 = CIRCLE ( 'NONE', #3381, 0.2000000000000000666 ) ;
#2195 = DIRECTION ( 'NONE',  ( -1.824712256292910092E-12, 1.000000000000000000, -1.090236451181999875E-12 ) ) ;
#2196 = EDGE_LOOP ( 'NONE', ( #2780, #9038, #4029, #7204, #5429, #8375, #4629 ) ) ;
#2197 = VECTOR ( 'NONE', #8650, 1000.000000000000000 ) ;
#2198 = CARTESIAN_POINT ( 'NONE',  ( 1.875081790984995722, 2.775713821639356649, -4.249999998694396375 ) ) ;
#2199 = CARTESIAN_POINT ( 'NONE',  ( 2.633531230598999962, 3.125008367023070388, -3.266970702903480017 ) ) ;
#2200 = VERTEX_POINT ( 'NONE', #1530 ) ;
#2201 = ORIENTED_EDGE ( 'NONE', *, *, #2805, .F. ) ;
#2202 = AXIS2_PLACEMENT_3D ( 'NONE', #6424, #4796, #1671 ) ;
#2203 = CARTESIAN_POINT ( 'NONE',  ( 2.860831372155998586, 8.193048562236999288, -2.776962996516000093 ) ) ;
#2204 = CARTESIAN_POINT ( 'NONE',  ( 1.421115780274530005, 3.140369873518850330, -4.315193360972669367 ) ) ;
#2205 = EDGE_CURVE ( 'NONE', #3461, #780, #214, .T. ) ;
#2206 = CARTESIAN_POINT ( 'NONE',  ( 6.087323101496899369, 3.013651627591070081, -4.054073100872559898 ) ) ;
#2207 = CARTESIAN_POINT ( 'NONE',  ( 4.052941036132542862, 8.261455402565788475, -3.967332345350131906 ) ) ;
#2208 = ORIENTED_EDGE ( 'NONE', *, *, #6683, .F. ) ;
#2209 = CARTESIAN_POINT ( 'NONE',  ( 0.6000000002595998749, 4.700001019498999177, -5.400000000000000355 ) ) ;
#2210 = CARTESIAN_POINT ( 'NONE',  ( 1.177181825639096235, 3.005724475766978099, -4.005136965275498007 ) ) ;
#2211 = ORIENTED_EDGE ( 'NONE', *, *, #1744, .F. ) ;
#2212 = VERTEX_POINT ( 'NONE', #1784 ) ;
#2213 = AXIS2_PLACEMENT_3D ( 'NONE', #7819, #10240, #10396 ) ;
#2214 = CIRCLE ( 'NONE', #6419, 0.4000000000000001887 ) ;
#2215 = CARTESIAN_POINT ( 'NONE',  ( 2.349485913072999921, 3.238877477151070217, -2.796539684489660171 ) ) ;
#2216 = DIRECTION ( 'NONE',  ( 0.000000000000000000, 3.945093871065000393E-14, 1.000000000000000000 ) ) ;
#2217 = PLANE ( 'NONE',  #326 ) ;
#2218 = B_SPLINE_CURVE_WITH_KNOTS ( 'NONE', 3,
 ( #641, #480, #3062, #6911, #10111, #6126, #539, #7797, #2008, #5225 ),
 .UNSPECIFIED., .F., .F.,
 ( 4, 2, 2, 2, 4 ),
 ( 2.742838647325547832E-18, 0.0004088448874029147187, 0.0008176897748058266184, 0.001226534662208738627, 0.001635379549611650635 ),
 .UNSPECIFIED. ) ;
#2219 = ORIENTED_EDGE ( 'NONE', *, *, #9332, .F. ) ;
#2220 = DIRECTION ( 'NONE',  ( -1.823613310203245015E-12, 1.000000000000000000, -1.090236451181999875E-12 ) ) ;
#2221 = VECTOR ( 'NONE', #2359, 1000.000000000000000 ) ;
#2222 = CARTESIAN_POINT ( 'NONE',  ( 3.957234159810000929, 8.274630053773996963, -3.624650103308999505 ) ) ;
#2223 = FACE_OUTER_BOUND ( 'NONE', #1654, .T. ) ;
#2224 = CARTESIAN_POINT ( 'NONE',  ( 4.805278252205799738, 3.594041468547070295, -4.358024526248179598 ) ) ;
#2225 = ORIENTED_EDGE ( 'NONE', *, *, #9592, .T. ) ;
#2226 = CARTESIAN_POINT ( 'NONE',  ( 4.953222577959999207, 7.270001019719037672, -4.613789109921112797 ) ) ;
#2227 = DIRECTION ( 'NONE',  ( 0.000000000000000000, 0.000000000000000000, 1.000000000000000000 ) ) ;
#2228 = VECTOR ( 'NONE', #4722, 1000.000000000000000 ) ;
#2229 = CARTESIAN_POINT ( 'NONE',  ( 0.8911684953731001668, 3.341743398537952103, -3.194561152071194066 ) ) ;
#2230 = CARTESIAN_POINT ( 'NONE',  ( 3.909379402900000855, 8.116199631110005086, -3.428129125518000198 ) ) ;
#2231 = ORIENTED_EDGE ( 'NONE', *, *, #4057, .F. ) ;
#2232 = EDGE_CURVE ( 'NONE', #6453, #722, #4204, .T. ) ;
#2233 = LINE ( 'NONE', #6923, #3874 ) ;
#2234 = CARTESIAN_POINT ( 'NONE',  ( 1.438423293831033956, 2.690319803119034958, -4.402411584287218460 ) ) ;
#2235 = CARTESIAN_POINT ( 'NONE',  ( 0.000000000000000000, 1.019498654399000089E-06, -6.899999999160000286 ) ) ;
#2236 = CARTESIAN_POINT ( 'NONE',  ( 5.970912608561500079, 2.819823693350069771, -3.070208580262759668 ) ) ;
#2237 = CARTESIAN_POINT ( 'NONE',  ( 1.753222577963000184, 0.6000000014230709722, -3.449999999994080024 ) ) ;
#2238 = CIRCLE ( 'NONE', #9461, 0.3999999999999999667 ) ;
#2239 = CARTESIAN_POINT ( 'NONE',  ( 5.892679402879999806, 3.187689894507069965, -4.082090196534779558 ) ) ;
#2240 = DIRECTION ( 'NONE',  ( 0.000000000000000000, 1.000000000000000000, 0.000000000000000000 ) ) ;
#2241 = CARTESIAN_POINT ( 'NONE',  ( 4.936556906857899385, 2.725305167381070426, -2.702307980264760268 ) ) ;
#2242 = CARTESIAN_POINT ( 'NONE',  ( 2.491519618837000127, 3.326621621958070207, -3.899760758630160140 ) ) ;
#2243 = CARTESIAN_POINT ( 'NONE',  ( 1.548445168330700117, 2.646703999307070010, -4.374134458034659723 ) ) ;
#2244 = ORIENTED_EDGE ( 'NONE', *, *, #7465, .F. ) ;
#2245 = FACE_OUTER_BOUND ( 'NONE', #10028, .T. ) ;
#2246 = CARTESIAN_POINT ( 'NONE',  ( 1.256889285722006644, 3.062728045119766485, -2.818696016178279251 ) ) ;
#2247 = DIRECTION ( 'NONE',  ( 0.000000000000000000, -1.000000000000000000, 3.174765415097999709E-14 ) ) ;
#2248 = VERTEX_POINT ( 'NONE', #210 ) ;
#2249 = CARTESIAN_POINT ( 'NONE',  ( 5.593786658656000554, 3.137151270124070024, -4.390217711898079855 ) ) ;
#2250 = ORIENTED_EDGE ( 'NONE', *, *, #4500, .F. ) ;
#2251 = CARTESIAN_POINT ( 'NONE',  ( 1.995386542561836229, 2.766213886806720978, -4.221884301799120998 ) ) ;
#2252 = CARTESIAN_POINT ( 'NONE',  ( 2.500935117744000014, 3.103285876076069982, -4.189098791043280201 ) ) ;
#2253 = ADVANCED_FACE ( 'NONE', ( #7907 ), #3011, .T. ) ;
#2254 = EDGE_CURVE ( 'NONE', #3380, #4248, #8881, .T. ) ;
#2255 = ORIENTED_EDGE ( 'NONE', *, *, #3348, .T. ) ;
#2256 = ORIENTED_EDGE ( 'NONE', *, *, #7563, .T. ) ;
#2257 = CARTESIAN_POINT ( 'NONE',  ( 1.753222577960000139, 6.070001019719070356, -2.649999998694359871 ) ) ;
#2258 = CARTESIAN_POINT ( 'NONE',  ( 0.8587481483328174292, 8.261907400880566854, -2.498025405459432413 ) ) ;
#2259 = CARTESIAN_POINT ( 'NONE',  ( 5.969679643213600784, 2.931692267749069991, -3.968873239715660084 ) ) ;
#2260 = VERTEX_POINT ( 'NONE', #5385 ) ;
#2261 = CARTESIAN_POINT ( 'NONE',  ( 4.459063449294689896, 2.771673088298659771, -3.944726498180649354 ) ) ;
#2262 = CYLINDRICAL_SURFACE ( 'NONE', #3337, 0.7000000000000000666 ) ;
#2263 = EDGE_LOOP ( 'NONE', ( #7998, #3456, #6849, #2302 ) ) ;
#2264 = VERTEX_POINT ( 'NONE', #5493 ) ;
#2265 = CARTESIAN_POINT ( 'NONE',  ( 0.7269357856700009446, 3.179059048038070046, -3.364189649299420104 ) ) ;
#2266 = EDGE_CURVE ( 'NONE', #3387, #1050, #4093, .T. ) ;
#2267 = DIRECTION ( 'NONE',  ( 0.000000000000000000, 0.000000000000000000, 1.000000000000000000 ) ) ;
#2268 = DIRECTION ( 'NONE',  ( -1.824712256292910092E-12, 1.000000000000000000, -1.090236451181999875E-12 ) ) ;
#2269 = EDGE_LOOP ( 'NONE', ( #639, #6898, #8661, #7882, #247, #7117, #10245, #9301, #6802 ) ) ;
#2270 = CARTESIAN_POINT ( 'NONE',  ( 1.750000005291602045, 8.263201068284223183, -4.749998831476114347 ) ) ;
#2271 = CARTESIAN_POINT ( 'NONE',  ( 2.703222577964000450, 2.250294765869069735, -1.549999999994079891 ) ) ;
#2272 = DIRECTION ( 'NONE',  ( 0.000000000000000000, 1.000000000000000000, 1.239161620612150055E-15 ) ) ;
#2273 = CARTESIAN_POINT ( 'NONE',  ( 4.422580710036500662, 3.155474954505069540, -3.794151219458480107 ) ) ;
#2274 = ORIENTED_EDGE ( 'NONE', *, *, #7861, .F. ) ;
#2275 = LINE ( 'NONE', #3266, #6224 ) ;
#2276 = CARTESIAN_POINT ( 'NONE',  ( 7.500000000759999175, 4.700001019498999177, -6.399999999722000510 ) ) ;
#2277 = EDGE_CURVE ( 'NONE', #8889, #3942, #992, .T. ) ;
#2278 = FACE_BOUND ( 'NONE', #1917, .T. ) ;
#2279 = CARTESIAN_POINT ( 'NONE',  ( 4.976584000340005254, 8.117723095684002743, -2.135849941434998289 ) ) ;
#2280 = EDGE_LOOP ( 'NONE', ( #9687, #10001, #6474, #451, #747 ) ) ;
#2281 = DIRECTION ( 'NONE',  ( -0.000000000000000000, 1.000000000000000000, 0.000000000000000000 ) ) ;
#2282 = CARTESIAN_POINT ( 'NONE',  ( 3.156951989782998513, 8.083833623638000176, -3.640092200115999876 ) ) ;
#2283 = LINE ( 'NONE', #5501, #7594 ) ;
#2284 = CARTESIAN_POINT ( 'NONE',  ( 4.930153566002100085, 3.167988582673070042, -2.626491299098160148 ) ) ;
#2285 = CARTESIAN_POINT ( 'NONE',  ( 5.634362874531131382, 3.341743398537951215, -2.609761872594769549 ) ) ;
#2286 = FACE_OUTER_BOUND ( 'NONE', #5223, .T. ) ;
#2287 = CARTESIAN_POINT ( 'NONE',  ( 1.300000000840999981, 1.019498648065999864E-06, -4.000000000000000000 ) ) ;
#2288 = CARTESIAN_POINT ( 'NONE',  ( 5.549669253456300133, 2.813544110287069522, -2.616537620928859997 ) ) ;
#2289 = CARTESIAN_POINT ( 'NONE',  ( 1.750847948581839786, 3.191618214166069833, -2.565390176209159989 ) ) ;
#2290 = CARTESIAN_POINT ( 'NONE',  ( 1.875710303741599860, 2.665981379726070077, -4.448975779654060325 ) ) ;
#2291 = ORIENTED_EDGE ( 'NONE', *, *, #3736, .T. ) ;
#2292 = CARTESIAN_POINT ( 'NONE',  ( 1.453222577960000317, 7.123684023177995428, -2.133755340585232307 ) ) ;
#2293 = CARTESIAN_POINT ( 'NONE',  ( 6.053222577959600059, 2.767681914086459916, -1.009946619339350038 ) ) ;
#2294 = CARTESIAN_POINT ( 'NONE',  ( 3.500000000000000000, 0.000000000000000000, -5.400000000000000355 ) ) ;
#2295 = CARTESIAN_POINT ( 'NONE',  ( 1.753222577960000139, 7.070001019719070356, -3.449999998694359693 ) ) ;
#2296 = AXIS2_PLACEMENT_3D ( 'NONE', #9768, #9821, #7403 ) ;
#2297 = DIRECTION ( 'NONE',  ( 0.000000000000000000, 0.000000000000000000, 1.000000000000000000 ) ) ;
#2298 = ORIENTED_EDGE ( 'NONE', *, *, #4013, .F. ) ;
#2299 = CARTESIAN_POINT ( 'NONE',  ( 0.000000000000000000, 4.700001019498999177, -6.899999999160000286 ) ) ;
#2300 = CARTESIAN_POINT ( 'NONE',  ( 2.761480698579000137, 3.071945112334069972, -3.747920504971779643 ) ) ;
#2301 = ORIENTED_EDGE ( 'NONE', *, *, #5403, .T. ) ;
#2302 = ORIENTED_EDGE ( 'NONE', *, *, #2321, .T. ) ;
#2303 = CARTESIAN_POINT ( 'NONE',  ( 3.046009160436998098, 8.278338933715000181, -3.557009469167998983 ) ) ;
#2304 = CARTESIAN_POINT ( 'NONE',  ( 1.631380168626063609, 8.263031186760985136, -2.153044532707158343 ) ) ;
#2305 = CARTESIAN_POINT ( 'NONE',  ( 4.534970436504700331, 2.824614575652069970, -2.711933704251360044 ) ) ;
#2306 = ADVANCED_FACE ( 'NONE', ( #8645 ), #7699, .T. ) ;
#2307 = DIRECTION ( 'NONE',  ( -1.000000000000000000, 0.000000000000000000, -1.299374603640319867E-12 ) ) ;
#2308 = VERTEX_POINT ( 'NONE', #5333 ) ;
#2309 = EDGE_CURVE ( 'NONE', #9896, #6891, #10120, .T. ) ;
#2310 = LINE ( 'NONE', #7364, #9778 ) ;
#2311 = CARTESIAN_POINT ( 'NONE',  ( 1.217138110710109800, 3.034586448834729833, -4.128736309711049657 ) ) ;
#2312 = VERTEX_POINT ( 'NONE', #2325 ) ;
#2313 = CARTESIAN_POINT ( 'NONE',  ( 1.930400214945100057, 2.978951530734069930, -4.316688092273460065 ) ) ;
#2314 = DIRECTION ( 'NONE',  ( -1.000000000000000000, 0.000000000000000000, 3.466042557132008154E-10 ) ) ;
#2315 = CARTESIAN_POINT ( 'NONE',  ( 3.153222577959999828, 4.583364638219899589, -1.549999999994079891 ) ) ;
#2316 = ORIENTED_EDGE ( 'NONE', *, *, #6444, .T. ) ;
#2317 = ADVANCED_FACE ( 'NONE', ( #6232 ), #2838, .T. ) ;
#2318 = DIRECTION ( 'NONE',  ( 1.000000000000000000, 0.000000000000000000, 0.000000000000000000 ) ) ;
#2319 = DIRECTION ( 'NONE',  ( 0.000000000000000000, -6.420471793111556476E-10, -1.000000000000000000 ) ) ;
#2320 = CARTESIAN_POINT ( 'NONE',  ( 3.853222577960270012, 4.700001019498999177, -5.249999999991080024 ) ) ;
#2321 = EDGE_CURVE ( 'NONE', #5328, #1531, #9230, .T. ) ;
#2322 = CARTESIAN_POINT ( 'NONE',  ( 4.207118431280799875, 3.271205089567069457, -3.345557246084780001 ) ) ;
#2323 = VECTOR ( 'NONE', #8840, 1000.000000000000000 ) ;
#2324 = ORIENTED_EDGE ( 'NONE', *, *, #2266, .F. ) ;
#2325 = CARTESIAN_POINT ( 'NONE',  ( 6.353222577958899997, 4.364219189800570220, -1.549999999994079891 ) ) ;
#2326 = CARTESIAN_POINT ( 'NONE',  ( 5.868497970907199601, 2.974332049752739682, -2.727265988219710113 ) ) ;
#2327 = CARTESIAN_POINT ( 'NONE',  ( 6.540354013630001795, 8.193305325697997077, -3.556559870243999999 ) ) ;
#2328 = ORIENTED_EDGE ( 'NONE', *, *, #9952, .T. ) ;
#2329 = CARTESIAN_POINT ( 'NONE',  ( 5.699999999160000108, 0.7000000014231999579, -4.000000000000000000 ) ) ;
#2330 = VECTOR ( 'NONE', #10209, 1000.000000000000000 ) ;
#2331 = CARTESIAN_POINT ( 'NONE',  ( 0.5178743360839995757, 8.116358936330996698, -3.982566034812997646 ) ) ;
#2332 = CARTESIAN_POINT ( 'NONE',  ( 3.500000000000000000, 4.700001019498999177, -5.400000000000000355 ) ) ;
#2333 = CARTESIAN_POINT ( 'NONE',  ( 4.342938607929400341, 2.712746001253069750, -3.746129424210260073 ) ) ;
#2334 = DIRECTION ( 'NONE',  ( 0.000000000000000000, -1.000000000000000000, 0.000000000000000000 ) ) ;
#2335 = EDGE_CURVE ( 'NONE', #10298, #8693, #6110, .T. ) ;
#2336 = B_SPLINE_CURVE_WITH_KNOTS ( 'NONE', 3,
 ( #1705, #76, #9758, #3290, #4925, #9605 ),
 .UNSPECIFIED., .F., .F.,
 ( 4, 1, 1, 4 ),
 ( 0.000000000000000000, 0.1666666666667000196, 0.3333333333333000081, 0.4583137175168909283 ),
 .UNSPECIFIED. ) ;
#2337 = LINE ( 'NONE', #7813, #3219 ) ;
#2338 = CIRCLE ( 'NONE', #3006, 0.4000000000000001332 ) ;
#2339 = CARTESIAN_POINT ( 'NONE',  ( 4.510192534135650355, 2.842520086378919952, -2.860436480783069779 ) ) ;
#2340 = CARTESIAN_POINT ( 'NONE',  ( 6.131922395599999298, 3.437359504137069699, -3.298793968457359949 ) ) ;
#2341 = CARTESIAN_POINT ( 'NONE',  ( 0.9440605638513009934, 3.056120008275069910, -3.382343983173690116 ) ) ;
#2342 = CARTESIAN_POINT ( 'NONE',  ( 6.499999999249999938, 8.500001019718999018, -1.599999998521000055 ) ) ;
#2343 = CARTESIAN_POINT ( 'NONE',  ( 6.499999999250099414, 4.600000005836830219, -1.804005355555869938 ) ) ;
#2344 = ORIENTED_EDGE ( 'NONE', *, *, #3421, .F. ) ;
#2345 = B_SPLINE_CURVE_WITH_KNOTS ( 'NONE', 3,
 ( #2847, #4433, #5277, #8528 ),
 .UNSPECIFIED., .F., .F.,
 ( 4, 4 ),
 ( 1.289778174354971708E-14, 0.0002067821117017139591 ),
 .UNSPECIFIED. ) ;
#2346 = DIRECTION ( 'NONE',  ( 0.000000000000000000, 1.000000000000000000, 0.000000000000000000 ) ) ;
#2347 = AXIS2_PLACEMENT_3D ( 'NONE', #3806, #1275, #6286 ) ;
#2348 = DIRECTION ( 'NONE',  ( 1.000000000000000000, 0.000000000000000000, 0.000000000000000000 ) ) ;
#2349 = CARTESIAN_POINT ( 'NONE',  ( 2.059436271157000231, 3.101476150016070132, -4.335159680548180461 ) ) ;
#2350 = FACE_OUTER_BOUND ( 'NONE', #5617, .T. ) ;
#2351 = PLANE ( 'NONE',  #1140 ) ;
#2352 = ORIENTED_EDGE ( 'NONE', *, *, #3679, .F. ) ;
#2353 = CARTESIAN_POINT ( 'NONE',  ( 2.853222577958900441, 4.583364638219899589, -1.549999999994079891 ) ) ;
#2354 = CARTESIAN_POINT ( 'NONE',  ( 1.232065708410900129, 3.323914194948069945, -4.086998555999180383 ) ) ;
#2355 = CIRCLE ( 'NONE', #505, 0.4267949192431849115 ) ;
#2356 = VERTEX_POINT ( 'NONE', #2276 ) ;
#2357 = VERTEX_POINT ( 'NONE', #4538 ) ;
#2358 = EDGE_CURVE ( 'NONE', #9710, #1531, #5978, .T. ) ;
#2359 = DIRECTION ( 'NONE',  ( 0.000000000000000000, -1.000000000000000000, -9.578761693691410276E-16 ) ) ;
#2360 = CARTESIAN_POINT ( 'NONE',  ( 6.653222577958999295, 4.400000001423070017, -5.249999999989079846 ) ) ;
#2361 = AXIS2_PLACEMENT_3D ( 'NONE', #576, #463, #2991 ) ;
#2362 = CARTESIAN_POINT ( 'NONE',  ( 4.746932290379000108, 2.706466418189069856, -4.346827993434859927 ) ) ;
#2363 = AXIS2_PLACEMENT_3D ( 'NONE', #9185, #9918, #2806 ) ;
#2364 = PERSON_AND_ORGANIZATION_ROLE ( 'creator' ) ;
#2365 = VERTEX_POINT ( 'NONE', #4485 ) ;
#2366 = CARTESIAN_POINT ( 'NONE',  ( 1.019595219992173618, 2.854450379406797467, -4.029040042814583167 ) ) ;
#2367 = LINE ( 'NONE', #9632, #8040 ) ;
#2368 = ORIENTED_EDGE ( 'NONE', *, *, #1261, .T. ) ;
#2369 = CARTESIAN_POINT ( 'NONE',  ( 0.7975180537308010909, 2.736375632746069986, -3.395795392789389577 ) ) ;
#2370 = AXIS2_PLACEMENT_3D ( 'NONE', #5410, #9986, #4455 ) ;
#2371 = CARTESIAN_POINT ( 'NONE',  ( 2.545505058993199565, 3.318414389089070493, -3.802138537852659983 ) ) ;
#2372 = VECTOR ( 'NONE', #2437, 1000.000000000000000 ) ;
#2373 = CARTESIAN_POINT ( 'NONE',  ( 4.722316713985299508, 3.033386646049069935, -2.864535295500579615 ) ) ;
#2374 = VERTEX_POINT ( 'NONE', #2613 ) ;
#2375 = EDGE_CURVE ( 'NONE', #3097, #9669, #4694, .T. ) ;
#2376 = CARTESIAN_POINT ( 'NONE',  ( 5.553222577960000628, 7.070001019719070356, -4.766244656803360513 ) ) ;
#2377 = CARTESIAN_POINT ( 'NONE',  ( 1.183386840218241476, 2.831774074730163182, -2.617344989934873301 ) ) ;
#2378 = LINE ( 'NONE', #3959, #6780 ) ;
#2379 = CIRCLE ( 'NONE', #7088, 1.500000000000000222 ) ;
#2380 = CARTESIAN_POINT ( 'NONE',  ( 4.281979839795500453, 3.239864325825069891, -3.852404917977380272 ) ) ;
#2381 = VECTOR ( 'NONE', #4754, 1000.000000000000114 ) ;
#2382 = EDGE_CURVE ( 'NONE', #5270, #6235, #7456, .T. ) ;
#2383 = ORIENTED_EDGE ( 'NONE', *, *, #1273, .F. ) ;
#2384 = PLANE ( 'NONE',  #10057 ) ;
#2385 = CARTESIAN_POINT ( 'NONE',  ( 2.187275893935758386, 8.263822636254797516, -2.221435160713808976 ) ) ;
#2386 = DIRECTION ( 'NONE',  ( 1.000000000000000000, 0.000000000000000000, 0.000000000000000000 ) ) ;
#2387 = EDGE_CURVE ( 'NONE', #8693, #9935, #1087, .T. ) ;
#2388 = VERTEX_POINT ( 'NONE', #9823 ) ;
#2389 = EDGE_CURVE ( 'NONE', #2107, #4110, #4296, .T. ) ;
#2390 = CARTESIAN_POINT ( 'NONE',  ( 0.6532225779589511117, 3.583840959371200174, -1.175680949433600020 ) ) ;
#2391 = VECTOR ( 'NONE', #9611, 1000.000000000000000 ) ;
#2392 = VECTOR ( 'NONE', #1517, 1000.000000000000000 ) ;
#2393 = CARTESIAN_POINT ( 'NONE',  ( 0.4628752140978997787, 8.189593014813993932, -3.623901257490000472 ) ) ;
#2394 = CARTESIAN_POINT ( 'NONE',  ( 2.489221712070199821, 2.616064134361069993, -4.181997015079760516 ) ) ;
#2395 = CARTESIAN_POINT ( 'NONE',  ( 5.329310230243280877, 2.627590517496070088, -4.383142536504459841 ) ) ;
#2396 = CARTESIAN_POINT ( 'NONE',  ( 5.959468929120939507, 2.885681333438339990, -3.825787294211199896 ) ) ;
#2397 = AXIS2_PLACEMENT_3D ( 'NONE', #6671, #5727, #3457 ) ;
#2398 = DIRECTION ( 'NONE',  ( 1.000000000000000000, 0.000000000000000000, 0.000000000000000000 ) ) ;
#2399 = CARTESIAN_POINT ( 'NONE',  ( 6.113833611843900506, 3.433369766799069911, -3.824807016297959716 ) ) ;
#2400 = CARTESIAN_POINT ( 'NONE',  ( 2.610552118703000080, 3.359394069010070094, -3.831049408824959812 ) ) ;
#2401 = EDGE_CURVE ( 'NONE', #10307, #3169, #2660, .T. ) ;
#2402 = CARTESIAN_POINT ( 'NONE',  ( 2.713921473201999834, 2.624893384952069919, -3.229067979264780064 ) ) ;
#2403 = DIRECTION ( 'NONE',  ( -1.000000000000000000, 0.000000000000000000, 0.000000000000000000 ) ) ;
#2404 = VERTEX_POINT ( 'NONE', #5031 ) ;
#2405 = CARTESIAN_POINT ( 'NONE',  ( 2.453150216072799594, 2.570001019719070356, -3.460064858645583108 ) ) ;
#2406 = AXIS2_PLACEMENT_3D ( 'NONE', #5609, #2334, #1393 ) ;
#2407 = CARTESIAN_POINT ( 'NONE',  ( 6.653222577959950534, 4.600000001878890465, -4.449994381919780473 ) ) ;
#2408 = DIRECTION ( 'NONE',  ( -1.000000000000000000, 0.000000000000000000, 3.466042557132010222E-10 ) ) ;
#2409 = LINE ( 'NONE', #879, #8506 ) ;
#2410 = ORIENTED_EDGE ( 'NONE', *, *, #5852, .F. ) ;
#2411 = DIRECTION ( 'NONE',  ( 0.000000000000000000, 0.1362030850301675089, 0.9906809373497933446 ) ) ;
#2412 = CARTESIAN_POINT ( 'NONE',  ( 5.253222577959999029, 2.785457036528154351, -4.249999998694360848 ) ) ;
#2413 = ADVANCED_FACE ( 'NONE', ( #1874 ), #6825, .T. ) ;
#2414 = VERTEX_POINT ( 'NONE', #6667 ) ;
#2415 = ORIENTED_EDGE ( 'NONE', *, *, #2500, .T. ) ;
#2416 = DIRECTION ( 'NONE',  ( 0.000000000000000000, -1.000000000000000000, 0.000000000000000000 ) ) ;
#2417 = LINE ( 'NONE', #8835, #9779 ) ;
#2418 = CARTESIAN_POINT ( 'NONE',  ( 4.512336119841499738, 2.689116369761070047, -4.056131896465760001 ) ) ;
#2419 = ORIENTED_EDGE ( 'NONE', *, *, #7085, .F. ) ;
#2420 = LINE ( 'NONE', #741, #9428 ) ;
#2421 = DIRECTION ( 'NONE',  ( -1.302133005451000018E-13, 0.000000000000000000, -1.000000000000000000 ) ) ;
#2422 = ORIENTED_EDGE ( 'NONE', *, *, #9087, .T. ) ;
#2423 = EDGE_CURVE ( 'NONE', #5694, #1951, #8554, .T. ) ;
#2424 = CARTESIAN_POINT ( 'NONE',  ( 1.014422603430000125, 2.678045904396069599, -3.113109648791459794 ) ) ;
#2425 = CARTESIAN_POINT ( 'NONE',  ( 2.545897527287600326, 3.262507108643070364, -3.057309300008559827 ) ) ;
#2426 = DIRECTION ( 'NONE',  ( -0.9578262854883413668, 0.000000000000000000, 0.2873478846757120952 ) ) ;
#2427 = VERTEX_POINT ( 'NONE', #3406 ) ;
#2428 = CARTESIAN_POINT ( 'NONE',  ( 3.950000032609999767, 8.261302185252999308, -3.450000111213999965 ) ) ;
#2429 = DIRECTION ( 'NONE',  ( 0.000000000000000000, 0.000000000000000000, 1.000000000000000000 ) ) ;
#2430 = CARTESIAN_POINT ( 'NONE',  ( 5.767313963280000344, 2.959676251502070254, -2.667253722542179961 ) ) ;
#2431 = CARTESIAN_POINT ( 'NONE',  ( 1.453222577960000095, 7.050001019498999710, -1.350000000000000089 ) ) ;
#2432 = ORIENTED_EDGE ( 'NONE', *, *, #183, .T. ) ;
#2433 = CARTESIAN_POINT ( 'NONE',  ( 1.962181555885926132, 3.168802582963313519, -4.229319879466659771 ) ) ;
#2434 = CARTESIAN_POINT ( 'NONE',  ( 2.503035679803630398, 8.264266500639905644, -2.385334807064519946 ) ) ;
#2435 = CARTESIAN_POINT ( 'NONE',  ( 6.552875651409999946, 8.278341595232996397, -3.428706984561998183 ) ) ;
#2436 = EDGE_LOOP ( 'NONE', ( #8574, #140, #3513, #6219, #8883 ) ) ;
#2437 = DIRECTION ( 'NONE',  ( -3.302913498259999742E-14, -1.000000000000000000, 0.000000000000000000 ) ) ;
#2438 = CARTESIAN_POINT ( 'NONE',  ( 2.500096007703000112, 8.192545384344997572, -4.510318362789998758 ) ) ;
#2439 = CARTESIAN_POINT ( 'NONE',  ( 5.250000000000000000, 8.263201068181439624, -2.150001168399835016 ) ) ;
#2440 = DIRECTION ( 'NONE',  ( 0.000000000000000000, 0.9906809373569971378, -0.1362030849777690344 ) ) ;
#2441 = CARTESIAN_POINT ( 'NONE',  ( 2.378275191255930121, 2.965959509935269800, -4.103906118866289532 ) ) ;
#2442 = EDGE_LOOP ( 'NONE', ( #7023, #1144, #2450, #4431, #8615, #9475, #9108 ) ) ;
#2443 = EDGE_CURVE ( 'NONE', #4986, #2788, #10063, .T. ) ;
#2444 = EDGE_CURVE ( 'NONE', #4041, #10404, #8894, .T. ) ;
#2445 = CARTESIAN_POINT ( 'NONE',  ( 2.107842744463999995, 3.131753540086070320, -4.377237774620580169 ) ) ;
#2446 = DIRECTION ( 'NONE',  ( -0.9386003301511353092, 0.3450064060857131465, -2.215098732981230179E-10 ) ) ;
#2447 = CARTESIAN_POINT ( 'NONE',  ( 2.535105887525700208, 2.860803373271070260, -3.036238404515459788 ) ) ;
#2448 = CARTESIAN_POINT ( 'NONE',  ( 5.253222577959999917, 0.8000000014230710388, -3.849999999994080380 ) ) ;
#2449 = FACE_BOUND ( 'NONE', #4418, .T. ) ;
#2450 = ORIENTED_EDGE ( 'NONE', *, *, #3815, .F. ) ;
#2451 = CARTESIAN_POINT ( 'NONE',  ( 2.491447767560500015, 3.483047964341070113, -3.899832343069760121 ) ) ;
#2452 = EDGE_CURVE ( 'NONE', #2823, #4970, #2338, .T. ) ;
#2453 = DIRECTION ( 'NONE',  ( 0.000000000000000000, -1.000000000000000000, -1.084202172485504040E-15 ) ) ;
#2454 = CARTESIAN_POINT ( 'NONE',  ( 2.534945947781999998, 2.983452093862069887, -2.894234709506180447 ) ) ;
#2455 = CARTESIAN_POINT ( 'NONE',  ( 2.218628333816117681, 3.039298450016005848, -4.339126799710006921 ) ) ;
#2456 = ADVANCED_FACE ( 'NONE', ( #9086 ), #4404, .F. ) ;
#2457 = ORIENTED_EDGE ( 'NONE', *, *, #9975, .T. ) ;
#2458 = CYLINDRICAL_SURFACE ( 'NONE', #4736, 0.7999999999999999334 ) ;
#2459 = CARTESIAN_POINT ( 'NONE',  ( 4.761372272850908693, 2.943713106313195382, -2.810512470315666533 ) ) ;
#2460 = ORIENTED_EDGE ( 'NONE', *, *, #3885, .F. ) ;
#2461 = ORIENTED_EDGE ( 'NONE', *, *, #8427, .F. ) ;
#2462 = CARTESIAN_POINT ( 'NONE',  ( 2.503281846791002074, 8.277582417042999907, -2.384963823907998215 ) ) ;
#2463 = DIRECTION ( 'NONE',  ( 1.000000000000000000, 0.000000000000000000, 0.000000000000000000 ) ) ;
#2464 = CARTESIAN_POINT ( 'NONE',  ( 5.247726956803030696, 2.551249626644069846, -4.245812382749360125 ) ) ;
#2465 = VERTEX_POINT ( 'NONE', #3565 ) ;
#2466 = ADVANCED_FACE ( 'NONE', ( #1974 ), #6718, .T. ) ;
#2467 = CARTESIAN_POINT ( 'NONE',  ( 1.054840515161913350, 2.894878144265746300, -3.965725885772092507 ) ) ;
#2468 = CARTESIAN_POINT ( 'NONE',  ( 4.422162572554699800, 2.741718257925069846, -3.464294879314389952 ) ) ;
#2469 = ORIENTED_EDGE ( 'NONE', *, *, #2956, .F. ) ;
#2470 = DIRECTION ( 'NONE',  ( -1.000000000000000000, 0.000000000000000000, 0.000000000000000000 ) ) ;
#2471 = CARTESIAN_POINT ( 'NONE',  ( 2.331786382688000092, 2.837173741779070113, -2.780818341389759585 ) ) ;
#2472 = CARTESIAN_POINT ( 'NONE',  ( 5.810395068103260563, 3.020133608612350251, -4.257225074508389717 ) ) ;
#2473 = CARTESIAN_POINT ( 'NONE',  ( 4.624124104568499760, 2.948984044198069476, -2.756251867200779859 ) ) ;
#2474 = ORIENTED_EDGE ( 'NONE', *, *, #6822, .F. ) ;
#2475 = B_SPLINE_CURVE_WITH_KNOTS ( 'NONE', 3,
 ( #5212, #4372, #8365, #9210, #1947, #9112, #7579, #2051, #8415, #4317, #6845, #5054, #5113, #5898 ),
 .UNSPECIFIED., .F., .F.,
 ( 4, 2, 2, 2, 2, 2, 4 ),
 ( -0.001255451925782277104, -0.0009415886233306810550, -0.0006277253208790851144, 1.284024106658343545E-09, 0.0003138645864757031410, 0.0006277278889272996237, 0.001255454493830492155 ),
 .UNSPECIFIED. ) ;
#2476 = DIRECTION ( 'NONE',  ( -1.000000000000000000, 0.000000000000000000, 0.000000000000000000 ) ) ;
#2477 = DIRECTION ( 'NONE',  ( -0.5299989403682231481, 3.648893187757570687E-10, -0.8479983037769360799 ) ) ;
#2478 = LINE ( 'NONE', #5842, #2903 ) ;
#2479 = CARTESIAN_POINT ( 'NONE',  ( 6.153222577959899908, 4.600000002146050093, -5.349994381111779163 ) ) ;
#2480 = ORIENTED_EDGE ( 'NONE', *, *, #9480, .F. ) ;
#2481 = DIRECTION ( 'NONE',  ( 0.9999790310276359673, 0.000000000000000000, 0.006475917311892212015 ) ) ;
#2482 = CARTESIAN_POINT ( 'NONE',  ( 2.553222577959600059, 2.121596968917629944, -5.275876460555529945 ) ) ;
#2483 = CARTESIAN_POINT ( 'NONE',  ( 5.253222577959999917, 7.050001019498999710, -3.449999999580000143 ) ) ;
#2484 = ORIENTED_EDGE ( 'NONE', *, *, #8323, .T. ) ;
#2485 = CARTESIAN_POINT ( 'NONE',  ( 7.000000000000000000, 4.750001019718999906, -2.149999998344000129 ) ) ;
#2486 = CARTESIAN_POINT ( 'NONE',  ( 0.4093837800876001243, 8.116199640172998997, -3.471917281996000249 ) ) ;
#2487 = ADVANCED_FACE ( 'NONE', ( #9981 ), #8217, .T. ) ;
#2488 = CARTESIAN_POINT ( 'NONE',  ( 5.515618675146098049, 8.263580079723720218, -2.173277685655041758 ) ) ;
#2489 = CARTESIAN_POINT ( 'NONE',  ( 4.382259717388500064, 2.760005264238070133, -3.052843808973359607 ) ) ;
#2490 = AXIS2_PLACEMENT_3D ( 'NONE', #420, #7476, #315 ) ;
#2491 = DIRECTION ( 'NONE',  ( 1.000000000000000000, 1.653402746184828318E-12, 6.495468734717360933E-30 ) ) ;
#2492 = ORIENTED_EDGE ( 'NONE', *, *, #9691, .F. ) ;
#2493 = FACE_OUTER_BOUND ( 'NONE', #48, .T. ) ;
#2494 = CARTESIAN_POINT ( 'NONE',  ( 5.930831328031699989, 3.524033137960070228, -3.862896140559960223 ) ) ;
#2495 = CIRCLE ( 'NONE', #2829, 1.399999999080000057 ) ;
#2496 = CARTESIAN_POINT ( 'NONE',  ( 1.335267947815599987, 2.985231113798069824, -4.146156898168059435 ) ) ;
#2497 = CARTESIAN_POINT ( 'NONE',  ( 4.553294939847201128, 2.570001019719070356, -3.439935138743136722 ) ) ;
#2498 = DIRECTION ( 'NONE',  ( -1.000000000000000000, 0.000000000000000000, 1.229785504201000173E-14 ) ) ;
#2499 = ORIENTED_EDGE ( 'NONE', *, *, #9911, .F. ) ;
#2500 = EDGE_CURVE ( 'NONE', #6625, #1101, #2766, .T. ) ;
#2501 = CARTESIAN_POINT ( 'NONE',  ( 1.426593745245299916, 3.245859523931069912, -2.464693017305460199 ) ) ;
#2502 = FACE_OUTER_BOUND ( 'NONE', #8610, .T. ) ;
#2503 = B_SPLINE_CURVE_WITH_KNOTS ( 'NONE', 3,
 ( #1555, #4926, #8866, #5613 ),
 .UNSPECIFIED., .F., .F.,
 ( 4, 4 ),
 ( 0.000000000000000000, 0.0002414035042832126873 ),
 .UNSPECIFIED. ) ;
#2504 = CARTESIAN_POINT ( 'NONE',  ( 0.000000000000000000, 8.500001019718999018, -1.400000001620999912 ) ) ;
#2505 = CIRCLE ( 'NONE', #1999, 0.3999999999999999667 ) ;
#2506 = CARTESIAN_POINT ( 'NONE',  ( 1.750000000000000000, 8.500001019718999018, -3.449999999580000143 ) ) ;
#2507 = ORIENTED_EDGE ( 'NONE', *, *, #4493, .F. ) ;
#2508 = LINE ( 'NONE', #7201, #9608 ) ;
#2509 = CARTESIAN_POINT ( 'NONE',  ( 3.199999999741000245, 0.7000000014231999579, 0.000000000000000000 ) ) ;
#2510 = ORIENTED_EDGE ( 'NONE', *, *, #3408, .F. ) ;
#2511 = CIRCLE ( 'NONE', #3696, 0.2000000000000003164 ) ;
#2512 = ORIENTED_EDGE ( 'NONE', *, *, #5795, .F. ) ;
#2513 = EDGE_CURVE ( 'NONE', #6308, #4115, #4730, .T. ) ;
#2514 = CARTESIAN_POINT ( 'NONE',  ( 1.300000000840999981, 1.019498648065999864E-06, -4.000000000000000000 ) ) ;
#2515 = DIRECTION ( 'NONE',  ( 0.000000000000000000, -6.420450109068106765E-10, -1.000000000000000000 ) ) ;
#2516 = DIRECTION ( 'NONE',  ( 0.000000000000000000, 0.000000000000000000, 1.000000000000000000 ) ) ;
#2517 = ORIENTED_EDGE ( 'NONE', *, *, #10177, .F. ) ;
#2518 = CARTESIAN_POINT ( 'NONE',  ( 2.581185985708637887, 2.670001019719069557, -3.386644832074960032 ) ) ;
#2519 = DIRECTION ( 'NONE',  ( 1.000000000000000000, 0.000000000000000000, -1.302133005451000018E-13 ) ) ;
#2520 = ORIENTED_EDGE ( 'NONE', *, *, #7742, .T. ) ;
#2521 = AXIS2_PLACEMENT_3D ( 'NONE', #8797, #1472, #4751 ) ;
#2522 = B_SPLINE_SURFACE_WITH_KNOTS ( 'NONE', 3, 3, ( 
 ( #9060, #1844, #1061, #8523 ),
 ( #1314, #1263, #4474, #8577 ),
 ( #2160, #5373, #5271, #4584 ),
 ( #8635, #2057, #7687, #4525 ),
 ( #3058, #1372, #9420, #3747 ),
 ( #690, #8475, #9315, #6277 ),
 ( #1424, #2215, #2109, #7007 ),
 ( #10158, #474, #6169, #7736 ),
 ( #3845, #7793, #10264, #9476 ),
 ( #533, #3001, #3901, #7061 ),
 ( #5482, #3690, #6959, #2947 ),
 ( #9268, #8684, #9366, #6903 ),
 ( #10105, #5320, #10049, #2265 ),
 ( #2898, #585, #4637, #1471 ),
 ( #3795, #10207, #6220, #5430 ),
 ( #7841, #636, #4687, #6119 ),
 ( #7894, #2840, #6061, #9529 ),
 ( #744, #2313, #4845, #53 ),
 ( #1677, #8842, #9091, #6480 ),
 ( #3155, #9684, #4898, #5532 ),
 ( #1085, #6528, #7949, #7217 ),
 ( #9578, #5683, #8735, #1526 ),
 ( #3209, #5091, #7321, #5589 ),
 ( #5637, #2471, #5876, #8895 ),
 ( #7269, #3267, #9634, #8295 ),
 ( #8107, #3106, #896, #10321 ),
 ( #3952, #10368, #7167, #4750 ),
 ( #6429, #6373, #7118, #4106 ),
 ( #2424, #790, #6323, #4051 ),
 ( #1876, #10418, #2369, #8796 ),
 ( #1580, #4800, #8002, #4000 ),
 ( #1626, #839, #8050, #101 ),
 ( #3317, #9734, #2662, #8550 ),
 ( #8398, #9147, #4406, #4299 ),
 ( #2872, #8346, #6093, #3507 ),
 ( #7714, #1135, #3567, #1242 ),
 ( #5984, #4350, #503, #9295 ) ),
 .UNSPECIFIED., .F., .F., .F.,
 ( 4, 1, 1, 1, 1, 1, 1, 1, 1, 1, 1, 1, 1, 1, 1, 1, 1, 1, 1, 1, 1, 1, 1, 1, 1, 1, 1, 1, 1, 1, 1, 1, 1, 1, 4 ),
 ( 4, 4 ),
 ( 0.000000000000000000, 0.01045846005544039982, 0.02269762908908700208, 0.05451778011859410161, 0.08633793114810110747, 0.1181580821775790047, 0.1499782332070860036, 0.1817983842365930025, 0.2136185352660999737, 0.2454386862957049775, 0.2772588373251139715, 0.3090789883546209982, 0.3408991393842260020, 0.3727192904136349960, 0.4045394414432399999, 0.4363595924727470265, 0.4681797435021559650, 0.4999998945317610244, 0.5318200455612690503, 0.5636401965906779887, 0.5954603476202829926, 0.6272804986498879964, 0.6591006496791990132, 0.6909208007088040171, 0.7227409517384090210, 0.7545611027678180704, 0.7863812537973249306, 0.8182014048267339801, 0.8500215558563389839, 0.8818417068858459551, 0.9136618579152550046, 0.9454820089448600084, 0.9773021599744649013, 0.9895415334842950772, 1.000000000000000000 ),
 ( 0.000000000000000000, 1.000000000000000000 ),
 .UNSPECIFIED. ) ;
#2523 = CARTESIAN_POINT ( 'NONE',  ( 1.456677804281099942, 3.127008902752069996, -2.694102057680560325 ) ) ;
#2524 = LINE ( 'NONE', #5742, #1497 ) ;
#2525 = ORIENTED_EDGE ( 'NONE', *, *, #23, .F. ) ;
#2526 = ADVANCED_FACE ( 'NONE', ( #2133 ), #7765, .T. ) ;
#2527 = AXIS2_PLACEMENT_3D ( 'NONE', #4083, #7299, #2555 ) ;
#2528 = CARTESIAN_POINT ( 'NONE',  ( 0.7020655961509010279, 2.863779312409069799, -3.468080718719529720 ) ) ;
#2529 = CARTESIAN_POINT ( 'NONE',  ( 1.551341311506887699, 3.179885597587267743, -2.602509863567858961 ) ) ;
#2530 = CARTESIAN_POINT ( 'NONE',  ( 4.824738561778730173, 3.098175328140097662, -4.353481558305788646 ) ) ;
#2531 = DIRECTION ( 'NONE',  ( 0.000000000000000000, 1.000000000000000000, 0.000000000000000000 ) ) ;
#2532 = DIRECTION ( 'NONE',  ( 1.000000000000000000, 0.000000000000000000, 0.000000000000000000 ) ) ;
#2533 = ORIENTED_EDGE ( 'NONE', *, *, #1932, .F. ) ;
#2534 = ORIENTED_EDGE ( 'NONE', *, *, #10369, .T. ) ;
#2535 = VECTOR ( 'NONE', #9828, 1000.000000000000000 ) ;
#2536 = VECTOR ( 'NONE', #6650, 1000.000000000000000 ) ;
#2537 = CARTESIAN_POINT ( 'NONE',  ( 2.392743794873266161, 3.043797022678243813, -2.958192455087586659 ) ) ;
#2538 = CARTESIAN_POINT ( 'NONE',  ( 1.750000000000000000, 8.263201068181759368, -2.150001168399715112 ) ) ;
#2539 = CARTESIAN_POINT ( 'NONE',  ( 1.356432655009464527, 3.341743398537950771, -2.712270382342966357 ) ) ;
#2540 = ORIENTED_EDGE ( 'NONE', *, *, #5820, .F. ) ;
#2541 = DIRECTION ( 'NONE',  ( 0.000000000000000000, 6.420278933276801004E-10, 1.000000000000000000 ) ) ;
#2542 = CARTESIAN_POINT ( 'NONE',  ( 2.637703056550999126, 8.192737657375001703, -4.398110105777001344 ) ) ;
#2543 = DIRECTION ( 'NONE',  ( 0.000000000000000000, 0.000000000000000000, -1.000000000000000000 ) ) ;
#2544 = AXIS2_PLACEMENT_3D ( 'NONE', #2943, #6216, #9262 ) ;
#2545 = AXIS2_PLACEMENT_3D ( 'NONE', #3813, #1281, #8492 ) ;
#2546 = CARTESIAN_POINT ( 'NONE',  ( 4.456123796121000069, 2.730096049682069648, -4.102120161039159996 ) ) ;
#2547 = CARTESIAN_POINT ( 'NONE',  ( 2.382041032677699732, 2.962395426598418258, -2.774835921214630297 ) ) ;
#2548 = ORIENTED_EDGE ( 'NONE', *, *, #10139, .F. ) ;
#2549 = DIRECTION ( 'NONE',  ( 2.625060662668999909E-13, 0.000000000000000000, -1.000000000000000000 ) ) ;
#2550 = EDGE_CURVE ( 'NONE', #8934, #6632, #3688, .T. ) ;
#2551 = AXIS2_PLACEMENT_3D ( 'NONE', #5551, #3814, #3864 ) ;
#2552 = CARTESIAN_POINT ( 'NONE',  ( 2.447702306948656759, 2.819081129369291450, -3.020409447207493603 ) ) ;
#2553 = AXIS2_PLACEMENT_3D ( 'NONE', #3992, #1668, #7051 ) ;
#2554 = CARTESIAN_POINT ( 'NONE',  ( 2.776222951525999960, 2.966392364606069698, -3.331264023413159858 ) ) ;
#2555 = DIRECTION ( 'NONE',  ( -0.9998966258754280467, 0.000000000000000000, 0.01437837135889004705 ) ) ;
#2556 = CARTESIAN_POINT ( 'NONE',  ( 1.306866035450999775, 3.515062111733070260, -4.189297021186079384 ) ) ;
#2557 = CARTESIAN_POINT ( 'NONE',  ( 1.867199543120599881, 3.273241932173069912, -2.418241617608360094 ) ) ;
#2558 = CARTESIAN_POINT ( 'NONE',  ( 6.653222577959999384, 1.843345133688019999, -4.570966459657880065 ) ) ;
#2559 = VECTOR ( 'NONE', #8084, 1000.000000000000000 ) ;
#2560 = PERSON_AND_ORGANIZATION_ROLE ( 'design_supplier' ) ;
#2561 = CARTESIAN_POINT ( 'NONE',  ( 1.019718677373752325, 2.684241278637831574, -3.084080389826845181 ) ) ;
#2562 = CARTESIAN_POINT ( 'NONE',  ( 4.790925476090600377, 3.516453399184070072, -4.179192775169180862 ) ) ;
#2563 = CARTESIAN_POINT ( 'NONE',  ( 0.4032508860726916611, 7.070001019719070356, -3.458742487065413762 ) ) ;
#2564 = DIRECTION ( 'NONE',  ( -1.000000000000000000, 0.000000000000000000, 0.000000000000000000 ) ) ;
#2565 = VECTOR ( 'NONE', #3584, 1000.000000000000227 ) ;
#2566 = EDGE_LOOP ( 'NONE', ( #6123, #4835, #4144, #1121, #1454, #6578, #8484, #5016, #7676 ) ) ;
#2567 = ORIENTED_EDGE ( 'NONE', *, *, #5343, .F. ) ;
#2568 = CARTESIAN_POINT ( 'NONE',  ( 5.929691751705324698, 2.917295108410369320, -2.713547012138454839 ) ) ;
#2569 = CARTESIAN_POINT ( 'NONE',  ( 6.134351964937100554, 3.286136740136069712, -3.371559732834539691 ) ) ;
#2570 = DIRECTION ( 'NONE',  ( 0.000000000000000000, 0.000000000000000000, 1.000000000000000000 ) ) ;
#2571 = ORIENTED_EDGE ( 'NONE', *, *, #6997, .F. ) ;
#2572 = CARTESIAN_POINT ( 'NONE',  ( 0.9870896109785108896, 2.904157424728360137, -2.797450490804775036 ) ) ;
#2573 = AXIS2_PLACEMENT_3D ( 'NONE', #5053, #2784, #7578 ) ;
#2574 = CARTESIAN_POINT ( 'NONE',  ( 4.511212357982519627, 2.766897754286170130, -3.107866764682809979 ) ) ;
#2575 = ORIENTED_EDGE ( 'NONE', *, *, #7086, .T. ) ;
#2576 = EDGE_CURVE ( 'NONE', #6879, #7770, #1330, .T. ) ;
#2577 = EDGE_CURVE ( 'NONE', #2404, #3833, #5195, .T. ) ;
#2578 = CARTESIAN_POINT ( 'NONE',  ( 6.065383692911000324, 2.662694555817070263, -2.983759569803579481 ) ) ;
#2579 = CARTESIAN_POINT ( 'NONE',  ( 1.603979130695899924, 3.002581162226070077, -4.321932656671859441 ) ) ;
#2580 = DIRECTION ( 'NONE',  ( 0.000000000000000000, 0.000000000000000000, -1.000000000000000000 ) ) ;
#2581 = VERTEX_POINT ( 'NONE', #5294 ) ;
#2582 = B_SPLINE_CURVE_WITH_KNOTS ( 'NONE', 3,
 ( #4842, #8045, #2366, #833, #2467, #5733, #5679 ),
 .UNSPECIFIED., .F., .F.,
 ( 4, 3, 4 ),
 ( 4.240923957254022097E-15, 0.0001239418070830976986, 0.0002490038372439044422 ),
 .UNSPECIFIED. ) ;
#2583 = CARTESIAN_POINT ( 'NONE',  ( 0.8738409585150019865, 2.851606481980069940, -3.044526233683680250 ) ) ;
#2584 = CARTESIAN_POINT ( 'NONE',  ( 5.947683143740199796, 3.283053125945070150, -3.835269438832260125 ) ) ;
#2585 = CARTESIAN_POINT ( 'NONE',  ( 1.453222577960000095, 7.070001019719070356, -2.133755340585450799 ) ) ;
#2586 = DIRECTION ( 'NONE',  ( 1.000000000000000000, 0.000000000000000000, 0.000000000000000000 ) ) ;
#2587 = B_SPLINE_CURVE_WITH_KNOTS ( 'NONE', 3,
 ( #8197, #6727, #252, #7464, #9154, #2572, #5150 ),
 .UNSPECIFIED., .F., .F.,
 ( 4, 1, 1, 1, 4 ),
 ( 0.009226865138228830185, 0.1327288504517949996, 0.4504764042119570044, 0.7682239579721190648, 0.9908064455145790816 ),
 .UNSPECIFIED. ) ;
#2588 = CARTESIAN_POINT ( 'NONE',  ( 6.499999999250099414, 4.700001019498989407, -1.549999999994079891 ) ) ;
#2589 = VERTEX_POINT ( 'NONE', #7712 ) ;
#2590 = EDGE_CURVE ( 'NONE', #4036, #3015, #9293, .T. ) ;
#2591 = ORIENTED_EDGE ( 'NONE', *, *, #8576, .F. ) ;
#2592 = DIRECTION ( 'NONE',  ( 0.000000000000000000, 0.9383431166937853396, -0.3457053591620951050 ) ) ;
#2593 = CARTESIAN_POINT ( 'NONE',  ( 6.053222577959600059, 2.318420117542019820, -1.398893285062399849 ) ) ;
#2594 = DIRECTION ( 'NONE',  ( 0.000000000000000000, 0.000000000000000000, -1.000000000000000000 ) ) ;
#2595 = EDGE_LOOP ( 'NONE', ( #3253, #3624, #1901, #8054, #1848 ) ) ;
#2596 = CARTESIAN_POINT ( 'NONE',  ( 6.353222577958899997, 3.583840959242920121, -1.375398428162259989 ) ) ;
#2597 = CARTESIAN_POINT ( 'NONE',  ( 1.416113958212581236, 3.138471425372669099, -4.308795395390295546 ) ) ;
#2598 = CARTESIAN_POINT ( 'NONE',  ( 0.3320375976234999915, 8.080115381356003823, -3.426864450836999865 ) ) ;
#2599 = CARTESIAN_POINT ( 'NONE',  ( 6.501369319020003701, 8.193242839790997323, -3.797835070797002555 ) ) ;
#2600 = LINE ( 'NONE', #8221, #6441 ) ;
#2601 = ORIENTED_EDGE ( 'NONE', *, *, #4417, .F. ) ;
#2602 = EDGE_CURVE ( 'NONE', #8794, #3780, #2923, .T. ) ;
#2603 = LINE ( 'NONE', #8226, #4876 ) ;
#2604 = CARTESIAN_POINT ( 'NONE',  ( 6.026451821269899867, 3.081388196988069872, -3.893947203208760310 ) ) ;
#2605 = CARTESIAN_POINT ( 'NONE',  ( 1.727177504424340038, 2.789914478794070174, -2.565770491838959888 ) ) ;
#2606 = DIRECTION ( 'NONE',  ( 0.000000000000000000, 1.000000000000000000, 0.000000000000000000 ) ) ;
#2607 = CARTESIAN_POINT ( 'NONE',  ( 0.9438644626207018939, 3.260351167648070092, -2.905966002143579807 ) ) ;
#2608 = CARTESIAN_POINT ( 'NONE',  ( 2.287042392466200003, 3.300624340415069913, -2.559745461018959833 ) ) ;
#2609 = LINE ( 'NONE', #7454, #6434 ) ;
#2610 = DATE_AND_TIME ( #1028, #6111 ) ;
#2611 = DIRECTION ( 'NONE',  ( 0.000000000000000000, -0.9383431166937853396, 0.3457053591620951050 ) ) ;
#2612 = CARTESIAN_POINT ( 'NONE',  ( 6.499999999250079874, 6.174386606174599557, -3.951783462968812000 ) ) ;
#2613 = CARTESIAN_POINT ( 'NONE',  ( 4.153222577959000184, 4.227894506828680399, -1.466112852112469778 ) ) ;
#2614 = CARTESIAN_POINT ( 'NONE',  ( 6.038986474534600468, 3.263939748560070075, -3.615082135481559877 ) ) ;
#2615 = ORIENTED_EDGE ( 'NONE', *, *, #2145, .T. ) ;
#2616 = CARTESIAN_POINT ( 'NONE',  ( 2.053222577959999740, 7.270001019719069646, -4.560180164253153201 ) ) ;
#2617 = CARTESIAN_POINT ( 'NONE',  ( 5.991519618836999683, 3.326621621958070207, -3.899760758630160140 ) ) ;
#2618 = LINE ( 'NONE', #4148, #9601 ) ;
#2619 = ORIENTED_EDGE ( 'NONE', *, *, #7017, .F. ) ;
#2620 = CARTESIAN_POINT ( 'NONE',  ( 5.953150216072799594, 2.570001019719070356, -3.460064858645583108 ) ) ;
#2621 = CARTESIAN_POINT ( 'NONE',  ( 4.614703732518599999, 2.701649761544069772, -3.932061566437780264 ) ) ;
#2622 = ORIENTED_EDGE ( 'NONE', *, *, #10356, .F. ) ;
#2623 = CARTESIAN_POINT ( 'NONE',  ( 5.972278812273001058, 2.808742588750070102, -3.795602861926580029 ) ) ;
#2624 = CARTESIAN_POINT ( 'NONE',  ( 1.054977560506300094, 3.226318311023070429, -2.692978273802960398 ) ) ;
#2625 = CARTESIAN_POINT ( 'NONE',  ( 0.8890840351973040567, 3.296951195253090106, -2.869143717458800147 ) ) ;
#2626 = CIRCLE ( 'NONE', #4147, 0.4999999999999999445 ) ;
#2627 = ORIENTED_EDGE ( 'NONE', *, *, #4717, .T. ) ;
#2628 = CARTESIAN_POINT ( 'NONE',  ( 1.163686485057349840, 2.687281821112619706, -3.962004675330269787 ) ) ;
#2629 = EDGE_CURVE ( 'NONE', #3115, #1233, #10181, .T. ) ;
#2630 = CARTESIAN_POINT ( 'NONE',  ( 6.109268572462699609, 3.304919428482070209, -3.629847790857759993 ) ) ;
#2631 = CARTESIAN_POINT ( 'NONE',  ( 5.778632726674000075, 2.960596884820070329, -2.674695464239779774 ) ) ;
#2632 = DIRECTION ( 'NONE',  ( 0.000000000000000000, -6.420460949484718661E-10, -1.000000000000000000 ) ) ;
#2633 = CARTESIAN_POINT ( 'NONE',  ( 6.020506867558000685, 2.650716464070069556, -3.958674359507179830 ) ) ;
#2634 = DIRECTION ( 'NONE',  ( 0.000000000000000000, 0.000000000000000000, -1.000000000000000000 ) ) ;
#2635 = VERTEX_POINT ( 'NONE', #4551 ) ;
#2636 = ORIENTED_EDGE ( 'NONE', *, *, #67, .T. ) ;
#2637 = DIRECTION ( 'NONE',  ( 0.000000000000000000, -1.239088197940548754E-15, 1.000000000000000000 ) ) ;
#2638 = EDGE_CURVE ( 'NONE', #1438, #2312, #6246, .T. ) ;
#2639 = CARTESIAN_POINT ( 'NONE',  ( 1.453222577960000317, 7.175924997443617670, -4.743178602639829045 ) ) ;
#2640 = CARTESIAN_POINT ( 'NONE',  ( 6.353222577958899997, 4.227894506828680399, -1.466112852112469778 ) ) ;
#2641 = ORIENTED_EDGE ( 'NONE', *, *, #1308, .T. ) ;
#2642 = DIRECTION ( 'NONE',  ( -1.000000000000000000, 0.000000000000000000, 0.000000000000000000 ) ) ;
#2643 = CARTESIAN_POINT ( 'NONE',  ( 4.884309621856520067, 3.126400047662630133, -4.321939832089279676 ) ) ;
#2644 = CARTESIAN_POINT ( 'NONE',  ( 0.6474861494631002357, 8.080547964966999785, -2.555514343814000444 ) ) ;
#2645 = ADVANCED_FACE ( 'NONE', ( #3080 ), #5506, .T. ) ;
#2646 = CARTESIAN_POINT ( 'NONE',  ( 6.167464405539998751, 8.119362387765008293, -4.429804319031997117 ) ) ;
#2647 = CARTESIAN_POINT ( 'NONE',  ( 1.753222577960000139, 7.270001019719069646, -3.449999998694359693 ) ) ;
#2648 = ORIENTED_EDGE ( 'NONE', *, *, #8860, .F. ) ;
#2649 = CARTESIAN_POINT ( 'NONE',  ( 1.753222577964000051, 2.250294765869069735, -5.349999999994079936 ) ) ;
#2650 = CARTESIAN_POINT ( 'NONE',  ( 6.232162869851600284, 2.944653033267070175, -3.104757870632259831 ) ) ;
#2651 = CARTESIAN_POINT ( 'NONE',  ( 0.7250071156400009764, 2.777355312667070031, -3.391682796559720270 ) ) ;
#2652 = CARTESIAN_POINT ( 'NONE',  ( 4.303222577960999828, 2.250294765869069735, -5.349999999994079936 ) ) ;
#2653 = CARTESIAN_POINT ( 'NONE',  ( 1.597137363221000195, 3.092048571911069743, -4.299514061227779571 ) ) ;
#2654 = CARTESIAN_POINT ( 'NONE',  ( 2.760495664974000007, 3.377155106445070221, -3.625795005733859711 ) ) ;
#2655 = EDGE_CURVE ( 'NONE', #5035, #5649, #7618, .T. ) ;
#2656 = CARTESIAN_POINT ( 'NONE',  ( -0.4999999982212000038, 8.500001019718999018, -1.599999998520000188 ) ) ;
#2657 = APPROVAL_DATE_TIME ( #6664, #8677 ) ;
#2658 = CARTESIAN_POINT ( 'NONE',  ( 4.770433127667899953, 3.675835256365069803, -4.165820415588379788 ) ) ;
#2659 = CARTESIAN_POINT ( 'NONE',  ( 6.499999999250079874, 6.133311141148885426, -3.892852891932459869 ) ) ;
#2660 = LINE ( 'NONE', #4244, #4352 ) ;
#2661 = CARTESIAN_POINT ( 'NONE',  ( 5.545704847653801117, 3.174268165737069936, -2.692520900487360258 ) ) ;
#2662 = CARTESIAN_POINT ( 'NONE',  ( 1.282636464303799961, 2.665486738268069811, -4.283582650811659676 ) ) ;
#2663 = ORIENTED_EDGE ( 'NONE', *, *, #5965, .F. ) ;
#2664 = CIRCLE ( 'NONE', #4178, 1.399999999080000057 ) ;
#2665 = DIRECTION ( 'NONE',  ( 0.9578262854888586197, 0.000000000000000000, 0.2873478846739878634 ) ) ;
#2666 = CARTESIAN_POINT ( 'NONE',  ( 6.004187755496673162, 2.832146381479877739, -3.174225993811938373 ) ) ;
#2667 = LINE ( 'NONE', #6673, #3717 ) ;
#2668 = ORIENTED_EDGE ( 'NONE', *, *, #8354, .T. ) ;
#2669 = CARTESIAN_POINT ( 'NONE',  ( 5.113432201889785311, 3.285841743174980678, -4.249999998694396375 ) ) ;
#2670 = CARTESIAN_POINT ( 'NONE',  ( 4.623943561596339791, 2.694980378802270149, -3.925085787240840229 ) ) ;
#2671 = ORIENTED_EDGE ( 'NONE', *, *, #7821, .T. ) ;
#2672 = CARTESIAN_POINT ( 'NONE',  ( 4.464536740347422317, 2.779893339835967758, -3.928832296921008549 ) ) ;
#2673 = CARTESIAN_POINT ( 'NONE',  ( 1.297100942596899786, 3.364873231485070004, -2.587995025265880322 ) ) ;
#2674 = AXIS2_PLACEMENT_3D ( 'NONE', #1328, #4700, #6287 ) ;
#2675 = EDGE_CURVE ( 'NONE', #2107, #4110, #9733, .T. ) ;
#2676 = CARTESIAN_POINT ( 'NONE',  ( 0.7656992633100010437, 3.155429416546070343, -3.742276749706060279 ) ) ;
#2677 = ORIENTED_EDGE ( 'NONE', *, *, #10302, .F. ) ;
#2678 = PLANE ( 'NONE',  #1708 ) ;
#2679 = CARTESIAN_POINT ( 'NONE',  ( 6.071914215450600061, 3.365012485787069796, -3.904189745908059894 ) ) ;
#2680 = AXIS2_PLACEMENT_3D ( 'NONE', #9280, #2169, #4648 ) ;
#2681 = PLANE ( 'NONE',  #1733 ) ;
#2682 = DIRECTION ( 'NONE',  ( 0.000000000000000000, -1.000000000000000000, 0.000000000000000000 ) ) ;
#2683 = CARTESIAN_POINT ( 'NONE',  ( 6.196030095031999529, 2.622664428474069886, -3.588299152705079820 ) ) ;
#2684 = CARTESIAN_POINT ( 'NONE',  ( 1.096720440129700158, 2.983564867358070138, -2.879898490275379697 ) ) ;
#2685 = ORIENTED_EDGE ( 'NONE', *, *, #8147, .F. ) ;
#2686 = VERTEX_POINT ( 'NONE', #2287 ) ;
#2687 = CARTESIAN_POINT ( 'NONE',  ( 2.216451603000290316, 3.079711691126449935, -4.251033301645099627 ) ) ;
#2688 = CARTESIAN_POINT ( 'NONE',  ( 7.500000000759999175, 4.700001019498999177, -5.700000000182000370 ) ) ;
#2689 = VECTOR ( 'NONE', #3305, 1000.000000000000000 ) ;
#2690 = DIRECTION ( 'NONE',  ( 0.000000000000000000, -1.239088197940548754E-15, 1.000000000000000000 ) ) ;
#2691 = ORIENTED_EDGE ( 'NONE', *, *, #9537, .F. ) ;
#2692 = DIRECTION ( 'NONE',  ( 0.000000000000000000, -0.1086719355948549404, 0.9940776682000594944 ) ) ;
#2693 = FACE_OUTER_BOUND ( 'NONE', #3522, .T. ) ;
#2694 = CARTESIAN_POINT ( 'NONE',  ( 2.023577847878999414, 8.118483696633997937, -2.135883902424000613 ) ) ;
#2695 = CARTESIAN_POINT ( 'NONE',  ( 4.102053957339999890, 8.116480247018007077, -4.145684881982003134 ) ) ;
#2696 = LINE ( 'NONE', #3488, #7946 ) ;
#2697 = VECTOR ( 'NONE', #2440, 1000.000000000000114 ) ;
#2698 = VECTOR ( 'NONE', #5134, 1000.000000000000000 ) ;
#2699 = VERTEX_POINT ( 'NONE', #10294 ) ;
#2700 = EDGE_LOOP ( 'NONE', ( #411, #4578, #7330, #5628 ) ) ;
#2701 = ADVANCED_FACE ( 'NONE', ( #5453 ), #6715, .T. ) ;
#2702 = DIRECTION ( 'NONE',  ( 0.000000000000000000, -1.000000000000000000, 0.000000000000000000 ) ) ;
#2703 = EDGE_CURVE ( 'NONE', #9153, #3651, #6191, .T. ) ;
#2704 = CARTESIAN_POINT ( 'NONE',  ( 6.214047816436199412, 3.013020615127070201, -3.537746115954070181 ) ) ;
#2705 = CARTESIAN_POINT ( 'NONE',  ( 3.199999999741000245, 0.7000000014231999579, 0.000000000000000000 ) ) ;
#2706 = CIRCLE ( 'NONE', #8587, 0.3999999999999999667 ) ;
#2707 = CIRCLE ( 'NONE', #1701, 1.399999999080000057 ) ;
#2708 = CARTESIAN_POINT ( 'NONE',  ( 2.362233086996000431, 3.479736513841069634, -4.211666862715280679 ) ) ;
#2709 = CARTESIAN_POINT ( 'NONE',  ( 1.505710532528399925, 3.081565074478069821, -4.458094244998360267 ) ) ;
#2710 = CARTESIAN_POINT ( 'NONE',  ( 3.153222577959999828, 2.121596968917629944, -5.275876460555529945 ) ) ;
#2711 = PERSON_AND_ORGANIZATION ( #3295, #5944 ) ;
#2712 = CARTESIAN_POINT ( 'NONE',  ( 2.553222577959600059, 2.516840480107620071, -1.424464079162300001 ) ) ;
#2713 = CARTESIAN_POINT ( 'NONE',  ( 6.499999999250078986, 6.144555712663612113, -2.984598920401947630 ) ) ;
#2714 = VECTOR ( 'NONE', #7477, 1000.000000000000000 ) ;
#2715 = AXIS2_PLACEMENT_3D ( 'NONE', #5173, #4328, #5854 ) ;
#2716 = CARTESIAN_POINT ( 'NONE',  ( 6.053222577959600059, 2.713752781398320213, -1.459820166552729948 ) ) ;
#2717 = EDGE_CURVE ( 'NONE', #7318, #5974, #8657, .T. ) ;
#2718 = CARTESIAN_POINT ( 'NONE',  ( 5.811420001925100109, 3.037281259083069784, -4.315473067032260523 ) ) ;
#2719 = CARTESIAN_POINT ( 'NONE',  ( 6.049999999159999753, 1.019498085952000108E-06, 0.000000000000000000 ) ) ;
#2720 = ORIENTED_EDGE ( 'NONE', *, *, #3934, .F. ) ;
#2721 = CIRCLE ( 'NONE', #5245, 0.6999999999999998446 ) ;
#2722 = CARTESIAN_POINT ( 'NONE',  ( 5.978775353019010197, 2.863668965996469584, -2.943603448202809947 ) ) ;
#2723 = CARTESIAN_POINT ( 'NONE',  ( 5.253222577959999917, 2.570001019719070356, -3.449999998694359693 ) ) ;
#2724 = ORIENTED_EDGE ( 'NONE', *, *, #8051, .F. ) ;
#2725 = DIRECTION ( 'NONE',  ( 0.000000000000000000, -1.084202172485504434E-15, 1.000000000000000000 ) ) ;
#2726 = CARTESIAN_POINT ( 'NONE',  ( 6.542095942023797406, 8.265013781314495489, -3.625731733221180697 ) ) ;
#2727 = ORIENTED_EDGE ( 'NONE', *, *, #2763, .T. ) ;
#2728 = CARTESIAN_POINT ( 'NONE',  ( 4.470179959065199604, 2.788202059919569820, -3.973320569778120426 ) ) ;
#2729 = EDGE_CURVE ( 'NONE', #10060, #981, #8022, .T. ) ;
#2730 = CARTESIAN_POINT ( 'NONE',  ( 1.916129024137000147, 3.626460586893069937, -4.334258674740479655 ) ) ;
#2731 = CARTESIAN_POINT ( 'NONE',  ( 1.944946648329799910, 3.019931210655070419, -4.387843915508660153 ) ) ;
#2732 = ORIENTED_EDGE ( 'NONE', *, *, #5329, .F. ) ;
#2733 = LINE ( 'NONE', #5951, #2044 ) ;
#2734 = VECTOR ( 'NONE', #483, 1000.000000000000000 ) ;
#2735 = CARTESIAN_POINT ( 'NONE',  ( 5.250458030433580170, 3.273577574008069924, -2.420135751630359877 ) ) ;
#2736 = CARTESIAN_POINT ( 'NONE',  ( 5.253222577959999917, 7.070001019719070356, -3.449999998694359693 ) ) ;
#2737 = CARTESIAN_POINT ( 'NONE',  ( 6.499999999249999938, 8.500001019718999018, -1.599999998521000055 ) ) ;
#2738 = B_SPLINE_CURVE_WITH_KNOTS ( 'NONE', 3,
 ( #5066, #5806, #1065, #1115 ),
 .UNSPECIFIED., .F., .F.,
 ( 4, 4 ),
 ( -0.0003888369857144646845, -1.004038599602876530E-09 ),
 .UNSPECIFIED. ) ;
#2739 = EDGE_CURVE ( 'NONE', #2589, #4206, #1600, .T. ) ;
#2740 = CARTESIAN_POINT ( 'NONE',  ( 6.287243292538000183, 2.674087358807069936, -3.601679092621480116 ) ) ;
#2741 = CARTESIAN_POINT ( 'NONE',  ( 0.8078578101115009291, 2.881094866495069962, -3.014099749924580074 ) ) ;
#2742 = VERTEX_POINT ( 'NONE', #8978 ) ;
#2743 = VERTEX_POINT ( 'NONE', #7296 ) ;
#2744 = DIRECTION ( 'NONE',  ( 0.000000000000000000, 0.000000000000000000, 1.000000000000000000 ) ) ;
#2745 = CARTESIAN_POINT ( 'NONE',  ( 4.978792127765346187, 2.670001019719070001, -4.419764246048183409 ) ) ;
#2746 = LINE ( 'NONE', #6012, #5360 ) ;
#2747 = ORIENTED_EDGE ( 'NONE', *, *, #5439, .F. ) ;
#2748 = CARTESIAN_POINT ( 'NONE',  ( 0.7372998819812039972, 8.261728649994715568, -4.271593851461368274 ) ) ;
#2749 = CARTESIAN_POINT ( 'NONE',  ( 2.504187755497259804, 2.832146381480514563, -3.174225993809444812 ) ) ;
#2750 = CARTESIAN_POINT ( 'NONE',  ( 4.596095375999999177, 8.081152877947003432, -4.710180815996997339 ) ) ;
#2751 = PLANE ( 'NONE',  #7611 ) ;
#2752 = ORIENTED_EDGE ( 'NONE', *, *, #2675, .F. ) ;
#2753 = ORIENTED_EDGE ( 'NONE', *, *, #5986, .T. ) ;
#2754 = CARTESIAN_POINT ( 'NONE',  ( 0.9338994042354890057, 2.731137294136911198, -4.023308556863794294 ) ) ;
#2755 = CARTESIAN_POINT ( 'NONE',  ( 5.946435168797400195, 2.958255798643070200, -2.778925618396860031 ) ) ;
#2756 = CARTESIAN_POINT ( 'NONE',  ( 6.656953821050000109, 8.083833626452001653, -3.259943381899999881 ) ) ;
#2757 = EDGE_LOOP ( 'NONE', ( #8721, #2256, #6781, #2193, #952 ) ) ;
#2758 = CARTESIAN_POINT ( 'NONE',  ( 5.553222577960000628, 7.050001019498999710, -1.350000000000000089 ) ) ;
#2759 = CARTESIAN_POINT ( 'NONE',  ( 2.724633915995000155, 3.417054986358070146, -3.364015054339020150 ) ) ;
#2760 = CARTESIAN_POINT ( 'NONE',  ( 0.9280754861767009922, 2.807740992056070084, -2.820199634433859792 ) ) ;
#2761 = ADVANCED_FACE ( 'NONE', ( #2493 ), #8131, .T. ) ;
#2762 = DIRECTION ( 'NONE',  ( 1.000000000000000000, 1.653402746184828318E-12, 6.495468734717360933E-30 ) ) ;
#2763 = EDGE_CURVE ( 'NONE', #5121, #7463, #660, .T. ) ;
#2764 = CARTESIAN_POINT ( 'NONE',  ( 4.796458823612100630, 3.583427542143070355, -4.354278021802780785 ) ) ;
#2765 = CARTESIAN_POINT ( 'NONE',  ( 6.499999999250080762, 6.098384071138013951, -3.778926308535616840 ) ) ;
#2766 = LINE ( 'NONE', #9241, #5872 ) ;
#2767 = CARTESIAN_POINT ( 'NONE',  ( 5.250652989507710089, 3.232597894087070323, -2.492762963919860297 ) ) ;
#2768 = CARTESIAN_POINT ( 'NONE',  ( 7.000000000000000000, 1.019498648176999932E-06, 1.010549667651999860E-13 ) ) ;
#2769 = EDGE_CURVE ( 'NONE', #8104, #6066, #2511, .T. ) ;
#2770 = ORIENTED_EDGE ( 'NONE', *, *, #10217, .T. ) ;
#2771 = DIRECTION ( 'NONE',  ( 0.000000000000000000, 1.000000000000000000, 0.000000000000000000 ) ) ;
#2772 = EDGE_CURVE ( 'NONE', #2873, #9717, #4363, .T. ) ;
#2773 = DIRECTION ( 'NONE',  ( 0.7239903157939978628, 4.032700026732254703E-08, -0.6898101352085989069 ) ) ;
#2774 = VERTEX_POINT ( 'NONE', #7140 ) ;
#2775 = CARTESIAN_POINT ( 'NONE',  ( 6.549998634176183998, 8.265022853860934049, -3.508184025253901606 ) ) ;
#2776 = VERTEX_POINT ( 'NONE', #4774 ) ;
#2777 = DIRECTION ( 'NONE',  ( 0.000000000000000000, -1.000000000000000000, -1.118440135825760132E-15 ) ) ;
#2778 = DIRECTION ( 'NONE',  ( 0.000000000000000000, 1.000000000000000000, 0.000000000000000000 ) ) ;
#2779 = CARTESIAN_POINT ( 'NONE',  ( 1.318340638228699957, 2.624507058347070210, -4.220337308188359948 ) ) ;
#2780 = ORIENTED_EDGE ( 'NONE', *, *, #2079, .F. ) ;
#2781 = CARTESIAN_POINT ( 'NONE',  ( 2.179504344887686962, 0.7000000014231969603, -3.470922673804177183 ) ) ;
#2782 = EDGE_CURVE ( 'NONE', #6008, #8643, #5611, .T. ) ;
#2783 = CARTESIAN_POINT ( 'NONE',  ( 4.458450567149399468, 3.120729319688070103, -3.061570317180360323 ) ) ;
#2784 = DIRECTION ( 'NONE',  ( 0.000000000000000000, -1.000000000000000000, 0.000000000000000000 ) ) ;
#2785 = LINE ( 'NONE', #3585, #8371 ) ;
#2786 = CYLINDRICAL_SURFACE ( 'NONE', #10274, 0.3499999999999999778 ) ;
#2787 = CARTESIAN_POINT ( 'NONE',  ( 1.013170140146199882, 3.007698769271069938, -3.108767648547380080 ) ) ;
#2788 = VERTEX_POINT ( 'NONE', #8865 ) ;
#2789 = ORIENTED_EDGE ( 'NONE', *, *, #6291, .T. ) ;
#2790 = DIRECTION ( 'NONE',  ( 1.000000000000000000, 0.000000000000000000, 0.000000000000000000 ) ) ;
#2791 = CARTESIAN_POINT ( 'NONE',  ( 1.753222577959000050, 8.090000782891999975, -3.449999999580000143 ) ) ;
#2792 = DIRECTION ( 'NONE',  ( 1.000000000000000000, 0.000000000000000000, 0.000000000000000000 ) ) ;
#2793 = ORIENTED_EDGE ( 'NONE', *, *, #3933, .F. ) ;
#2794 = DIRECTION ( 'NONE',  ( 0.000000000000000000, 0.000000000000000000, 1.000000000000000000 ) ) ;
#2795 = CARTESIAN_POINT ( 'NONE',  ( 0.4511230167852997019, 8.274623119192998644, -3.377444157976999151 ) ) ;
#2796 = CARTESIAN_POINT ( 'NONE',  ( 4.035837573009999346, 8.080396108762002427, -4.185835834957997825 ) ) ;
#2797 = DIRECTION ( 'NONE',  ( 0.000000000000000000, 0.000000000000000000, -1.000000000000000000 ) ) ;
#2798 = AXIS2_PLACEMENT_3D ( 'NONE', #4957, #6487, #9692 ) ;
#2799 = ORIENTED_EDGE ( 'NONE', *, *, #7024, .F. ) ;
#2800 = ORIENTED_EDGE ( 'NONE', *, *, #9325, .F. ) ;
#2801 = DIRECTION ( 'NONE',  ( -1.000000000000000000, 0.000000000000000000, -1.299374603640319867E-12 ) ) ;
#2802 = CARTESIAN_POINT ( 'NONE',  ( 4.392924909655600452, 3.177315064580069848, -3.886775045766860170 ) ) ;
#2803 = CARTESIAN_POINT ( 'NONE',  ( 3.836402913549999738, 8.080127259816004326, -3.529129823219998574 ) ) ;
#2804 = ORIENTED_EDGE ( 'NONE', *, *, #3957, .F. ) ;
#2805 = EDGE_CURVE ( 'NONE', #5218, #5786, #9357, .T. ) ;
#2806 = DIRECTION ( 'NONE',  ( 0.000000000000000000, 0.000000000000000000, -1.000000000000000000 ) ) ;
#2807 = CARTESIAN_POINT ( 'NONE',  ( 0.9342755789353019980, 3.144621032585070086, -3.368236554016220019 ) ) ;
#2808 = CARTESIAN_POINT ( 'NONE',  ( 1.198926172386600042, 3.190917829957069962, -4.148375311769059159 ) ) ;
#2809 = DIRECTION ( 'NONE',  ( 0.000000000000000000, -1.000000000000000000, 0.000000000000000000 ) ) ;
#2810 = CARTESIAN_POINT ( 'NONE',  ( 4.714908120582599338, 3.589438844053070010, -4.304665978179579966 ) ) ;
#2811 = CARTESIAN_POINT ( 'NONE',  ( 4.434275578932299844, 3.144621032585070086, -3.368236554016220019 ) ) ;
#2812 = DIRECTION ( 'NONE',  ( 0.000000000000000000, -1.000000000000000000, 0.000000000000000000 ) ) ;
#2813 = CARTESIAN_POINT ( 'NONE',  ( 4.903629327723099784, 3.208968262595069731, -2.558880540515859892 ) ) ;
#2814 = EDGE_CURVE ( 'NONE', #2357, #376, #7483, .T. ) ;
#2815 = CARTESIAN_POINT ( 'NONE',  ( 2.053222577960000184, 7.249312674301001458, -4.666467323468539874 ) ) ;
#2816 = EDGE_CURVE ( 'NONE', #3149, #2308, #8996, .T. ) ;
#2817 = ORIENTED_EDGE ( 'NONE', *, *, #2655, .T. ) ;
#2818 = CARTESIAN_POINT ( 'NONE',  ( 0.9338994042354890057, 2.731137294136911198, -4.023308556863794294 ) ) ;
#2819 = DIRECTION ( 'NONE',  ( 0.000000000000000000, 1.000000000000000000, 0.000000000000000000 ) ) ;
#2820 = AXIS2_PLACEMENT_3D ( 'NONE', #5303, #569, #2983 ) ;
#2821 = VERTEX_POINT ( 'NONE', #7343 ) ;
#2822 = DIRECTION ( 'NONE',  ( 0.000000000000000000, 0.000000000000000000, 1.000000000000000000 ) ) ;
#2823 = VERTEX_POINT ( 'NONE', #4080 ) ;
#2824 = CARTESIAN_POINT ( 'NONE',  ( 5.929691751705324698, 2.917295108410369320, -2.713547012138454839 ) ) ;
#2825 = CARTESIAN_POINT ( 'NONE',  ( 2.146293174325999864, 3.511958777399069920, -2.726904464810379736 ) ) ;
#2826 = EDGE_CURVE ( 'NONE', #3678, #3671, #2336, .T. ) ;
#2827 = EDGE_CURVE ( 'NONE', #9153, #789, #1339, .T. ) ;
#2828 = ORIENTED_EDGE ( 'NONE', *, *, #6228, .F. ) ;
#2829 = AXIS2_PLACEMENT_3D ( 'NONE', #222, #9850, #2637 ) ;
#2830 = ORIENTED_EDGE ( 'NONE', *, *, #7830, .F. ) ;
#2831 = CARTESIAN_POINT ( 'NONE',  ( 2.199999999159000019, 0.7000000014231999579, -4.000000000000000000 ) ) ;
#2832 = CARTESIAN_POINT ( 'NONE',  ( 4.760500633171999674, 3.067190473640069914, -4.270691424621860577 ) ) ;
#2833 = CARTESIAN_POINT ( 'NONE',  ( 5.220385077661914508, 8.263158692443044018, -4.749998833716472468 ) ) ;
#2834 = CARTESIAN_POINT ( 'NONE',  ( 6.353222577958899997, 3.583840959371140222, -1.175680949433580036 ) ) ;
#2835 = DIRECTION ( 'NONE',  ( -0.9553506161960760856, 0.000000000000000000, 0.2954745338159918133 ) ) ;
#2836 = CARTESIAN_POINT ( 'NONE',  ( 1.753222577964000051, 2.250294765869069735, -1.549999999994079891 ) ) ;
#2837 = VERTEX_POINT ( 'NONE', #124 ) ;
#2838 = TOROIDAL_SURFACE ( 'NONE', #489, 1.149999999999999911, 0.2000000000000000111 ) ;
#2839 = ORIENTED_EDGE ( 'NONE', *, *, #2254, .T. ) ;
#2840 = CARTESIAN_POINT ( 'NONE',  ( 1.603979130695899924, 3.002581162226070077, -4.321932656671859441 ) ) ;
#2841 = EDGE_CURVE ( 'NONE', #730, #5128, #3341, .T. ) ;
#2842 = FACE_OUTER_BOUND ( 'NONE', #769, .T. ) ;
#2843 = DIRECTION ( 'NONE',  ( 0.000000000000000000, 0.000000000000000000, -1.000000000000000000 ) ) ;
#2844 = ORIENTED_EDGE ( 'NONE', *, *, #7648, .F. ) ;
#2845 = DIRECTION ( 'NONE',  ( -1.000000000000000000, 0.000000000000000000, 0.000000000000000000 ) ) ;
#2846 = AXIS2_PLACEMENT_3D ( 'NONE', #8436, #7803, #5283 ) ;
#2847 = CARTESIAN_POINT ( 'NONE',  ( 2.160217142888040343, 3.108690256364880167, -2.761269794977180059 ) ) ;
#2848 = CARTESIAN_POINT ( 'NONE',  ( 6.062016069745659763, 2.748861334231500031, -3.830805112912970323 ) ) ;
#2849 = CARTESIAN_POINT ( 'NONE',  ( 0.4500000326078000268, 8.261302185252999308, -3.450000111213999965 ) ) ;
#2850 = ORIENTED_EDGE ( 'NONE', *, *, #7333, .F. ) ;
#2851 = ORIENTED_EDGE ( 'NONE', *, *, #9364, .F. ) ;
#2852 = AXIS2_PLACEMENT_3D ( 'NONE', #8908, #4914, #908 ) ;
#2853 = CARTESIAN_POINT ( 'NONE',  ( 4.450000000840000247, 1.019498995447000036E-06, -0.3499999999999999778 ) ) ;
#2854 = EDGE_CURVE ( 'NONE', #7876, #678, #5765, .T. ) ;
#2855 = B_SPLINE_CURVE_WITH_KNOTS ( 'NONE', 3,
 ( #271, #5959, #3640, #10003, #9120, #1216, #3432, #6692, #4273 ),
 .UNSPECIFIED., .F., .F.,
 ( 4, 1, 1, 1, 1, 1, 4 ),
 ( 0.009805647740697960232, 0.07862287350873259362, 0.1522278926324620030, 0.2258329117562900001, 0.2994379308800200201, 0.3730429500037499846, 0.4046341860357345888 ),
 .UNSPECIFIED. ) ;
#2856 = CARTESIAN_POINT ( 'NONE',  ( 6.127023219230599338, 2.583978793165070176, -3.115988021251959950 ) ) ;
#2857 = CARTESIAN_POINT ( 'NONE',  ( 5.904240643910000585, 8.082872682006001952, -2.189994702639001645 ) ) ;
#2858 = ORIENTED_EDGE ( 'NONE', *, *, #7482, .T. ) ;
#2859 = CARTESIAN_POINT ( 'NONE',  ( 1.327082679118537945, 2.988580755613585715, -4.160682043325014234 ) ) ;
#2860 = CARTESIAN_POINT ( 'NONE',  ( 2.404312300794999580, 8.082872772075997858, -4.709961903209999079 ) ) ;
#2861 = CARTESIAN_POINT ( 'NONE',  ( 0.7406189130350009364, 2.780358583814070084, -3.221636165444360156 ) ) ;
#2862 = VECTOR ( 'NONE', #9411, 1000.000000000000000 ) ;
#2863 = CIRCLE ( 'NONE', #8918, 0.4999999999999999445 ) ;
#2864 = FACE_OUTER_BOUND ( 'NONE', #2196, .T. ) ;
#2865 = CARTESIAN_POINT ( 'NONE',  ( 1.753222577963496231, -3.199999998576398941, -3.449999999993615507 ) ) ;
#2866 = CARTESIAN_POINT ( 'NONE',  ( 5.646293174323000486, 3.511958777399069920, -2.726904464810379736 ) ) ;
#2867 = EDGE_CURVE ( 'NONE', #10262, #3830, #10014, .T. ) ;
#2868 = DIRECTION ( 'NONE',  ( 0.000000000000000000, 0.1086719355948549404, -0.9940776682000594944 ) ) ;
#2869 = AXIS2_PLACEMENT_3D ( 'NONE', #616, #2929, #9346 ) ;
#2870 = CARTESIAN_POINT ( 'NONE',  ( 6.038823212130899343, 2.867082956335070154, -3.655309874572560069 ) ) ;
#2871 = VECTOR ( 'NONE', #8376, 1000.000000000000000 ) ;
#2872 = CARTESIAN_POINT ( 'NONE',  ( 1.747726956803030030, 2.551249626644069846, -4.245812382749360125 ) ) ;
#2873 = VERTEX_POINT ( 'NONE', #6022 ) ;
#2874 = DIRECTION ( 'NONE',  ( 0.000000000000000000, 0.000000000000000000, 1.000000000000000000 ) ) ;
#2875 = VECTOR ( 'NONE', #469, 1000.000000000000114 ) ;
#2876 = DIRECTION ( 'NONE',  ( 0.000000000000000000, 0.000000000000000000, 1.000000000000000000 ) ) ;
#2877 = AXIS2_PLACEMENT_3D ( 'NONE', #5289, #3709, #2077 ) ;
#2878 = ORIENTED_EDGE ( 'NONE', *, *, #7920, .T. ) ;
#2879 = FACE_OUTER_BOUND ( 'NONE', #9644, .T. ) ;
#2880 = VERTEX_POINT ( 'NONE', #7601 ) ;
#2881 = CARTESIAN_POINT ( 'NONE',  ( 4.576481722396922081, 2.823227067151699021, -2.701430983424963461 ) ) ;
#2882 = CARTESIAN_POINT ( 'NONE',  ( 1.552876073545000013, 3.609171328202070317, -4.384940723540280416 ) ) ;
#2883 = CIRCLE ( 'NONE', #3900, 0.6999999999999998446 ) ;
#2884 = VERTEX_POINT ( 'NONE', #284 ) ;
#2885 = AXIS2_PLACEMENT_3D ( 'NONE', #8411, #3581, #2151 ) ;
#2886 = VERTEX_POINT ( 'NONE', #5861 ) ;
#2887 = CARTESIAN_POINT ( 'NONE',  ( 1.151644044051998605, 8.190612184174998589, -2.297225805455999748 ) ) ;
#2888 = CARTESIAN_POINT ( 'NONE',  ( 5.699999999160000108, 1.019498648082000104E-06, -4.000000000000000000 ) ) ;
#2889 = CARTESIAN_POINT ( 'NONE',  ( 4.474623106286899521, 3.032490376782070118, -3.680441670849360136 ) ) ;
#2890 = DIRECTION ( 'NONE',  ( -1.000000000000000000, 0.000000000000000000, 0.000000000000000000 ) ) ;
#2891 = EDGE_LOOP ( 'NONE', ( #1621, #4437, #4571, #7324, #4488, #9245, #2817, #3774, #7780, #3727, #6416, #9183, #318, #1913, #2201, #8329, #3639, #9532, #1297, #8623, #4407, #2839, #4453, #9731, #1912, #7623, #2324 ) ) ;
#2892 = EDGE_CURVE ( 'NONE', #7675, #4046, #5074, .T. ) ;
#2893 = CARTESIAN_POINT ( 'NONE',  ( 2.553222577959600059, 1.843345133684619830, -4.570966459631880419 ) ) ;
#2894 = VECTOR ( 'NONE', #2809, 1000.000000000000000 ) ;
#2895 = LINE ( 'NONE', #6116, #3496 ) ;
#2896 = ORIENTED_EDGE ( 'NONE', *, *, #6964, .F. ) ;
#2897 = VERTEX_POINT ( 'NONE', #9861 ) ;
#2898 = CARTESIAN_POINT ( 'NONE',  ( 0.9746231062869010753, 3.032490376782070118, -3.680441670849360136 ) ) ;
#2899 = DIRECTION ( 'NONE',  ( -1.000000000000000000, 0.000000000000000000, 0.000000000000000000 ) ) ;
#2900 = CARTESIAN_POINT ( 'NONE',  ( 4.399676985387380057, 2.667796250886913079, -3.612829612636389243 ) ) ;
#2901 = ORIENTED_EDGE ( 'NONE', *, *, #9195, .F. ) ;
#2902 = LINE ( 'NONE', #8479, #6914 ) ;
#2903 = VECTOR ( 'NONE', #9053, 1000.000000000000000 ) ;
#2904 = CYLINDRICAL_SURFACE ( 'NONE', #6757, 0.7999999999999999334 ) ;
#2905 = CARTESIAN_POINT ( 'NONE',  ( 6.038595413049729466, 2.784803815009030181, -3.657184780058029716 ) ) ;
#2906 = CARTESIAN_POINT ( 'NONE',  ( 5.553222577960000628, 6.670001019719070001, -2.133755340585360205 ) ) ;
#2907 = ADVANCED_FACE ( 'NONE', ( #4285 ), #3549, .T. ) ;
#2908 = ORIENTED_EDGE ( 'NONE', *, *, #10177, .T. ) ;
#2909 = CIRCLE ( 'NONE', #3255, 0.4999999999999999445 ) ;
#2910 = ORIENTED_EDGE ( 'NONE', *, *, #9773, .T. ) ;
#2911 = CARTESIAN_POINT ( 'NONE',  ( 2.053222577959999740, 7.050001019498999710, -4.766244656803309887 ) ) ;
#2912 = CARTESIAN_POINT ( 'NONE',  ( 1.122982219486563293, 2.961137287491288017, -2.789969217364363097 ) ) ;
#2913 = CARTESIAN_POINT ( 'NONE',  ( 6.089997912438399830, 2.670652073356070133, -3.757869569631260287 ) ) ;
#2914 = CARTESIAN_POINT ( 'NONE',  ( 4.139163112799999489, 8.189855458292996104, -2.776976984332001575 ) ) ;
#2915 = VERTEX_POINT ( 'NONE', #5018 ) ;
#2916 = CARTESIAN_POINT ( 'NONE',  ( 6.156303524826549634, 2.630767572101244678, -3.016163214139770066 ) ) ;
#2917 = CARTESIAN_POINT ( 'NONE',  ( 1.150332127140848204, 2.710686245701502628, -4.263605151891825429 ) ) ;
#2918 = CARTESIAN_POINT ( 'NONE',  ( 2.732162869851599840, 2.944653033267070175, -3.104757870632259831 ) ) ;
#2919 = CARTESIAN_POINT ( 'NONE',  ( 4.523702019353000203, 3.079749639767070057, -3.093460721539159852 ) ) ;
#2920 = PLANE ( 'NONE',  #3577 ) ;
#2921 = ADVANCED_FACE ( 'NONE', ( #8282 ), #5813, .F. ) ;
#2922 = CARTESIAN_POINT ( 'NONE',  ( 6.219930954026000158, 3.479375040978070377, -3.863300064952279733 ) ) ;
#2923 = LINE ( 'NONE', #1340, #9905 ) ;
#2924 = EDGE_CURVE ( 'NONE', #3085, #2414, #7393, .T. ) ;
#2925 = CARTESIAN_POINT ( 'NONE',  ( 5.970912608561500079, 2.819823693350069771, -3.070208580262759668 ) ) ;
#2926 = CARTESIAN_POINT ( 'NONE',  ( 1.753222577963000184, 0.6000000014230709722, -3.449999999994080024 ) ) ;
#2927 = EDGE_LOOP ( 'NONE', ( #3306, #7721, #8074, #3955 ) ) ;
#2928 = CARTESIAN_POINT ( 'NONE',  ( 5.253222577959536288, 3.185429472045777199, -4.249999998694359071 ) ) ;
#2929 = DIRECTION ( 'NONE',  ( 0.000000000000000000, -1.000000000000000000, 0.000000000000000000 ) ) ;
#2930 = ORIENTED_EDGE ( 'NONE', *, *, #131, .F. ) ;
#2931 = LINE ( 'NONE', #4726, #7867 ) ;
#2932 = ORIENTED_EDGE ( 'NONE', *, *, #6904, .F. ) ;
#2933 = FACE_OUTER_BOUND ( 'NONE', #4528, .T. ) ;
#2934 = PLANE ( 'NONE',  #6730 ) ;
#2935 = ORIENTED_EDGE ( 'NONE', *, *, #3589, .T. ) ;
#2936 = EDGE_LOOP ( 'NONE', ( #1826, #9264, #1877, #3666 ) ) ;
#2937 = EDGE_CURVE ( 'NONE', #6625, #9883, #177, .T. ) ;
#2938 = CARTESIAN_POINT ( 'NONE',  ( 3.083546930383000095, 8.119933055211001616, -3.560141303370001342 ) ) ;
#2939 = DIRECTION ( 'NONE',  ( 0.000000000000000000, 0.000000000000000000, 1.000000000000000000 ) ) ;
#2940 = CARTESIAN_POINT ( 'NONE',  ( 5.079473104984399967, 3.084540522068070167, -4.465105469460359799 ) ) ;
#2941 = CARTESIAN_POINT ( 'NONE',  ( 0.4532225779637020224, 4.400000001423070017, -5.349999999994079936 ) ) ;
#2942 = ORIENTED_EDGE ( 'NONE', *, *, #3736, .F. ) ;
#2943 = CARTESIAN_POINT ( 'NONE',  ( 5.253222577959999917, 7.050001019498999710, -3.449999998694359693 ) ) ;
#2944 = CARTESIAN_POINT ( 'NONE',  ( 5.375081790984996388, 2.775713821639355317, -4.249999998694399039 ) ) ;
#2945 = ORIENTED_EDGE ( 'NONE', *, *, #1757, .T. ) ;
#2946 = ORIENTED_EDGE ( 'NONE', *, *, #9195, .T. ) ;
#2947 = CARTESIAN_POINT ( 'NONE',  ( 1.054977560506300094, 3.226318311023070429, -2.692978273802960398 ) ) ;
#2948 = DIRECTION ( 'NONE',  ( 0.000000000000000000, 1.000000000000000000, 0.000000000000000000 ) ) ;
#2949 = FACE_OUTER_BOUND ( 'NONE', #734, .T. ) ;
#2950 = VERTEX_POINT ( 'NONE', #4391 ) ;
#2951 = EDGE_CURVE ( 'NONE', #3854, #3651, #5204, .T. ) ;
#2952 = PLANE ( 'NONE',  #3883 ) ;
#2953 = DIRECTION ( 'NONE',  ( 1.000000000000000000, 0.000000000000000000, 0.000000000000000000 ) ) ;
#2954 = CARTESIAN_POINT ( 'NONE',  ( 5.851034792830001052, 8.277369219208997819, -4.607795035080004098 ) ) ;
#2955 = CARTESIAN_POINT ( 'NONE',  ( 5.408651434319006412, 3.324667614607260013, -2.507586442075202537 ) ) ;
#2956 = EDGE_CURVE ( 'NONE', #5128, #2962, #9133, .T. ) ;
#2957 = ORIENTED_EDGE ( 'NONE', *, *, #9872, .T. ) ;
#2958 = CARTESIAN_POINT ( 'NONE',  ( 4.501899349548011742, 2.951113851372108243, -3.740879552097483352 ) ) ;
#2959 = CARTESIAN_POINT ( 'NONE',  ( 2.254006398093365338, 3.057997896733424703, -2.708829061236186941 ) ) ;
#2960 = CARTESIAN_POINT ( 'NONE',  ( 6.059339100784999488, 2.689871414946070072, -3.457544358284289743 ) ) ;
#2961 = CARTESIAN_POINT ( 'NONE',  ( 4.814426746140004099, 8.190849499458005667, -2.226399403987999737 ) ) ;
#2962 = VERTEX_POINT ( 'NONE', #967 ) ;
#2963 = EDGE_CURVE ( 'NONE', #789, #1588, #2603, .T. ) ;
#2964 = LINE ( 'NONE', #8597, #4547 ) ;
#2965 = AXIS2_PLACEMENT_3D ( 'NONE', #2295, #7198, #7250 ) ;
#2966 = CARTESIAN_POINT ( 'NONE',  ( 3.953222577960799899, 4.400000001423070017, -5.349999999994079936 ) ) ;
#2967 = DIRECTION ( 'NONE',  ( -2.065204106153999929E-14, -2.138799127556000115E-10, -1.000000000000000000 ) ) ;
#2968 = CARTESIAN_POINT ( 'NONE',  ( 4.723116975850300214, 3.108170153561069959, -4.332958687848759816 ) ) ;
#2969 = DIRECTION ( 'NONE',  ( -4.567774732890999702E-14, 0.000000000000000000, 1.000000000000000000 ) ) ;
#2970 = CARTESIAN_POINT ( 'NONE',  ( 5.080405251048000892, 3.250371421991069987, -4.332370227856680245 ) ) ;
#2971 = CARTESIAN_POINT ( 'NONE',  ( 0.000000000000000000, 4.700001019498999177, 0.000000000000000000 ) ) ;
#2972 = CARTESIAN_POINT ( 'NONE',  ( 4.879909031321999713, 2.807264527223069628, -2.568554409024260021 ) ) ;
#2973 = CARTESIAN_POINT ( 'NONE',  ( 1.403629327723100007, 3.208968262595069731, -2.558880540515859892 ) ) ;
#2974 = EDGE_CURVE ( 'NONE', #9776, #3197, #3859, .T. ) ;
#2975 = CARTESIAN_POINT ( 'NONE',  ( 2.426787535062300272, 2.919133101621070203, -2.670937584812659527 ) ) ;
#2976 = B_SPLINE_CURVE_WITH_KNOTS ( 'NONE', 3,
 ( #5200, #8403, #4412, #10033 ),
 .UNSPECIFIED., .F., .F.,
 ( 4, 4 ),
 ( 0.000000000000000000, 1.000000000000000000 ),
 .UNSPECIFIED. ) ;
#2977 = ORIENTED_EDGE ( 'NONE', *, *, #5498, .F. ) ;
#2978 = DIRECTION ( 'NONE',  ( -1.928615998330000021E-13, 0.000000000000000000, -1.000000000000000000 ) ) ;
#2979 = CARTESIAN_POINT ( 'NONE',  ( 4.604122813913910761, 2.944416342745688642, -2.767638655650899171 ) ) ;
#2980 = EDGE_CURVE ( 'NONE', #2212, #3320, #333, .T. ) ;
#2981 = CARTESIAN_POINT ( 'NONE',  ( 3.153222577959999828, 2.240976201065830065, -4.527497685406180139 ) ) ;
#2982 = VERTEX_POINT ( 'NONE', #7447 ) ;
#2983 = DIRECTION ( 'NONE',  ( 0.000000000000000000, 0.000000000000000000, 1.000000000000000000 ) ) ;
#2984 = ORIENTED_EDGE ( 'NONE', *, *, #245, .F. ) ;
#2985 = CARTESIAN_POINT ( 'NONE',  ( 5.253222577959999917, 7.050001019498999710, -3.449999999580000143 ) ) ;
#2986 = CARTESIAN_POINT ( 'NONE',  ( 2.402194953413999912, 3.139105367103069977, -2.958765210761180153 ) ) ;
#2987 = ORIENTED_EDGE ( 'NONE', *, *, #2576, .F. ) ;
#2988 = ORIENTED_EDGE ( 'NONE', *, *, #3625, .T. ) ;
#2989 = AXIS2_PLACEMENT_3D ( 'NONE', #10191, #8666, #4669 ) ;
#2990 = CARTESIAN_POINT ( 'NONE',  ( 2.792453130539998885, 8.119531403339994569, -2.604398898845001309 ) ) ;
#2991 = DIRECTION ( 'NONE',  ( 1.000000000000000000, 1.824712256293103962E-12, 1.788933584601082569E-13 ) ) ;
#2992 = CARTESIAN_POINT ( 'NONE',  ( 5.549669253456300133, 2.813544110287069522, -2.616537620928859997 ) ) ;
#2993 = PLANE ( 'NONE',  #9468 ) ;
#2994 = ORIENTED_EDGE ( 'NONE', *, *, #1731, .T. ) ;
#2995 = FACE_OUTER_BOUND ( 'NONE', #388, .T. ) ;
#2996 = CARTESIAN_POINT ( 'NONE',  ( 1.232309910864160196, 3.044956782448520194, -4.169678275133660073 ) ) ;
#2997 = ORIENTED_EDGE ( 'NONE', *, *, #7617, .F. ) ;
#2998 = EDGE_CURVE ( 'NONE', #2404, #1951, #668, .T. ) ;
#2999 = ORIENTED_EDGE ( 'NONE', *, *, #9846, .F. ) ;
#3000 = AXIS2_PLACEMENT_3D ( 'NONE', #6961, #3060, #6908 ) ;
#3001 = CARTESIAN_POINT ( 'NONE',  ( 1.430153566002100307, 3.167988582673070042, -2.626491299098160148 ) ) ;
#3002 = DIRECTION ( 'NONE',  ( 0.000000000000000000, 1.000000000000000000, 0.000000000000000000 ) ) ;
#3003 = ORIENTED_EDGE ( 'NONE', *, *, #2951, .T. ) ;
#3004 = DIRECTION ( 'NONE',  ( 1.000000000000000000, 0.000000000000000000, 0.000000000000000000 ) ) ;
#3005 = CARTESIAN_POINT ( 'NONE',  ( 4.812541681839996421, 8.275886728792000824, -4.678972520051002171 ) ) ;
#3006 = AXIS2_PLACEMENT_3D ( 'NONE', #2716, #8342, #293 ) ;
#3007 = CARTESIAN_POINT ( 'NONE',  ( 4.801961101274467403, 3.282329484256226504, -2.635809948407043635 ) ) ;
#3008 = CARTESIAN_POINT ( 'NONE',  ( 5.068518022081000218, 3.493795161473069566, -4.311957661316879964 ) ) ;
#3009 = ORIENTED_EDGE ( 'NONE', *, *, #3500, .T. ) ;
#3010 = CARTESIAN_POINT ( 'NONE',  ( 4.447713352402321796, 2.973959872274053229, -3.459678149563823357 ) ) ;
#3011 = PLANE ( 'NONE',  #8722 ) ;
#3012 = CARTESIAN_POINT ( 'NONE',  ( 1.237947167600110365, 3.341743398537948551, -2.617611317740507371 ) ) ;
#3013 = VECTOR ( 'NONE', #1072, 1000.000000000000000 ) ;
#3014 = CARTESIAN_POINT ( 'NONE',  ( 3.913506180680000224, 8.116211281013995915, -3.524807596478999105 ) ) ;
#3015 = VERTEX_POINT ( 'NONE', #234 ) ;
#3016 = FACE_OUTER_BOUND ( 'NONE', #1358, .T. ) ;
#3017 = CARTESIAN_POINT ( 'NONE',  ( 2.898079842667000250, 8.119673328660995892, -4.145453318843000723 ) ) ;
#3018 = DIRECTION ( 'NONE',  ( 1.000000000000000000, 0.000000000000000000, 0.000000000000000000 ) ) ;
#3019 = CARTESIAN_POINT ( 'NONE',  ( 6.035105887525699764, 2.860803373271070260, -3.036238404515459788 ) ) ;
#3020 = CARTESIAN_POINT ( 'NONE',  ( 2.549999999158999664, 1.019498085952000108E-06, 0.000000000000000000 ) ) ;
#3021 = CARTESIAN_POINT ( 'NONE',  ( 5.962208187279000704, 3.096903357887069941, -2.913338641919480221 ) ) ;
#3022 = VECTOR ( 'NONE', #4053, 1000.000000000000114 ) ;
#3023 = EDGE_CURVE ( 'NONE', #2414, #2260, #6814, .T. ) ;
#3024 = ADVANCED_FACE ( 'NONE', ( #5920 ), #5129, .T. ) ;
#3025 = CARTESIAN_POINT ( 'NONE',  ( 1.753222577964000051, 2.250294765869069735, -1.549999999994079891 ) ) ;
#3026 = CARTESIAN_POINT ( 'NONE',  ( 5.032908355753599849, 2.687683679229070144, -4.444250121265659992 ) ) ;
#3027 = CARTESIAN_POINT ( 'NONE',  ( 2.480818245599899718, 3.221527428722069875, -3.089549537469860052 ) ) ;
#3028 = CARTESIAN_POINT ( 'NONE',  ( 1.563981980907900082, 2.605724319386069965, -4.304018794803759818 ) ) ;
#3029 = CIRCLE ( 'NONE', #2187, 0.3999999999999999667 ) ;
#3030 = EDGE_LOOP ( 'NONE', ( #4535, #8681, #2648, #10395 ) ) ;
#3031 = CARTESIAN_POINT ( 'NONE',  ( 6.699999999740000156, 4.700001019498999177, -5.400000000000000355 ) ) ;
#3032 = DIRECTION ( 'NONE',  ( 0.000000000000000000, -6.420471793111556476E-10, -1.000000000000000000 ) ) ;
#3033 = CARTESIAN_POINT ( 'NONE',  ( 5.253222577959999029, 2.785457036528154351, -4.249999998694360848 ) ) ;
#3034 = ORIENTED_EDGE ( 'NONE', *, *, #4993, .F. ) ;
#3035 = EDGE_CURVE ( 'NONE', #4986, #2884, #10241, .T. ) ;
#3036 = AXIS2_PLACEMENT_3D ( 'NONE', #8247, #5882, #6576 ) ;
#3037 = CARTESIAN_POINT ( 'NONE',  ( 7.000000000000000000, 1.019498654400000011E-06, -6.250000000000000000 ) ) ;
#3038 = ORIENTED_EDGE ( 'NONE', *, *, #2956, .T. ) ;
#3039 = VECTOR ( 'NONE', #6026, 1000.000000000000000 ) ;
#3040 = CARTESIAN_POINT ( 'NONE',  ( 7.000000000000000000, 4.700001019498999177, -6.250000000000000000 ) ) ;
#3041 = CARTESIAN_POINT ( 'NONE',  ( 2.145295342555000317, 3.068049434935069986, -2.680172201194279680 ) ) ;
#3042 = ORIENTED_EDGE ( 'NONE', *, *, #5918, .T. ) ;
#3043 = ORIENTED_EDGE ( 'NONE', *, *, #4691, .T. ) ;
#3044 = CIRCLE ( 'NONE', #8933, 0.2000000000000003164 ) ;
#3045 = AXIS2_PLACEMENT_3D ( 'NONE', #6910, #2845, #7691 ) ;
#3046 = CARTESIAN_POINT ( 'NONE',  ( 2.667408876090999748, 8.119362316587995565, -2.470150399046999734 ) ) ;
#3047 = CARTESIAN_POINT ( 'NONE',  ( 0.3532225779600010052, 4.600000001878890465, -4.449994381919780473 ) ) ;
#3048 = CARTESIAN_POINT ( 'NONE',  ( 4.611227174643700799, 3.008860745290069971, -3.947154304378060363 ) ) ;
#3049 = APPROVAL_STATUS ( 'not_yet_approved' ) ;
#3050 = EDGE_LOOP ( 'NONE', ( #9130, #8723, #8633, #1418 ) ) ;
#3051 = EDGE_CURVE ( 'NONE', #8945, #10224, #1302, .T. ) ;
#3052 = CARTESIAN_POINT ( 'NONE',  ( 4.461778090009230091, 2.775785117949409742, -3.936772674363259394 ) ) ;
#3053 = DIRECTION ( 'NONE',  ( 0.000000000000000000, 1.000000000000000000, 0.000000000000000000 ) ) ;
#3054 = ORIENTED_EDGE ( 'NONE', *, *, #688, .T. ) ;
#3055 = ORIENTED_EDGE ( 'NONE', *, *, #4249, .T. ) ;
#3056 = CIRCLE ( 'NONE', #4570, 0.7999999999999999334 ) ;
#3057 = VECTOR ( 'NONE', #311, 1000.000000000000000 ) ;
#3058 = CARTESIAN_POINT ( 'NONE',  ( 2.562010499337699976, 3.245157060215070111, -3.377999744798930060 ) ) ;
#3059 = CARTESIAN_POINT ( 'NONE',  ( 5.699999999160000108, 0.7000000014231999579, -4.000000000000000000 ) ) ;
#3060 = DIRECTION ( 'NONE',  ( 1.000000000000000000, 0.000000000000000000, 0.000000000000000000 ) ) ;
#3061 = EDGE_LOOP ( 'NONE', ( #8243, #6210, #1108, #3096, #3340, #5323, #485, #7654 ) ) ;
#3062 = CARTESIAN_POINT ( 'NONE',  ( 5.522849094609710185, 2.670001019719071778, -4.391267842312445602 ) ) ;
#3063 = CIRCLE ( 'NONE', #8437, 0.9500000000000002887 ) ;
#3064 = DIRECTION ( 'NONE',  ( -9.774637575214492319E-14, -0.9906809373569991362, 0.1362030849777550179 ) ) ;
#3065 = DIRECTION ( 'NONE',  ( -3.774757322977999612E-14, 1.000000000000000000, 1.289246159208000155E-14 ) ) ;
#3066 = CARTESIAN_POINT ( 'NONE',  ( 5.259122824919000294, 3.365227380793069933, -2.398711572540079828 ) ) ;
#3067 = EDGE_LOOP ( 'NONE', ( #6996, #2753, #9664, #1724, #8211, #7515 ) ) ;
#3068 = LINE ( 'NONE', #2119, #9741 ) ;
#3069 = CARTESIAN_POINT ( 'NONE',  ( 1.071064215252698126, 2.911475503778946816, -2.718951483682325865 ) ) ;
#3070 = VECTOR ( 'NONE', #419, 1000.000000000000000 ) ;
#3071 = LINE ( 'NONE', #6288, #1683 ) ;
#3072 = CARTESIAN_POINT ( 'NONE',  ( 4.500017035089999951, 8.190389583526004103, -2.389600516871997815 ) ) ;
#3073 = ORIENTED_EDGE ( 'NONE', *, *, #3433, .T. ) ;
#3074 = LINE ( 'NONE', #2329, #2197 ) ;
#3075 = CARTESIAN_POINT ( 'NONE',  ( 0.9303110849622998613, 8.080930233316999889, -4.609200418703001567 ) ) ;
#3076 = CARTESIAN_POINT ( 'NONE',  ( 2.116954118312199817, 2.643446542603069993, -4.422222248369959807 ) ) ;
#3077 = CARTESIAN_POINT ( 'NONE',  ( 4.458450567149399468, 3.120729319688070103, -3.061570317180360323 ) ) ;
#3078 = CARTESIAN_POINT ( 'NONE',  ( 2.459468929120030012, 2.885681333438499863, -3.825787294212910084 ) ) ;
#3079 = CARTESIAN_POINT ( 'NONE',  ( 5.651976783802999726, 3.023855091509069837, -2.602510269664080056 ) ) ;
#3080 = FACE_OUTER_BOUND ( 'NONE', #8408, .T. ) ;
#3081 = CARTESIAN_POINT ( 'NONE',  ( 5.247235404841920747, 2.592229306565069891, -4.316993260558160017 ) ) ;
#3082 = CARTESIAN_POINT ( 'NONE',  ( 2.634029751305899669, 3.405992165708069841, -3.938649899445959335 ) ) ;
#3083 = CARTESIAN_POINT ( 'NONE',  ( 0.9810682137286010907, 2.630786641411070104, -3.701193731438859658 ) ) ;
#3084 = B_SPLINE_CURVE_WITH_KNOTS ( 'NONE', 3,
 ( #2052, #3052, #2261, #6899, #5314, #10203, #6955 ),
 .UNSPECIFIED., .F., .F.,
 ( 4, 3, 4 ),
 ( 0.000000000000000000, 0.2536720696753809734, 1.000000000000000000 ),
 .UNSPECIFIED. ) ;
#3085 = VERTEX_POINT ( 'NONE', #7650 ) ;
#3086 = ADVANCED_FACE ( 'NONE', ( #2015 ), #1383, .F. ) ;
#3087 = DIRECTION ( 'NONE',  ( 0.000000000000000000, 0.000000000000000000, 1.000000000000000000 ) ) ;
#3088 = CARTESIAN_POINT ( 'NONE',  ( 4.489027650724816354, 2.814658224277288401, -4.094758082782444575 ) ) ;
#3089 = CARTESIAN_POINT ( 'NONE',  ( 2.542491849561000272, 2.956568067187069992, -3.683213593963480470 ) ) ;
#3090 = DIRECTION ( 'NONE',  ( 0.000000000000000000, 1.000000000000000000, 0.000000000000000000 ) ) ;
#3091 = CARTESIAN_POINT ( 'NONE',  ( 0.000000000000000000, 3.800001019718999729, -2.149043746758999784 ) ) ;
#3092 = VERTEX_POINT ( 'NONE', #6179 ) ;
#3093 = DIRECTION ( 'NONE',  ( 0.000000000000000000, 0.000000000000000000, 1.000000000000000000 ) ) ;
#3094 = ADVANCED_FACE ( 'NONE', ( #435 ), #3855, .T. ) ;
#3095 = CARTESIAN_POINT ( 'NONE',  ( 2.298209599897000022, 3.035050926572070207, -2.678545162699379922 ) ) ;
#3096 = ORIENTED_EDGE ( 'NONE', *, *, #3127, .T. ) ;
#3097 = VERTEX_POINT ( 'NONE', #10278 ) ;
#3098 = EDGE_CURVE ( 'NONE', #6493, #9431, #8485, .T. ) ;
#3099 = CARTESIAN_POINT ( 'NONE',  ( 1.660738986442998222, 8.276389398694004029, -2.148551726897002467 ) ) ;
#3100 = LINE ( 'NONE', #10255, #2392 ) ;
#3101 = CARTESIAN_POINT ( 'NONE',  ( 4.225007115639999533, 2.777355312667070031, -3.391682796559720270 ) ) ;
#3102 = ORIENTED_EDGE ( 'NONE', *, *, #2375, .T. ) ;
#3103 = LINE ( 'NONE', #8839, #3555 ) ;
#3104 = CARTESIAN_POINT ( 'NONE',  ( 5.808127833699060716, 2.737440365559125510, -4.038727842364468579 ) ) ;
#3105 = VERTEX_POINT ( 'NONE', #596 ) ;
#3106 = CARTESIAN_POINT ( 'NONE',  ( 1.727177504424340038, 2.789914478794070174, -2.565770491838959888 ) ) ;
#3107 = CARTESIAN_POINT ( 'NONE',  ( 2.509798679595399928, 3.324032805866070195, -3.869729592370160010 ) ) ;
#3108 = CARTESIAN_POINT ( 'NONE',  ( 0.9338994042354890057, 2.731137294136911198, -4.023308556863794294 ) ) ;
#3109 = EDGE_LOOP ( 'NONE', ( #5261, #5633, #520, #8809 ) ) ;
#3110 = EDGE_CURVE ( 'NONE', #1886, #206, #3068, .T. ) ;
#3111 = CARTESIAN_POINT ( 'NONE',  ( 2.865335747715752390, 8.264769797562761866, -4.125719741834251941 ) ) ;
#3112 = CARTESIAN_POINT ( 'NONE',  ( 1.780315789996289810, 3.201462709421508457, -2.570623296120475576 ) ) ;
#3113 = PLANE ( 'NONE',  #6943 ) ;
#3114 = CARTESIAN_POINT ( 'NONE',  ( 6.224633915992000333, 3.417054986358070146, -3.364015054339020150 ) ) ;
#3115 = VERTEX_POINT ( 'NONE', #4596 ) ;
#3116 = CARTESIAN_POINT ( 'NONE',  ( 2.337927048512609574, 2.999040839061089869, -2.638953792440410062 ) ) ;
#3117 = CARTESIAN_POINT ( 'NONE',  ( 3.006431109961641202, 8.264964068014251097, -3.100779022404739571 ) ) ;
#3118 = CARTESIAN_POINT ( 'NONE',  ( 6.543210932129995605, 8.193303574607998740, -3.522244051824002575 ) ) ;
#3119 = ORIENTED_EDGE ( 'NONE', *, *, #838, .F. ) ;
#3120 = DIRECTION ( 'NONE',  ( 0.000000000000000000, 1.000000000000000000, 0.000000000000000000 ) ) ;
#3121 = CARTESIAN_POINT ( 'NONE',  ( 3.043205718267998794, 8.193303576019999923, -3.377647207204000246 ) ) ;
#3122 = CARTESIAN_POINT ( 'NONE',  ( 1.688975575768799864, 2.752799298082070134, -4.339294561719860610 ) ) ;
#3123 = CARTESIAN_POINT ( 'NONE',  ( 5.116232143551600053, 2.961601482305070476, -4.250346250277660332 ) ) ;
#3124 = CARTESIAN_POINT ( 'NONE',  ( 2.526544875265980039, 2.802369717249460379, -3.660751105356879975 ) ) ;
#3125 = CARTESIAN_POINT ( 'NONE',  ( 5.713147225894999792, 3.119454945003069746, -2.798954965597179712 ) ) ;
#3126 = DIRECTION ( 'NONE',  ( 1.000000000000000000, 0.000000000000000000, 4.798245134551836145E-11 ) ) ;
#3127 = EDGE_CURVE ( 'NONE', #2465, #10282, #7555, .T. ) ;
#3128 = CARTESIAN_POINT ( 'NONE',  ( 5.349796377449239415, 2.543042339962069853, -4.237629013352059992 ) ) ;
#3129 = CARTESIAN_POINT ( 'NONE',  ( 2.679550670390900002, 3.345899108403069810, -3.644613446233960108 ) ) ;
#3130 = VECTOR ( 'NONE', #3325, 1000.000000000000000 ) ;
#3131 = CARTESIAN_POINT ( 'NONE',  ( 1.136274372248500031, 2.742655215809069791, -2.816032273752960169 ) ) ;
#3132 = ORIENTED_EDGE ( 'NONE', *, *, #3460, .F. ) ;
#3133 = DIRECTION ( 'NONE',  ( -0.9578262854883138333, 0.000000000000000000, 0.2873478846758040217 ) ) ;
#3134 = CARTESIAN_POINT ( 'NONE',  ( 1.478792127765346631, 2.670001019719069557, -4.419764246048208278 ) ) ;
#3135 = CARTESIAN_POINT ( 'NONE',  ( 1.753222577963000184, 0.6000000014230709722, -3.449999999994080024 ) ) ;
#3136 = CARTESIAN_POINT ( 'NONE',  ( 1.401484375056821774, 3.092780965473262089, -4.389865612784978666 ) ) ;
#3137 = FACE_OUTER_BOUND ( 'NONE', #7582, .T. ) ;
#3138 = ORIENTED_EDGE ( 'NONE', *, *, #9499, .T. ) ;
#3139 = EDGE_CURVE ( 'NONE', #986, #9556, #8065, .T. ) ;
#3140 = CARTESIAN_POINT ( 'NONE',  ( 3.053222577963000006, 0.7000000014231999579, -5.349999999994079936 ) ) ;
#3141 = EDGE_CURVE ( 'NONE', #3631, #4312, #3454, .T. ) ;
#3142 = CARTESIAN_POINT ( 'NONE',  ( 0.7819363902081010176, 3.228648931044070025, -3.852422919994980433 ) ) ;
#3143 = ORIENTED_EDGE ( 'NONE', *, *, #5918, .F. ) ;
#3144 = ORIENTED_EDGE ( 'NONE', *, *, #1797, .T. ) ;
#3145 = CARTESIAN_POINT ( 'NONE',  ( 0.8555490947485732134, 3.231658523587749077, -3.204329745493553983 ) ) ;
#3146 = LINE ( 'NONE', #1463, #6595 ) ;
#3147 = CARTESIAN_POINT ( 'NONE',  ( 5.032908355753599849, 2.687683679229070144, -4.444250121265659992 ) ) ;
#3148 = PERSON_AND_ORGANIZATION_ROLE ( 'design_owner' ) ;
#3149 = VERTEX_POINT ( 'NONE', #9376 ) ;
#3150 = DIRECTION ( 'NONE',  ( 1.000000000000000000, 0.000000000000000000, 0.000000000000000000 ) ) ;
#3151 = DIRECTION ( 'NONE',  ( 0.000000000000000000, 1.000000000000000000, 0.000000000000000000 ) ) ;
#3152 = ORIENTED_EDGE ( 'NONE', *, *, #69, .T. ) ;
#3153 = EDGE_CURVE ( 'NONE', #8253, #9874, #7230, .T. ) ;
#3154 = ADVANCED_FACE ( 'NONE', ( #5233 ), #6970, .T. ) ;
#3155 = CARTESIAN_POINT ( 'NONE',  ( 2.410857914071899977, 2.890712587828069946, -3.926273309137260359 ) ) ;
#3156 = CARTESIAN_POINT ( 'NONE',  ( 5.862708636828350528, 2.979338828322010357, -4.143304163459959888 ) ) ;
#3157 = CARTESIAN_POINT ( 'NONE',  ( 4.377863811061899924, 2.869524309722069955, -3.836579688958880130 ) ) ;
#3158 = ORIENTED_EDGE ( 'NONE', *, *, #838, .T. ) ;
#3159 = CARTESIAN_POINT ( 'NONE',  ( 6.550001038089818373, 8.190395090239636744, -3.450000002785750475 ) ) ;
#3160 = DIRECTION ( 'NONE',  ( 0.000000000000000000, -1.000000000000000000, 3.155868001912999477E-14 ) ) ;
#3161 = CARTESIAN_POINT ( 'NONE',  ( 4.450222737130799189, 3.180855485672344773, -3.920667960181476897 ) ) ;
#3162 = CARTESIAN_POINT ( 'NONE',  ( 6.005009563098999692, 3.343519536956069960, -2.956824256641179982 ) ) ;
#3163 = VECTOR ( 'NONE', #1105, 1000.000000000000000 ) ;
#3164 = EDGE_CURVE ( 'NONE', #8130, #8526, #5384, .T. ) ;
#3165 = ORIENTED_EDGE ( 'NONE', *, *, #7766, .T. ) ;
#3166 = CARTESIAN_POINT ( 'NONE',  ( 2.543152414131040207, 2.778147033564439816, -3.701724028461289784 ) ) ;
#3167 = CARTESIAN_POINT ( 'NONE',  ( 0.3532225779620510320, 0.8000000014230710388, -1.649999999987080024 ) ) ;
#3168 = CARTESIAN_POINT ( 'NONE',  ( 1.813627654544809120, 3.341743398537950327, -2.553962088707969258 ) ) ;
#3169 = VERTEX_POINT ( 'NONE', #2911 ) ;
#3170 = DIRECTION ( 'NONE',  ( 0.000000000000000000, 1.000000000000000000, 0.000000000000000000 ) ) ;
#3171 = VECTOR ( 'NONE', #2030, 1000.000000000000000 ) ;
#3172 = CARTESIAN_POINT ( 'NONE',  ( 0.4567899202151000093, 8.189586297796996206, -3.377740759030000373 ) ) ;
#3173 = CARTESIAN_POINT ( 'NONE',  ( 6.653222577959999384, 4.600000002413000111, -1.949994380535180039 ) ) ;
#3174 = CARTESIAN_POINT ( 'NONE',  ( 4.442539929912700636, 2.654416272903070251, -3.404020585248739739 ) ) ;
#3175 = CARTESIAN_POINT ( 'NONE',  ( 1.753222577960000139, 2.570001019719070356, -3.449999998694359693 ) ) ;
#3176 = B_SPLINE_CURVE_WITH_KNOTS ( 'NONE', 3,
 ( #9454, #5512, #2246, #1451 ),
 .UNSPECIFIED., .F., .F.,
 ( 4, 4 ),
 ( 1.263584392992913166E-13, 0.0002339456928079129239 ),
 .UNSPECIFIED. ) ;
#3177 = CARTESIAN_POINT ( 'NONE',  ( 5.946807260309999954, 3.145487885292070462, -4.135594493788980586 ) ) ;
#3178 = ADVANCED_FACE ( 'NONE', ( #6132 ), #5332, .T. ) ;
#3179 = VECTOR ( 'NONE', #8239, 1000.000000000000000 ) ;
#3180 = CARTESIAN_POINT ( 'NONE',  ( 2.202296023565705418, 3.087548272399784910, -4.265826866096970704 ) ) ;
#3181 = CARTESIAN_POINT ( 'NONE',  ( 6.009742502758800065, 3.480456957738069956, -3.869774509998360035 ) ) ;
#3182 = CARTESIAN_POINT ( 'NONE',  ( 0.7269357856700009446, 3.179059048038070046, -3.364189649299420104 ) ) ;
#3183 = CARTESIAN_POINT ( 'NONE',  ( 1.750000000000000000, 8.500001019718999018, -3.449999999580000143 ) ) ;
#3184 = DIRECTION ( 'NONE',  ( -0.9998966258754280467, 0.000000000000000000, 0.01437837135889035237 ) ) ;
#3185 = ORIENTED_EDGE ( 'NONE', *, *, #7766, .F. ) ;
#3186 = DIRECTION ( 'NONE',  ( 0.000000000000000000, 0.000000000000000000, 1.000000000000000000 ) ) ;
#3187 = AXIS2_PLACEMENT_3D ( 'NONE', #4261, #3466, #8106 ) ;
#3188 = LINE ( 'NONE', #7095, #9281 ) ;
#3189 = B_SPLINE_SURFACE_WITH_KNOTS ( 'NONE', 3, 3, ( 
 ( #10036, #7723, #3675, #1299 ),
 ( #4510, #6679, #459, #9940 ),
 ( #516, #7627, #7517, #10088 ),
 ( #9203, #2882, #1889, #9303 ),
 ( #9885, #1146, #2730, #9992 ),
 ( #3629, #1940, #4362, #5890 ),
 ( #5995, #1202, #5948, #5105 ),
 ( #9158, #6837, #8307, #2095 ),
 ( #5154, #1986, #7572, #5306 ),
 ( #363, #1251, #5203, #2825 ),
 ( #4416, #6047, #9253, #2041 ),
 ( #5259, #2673, #10355, #1356 ),
 ( #4567, #5358, #572, #3886 ),
 ( #9462, #5417, #3832, #5575 ),
 ( #3142, #7779, #8781, #6262 ),
 ( #6155, #9513, #1411, #2354 ),
 ( #5469, #1569, #622, #6358 ),
 ( #6994, #8720, #2146, #9566 ),
 ( #2252, #8669, #9352, #1459 ),
 ( #2300, #8562, #3782, #4787 ),
 ( #7989, #8620, #2199, #10194 ),
 ( #7880, #7155, #7046, #2986 ),
 ( #5519, #3095, #6207, #675 ),
 ( #10250, #9406, #3041, #7104 ),
 ( #10309, #6944, #4622, #7827 ) ),
 .UNSPECIFIED., .F., .F., .F.,
 ( 4, 1, 1, 1, 1, 1, 1, 1, 1, 1, 1, 1, 1, 1, 1, 1, 1, 1, 1, 1, 1, 1, 4 ),
 ( 4, 4 ),
 ( 0.000000000000000000, 0.009802223294113350527, 0.02957453553027589860, 0.08097152876787849785, 0.1323685220055299816, 0.1837655152431130201, 0.2351625084805979982, 0.2865595017182789861, 0.3379564949560580067, 0.3893534881936410175, 0.4407504814312240282, 0.4921474746688069835, 0.5435444679063899942, 0.5949414611440709821, 0.6463384543816540484, 0.6977354476192370036, 0.7491324408568199589, 0.8005294340944030251, 0.8519264273320840131, 0.9033234205696669683, 0.9547204138072500346, 0.9901980702711989935, 1.000000000000000000 ),
 ( 0.000000000000000000, 1.000000000000000000 ),
 .UNSPECIFIED. ) ;
#3190 = EDGE_CURVE ( 'NONE', #6264, #2776, #8727, .T. ) ;
#3191 = CARTESIAN_POINT ( 'NONE',  ( 2.053222577959999740, 7.050001019498999710, -1.350000000000000089 ) ) ;
#3192 = DIRECTION ( 'NONE',  ( 0.000000000000000000, 1.000000000000000000, 0.000000000000000000 ) ) ;
#3193 = EDGE_LOOP ( 'NONE', ( #7668, #3701, #10277, #7181 ) ) ;
#3194 = FACE_OUTER_BOUND ( 'NONE', #9024, .T. ) ;
#3195 = DIRECTION ( 'NONE',  ( -1.000000000000000000, 1.524706285831000092E-12, -2.257247884593000300E-13 ) ) ;
#3196 = AXIS2_PLACEMENT_3D ( 'NONE', #6960, #8476, #9368 ) ;
#3197 = VERTEX_POINT ( 'NONE', #1434 ) ;
#3198 = VERTEX_POINT ( 'NONE', #7853 ) ;
#3199 = CARTESIAN_POINT ( 'NONE',  ( 0.6342663298586996845, 8.274892555593005739, -2.774078280452001000 ) ) ;
#3201 = ADVANCED_FACE ( 'NONE', ( #5737 ), #9732, .T. ) ;
#3200 = CARTESIAN_POINT ( 'NONE',  ( 5.253222577959999917, 2.370001019719070179, -4.149999998694359427 ) ) ;
#3202 = VECTOR ( 'NONE', #2939, 1000.000000000000000 ) ;
#3203 = CARTESIAN_POINT ( 'NONE',  ( 5.600764514341936007, 3.246900977518132780, -4.191189147297087914 ) ) ;
#3204 = AXIS2_PLACEMENT_3D ( 'NONE', #9333, #2281, #8699 ) ;
#3205 = VERTEX_POINT ( 'NONE', #1736 ) ;
#3206 = DIRECTION ( 'NONE',  ( 1.000000000000000000, 0.000000000000000000, 0.000000000000000000 ) ) ;
#3207 = CARTESIAN_POINT ( 'NONE',  ( 4.485575521100900076, 2.910360766626069573, -2.783386728853979974 ) ) ;
#3208 = VERTEX_POINT ( 'NONE', #4105 ) ;
#3209 = CARTESIAN_POINT ( 'NONE',  ( 2.470912608561499635, 2.819823693350069771, -3.070208580262759668 ) ) ;
#3210 = CARTESIAN_POINT ( 'NONE',  ( 2.300532190517800224, 3.197897797230070172, -2.850189327254259997 ) ) ;
#3211 = CIRCLE ( 'NONE', #7253, 0.1999999999999996503 ) ;
#3212 = DIRECTION ( 'NONE',  ( -1.000000000000000000, 0.000000000000000000, 0.000000000000000000 ) ) ;
#3213 = EDGE_LOOP ( 'NONE', ( #634, #455, #3627, #4135, #10310, #9354 ) ) ;
#3214 = CC_DESIGN_PERSON_AND_ORGANIZATION_ASSIGNMENT ( #4344, #8235, ( #7274 ) ) ;
#3215 = CARTESIAN_POINT ( 'NONE',  ( 3.853222578879999638, 8.090000782891999975, -3.449999999580000143 ) ) ;
#3216 = EDGE_CURVE ( 'NONE', #8435, #2200, #5837, .T. ) ;
#3217 = CARTESIAN_POINT ( 'NONE',  ( 2.429691751707383940, 2.917295108410549620, -2.713547012140346215 ) ) ;
#3218 = CARTESIAN_POINT ( 'NONE',  ( 5.553020569877999968, 3.101936664624069806, -4.337330752687079460 ) ) ;
#3219 = VECTOR ( 'NONE', #9743, 1000.000000000000000 ) ;
#3220 = DIRECTION ( 'NONE',  ( 0.000000000000000000, 0.000000000000000000, 1.000000000000000000 ) ) ;
#3221 = VECTOR ( 'NONE', #7899, 1000.000000000000000 ) ;
#3222 = ORIENTED_EDGE ( 'NONE', *, *, #3226, .F. ) ;
#3223 = ORIENTED_EDGE ( 'NONE', *, *, #3153, .T. ) ;
#3224 = DIRECTION ( 'NONE',  ( 0.000000000000000000, 1.000000000000000000, 0.000000000000000000 ) ) ;
#3225 = B_SPLINE_CURVE_WITH_KNOTS ( 'NONE', 3,
 ( #1851, #6605, #9222, #2749 ),
 .UNSPECIFIED., .F., .F.,
 ( 4, 4 ),
 ( 1.060657409904042854E-12, 0.0002126988458236079194 ),
 .UNSPECIFIED. ) ;
#3226 = EDGE_CURVE ( 'NONE', #139, #3965, #4531, .T. ) ;
#3227 = DIRECTION ( 'NONE',  ( -1.000000000000000000, 0.000000000000000000, 0.000000000000000000 ) ) ;
#3228 = CARTESIAN_POINT ( 'NONE',  ( 7.000000000000000000, 8.500001019718999018, -2.149999998344000129 ) ) ;
#3229 = ORIENTED_EDGE ( 'NONE', *, *, #2033, .T. ) ;
#3230 = CARTESIAN_POINT ( 'NONE',  ( 0.6000000002595998749, 0.7000000014231999579, -6.299999999999999822 ) ) ;
#3231 = VECTOR ( 'NONE', #5026, 1000.000000000000000 ) ;
#3232 = CIRCLE ( 'NONE', #5893, 0.2000000000000000944 ) ;
#3233 = CARTESIAN_POINT ( 'NONE',  ( 2.942252744282002119, 8.193161329154998285, -3.965220872236001615 ) ) ;
#3234 = MANIFOLD_SOLID_BREP ( 'NONE', #8851 ) ;
#3235 = FACE_OUTER_BOUND ( 'NONE', #109, .T. ) ;
#3236 = ADVANCED_FACE ( 'NONE', ( #7129 ), #7058, .F. ) ;
#3237 = CARTESIAN_POINT ( 'NONE',  ( 6.070010656829998297, 8.083085994033998745, -4.608971011253995442 ) ) ;
#3238 = CARTESIAN_POINT ( 'NONE',  ( 2.899999999739999890, 4.700001019498999177, -6.299999999999999822 ) ) ;
#3239 = ORIENTED_EDGE ( 'NONE', *, *, #5354, .F. ) ;
#3240 = VECTOR ( 'NONE', #187, 1000.000000000000000 ) ;
#3241 = CARTESIAN_POINT ( 'NONE',  ( 2.093786658658999933, 3.137151270124070024, -4.390217711898079855 ) ) ;
#3242 = CARTESIAN_POINT ( 'NONE',  ( 4.995703842439999320, 3.368815044786070079, -2.673170207406959875 ) ) ;
#3243 = CARTESIAN_POINT ( 'NONE',  ( 2.679358202205899708, 2.949042316178069889, -3.692037468866459893 ) ) ;
#3244 = DIRECTION ( 'NONE',  ( -1.000000000000000000, 0.000000000000000000, 0.000000000000000000 ) ) ;
#3245 = PLANE ( 'NONE',  #6931 ) ;
#3246 = ORIENTED_EDGE ( 'NONE', *, *, #3988, .T. ) ;
#3247 = CARTESIAN_POINT ( 'NONE',  ( 0.7160044039220010426, 3.163712299204069822, -3.491166514221609951 ) ) ;
#3248 = ADVANCED_FACE ( 'NONE', ( #4948 ), #7319, .T. ) ;
#3249 = AXIS2_PLACEMENT_3D ( 'NONE', #2116, #3543, #8530 ) ;
#3250 = DIRECTION ( 'NONE',  ( 0.000000000000000000, -1.000000000000000000, 0.000000000000000000 ) ) ;
#3251 = CARTESIAN_POINT ( 'NONE',  ( 2.196503601483000168, 3.091600919948070292, -4.287088433108979579 ) ) ;
#3252 = LINE ( 'NONE', #5569, #8683 ) ;
#3253 = ORIENTED_EDGE ( 'NONE', *, *, #9785, .F. ) ;
#3254 = DIRECTION ( 'NONE',  ( 1.000000000000000000, 0.000000000000000000, 0.000000000000000000 ) ) ;
#3255 = AXIS2_PLACEMENT_3D ( 'NONE', #9209, #8468, #5161 ) ;
#3256 = CARTESIAN_POINT ( 'NONE',  ( 5.043497511290395252, 2.968717308263344012, -2.670926014138307103 ) ) ;
#3257 = ORIENTED_EDGE ( 'NONE', *, *, #464, .T. ) ;
#3258 = EDGE_LOOP ( 'NONE', ( #1262, #99, #7391, #1674, #3904, #4841 ) ) ;
#3259 = CARTESIAN_POINT ( 'NONE',  ( 0.9966583687865000485, 8.275426652571995945, -2.385006176411998524 ) ) ;
#3260 = CARTESIAN_POINT ( 'NONE',  ( 5.253222577961000006, -3.399999998570370163, -3.449999999993940136 ) ) ;
#3261 = CARTESIAN_POINT ( 'NONE',  ( 5.246743852880819681, 2.633208986486069936, -4.388174138367060273 ) ) ;
#3262 = ORIENTED_EDGE ( 'NONE', *, *, #3190, .T. ) ;
#3263 = CYLINDRICAL_SURFACE ( 'NONE', #1873, 1.300000000000000044 ) ;
#3264 = CARTESIAN_POINT ( 'NONE',  ( 4.659483347666490083, 2.778295638029370185, -2.934405695328149655 ) ) ;
#3265 = ORIENTED_EDGE ( 'NONE', *, *, #2998, .F. ) ;
#3266 = CARTESIAN_POINT ( 'NONE',  ( 17.50000000000000000, 8.500001019718999018, -1.400000001620999912 ) ) ;
#3267 = CARTESIAN_POINT ( 'NONE',  ( 2.049669253456299689, 2.813544110287069522, -2.616537620928859997 ) ) ;
#3268 = EDGE_CURVE ( 'NONE', #7876, #1382, #2275, .T. ) ;
#3269 = CARTESIAN_POINT ( 'NONE',  ( 2.199999999159000019, 0.7000000014231999579, -4.000000000000000000 ) ) ;
#3270 = CARTESIAN_POINT ( 'NONE',  ( 4.278159697600699474, 2.894781847160069699, -3.466771840912660441 ) ) ;
#3271 = ORIENTED_EDGE ( 'NONE', *, *, #3776, .T. ) ;
#3272 = CARTESIAN_POINT ( 'NONE',  ( 2.187413979658172636, 8.263822828734745940, -4.678513425425498973 ) ) ;
#3273 = CARTESIAN_POINT ( 'NONE',  ( 6.499999999250099414, 4.600000002012569311, -4.695150507592550149 ) ) ;
#3274 = CARTESIAN_POINT ( 'NONE',  ( 3.199999999741000245, 4.700001019498999177, 5.156985949383999805E-14 ) ) ;
#3275 = CARTESIAN_POINT ( 'NONE',  ( -10.50000000000000000, 4.750001019718999906, 0.000000000000000000 ) ) ;
#3276 = EDGE_LOOP ( 'NONE', ( #1457, #2858, #415, #10059, #6050 ) ) ;
#3277 = EDGE_CURVE ( 'NONE', #5470, #3169, #1675, .T. ) ;
#3278 = DIRECTION ( 'NONE',  ( 1.000000000000000000, 0.000000000000000000, 0.000000000000000000 ) ) ;
#3279 = EDGE_CURVE ( 'NONE', #1433, #9624, #9000, .T. ) ;
#3280 = CARTESIAN_POINT ( 'NONE',  ( 5.881357047058410004, 2.962998834000940107, -2.772427836336699869 ) ) ;
#3281 = FACE_OUTER_BOUND ( 'NONE', #4501, .T. ) ;
#3282 = PRODUCT ( 'Same_Sky_TB0011-350-02GR', 'Same_Sky_TB0011-350-02GR', '', ( #683 ) ) ;
#3283 = ORIENTED_EDGE ( 'NONE', *, *, #9151, .F. ) ;
#3284 = DIRECTION ( 'NONE',  ( 1.653402746184873757E-12, -1.000000000000000000, 1.166811569252323451E-12 ) ) ;
#3285 = CARTESIAN_POINT ( 'NONE',  ( 0.9966836642454988127, 8.275426690061998158, -4.515011160149002833 ) ) ;
#3286 = CARTESIAN_POINT ( 'NONE',  ( 5.553222577959999740, 7.175962597286799749, -4.743197663186291102 ) ) ;
#3287 = CARTESIAN_POINT ( 'NONE',  ( 4.746932290379000108, 2.706466418189069856, -4.346827993434859927 ) ) ;
#3288 = CARTESIAN_POINT ( 'NONE',  ( 2.362708636832020037, 2.979338828321459687, -4.143304163456320133 ) ) ;
#3289 = EDGE_LOOP ( 'NONE', ( #1821, #2112, #818, #10038 ) ) ;
#3290 = CARTESIAN_POINT ( 'NONE',  ( 5.676538803676430156, 3.101133603295739949, -4.301109494576309977 ) ) ;
#3291 = EDGE_CURVE ( 'NONE', #9883, #4191, #6634, .T. ) ;
#3292 = CARTESIAN_POINT ( 'NONE',  ( 4.361014899252099397, 3.232079881065069937, -3.082780748982159924 ) ) ;
#3293 = CARTESIAN_POINT ( 'NONE',  ( 1.591726117840100097, 3.043560842147069678, -4.393519063066159802 ) ) ;
#3294 = DIRECTION ( 'NONE',  ( -1.000000000000000000, 0.000000000000000000, 0.000000000000000000 ) ) ;
#3295 = PERSON ( 'UNSPECIFIED', 'UNSPECIFIED', 'UNSPECIFIED', ('UNSPECIFIED'), ('UNSPECIFIED'), ('UNSPECIFIED') ) ;
#3296 = DIRECTION ( 'NONE',  ( 0.9578262854883413668, 0.000000000000000000, -0.2873478846757120952 ) ) ;
#3297 = ORIENTED_EDGE ( 'NONE', *, *, #391, .T. ) ;
#3298 = CARTESIAN_POINT ( 'NONE',  ( 2.548530083846599847, 3.474354940417069937, -3.796366501821660133 ) ) ;
#3299 = CARTESIAN_POINT ( 'NONE',  ( 0.9384876409413090981, 3.289562754624147267, -3.394154085234375007 ) ) ;
#3300 = DIRECTION ( 'NONE',  ( 0.9998966258754280467, 0.000000000000000000, -0.01437837135889001756 ) ) ;
#3301 = CARTESIAN_POINT ( 'NONE',  ( 1.731670929974100881, 3.071367091394985760, -4.453179094497161650 ) ) ;
#3302 = ORIENTED_EDGE ( 'NONE', *, *, #6602, .T. ) ;
#3303 = LINE ( 'NONE', #9719, #4054 ) ;
#3304 = ADVANCED_FACE ( 'NONE', ( #10331 ), #208, .F. ) ;
#3305 = DIRECTION ( 'NONE',  ( 2.625060662668999909E-13, 0.000000000000000000, -1.000000000000000000 ) ) ;
#3306 = ORIENTED_EDGE ( 'NONE', *, *, #8250, .F. ) ;
#3307 = ORIENTED_EDGE ( 'NONE', *, *, #1991, .T. ) ;
#3308 = CARTESIAN_POINT ( 'NONE',  ( 4.438487640941370493, 3.289562754624267615, -3.394154085232818918 ) ) ;
#3309 = LINE ( 'NONE', #6520, #6401 ) ;
#3310 = CIRCLE ( 'NONE', #2296, 0.4267949192431849115 ) ;
#3311 = DIRECTION ( 'NONE',  ( 0.000000000000000000, -1.000000000000000000, 0.000000000000000000 ) ) ;
#3312 = ORIENTED_EDGE ( 'NONE', *, *, #955, .F. ) ;
#3313 = CARTESIAN_POINT ( 'NONE',  ( 1.753222700031320080, 2.670002976677069650, -4.449993869428159776 ) ) ;
#3314 = CARTESIAN_POINT ( 'NONE',  ( 0.9532225779590010051, 2.318420117542259629, -1.398893285059599867 ) ) ;
#3315 = ORIENTED_EDGE ( 'NONE', *, *, #4641, .T. ) ;
#3316 = CARTESIAN_POINT ( 'NONE',  ( 6.137543897270000492, 2.747291333680070391, -3.579720755516179853 ) ) ;
#3317 = CARTESIAN_POINT ( 'NONE',  ( 1.354044812153500033, 2.583527378426070165, -4.157091965565160585 ) ) ;
#3318 = CARTESIAN_POINT ( 'NONE',  ( 5.878275191252239296, 2.965959509935879979, -4.103906118870329855 ) ) ;
#3319 = DIRECTION ( 'NONE',  ( 0.000000000000000000, 0.000000000000000000, 1.000000000000000000 ) ) ;
#3320 = VERTEX_POINT ( 'NONE', #4897 ) ;
#3321 = CARTESIAN_POINT ( 'NONE',  ( 2.503067294614659932, 8.264266544163715977, -4.514642571864670550 ) ) ;
#3322 = DIRECTION ( 'NONE',  ( 0.9998966258754280467, 0.000000000000000000, -0.01437837135889003144 ) ) ;
#3323 = CARTESIAN_POINT ( 'NONE',  ( 6.095952478532999486, 3.025653165607069983, -2.850862189769479915 ) ) ;
#3324 = EDGE_CURVE ( 'NONE', #3750, #8794, #499, .T. ) ;
#3325 = DIRECTION ( 'NONE',  ( 5.582835784644999758E-14, 0.000000000000000000, -1.000000000000000000 ) ) ;
#3326 = ORIENTED_EDGE ( 'NONE', *, *, #6312, .F. ) ;
#3327 = VERTEX_POINT ( 'NONE', #306 ) ;
#3328 = B_SPLINE_CURVE_WITH_KNOTS ( 'NONE', 3,
 ( #4560, #3623, #8401, #6832 ),
 .UNSPECIFIED., .F., .F.,
 ( 4, 4 ),
 ( 1.552706230195059921E-13, 0.0001459344437312120549 ),
 .UNSPECIFIED. ) ;
#3329 = CARTESIAN_POINT ( 'NONE',  ( 3.053222577963000006, 4.700001019498999177, -5.349999999994079936 ) ) ;
#3330 = DIRECTION ( 'NONE',  ( 0.000000000000000000, -1.000000000000000000, 0.000000000000000000 ) ) ;
#3331 = CARTESIAN_POINT ( 'NONE',  ( 6.546009160430004137, 8.278338933715000181, -3.557009469167998983 ) ) ;
#3332 = ORIENTED_EDGE ( 'NONE', *, *, #7200, .F. ) ;
#3333 = CARTESIAN_POINT ( 'NONE',  ( 0.5000000000000000000, 0.7000000014231949619, -5.349999999994049737 ) ) ;
#3334 = CARTESIAN_POINT ( 'NONE',  ( 0.5577701715167997509, 8.189734220893999606, -3.965284356585997649 ) ) ;
#3335 = CARTESIAN_POINT ( 'NONE',  ( 6.549999967470000684, 8.265024157077000666, -3.449999886680999772 ) ) ;
#3336 = CARTESIAN_POINT ( 'NONE',  ( 5.079518793484999684, 2.564744639465069920, -4.233903131572859913 ) ) ;
#3337 = AXIS2_PLACEMENT_3D ( 'NONE', #10319, #9523, #1310 ) ;
#3338 = DIRECTION ( 'NONE',  ( 0.000000000000000000, 0.000000000000000000, 1.000000000000000000 ) ) ;
#3339 = B_SPLINE_CURVE_WITH_KNOTS ( 'NONE', 3,
 ( #7313, #94, #3458, #8993, #6870, #2666 ),
 .UNSPECIFIED., .F., .F.,
 ( 4, 2, 4 ),
 ( -1.562736867861957979E-09, 0.0004869972450357894830, 0.0009739960528084468279 ),
 .UNSPECIFIED. ) ;
#3340 = ORIENTED_EDGE ( 'NONE', *, *, #7100, .F. ) ;
#3341 = LINE ( 'NONE', #6553, #5707 ) ;
#3342 = CARTESIAN_POINT ( 'NONE',  ( 5.351122254260870292, 3.355212279410070053, -2.563778722433459833 ) ) ;
#3343 = CIRCLE ( 'NONE', #308, 0.2000000000000002054 ) ;
#3344 = CARTESIAN_POINT ( 'NONE',  ( 1.034970436504700109, 2.824614575652069970, -2.711933704251360044 ) ) ;
#3345 = CARTESIAN_POINT ( 'NONE',  ( 2.483390885674999993, 2.625004998904070241, -3.934068162600380170 ) ) ;
#3346 = CARTESIAN_POINT ( 'NONE',  ( 1.344642916642700081, 3.472867426073070085, -4.126727453867080619 ) ) ;
#3347 = CARTESIAN_POINT ( 'NONE',  ( 2.211743183149800007, 3.382594687652070053, -2.685322408437560426 ) ) ;
#3348 = EDGE_CURVE ( 'NONE', #6939, #1474, #8358, .T. ) ;
#3349 = EDGE_CURVE ( 'NONE', #939, #7547, #8511, .T. ) ;
#3350 = COORDINATED_UNIVERSAL_TIME_OFFSET ( 0, 0, .AHEAD. ) ;
#3351 = CARTESIAN_POINT ( 'NONE',  ( 2.319636298572000044, 3.002797956565069981, -2.614189866185179678 ) ) ;
#3352 = AXIS2_PLACEMENT_3D ( 'NONE', #3856, #7804, #597 ) ;
#3353 = CARTESIAN_POINT ( 'NONE',  ( 6.499999999250078986, 6.174873003709106634, -2.947814567954463172 ) ) ;
#3354 = CYLINDRICAL_SURFACE ( 'NONE', #3556, 0.9500000000000002887 ) ;
#3355 = DIRECTION ( 'NONE',  ( 1.653402746184873757E-12, -1.000000000000000000, 1.166811569252323451E-12 ) ) ;
#3356 = ORIENTED_EDGE ( 'NONE', *, *, #6148, .T. ) ;
#3357 = VECTOR ( 'NONE', #718, 1000.000000000000000 ) ;
#3358 = EDGE_LOOP ( 'NONE', ( #3371, #3684, #6009, #38 ) ) ;
#3359 = CARTESIAN_POINT ( 'NONE',  ( 4.134651525954731177, 8.261576635442546390, -2.774301013464400611 ) ) ;
#3360 = CARTESIAN_POINT ( 'NONE',  ( 6.045505058993200898, 3.318414389089070493, -3.802138537852659983 ) ) ;
#3361 = EDGE_CURVE ( 'NONE', #7770, #10065, #8563, .T. ) ;
#3362 = DIRECTION ( 'NONE',  ( 0.000000000000000000, 1.000000000000000000, 0.000000000000000000 ) ) ;
#3363 = ORIENTED_EDGE ( 'NONE', *, *, #9859, .F. ) ;
#3364 = DIRECTION ( 'NONE',  ( 9.896973340342469146E-13, 0.9902259409881991603, -0.1394725270224770330 ) ) ;
#3365 = DIRECTION ( 'NONE',  ( 0.000000000000000000, 1.000000000000000000, 0.000000000000000000 ) ) ;
#3366 = ORIENTED_EDGE ( 'NONE', *, *, #8224, .F. ) ;
#3367 = VECTOR ( 'NONE', #5697, 1000.000000000000000 ) ;
#3368 = CARTESIAN_POINT ( 'NONE',  ( 6.030609682691999929, 2.709129137005070298, -3.069926066378079632 ) ) ;
#3369 = CARTESIAN_POINT ( 'NONE',  ( 1.053804348267999957, 3.049840425211069572, -3.991621920859059980 ) ) ;
#3370 = CARTESIAN_POINT ( 'NONE',  ( 4.309548781592700273, 2.827323008797069992, -3.866749264957380028 ) ) ;
#3371 = ORIENTED_EDGE ( 'NONE', *, *, #8114, .F. ) ;
#3372 = AXIS2_PLACEMENT_3D ( 'NONE', #7337, #6544, #4860 ) ;
#3373 = CARTESIAN_POINT ( 'NONE',  ( 1.011212357985519894, 2.766897754286170130, -3.107866764682809979 ) ) ;
#3374 = ADVANCED_FACE ( 'NONE', ( #7674 ), #414, .T. ) ;
#3375 = LINE ( 'NONE', #1151, #7747 ) ;
#3376 = CARTESIAN_POINT ( 'NONE',  ( 4.717138110707509213, 3.034586448835000283, -4.128736309709050367 ) ) ;
#3377 = CARTESIAN_POINT ( 'NONE',  ( 6.208046380624000271, 3.082806357808069997, -3.251477891954379640 ) ) ;
#3378 = DIRECTION ( 'NONE',  ( -0.000000000000000000, 1.000000000000000000, 0.000000000000000000 ) ) ;
#3379 = VERTEX_POINT ( 'NONE', #1098 ) ;
#3380 = VERTEX_POINT ( 'NONE', #8407 ) ;
#3381 = AXIS2_PLACEMENT_3D ( 'NONE', #4504, #6150, #6200 ) ;
#3382 = ADVANCED_FACE ( 'NONE', ( #4310 ), #3189, .T. ) ;
#3383 = VECTOR ( 'NONE', #8461, 1000.000000000000000 ) ;
#3384 = FACE_OUTER_BOUND ( 'NONE', #8110, .T. ) ;
#3385 = CARTESIAN_POINT ( 'NONE',  ( 7.000000000000000000, 4.700001019498999177, -6.899999999161000375 ) ) ;
#3386 = CARTESIAN_POINT ( 'NONE',  ( 5.687410695870004140, 8.277138550461000222, -2.221010793777000281 ) ) ;
#3387 = VERTEX_POINT ( 'NONE', #733 ) ;
#3388 = CARTESIAN_POINT ( 'NONE',  ( 5.253222577959999917, 6.070001019719070356, -4.249999998694359959 ) ) ;
#3389 = DIRECTION ( 'NONE',  ( 0.000000000000000000, -1.000000000000000000, 0.000000000000000000 ) ) ;
#3390 = VECTOR ( 'NONE', #3528, 1000.000000000000000 ) ;
#3391 = CARTESIAN_POINT ( 'NONE',  ( 4.818340638228700179, 2.624507058347070210, -4.220337308188359948 ) ) ;
#3392 = CARTESIAN_POINT ( 'NONE',  ( 6.553222577960000628, 0.8000000014230710388, -5.349999999994079936 ) ) ;
#3393 = ORIENTED_EDGE ( 'NONE', *, *, #1927, .T. ) ;
#3394 = CARTESIAN_POINT ( 'NONE',  ( 5.699999999160000108, 1.019498654400000011E-06, 0.000000000000000000 ) ) ;
#3395 = VECTOR ( 'NONE', #2978, 1000.000000000000000 ) ;
#3396 = CARTESIAN_POINT ( 'NONE',  ( 5.991447767560499571, 3.483047964341070113, -3.899832343069760121 ) ) ;
#3397 = AXIS2_PLACEMENT_3D ( 'NONE', #3260, #10408, #9517 ) ;
#3398 = CARTESIAN_POINT ( 'NONE',  ( 2.426787535062300272, 2.919133101621070203, -2.670937584812659527 ) ) ;
#3399 = CARTESIAN_POINT ( 'NONE',  ( 2.669593687573999841, 2.599181919785070072, -3.239262044545479835 ) ) ;
#3400 = CARTESIAN_POINT ( 'NONE',  ( 1.070172723393000069, 3.175961796327070097, -2.990867835790380180 ) ) ;
#3401 = CARTESIAN_POINT ( 'NONE',  ( 1.449630444310200161, 3.286844697549069938, -2.534185414005960091 ) ) ;
#3402 = DIRECTION ( 'NONE',  ( 0.2873478846732899772, 0.000000000000000000, -0.9578262854890680078 ) ) ;
#3403 = AXIS2_PLACEMENT_3D ( 'NONE', #2558, #9032, #7501 ) ;
#3404 = CARTESIAN_POINT ( 'NONE',  ( 6.499999999250079874, 8.500001019718999018, -2.813175016413310026 ) ) ;
#3405 = CARTESIAN_POINT ( 'NONE',  ( 4.731312273064600227, 3.599451483054069811, -4.314436155824179941 ) ) ;
#3406 = CARTESIAN_POINT ( 'NONE',  ( 0.3532225779600010052, 4.399999979672000627, -1.949994380492469981 ) ) ;
#3407 = CARTESIAN_POINT ( 'NONE',  ( 5.253222577960496409, -3.199999998576397164, -3.449999999993616395 ) ) ;
#3408 = EDGE_CURVE ( 'NONE', #1739, #4312, #7226, .T. ) ;
#3409 = ADVANCED_FACE ( 'NONE', ( #6310, #10145 ), #2934, .T. ) ;
#3410 = VECTOR ( 'NONE', #6451, 1000.000000000000000 ) ;
#3411 = ORIENTED_EDGE ( 'NONE', *, *, #9162, .T. ) ;
#3412 = CARTESIAN_POINT ( 'NONE',  ( 5.994459663042979614, 2.844615703736949719, -3.058565043917980120 ) ) ;
#3413 = CARTESIAN_POINT ( 'NONE',  ( 6.110976808975199681, 3.303486788564069965, -3.025069062547359966 ) ) ;
#3414 = DIRECTION ( 'NONE',  ( -1.000000000000000000, 0.000000000000000000, 1.781189284539538762E-13 ) ) ;
#3415 = ORIENTED_EDGE ( 'NONE', *, *, #5317, .T. ) ;
#3417 = EDGE_CURVE ( 'NONE', #9669, #2962, #1771, .T. ) ;
#3416 = DIRECTION ( 'NONE',  ( -2.627777777309999972E-13, 0.000000000000000000, 1.000000000000000000 ) ) ;
#3418 = LINE ( 'NONE', #303, #7531 ) ;
#3419 = ORIENTED_EDGE ( 'NONE', *, *, #6438, .F. ) ;
#3420 = DIRECTION ( 'NONE',  ( 0.000000000000000000, 1.000000000000000000, 1.284980352575411910E-15 ) ) ;
#3421 = EDGE_CURVE ( 'NONE', #3442, #7378, #8981, .T. ) ;
#3422 = CARTESIAN_POINT ( 'NONE',  ( 2.193325827109700032, 2.914342219320069649, -4.132370595680260550 ) ) ;
#3423 = CARTESIAN_POINT ( 'NONE',  ( 1.087342597312769943, 3.203608438999209884, -4.247039224988680139 ) ) ;
#3424 = ORIENTED_EDGE ( 'NONE', *, *, #4568, .T. ) ;
#3425 = CARTESIAN_POINT ( 'NONE',  ( 0.9402016307423779473, 2.731714183812369967, -3.463984593464850104 ) ) ;
#3426 = FACE_OUTER_BOUND ( 'NONE', #3289, .T. ) ;
#3427 = CARTESIAN_POINT ( 'NONE',  ( 6.261454231155999750, 3.083171282423070370, -3.747912684367979974 ) ) ;
#3428 = CARTESIAN_POINT ( 'NONE',  ( 6.125448816285211429, 2.626753779811827005, -2.961181410423392446 ) ) ;
#3429 = CARTESIAN_POINT ( 'NONE',  ( 6.169593687571000018, 2.599181919785070072, -3.239262044545479835 ) ) ;
#3430 = DIRECTION ( 'NONE',  ( -2.625060662668999909E-13, 0.000000000000000000, 1.000000000000000000 ) ) ;
#3431 = ORIENTED_EDGE ( 'NONE', *, *, #9584, .F. ) ;
#3432 = CARTESIAN_POINT ( 'NONE',  ( 4.694484415031229929, 3.322328850928709887, -2.594271262405059897 ) ) ;
#3433 = EDGE_CURVE ( 'NONE', #394, #1605, #5722, .T. ) ;
#3434 = LINE ( 'NONE', #272, #7730 ) ;
#3435 = DIRECTION ( 'NONE',  ( 0.000000000000000000, 1.000000000000000000, 9.578761693691410276E-16 ) ) ;
#3436 = ORIENTED_EDGE ( 'NONE', *, *, #1422, .T. ) ;
#3437 = FACE_OUTER_BOUND ( 'NONE', #6835, .T. ) ;
#3438 = LINE ( 'NONE', #5123, #191 ) ;
#3439 = CARTESIAN_POINT ( 'NONE',  ( 6.549998633573869355, 8.265022857406286505, -3.391837925384652674 ) ) ;
#3440 = CARTESIAN_POINT ( 'NONE',  ( 4.430311084960004031, 8.080930233316003353, -4.609200418703002455 ) ) ;
#3441 = CARTESIAN_POINT ( 'NONE',  ( 1.753222577963496231, -3.199999998576398941, -3.449999999993615507 ) ) ;
#3442 = VERTEX_POINT ( 'NONE', #7357 ) ;
#3443 = DIRECTION ( 'NONE',  ( 0.000000000000000000, 0.000000000000000000, -1.000000000000000000 ) ) ;
#3444 = CARTESIAN_POINT ( 'NONE',  ( 4.362311652680999963, 3.245682646441069963, -3.485359674562840127 ) ) ;
#3445 = CARTESIAN_POINT ( 'NONE',  ( 0.9425399299127010799, 2.654416272903070251, -3.404020585248739739 ) ) ;
#3446 = LINE ( 'NONE', #2758, #8749 ) ;
#3447 = CARTESIAN_POINT ( 'NONE',  ( 0.7071184312838009189, 3.271205089567069457, -3.345557246084780001 ) ) ;
#3448 = CARTESIAN_POINT ( 'NONE',  ( 0.9531860366510009897, 2.767919354422170297, -1.063504403453420011 ) ) ;
#3449 = DIRECTION ( 'NONE',  ( 0.000000000000000000, -1.000000000000000000, 0.000000000000000000 ) ) ;
#3450 = CARTESIAN_POINT ( 'NONE',  ( 5.722589596307170012, 3.076245492056069786, -4.253878437283149516 ) ) ;
#3451 = CARTESIAN_POINT ( 'NONE',  ( 5.253222577959999917, 7.270001019719069646, -3.449999998694359693 ) ) ;
#3452 = EDGE_CURVE ( 'NONE', #9624, #8841, #778, .T. ) ;
#3453 = DIRECTION ( 'NONE',  ( 0.000000000000000000, 1.000000000000000000, 0.000000000000000000 ) ) ;
#3454 = B_SPLINE_CURVE_WITH_KNOTS ( 'NONE', 3,
 ( #10119, #3703, #2958, #6076, #3010, #545, #3758, #8644 ),
 .UNSPECIFIED., .F., .F.,
 ( 4, 2, 2, 4 ),
 ( 2.335442953235084577E-18, 0.0002840097201460809492, 0.0005680194402921596216, 0.001136038880584316858 ),
 .UNSPECIFIED. ) ;
#3455 = CARTESIAN_POINT ( 'NONE',  ( 5.250847948581840008, 3.191618214166069833, -2.565390176209159989 ) ) ;
#3456 = ORIENTED_EDGE ( 'NONE', *, *, #6178, .F. ) ;
#3457 = DIRECTION ( 'NONE',  ( 0.000000000000000000, 0.000000000000000000, 1.000000000000000000 ) ) ;
#3458 = CARTESIAN_POINT ( 'NONE',  ( 5.577172517571440835, 2.780385213558391744, -2.700637179224677720 ) ) ;
#3459 = CARTESIAN_POINT ( 'NONE',  ( 5.253222577959999917, 6.070001019719070356, -3.449999998694359693 ) ) ;
#3460 = EDGE_CURVE ( 'NONE', #5370, #8305, #882, .T. ) ;
#3461 = VERTEX_POINT ( 'NONE', #194 ) ;
#3462 = CARTESIAN_POINT ( 'NONE',  ( 1.753222577960000139, 2.570001019719070356, -3.449999998694359693 ) ) ;
#3463 = CARTESIAN_POINT ( 'NONE',  ( 4.212161208178949678, 2.858180502873929552, -3.467907066330159882 ) ) ;
#3464 = ORIENTED_EDGE ( 'NONE', *, *, #1355, .T. ) ;
#3465 = DIRECTION ( 'NONE',  ( -1.801028462172000038E-13, 0.000000000000000000, 1.000000000000000000 ) ) ;
#3466 = DIRECTION ( 'NONE',  ( 1.000000000000000000, 0.000000000000000000, 0.000000000000000000 ) ) ;
#3467 = CARTESIAN_POINT ( 'NONE',  ( 2.679358202205899708, 2.949042316178069889, -3.692037468866459893 ) ) ;
#3468 = AXIS2_PLACEMENT_3D ( 'NONE', #9010, #8209, #3220 ) ;
#3469 = ORIENTED_EDGE ( 'NONE', *, *, #4109, .F. ) ;
#3470 = CARTESIAN_POINT ( 'NONE',  ( 0.9910097688017018847, 2.819346949709069960, -4.111972229664080380 ) ) ;
#3471 = DIRECTION ( 'NONE',  ( 0.000000000000000000, 1.000000000000000000, 1.284980352575411910E-15 ) ) ;
#3472 = CARTESIAN_POINT ( 'NONE',  ( 4.237299881981963168, 8.261728649994985574, -4.271593851462218261 ) ) ;
#3473 = DIRECTION ( 'NONE',  ( -0.7239898185367888983, 3.361620860936800411E-08, 0.6898106571045899971 ) ) ;
#3474 = EDGE_CURVE ( 'NONE', #9984, #7281, #5671, .T. ) ;
#3475 = ADVANCED_FACE ( 'NONE', ( #8880 ), #5715, .T. ) ;
#3476 = CARTESIAN_POINT ( 'NONE',  ( 1.750000000000000000, 8.263201068181759368, -2.150001168399715112 ) ) ;
#3477 = CARTESIAN_POINT ( 'NONE',  ( 0.8778638110649019666, 2.869524309722069955, -3.836579688958880130 ) ) ;
#3478 = ORIENTED_EDGE ( 'NONE', *, *, #3616, .T. ) ;
#3479 = ORIENTED_EDGE ( 'NONE', *, *, #9988, .T. ) ;
#3480 = LINE ( 'NONE', #1005, #4347 ) ;
#3481 = CARTESIAN_POINT ( 'NONE',  ( 5.250000000000000000, 8.500001019719000794, -4.949999999580000143 ) ) ;
#3482 = CARTESIAN_POINT ( 'NONE',  ( 2.438617359802000006, 2.747097983829069889, -3.056532802350179878 ) ) ;
#3483 = ORIENTED_EDGE ( 'NONE', *, *, #4077, .F. ) ;
#3484 = DIRECTION ( 'NONE',  ( 0.000000000000000000, 1.000000000000000000, 0.000000000000000000 ) ) ;
#3485 = CARTESIAN_POINT ( 'NONE',  ( 0.5000000000000000000, 4.700001019498989407, -1.549999999994079891 ) ) ;
#3486 = CARTESIAN_POINT ( 'NONE',  ( 0.4986358096504003301, 8.189645661710997615, -3.102142837170999368 ) ) ;
#3487 = CARTESIAN_POINT ( 'NONE',  ( 5.700394718090002755, 8.118726430670001548, -4.714473831111003044 ) ) ;
#3488 = CARTESIAN_POINT ( 'NONE',  ( 0.3532225779600010052, 4.600000002413000111, -1.949994380535080118 ) ) ;
#3489 = EDGE_CURVE ( 'NONE', #9629, #2742, #676, .T. ) ;
#3490 = ORIENTED_EDGE ( 'NONE', *, *, #3349, .T. ) ;
#3491 = ORIENTED_EDGE ( 'NONE', *, *, #6000, .T. ) ;
#3492 = CARTESIAN_POINT ( 'NONE',  ( 6.053222577959600059, 2.240976201065830065, -4.527497685406180139 ) ) ;
#3493 = CARTESIAN_POINT ( 'NONE',  ( 4.607898461539599921, 3.108947482720069821, -4.263063961058559670 ) ) ;
#3494 = CARTESIAN_POINT ( 'NONE',  ( 6.069976236930004987, 8.083085953383996269, -2.291004363337002303 ) ) ;
#3495 = CARTESIAN_POINT ( 'NONE',  ( 0.5000000000000000000, 4.400000001423070017, -1.549999999994089883 ) ) ;
#3496 = VECTOR ( 'NONE', #2106, 1000.000000000000000 ) ;
#3497 = CARTESIAN_POINT ( 'NONE',  ( 2.314712059695999802, 3.437541828181069903, -4.152234075859479567 ) ) ;
#3498 = CARTESIAN_POINT ( 'NONE',  ( 2.050314639306800135, 3.012843737638069896, -2.687427563761860316 ) ) ;
#3499 = CARTESIAN_POINT ( 'NONE',  ( 1.753223012018874094, 2.954554108147586788, -4.249999998694242720 ) ) ;
#3500 = EDGE_CURVE ( 'NONE', #7318, #730, #5210, .T. ) ;
#3501 = COORDINATED_UNIVERSAL_TIME_OFFSET ( 0, 0, .AHEAD. ) ;
#3502 = CARTESIAN_POINT ( 'NONE',  ( 4.811299621723600595, 3.718037265580069750, -4.105228638487379733 ) ) ;
#3503 = DIRECTION ( 'NONE',  ( -0.000000000000000000, 1.000000000000000000, 0.000000000000000000 ) ) ;
#3504 = CIRCLE ( 'NONE', #9561, 0.4000000000000001887 ) ;
#3505 = CARTESIAN_POINT ( 'NONE',  ( 3.853219263496999947, -3.399999998576929805, -3.449999999994080024 ) ) ;
#3506 = CARTESIAN_POINT ( 'NONE',  ( 4.835267947815599321, 2.985231113798069824, -4.146156898168059435 ) ) ;
#3507 = CARTESIAN_POINT ( 'NONE',  ( 1.746252300919710176, 2.674188666407070425, -4.459355016176359321 ) ) ;
#3508 = ORIENTED_EDGE ( 'NONE', *, *, #8621, .F. ) ;
#3509 = ADVANCED_FACE ( 'NONE', ( #9672 ), #10417, .F. ) ;
#3510 = AXIS2_PLACEMENT_3D ( 'NONE', #5755, #8808, #5603 ) ;
#3511 = DIRECTION ( 'NONE',  ( 0.000000000000000000, -1.000000000000000000, 0.000000000000000000 ) ) ;
#3512 = CARTESIAN_POINT ( 'NONE',  ( 5.253222577959999917, 8.090000782891999975, -3.449999999580000143 ) ) ;
#3513 = ORIENTED_EDGE ( 'NONE', *, *, #6180, .T. ) ;
#3514 = PLANE ( 'NONE',  #5075 ) ;
#3515 = CARTESIAN_POINT ( 'NONE',  ( 6.399999999740000334, 4.700001019498999177, -6.299999999999999822 ) ) ;
#3516 = VERTEX_POINT ( 'NONE', #4870 ) ;
#3517 = CARTESIAN_POINT ( 'NONE',  ( 6.251759540251640601, 3.077565849059400005, -3.745048093296740266 ) ) ;
#3518 = CARTESIAN_POINT ( 'NONE',  ( 1.753222577960000139, 2.570001019719070356, -3.449999998694359693 ) ) ;
#3519 = VECTOR ( 'NONE', #7973, 1000.000000000000000 ) ;
#3520 = CARTESIAN_POINT ( 'NONE',  ( 2.559793459440300012, 2.843453324843070007, -3.356384216412509947 ) ) ;
#3521 = ADVANCED_FACE ( 'NONE', ( #8979 ), #6398, .F. ) ;
#3522 = EDGE_LOOP ( 'NONE', ( #7598, #8892, #573, #5414, #3888, #828, #8473, #9375, #3483, #8089, #1842, #4640 ) ) ;
#3523 = CARTESIAN_POINT ( 'NONE',  ( 2.290308219067569873, 3.033901181188067842, -4.293518069547440419 ) ) ;
#3524 = CARTESIAN_POINT ( 'NONE',  ( 6.038986474534600468, 3.263939748560070075, -3.615082135481559877 ) ) ;
#3525 = AXIS2_PLACEMENT_3D ( 'NONE', #258, #3420, #1483 ) ;
#3526 = LINE ( 'NONE', #4422, #2565 ) ;
#3527 = CARTESIAN_POINT ( 'NONE',  ( 3.953222577960399331, 4.400000001423070017, -1.549999999994079891 ) ) ;
#3528 = DIRECTION ( 'NONE',  ( 0.000000000000000000, 0.000000000000000000, 1.000000000000000000 ) ) ;
#3529 = CARTESIAN_POINT ( 'NONE',  ( 0.7020635277531019902, 2.852580546235070180, -3.468080754297590218 ) ) ;
#3530 = ORIENTED_EDGE ( 'NONE', *, *, #4354, .F. ) ;
#3531 = VERTEX_POINT ( 'NONE', #765 ) ;
#3532 = CARTESIAN_POINT ( 'NONE',  ( 2.246506814868530100, 3.062653938460949909, -4.265129510925140366 ) ) ;
#3533 = CARTESIAN_POINT ( 'NONE',  ( 1.716954137766390165, 3.204465735022910433, -4.380199991156542794 ) ) ;
#3534 = VECTOR ( 'NONE', #9530, 1000.000000000000000 ) ;
#3535 = CARTESIAN_POINT ( 'NONE',  ( 2.594748606838999549, 2.690940066550069787, -4.007896809412479833 ) ) ;
#3536 = CC_DESIGN_PERSON_AND_ORGANIZATION_ASSIGNMENT ( #630, #3148, ( #3282 ) ) ;
#3537 = B_SPLINE_SURFACE_WITH_KNOTS ( 'NONE', 3, 3, ( 
 ( #373, #2633, #1790, #5000 ),
 ( #1156, #6688, #7634, #3586 ),
 ( #421, #2683, #1995, #2740 ),
 ( #6799, #3429, #8416, #10044 ),
 ( #5844, #5899, #5114, #9114 ),
 ( #1057, #5955, #4373, #9999 ) ),
 .UNSPECIFIED., .F., .F., .F.,
 ( 4, 1, 1, 4 ),
 ( 4, 4 ),
 ( 0.000000000000000000, 0.3748559104692200106, 0.8197368806272330444, 1.000000000000000000 ),
 ( 0.000000000000000000, 1.000000000000000000 ),
 .UNSPECIFIED. ) ;
#3538 = ORIENTED_EDGE ( 'NONE', *, *, #1985, .T. ) ;
#3539 = EDGE_CURVE ( 'NONE', #7725, #5649, #6782, .T. ) ;
#3540 = LINE ( 'NONE', #6754, #357 ) ;
#3541 = DIRECTION ( 'NONE',  ( 0.000000000000000000, 0.000000000000000000, 1.000000000000000000 ) ) ;
#3542 = CARTESIAN_POINT ( 'NONE',  ( 5.161414591060004220, 8.191352603216003558, -4.745791026354996944 ) ) ;
#3543 = DIRECTION ( 'NONE',  ( -1.824712256292910092E-12, 1.000000000000000000, -1.090236451181999875E-12 ) ) ;
#3544 = CIRCLE ( 'NONE', #2869, 1.149999999999999689 ) ;
#3545 = CIRCLE ( 'NONE', #2527, 0.1999999999999999001 ) ;
#3546 = ORIENTED_EDGE ( 'NONE', *, *, #9635, .T. ) ;
#3547 = EDGE_CURVE ( 'NONE', #10357, #8141, #2503, .T. ) ;
#3548 = ORIENTED_EDGE ( 'NONE', *, *, #262, .T. ) ;
#3549 = CYLINDRICAL_SURFACE ( 'NONE', #5034, 0.3999999999999999667 ) ;
#3550 = CARTESIAN_POINT ( 'NONE',  ( 4.312036508680598956, 2.821343757432070110, -3.237742364214859503 ) ) ;
#3551 = CARTESIAN_POINT ( 'NONE',  ( 3.882146813280001663, 8.080186196893000883, -3.069723197337003384 ) ) ;
#3552 = ORIENTED_EDGE ( 'NONE', *, *, #5625, .F. ) ;
#3553 = ADVANCED_FACE ( 'NONE', ( #3974 ), #6732, .F. ) ;
#3554 = LINE ( 'NONE', #6660, #2698 ) ;
#3555 = VECTOR ( 'NONE', #5584, 999.9999999999998863 ) ;
#3556 = AXIS2_PLACEMENT_3D ( 'NONE', #10402, #4937, #5574 ) ;
#3557 = CARTESIAN_POINT ( 'NONE',  ( 2.579949511132999973, 3.406201064440069981, -3.803453330534479981 ) ) ;
#3558 = CARTESIAN_POINT ( 'NONE',  ( 1.253521589916400059, 2.698211359087070438, -4.359843482202659715 ) ) ;
#3559 = DIRECTION ( 'NONE',  ( -1.000000000000000000, 0.000000000000000000, 0.000000000000000000 ) ) ;
#3560 = APPROVAL_DATE_TIME ( #5086, #10218 ) ;
#3561 = CARTESIAN_POINT ( 'NONE',  ( 5.429918503814000985, 3.584258577678069990, -4.409108180779680808 ) ) ;
#3562 = CARTESIAN_POINT ( 'NONE',  ( 4.712673491279000260, 3.600842770505069623, -4.302621586937679155 ) ) ;
#3563 = AXIS2_PLACEMENT_3D ( 'NONE', #7246, #1812, #9818 ) ;
#3564 = CIRCLE ( 'NONE', #4909, 1.150000000000000133 ) ;
#3565 = CARTESIAN_POINT ( 'NONE',  ( 6.499999999250079874, 6.220001019719070712, -2.932268348356794618 ) ) ;
#3566 = CARTESIAN_POINT ( 'NONE',  ( 5.251042907655960157, 3.150638534245069788, -2.638017388498460125 ) ) ;
#3567 = CARTESIAN_POINT ( 'NONE',  ( 1.829310230243279989, 2.627590517496070088, -4.383142536504459841 ) ) ;
#3568 = EDGE_CURVE ( 'NONE', #10090, #7363, #5284, .T. ) ;
#3569 = ORIENTED_EDGE ( 'NONE', *, *, #4697, .T. ) ;
#3570 = AXIS2_PLACEMENT_3D ( 'NONE', #772, #7820, #8029 ) ;
#3571 = CARTESIAN_POINT ( 'NONE',  ( 5.892743794873268826, 3.043797022678240261, -2.958192455087586659 ) ) ;
#3572 = FACE_OUTER_BOUND ( 'NONE', #3061, .T. ) ;
#3573 = ORIENTED_EDGE ( 'NONE', *, *, #888, .F. ) ;
#3574 = CARTESIAN_POINT ( 'NONE',  ( 4.663686485054349795, 2.687281821112619706, -3.962004675330269787 ) ) ;
#3575 = ORIENTED_EDGE ( 'NONE', *, *, #8621, .T. ) ;
#3576 = CARTESIAN_POINT ( 'NONE',  ( 5.837927048509610195, 2.999040839061089869, -2.638953792440410062 ) ) ;
#3577 = AXIS2_PLACEMENT_3D ( 'NONE', #6030, #8392, #3559 ) ;
#3578 = CARTESIAN_POINT ( 'NONE',  ( 1.753222577963000184, 0.8000000014230710388, -3.049999999994080113 ) ) ;
#3579 = CARTESIAN_POINT ( 'NONE',  ( 0.9746231062869010753, 3.032490376782070118, -3.680441670849360136 ) ) ;
#3580 = ORIENTED_EDGE ( 'NONE', *, *, #2576, .T. ) ;
#3581 = DIRECTION ( 'NONE',  ( 0.000000000000000000, -1.000000000000000000, 0.000000000000000000 ) ) ;
#3582 = TOROIDAL_SURFACE ( 'NONE', #6103, 0.5000000000000000000, 0.2000000000000000111 ) ;
#3583 = CARTESIAN_POINT ( 'NONE',  ( 4.554977560506300094, 3.226318311023070429, -2.692978273802960398 ) ) ;
#3584 = DIRECTION ( 'NONE',  ( -0.9583292516573798103, 0.000000000000000000, 0.2856659682527939448 ) ) ;
#3585 = CARTESIAN_POINT ( 'NONE',  ( 6.653222577959999384, 4.600000002413000111, -1.949994380535180039 ) ) ;
#3586 = CARTESIAN_POINT ( 'NONE',  ( 6.171755316331999808, 2.693336837229070024, -3.891475801192480155 ) ) ;
#3587 = FACE_OUTER_BOUND ( 'NONE', #6945, .T. ) ;
#3588 = ORIENTED_EDGE ( 'NONE', *, *, #7670, .F. ) ;
#3589 = EDGE_CURVE ( 'NONE', #394, #8799, #7855, .T. ) ;
#3590 = ORIENTED_EDGE ( 'NONE', *, *, #135, .T. ) ;
#3591 = PLANE ( 'NONE',  #9723 ) ;
#3592 = CC_DESIGN_APPROVAL ( #7589, ( #7274 ) ) ;
#3593 = CARTESIAN_POINT ( 'NONE',  ( 1.909006296130257851, 3.192361149562195077, -4.365800882293203067 ) ) ;
#3594 = CARTESIAN_POINT ( 'NONE',  ( 2.533828119348000119, 2.733141780556069822, -3.967509056172380255 ) ) ;
#3595 = EDGE_LOOP ( 'NONE', ( #2298, #6768, #2031, #1579, #4573, #9214, #1278, #5542 ) ) ;
#3596 = DIRECTION ( 'NONE',  ( -1.000000000000000000, 0.000000000000000000, 0.000000000000000000 ) ) ;
#3597 = DIRECTION ( 'NONE',  ( -0.9999790310276359673, 0.000000000000000000, -0.006475917311892210280 ) ) ;
#3598 = CARTESIAN_POINT ( 'NONE',  ( 4.651693033720002646, 8.190612252872000454, -4.602804809186001656 ) ) ;
#3599 = DIRECTION ( 'NONE',  ( -1.000000000000000000, 0.000000000000000000, 0.000000000000000000 ) ) ;
#3600 = ORIENTED_EDGE ( 'NONE', *, *, #10195, .T. ) ;
#3601 = EDGE_CURVE ( 'NONE', #780, #7542, #758, .T. ) ;
#3602 = EDGE_CURVE ( 'NONE', #6350, #6477, #3071, .T. ) ;
#3603 = ORIENTED_EDGE ( 'NONE', *, *, #8343, .F. ) ;
#3604 = DIRECTION ( 'NONE',  ( 0.000000000000000000, 1.000000000000000000, 0.000000000000000000 ) ) ;
#3605 = CARTESIAN_POINT ( 'NONE',  ( 4.454871699970899712, 2.903314104669069806, -3.269954761756059813 ) ) ;
#3606 = CARTESIAN_POINT ( 'NONE',  ( 1.875710303741599860, 2.665981379726070077, -4.448975779654060325 ) ) ;
#3607 = EDGE_LOOP ( 'NONE', ( #2844, #3630, #226, #7307, #7646, #5304, #7870, #8249 ) ) ;
#3608 = LINE ( 'NONE', #6818, #3039 ) ;
#3609 = CARTESIAN_POINT ( 'NONE',  ( 1.226884263636099925, 3.082619040074070060, -4.080011855473579807 ) ) ;
#3610 = CARTESIAN_POINT ( 'NONE',  ( 0.8120365086806009547, 2.821343757432070110, -3.237742364214859503 ) ) ;
#3611 = CARTESIAN_POINT ( 'NONE',  ( 0.3532225788789999932, 8.090000782891999975, -3.449999999580000143 ) ) ;
#3612 = B_SPLINE_CURVE_WITH_KNOTS ( 'NONE', 3,
 ( #9749, #2539, #5008, #3168, #1008, #4220 ),
 .UNSPECIFIED., .F., .F.,
 ( 4, 2, 4 ),
 ( 5.114201299746335976E-16, 0.0004810189130071615134, 0.0009620378260138116085 ),
 .UNSPECIFIED. ) ;
#3613 = CARTESIAN_POINT ( 'NONE',  ( 5.258695943416999974, 3.396213995227070015, -2.474772046913779722 ) ) ;
#3614 = CARTESIAN_POINT ( 'NONE',  ( 5.070717171952000335, 3.176437943232070182, -4.443309384945179019 ) ) ;
#3615 = ADVANCED_FACE ( 'NONE', ( #4486, #2278 ), #8696, .F. ) ;
#3616 = EDGE_CURVE ( 'NONE', #9196, #3631, #7408, .T. ) ;
#3617 = CARTESIAN_POINT ( 'NONE',  ( 6.153222578988000180, 4.600000002146249933, -5.249994379465779737 ) ) ;
#3618 = CARTESIAN_POINT ( 'NONE',  ( 4.474623106286899521, 3.032490376782070118, -3.680441670849360136 ) ) ;
#3619 = CARTESIAN_POINT ( 'NONE',  ( 1.753222577959000272, 8.090000782819998904, -4.849999998660000422 ) ) ;
#3620 = B_SPLINE_CURVE_WITH_KNOTS ( 'NONE', 3,
 ( #6787, #2775, #2726, #1885, #9937, #9249, #9882, #6834, #4256, #1828, #5945, #9989, #9200, #5041, #7466 ),
 .UNSPECIFIED., .F., .F.,
 ( 4, 1, 1, 1, 1, 1, 1, 1, 1, 1, 1, 1, 4 ),
 ( 0.000000000000000000, 0.04279613184915979918, 0.08636899170961229166, 0.1299370998984780146, 0.1735082012186289768, 0.2170646793368189997, 0.2606553897801620057, 0.3042357812457909816, 0.3477761869887490143, 0.3913379620435729622, 0.4348905475417880195, 0.4784296489628869775, 0.5002268538904258710 ),
 .UNSPECIFIED. ) ;
#3621 = ORIENTED_EDGE ( 'NONE', *, *, #1308, .F. ) ;
#3622 = CARTESIAN_POINT ( 'NONE',  ( 4.648117854539095539, 2.982863666576293760, -2.818232491802382000 ) ) ;
#3623 = CARTESIAN_POINT ( 'NONE',  ( 4.620252214068710117, 2.959512622546014882, -3.941100921472951324 ) ) ;
#3624 = ORIENTED_EDGE ( 'NONE', *, *, #9460, .T. ) ;
#3625 = EDGE_CURVE ( 'NONE', #7672, #4163, #1625, .T. ) ;
#3626 = FACE_OUTER_BOUND ( 'NONE', #5425, .T. ) ;
#3627 = ORIENTED_EDGE ( 'NONE', *, *, #7, .T. ) ;
#3628 = CARTESIAN_POINT ( 'NONE',  ( 6.002224334715969611, 3.107874407014280305, -4.167582660721150134 ) ) ;
#3629 = CARTESIAN_POINT ( 'NONE',  ( 2.409783484940999809, 3.510715804720069944, -4.271136382348680094 ) ) ;
#3630 = ORIENTED_EDGE ( 'NONE', *, *, #7520, .T. ) ;
#3631 = VERTEX_POINT ( 'NONE', #6541 ) ;
#3632 = PLANE ( 'NONE',  #5588 ) ;
#3633 = CARTESIAN_POINT ( 'NONE',  ( 4.393199114945799622, 3.161708999610070236, -3.029679912821559462 ) ) ;
#3634 = CARTESIAN_POINT ( 'NONE',  ( 4.453222577959000006, 1.840976203224260255, -1.009946618744359981 ) ) ;
#3635 = DIRECTION ( 'NONE',  ( 0.000000000000000000, 1.000000000000000000, -1.085410640100959986E-23 ) ) ;
#3636 = PLANE ( 'NONE',  #4063 ) ;
#3637 = CARTESIAN_POINT ( 'NONE',  ( 5.882041032674230507, 2.962395426598828596, -2.774835921212979173 ) ) ;
#3638 = VERTEX_POINT ( 'NONE', #9648 ) ;
#3639 = ORIENTED_EDGE ( 'NONE', *, *, #6244, .F. ) ;
#3640 = CARTESIAN_POINT ( 'NONE',  ( 4.587342597309770120, 3.203608438999209884, -4.247039224988680139 ) ) ;
#3641 = DIRECTION ( 'NONE',  ( -0.2873478846724100144, 0.000000000000000000, 0.9578262854893320188 ) ) ;
#3642 = DIRECTION ( 'NONE',  ( 0.000000000000000000, -1.000000000000000000, 0.000000000000000000 ) ) ;
#3643 = ORIENTED_EDGE ( 'NONE', *, *, #8277, .T. ) ;
#3644 = DIRECTION ( 'NONE',  ( -0.9999790310276359673, 0.000000000000000000, -0.006475917311892211148 ) ) ;
#3645 = CARTESIAN_POINT ( 'NONE',  ( 2.134362874537412136, 3.341743398537950327, -2.609761872596755516 ) ) ;
#3646 = ADVANCED_FACE ( 'NONE', ( #1541 ), #4039, .T. ) ;
#3647 = CARTESIAN_POINT ( 'NONE',  ( 6.537123799799998913, 8.193292966819004874, -3.623919245981998660 ) ) ;
#3648 = DIRECTION ( 'NONE',  ( -1.000000000000000000, 0.000000000000000000, 0.000000000000000000 ) ) ;
#3649 = AXIS2_PLACEMENT_3D ( 'NONE', #4879, #823, #4783 ) ;
#3650 = ORIENTED_EDGE ( 'NONE', *, *, #5421, .F. ) ;
#3651 = VERTEX_POINT ( 'NONE', #7131 ) ;
#3652 = DIRECTION ( 'NONE',  ( 0.000000000000000000, 0.000000000000000000, 1.000000000000000000 ) ) ;
#3653 = CARTESIAN_POINT ( 'NONE',  ( 5.196696967293850555, 2.903490982158070111, -2.486833670734259538 ) ) ;
#3654 = CARTESIAN_POINT ( 'NONE',  ( 5.153095417189998528, 8.081892986538997903, -2.033580568810000599 ) ) ;
#3655 = ORIENTED_EDGE ( 'NONE', *, *, #10165, .F. ) ;
#3656 = DIRECTION ( 'NONE',  ( 1.000000000000000000, 0.000000000000000000, 0.000000000000000000 ) ) ;
#3657 = ADVANCED_FACE ( 'NONE', ( #7286 ), #4764, .T. ) ;
#3658 = CARTESIAN_POINT ( 'NONE',  ( 2.667464405532000704, 8.119362387766001277, -4.429804319032997206 ) ) ;
#3659 = CARTESIAN_POINT ( 'NONE',  ( 2.446435168797399751, 2.958255798643070200, -2.778925618396860031 ) ) ;
#3660 = CARTESIAN_POINT ( 'NONE',  ( 5.250652989507710089, 3.232597894087070323, -2.492762963919860297 ) ) ;
#3661 = LINE ( 'NONE', #5341, #9959 ) ;
#3662 = CARTESIAN_POINT ( 'NONE',  ( 5.068511261722000505, 3.651373337417069820, -4.311977263593679943 ) ) ;
#3663 = DIRECTION ( 'NONE',  ( 0.000000000000000000, 1.000000000000000000, 1.284980352575411910E-15 ) ) ;
#3664 = CARTESIAN_POINT ( 'NONE',  ( 5.732690552048100407, 2.955321899241070138, -4.193404752797559532 ) ) ;
#3665 = PLANE ( 'NONE',  #3677 ) ;
#3666 = ORIENTED_EDGE ( 'NONE', *, *, #7017, .T. ) ;
#3667 = EDGE_CURVE ( 'NONE', #3208, #2158, #7651, .T. ) ;
#3668 = CARTESIAN_POINT ( 'NONE',  ( 2.686258094554367926, 3.011970891793446459, -3.410927440129323696 ) ) ;
#3669 = FACE_OUTER_BOUND ( 'NONE', #3607, .T. ) ;
#3670 = AXIS2_PLACEMENT_3D ( 'NONE', #1734, #2519, #2421 ) ;
#3671 = VERTEX_POINT ( 'NONE', #1590 ) ;
#3672 = DIRECTION ( 'NONE',  ( 1.000000000000000000, 1.824712256293103962E-12, 1.788933584601082569E-13 ) ) ;
#3673 = ORIENTED_EDGE ( 'NONE', *, *, #6382, .T. ) ;
#3674 = CARTESIAN_POINT ( 'NONE',  ( 0.3532225779620510320, 4.400000001423070017, -1.649999999987080024 ) ) ;
#3675 = CARTESIAN_POINT ( 'NONE',  ( 1.270433127670899998, 3.675835256365069803, -4.165820415588379788 ) ) ;
#3676 = ORIENTED_EDGE ( 'NONE', *, *, #10027, .F. ) ;
#3677 = AXIS2_PLACEMENT_3D ( 'NONE', #2085, #7507, #351 ) ;
#3678 = VERTEX_POINT ( 'NONE', #5545 ) ;
#3679 = EDGE_CURVE ( 'NONE', #856, #9414, #13, .T. ) ;
#3680 = CARTESIAN_POINT ( 'NONE',  ( 1.841820011992000738, 8.118232110335004137, -2.110851523518997297 ) ) ;
#3681 = DIRECTION ( 'NONE',  ( 1.000000000000000000, 0.000000000000000000, 0.000000000000000000 ) ) ;
#3682 = CARTESIAN_POINT ( 'NONE',  ( 4.636274372248500697, 2.742655215809069791, -2.816032273752960169 ) ) ;
#3683 = CARTESIAN_POINT ( 'NONE',  ( 2.899999999739999890, 4.700001019498999177, -6.299999999999999822 ) ) ;
#3684 = ORIENTED_EDGE ( 'NONE', *, *, #3277, .T. ) ;
#3685 = DIRECTION ( 'NONE',  ( 0.000000000000000000, 1.000000000000000000, 0.000000000000000000 ) ) ;
#3686 = DIRECTION ( 'NONE',  ( -1.824712256292910092E-12, 1.000000000000000000, -1.090236451181999875E-12 ) ) ;
#3687 = ORIENTED_EDGE ( 'NONE', *, *, #4062, .F. ) ;
#3688 = CIRCLE ( 'NONE', #6380, 0.9499999999999999556 ) ;
#3689 = ORIENTED_EDGE ( 'NONE', *, *, #2452, .T. ) ;
#3690 = CARTESIAN_POINT ( 'NONE',  ( 1.153459645416200052, 3.144358951181069894, -2.799750360858159759 ) ) ;
#3691 = DIRECTION ( 'NONE',  ( 1.000000000000000000, 0.000000000000000000, 0.000000000000000000 ) ) ;
#3692 = LINE ( 'NONE', #3797, #7875 ) ;
#3693 = VERTEX_POINT ( 'NONE', #3167 ) ;
#3694 = EDGE_CURVE ( 'NONE', #8665, #4458, #113, .T. ) ;
#3695 = DIRECTION ( 'NONE',  ( 1.000000000000000000, 0.000000000000000000, 0.000000000000000000 ) ) ;
#3696 = AXIS2_PLACEMENT_3D ( 'NONE', #10343, #764, #4024 ) ;
#3697 = DIRECTION ( 'NONE',  ( 0.000000000000000000, 3.114621601455000121E-14, 1.000000000000000000 ) ) ;
#3698 = CARTESIAN_POINT ( 'NONE',  ( 4.358491708569997236, 8.275223400567002230, -4.402336832921001530 ) ) ;
#3699 = LINE ( 'NONE', #10058, #1223 ) ;
#3700 = ORIENTED_EDGE ( 'NONE', *, *, #688, .F. ) ;
#3701 = ORIENTED_EDGE ( 'NONE', *, *, #7171, .T. ) ;
#3702 = VECTOR ( 'NONE', #2267, 1000.000000000000000 ) ;
#3703 = CARTESIAN_POINT ( 'NONE',  ( 4.541341383396543918, 2.943778187709530592, -3.827329589163963597 ) ) ;
#3704 = CARTESIAN_POINT ( 'NONE',  ( 0.9681926564839409277, 2.785309103015420007, -3.958528604888840619 ) ) ;
#3705 = CARTESIAN_POINT ( 'NONE',  ( 5.885403623363000492, 2.698034481598070133, -4.078743454500060039 ) ) ;
#3706 = CARTESIAN_POINT ( 'NONE',  ( 1.746743852880820125, 2.633208986486069936, -4.388174138367060273 ) ) ;
#3707 = VERTEX_POINT ( 'NONE', #8751 ) ;
#3708 = CARTESIAN_POINT ( 'NONE',  ( 5.708991895022428764, 3.084239052232797818, -2.736954966409137047 ) ) ;
#3709 = DIRECTION ( 'NONE',  ( 0.000000000000000000, 0.9883316596744458060, -0.1523172035101599819 ) ) ;
#3710 = CARTESIAN_POINT ( 'NONE',  ( 1.948611901589899942, 3.054182666236069821, -4.469479882896360223 ) ) ;
#3711 = CIRCLE ( 'NONE', #8777, 0.8000000000000004885 ) ;
#3712 = VECTOR ( 'NONE', #3294, 1000.000000000000000 ) ;
#3713 = CARTESIAN_POINT ( 'NONE',  ( 6.038823212130899343, 2.867082956335070154, -3.655309874572560069 ) ) ;
#3714 = CARTESIAN_POINT ( 'NONE',  ( 5.105516756054209182, 3.190533835392626028, -2.579680809138104713 ) ) ;
#3715 = CARTESIAN_POINT ( 'NONE',  ( 4.587484936050799433, 3.197308167302070014, -4.263716447671179743 ) ) ;
#3716 = DIRECTION ( 'NONE',  ( 0.000000000000000000, -1.284980352575412502E-15, 1.000000000000000000 ) ) ;
#3717 = VECTOR ( 'NONE', #299, 1000.000000000000000 ) ;
#3718 = CARTESIAN_POINT ( 'NONE',  ( 6.059793459440300012, 2.843453324843070007, -3.356384216412509947 ) ) ;
#3719 = DIRECTION ( 'NONE',  ( -0.9987976606670762036, 0.000000000000000000, 0.04902278088782895116 ) ) ;
#3720 = EDGE_LOOP ( 'NONE', ( #5274, #7106, #6645, #7295 ) ) ;
#3721 = CARTESIAN_POINT ( 'NONE',  ( 4.661873671300892141, 2.993804329083892046, -2.831106570599766670 ) ) ;
#3722 = AXIS2_PLACEMENT_3D ( 'NONE', #6475, #7164, #7211 ) ;
#3723 = PLANE ( 'NONE',  #10265 ) ;
#3724 = VECTOR ( 'NONE', #2164, 1000.000000000000000 ) ;
#3725 = ORIENTED_EDGE ( 'NONE', *, *, #5403, .F. ) ;
#3726 = CARTESIAN_POINT ( 'NONE',  ( 1.753222577959000050, 8.090000782819998904, -3.449999999580000143 ) ) ;
#3727 = ORIENTED_EDGE ( 'NONE', *, *, #364, .T. ) ;
#3728 = DIRECTION ( 'NONE',  ( 0.000000000000000000, 0.000000000000000000, 1.000000000000000000 ) ) ;
#3729 = ADVANCED_FACE ( 'NONE', ( #1637 ), #7898, .T. ) ;
#3730 = CARTESIAN_POINT ( 'NONE',  ( 4.879223194033411204, 3.123578489290189886, -2.742805216422604886 ) ) ;
#3731 = ORIENTED_EDGE ( 'NONE', *, *, #9868, .F. ) ;
#3732 = AXIS2_PLACEMENT_3D ( 'NONE', #5037, #9827, #8194 ) ;
#3733 = ORIENTED_EDGE ( 'NONE', *, *, #6268, .T. ) ;
#3734 = CARTESIAN_POINT ( 'NONE',  ( 0.5178681523636996520, 8.116358932774994983, -2.917456518353998440 ) ) ;
#3735 = DIRECTION ( 'NONE',  ( 1.000000000000000000, 0.000000000000000000, 0.000000000000000000 ) ) ;
#3736 = EDGE_CURVE ( 'NONE', #6891, #7264, #4858, .T. ) ;
#3737 = CARTESIAN_POINT ( 'NONE',  ( 5.103979130695900146, 3.002581162226070077, -4.321932656671859441 ) ) ;
#3738 = DIRECTION ( 'NONE',  ( -0.000000000000000000, 1.000000000000000000, 0.000000000000000000 ) ) ;
#3739 = ORIENTED_EDGE ( 'NONE', *, *, #6324, .F. ) ;
#3740 = B_SPLINE_CURVE_WITH_KNOTS ( 'NONE', 3,
 ( #4689, #7896, #3749, #2162 ),
 .UNSPECIFIED., .F., .F.,
 ( 4, 4 ),
 ( 6.133173666733496745E-19, 0.0006765895831677118302 ),
 .UNSPECIFIED. ) ;
#3741 = CARTESIAN_POINT ( 'NONE',  ( 1.453222577960000095, 7.270001019719069646, -2.133755340585360205 ) ) ;
#3742 = CIRCLE ( 'NONE', #8612, 0.3999999999999999112 ) ;
#3743 = DIRECTION ( 'NONE',  ( 0.000000000000000000, -1.000000000000000000, 0.000000000000000000 ) ) ;
#3744 = EDGE_LOOP ( 'NONE', ( #6060, #10216, #6946, #2108 ) ) ;
#3745 = EDGE_CURVE ( 'NONE', #7911, #10262, #9244, .T. ) ;
#3746 = ORIENTED_EDGE ( 'NONE', *, *, #7591, .T. ) ;
#3747 = CARTESIAN_POINT ( 'NONE',  ( 2.779034896136000299, 3.368096099978070246, -3.358679708905750072 ) ) ;
#3748 = LINE ( 'NONE', #8524, #6896 ) ;
#3749 = CARTESIAN_POINT ( 'NONE',  ( 1.705892849092870422, 3.341743398537952103, -2.450385039204102888 ) ) ;
#3750 = VERTEX_POINT ( 'NONE', #4117 ) ;
#3751 = CARTESIAN_POINT ( 'NONE',  ( 0.3532192635000019898, 4.400000001423070017, -3.449999999994080024 ) ) ;
#3752 = VECTOR ( 'NONE', #10115, 1000.000000000000000 ) ;
#3753 = CARTESIAN_POINT ( 'NONE',  ( 7.500000000759999175, 1.019498654400000011E-06, -5.700000000182000370 ) ) ;
#3754 = CARTESIAN_POINT ( 'NONE',  ( 6.506845511609998134, 8.278279974712999589, -3.799385146840999816 ) ) ;
#3755 = CARTESIAN_POINT ( 'NONE',  ( 4.355549094746811178, 3.231658523586814269, -3.204329745494865378 ) ) ;
#3756 = EDGE_CURVE ( 'NONE', #2635, #584, #7334, .T. ) ;
#3757 = ORIENTED_EDGE ( 'NONE', *, *, #2387, .F. ) ;
#3758 = CARTESIAN_POINT ( 'NONE',  ( 4.566344350010921538, 3.011402528347415064, -2.997442009185225853 ) ) ;
#3759 = CARTESIAN_POINT ( 'NONE',  ( 1.175641640757048911, 3.004754657211301971, -2.843992023109795042 ) ) ;
#3760 = CARTESIAN_POINT ( 'NONE',  ( 6.021289417827199841, 2.711637246974070159, -3.732590078369860009 ) ) ;
#3761 = CARTESIAN_POINT ( 'NONE',  ( 3.916468035160002525, 8.116224330368003947, -3.560319815589999326 ) ) ;
#3762 = ORIENTED_EDGE ( 'NONE', *, *, #5544, .T. ) ;
#3763 = CARTESIAN_POINT ( 'NONE',  ( 5.731664628572151088, 3.071022006922388137, -2.722788617557764024 ) ) ;
#3764 = EDGE_CURVE ( 'NONE', #9381, #6453, #1112, .T. ) ;
#3765 = CARTESIAN_POINT ( 'NONE',  ( 1.753222700031320080, 2.670002976677069650, -4.449993869428159776 ) ) ;
#3766 = CARTESIAN_POINT ( 'NONE',  ( 2.333494579009399938, 2.739019655216070159, -4.027116674210160063 ) ) ;
#3767 = CARTESIAN_POINT ( 'NONE',  ( 4.327947662742199775, 3.202688679531069837, -2.997789508462860297 ) ) ;
#3768 = CARTESIAN_POINT ( 'NONE',  ( 4.879223194033411204, 3.123578489290189886, -2.742805216422604886 ) ) ;
#3769 = CARTESIAN_POINT ( 'NONE',  ( 6.009987224159000441, 3.605981068625069952, -3.773542120012479906 ) ) ;
#3770 = CARTESIAN_POINT ( 'NONE',  ( 2.429691751707383940, 2.917295108410549620, -2.713547012140346215 ) ) ;
#3771 = CARTESIAN_POINT ( 'NONE',  ( 4.818340638228700179, 2.624507058347070210, -4.220337308188359948 ) ) ;
#3772 = CARTESIAN_POINT ( 'NONE',  ( 1.751042907655960157, 3.150638534245069788, -2.638017388498460125 ) ) ;
#3773 = CARTESIAN_POINT ( 'NONE',  ( 1.729315826921649979, 2.748934798873069685, -2.638366479894459715 ) ) ;
#3774 = ORIENTED_EDGE ( 'NONE', *, *, #5629, .F. ) ;
#3775 = CARTESIAN_POINT ( 'NONE',  ( 6.053194820221171391, 3.102352876003764859, -3.661361479370631944 ) ) ;
#3776 = EDGE_CURVE ( 'NONE', #8526, #10157, #6407, .T. ) ;
#3777 = FACE_OUTER_BOUND ( 'NONE', #8465, .T. ) ;
#3778 = ORIENTED_EDGE ( 'NONE', *, *, #9162, .F. ) ;
#3779 = DIRECTION ( 'NONE',  ( 0.000000000000000000, -2.284321894503000260E-14, 1.000000000000000000 ) ) ;
#3780 = VERTEX_POINT ( 'NONE', #6599 ) ;
#3781 = CARTESIAN_POINT ( 'NONE',  ( 2.703222577964000006, 2.250294765869069735, -1.549999999994079891 ) ) ;
#3782 = CARTESIAN_POINT ( 'NONE',  ( 2.615502534773000320, 3.156349130765069955, -3.704786819869080094 ) ) ;
#3783 = VERTEX_POINT ( 'NONE', #4324 ) ;
#3784 = ORIENTED_EDGE ( 'NONE', *, *, #6523, .F. ) ;
#3785 = ADVANCED_FACE ( 'NONE', ( #9062 ), #4165, .T. ) ;
#3786 = CARTESIAN_POINT ( 'NONE',  ( 2.852606276642002392, 8.083447266359003791, -2.555631906642999329 ) ) ;
#3787 = CARTESIAN_POINT ( 'NONE',  ( 5.398693119839734322, 2.942987015711426846, -4.249999919766003664 ) ) ;
#3788 = CARTESIAN_POINT ( 'NONE',  ( 5.784285806500800042, 2.796194061858070068, -2.835758719678360240 ) ) ;
#3789 = CARTESIAN_POINT ( 'NONE',  ( 6.053222577959600059, 2.742401317444509878, -1.256882331665519992 ) ) ;
#3790 = ORIENTED_EDGE ( 'NONE', *, *, #990, .T. ) ;
#3791 = DIRECTION ( 'NONE',  ( 1.000000000000000000, 0.000000000000000000, 0.000000000000000000 ) ) ;
#3792 = CARTESIAN_POINT ( 'NONE',  ( 6.009641911695267069, 2.708663470895678937, -3.737408858149375401 ) ) ;
#3793 = ORIENTED_EDGE ( 'NONE', *, *, #2772, .T. ) ;
#3794 = ORIENTED_EDGE ( 'NONE', *, *, #2444, .T. ) ;
#3795 = CARTESIAN_POINT ( 'NONE',  ( 1.111227174643699911, 3.008860745290069971, -3.947154304378060363 ) ) ;
#3796 = CARTESIAN_POINT ( 'NONE',  ( 5.959468929120939507, 2.885681333438339990, -3.825787294211199896 ) ) ;
#3797 = CARTESIAN_POINT ( 'NONE',  ( 0.3532225779620510320, 0.8000000014230710388, -1.649999999987080024 ) ) ;
#3798 = ORIENTED_EDGE ( 'NONE', *, *, #953, .F. ) ;
#3799 = EDGE_CURVE ( 'NONE', #2823, #2950, #956, .T. ) ;
#3800 = DIRECTION ( 'NONE',  ( 0.000000000000000000, -1.000000000000000000, 0.000000000000000000 ) ) ;
#3801 = ADVANCED_FACE ( 'NONE', ( #10004 ), #9804, .F. ) ;
#3802 = CARTESIAN_POINT ( 'NONE',  ( 6.263099931070003734, 8.277943859677996841, -4.271807307183996372 ) ) ;
#3803 = CARTESIAN_POINT ( 'NONE',  ( 4.355417664368531838, 3.197677148322650265, -3.695271321581955704 ) ) ;
#3804 = CARTESIAN_POINT ( 'NONE',  ( 4.837701332217400285, 3.551846782887069676, -4.292299948048180269 ) ) ;
#3805 = ORIENTED_EDGE ( 'NONE', *, *, #925, .F. ) ;
#3806 = CARTESIAN_POINT ( 'NONE',  ( 5.253222577959999917, 6.220001019719070712, -3.449999998694359693 ) ) ;
#3807 = CARTESIAN_POINT ( 'NONE',  ( 2.160217142888040343, 3.108690256364880167, -2.761269794977180059 ) ) ;
#3808 = CARTESIAN_POINT ( 'NONE',  ( 5.565647110502299988, 2.725416889840070134, -4.285083152572059184 ) ) ;
#3809 = CARTESIAN_POINT ( 'NONE',  ( 3.956752972980001282, 8.116270351137996997, -3.090474076991002850 ) ) ;
#3810 = ORIENTED_EDGE ( 'NONE', *, *, #9075, .F. ) ;
#3811 = CARTESIAN_POINT ( 'NONE',  ( 1.177181825639096235, 3.005724475766978099, -4.005136965275498007 ) ) ;
#3812 = VECTOR ( 'NONE', #37, 1000.000000000000000 ) ;
#3813 = CARTESIAN_POINT ( 'NONE',  ( 2.549999999158999664, 1.019498085952000108E-06, -0.3499999999999999778 ) ) ;
#3814 = DIRECTION ( 'NONE',  ( 0.000000000000000000, 1.000000000000000000, 0.000000000000000000 ) ) ;
#3815 = EDGE_CURVE ( 'NONE', #5218, #3461, #623, .T. ) ;
#3816 = CARTESIAN_POINT ( 'NONE',  ( 6.249625697243500255, 2.990021996099070378, -3.710401266013360289 ) ) ;
#3817 = LINE ( 'NONE', #4711, #4415 ) ;
#3818 = CARTESIAN_POINT ( 'NONE',  ( 5.755678412895000484, 3.077252935787070154, -2.738750064148280039 ) ) ;
#3819 = CARTESIAN_POINT ( 'NONE',  ( 4.960742467370319098, 3.154687979960059785, -4.363014567973579894 ) ) ;
#3820 = CARTESIAN_POINT ( 'NONE',  ( 4.746932290379000108, 2.706466418189069856, -4.346827993434859927 ) ) ;
#3821 = CARTESIAN_POINT ( 'NONE',  ( 1.053804348267999957, 3.049840425211069572, -3.991621920859059980 ) ) ;
#3822 = CARTESIAN_POINT ( 'NONE',  ( 2.331786382688000092, 2.837173741779070113, -2.780818341389759585 ) ) ;
#3823 = ORIENTED_EDGE ( 'NONE', *, *, #6395, .F. ) ;
#3824 = CARTESIAN_POINT ( 'NONE',  ( 7.000000000000000000, 1.019498654400000011E-06, -6.250000000000000000 ) ) ;
#3825 = EDGE_CURVE ( 'NONE', #1244, #7133, #322, .T. ) ;
#3826 = CARTESIAN_POINT ( 'NONE',  ( 0.9767267650277009494, 2.670001019719070001, -3.257505187079360098 ) ) ;
#3827 = LINE ( 'NONE', #2035, #1527 ) ;
#3828 = ORIENTED_EDGE ( 'NONE', *, *, #8128, .F. ) ;
#3829 = CARTESIAN_POINT ( 'NONE',  ( 1.753222577960000139, 7.270001019719069646, -3.449999998694359693 ) ) ;
#3830 = VERTEX_POINT ( 'NONE', #1845 ) ;
#3831 = PLANE ( 'NONE',  #861 ) ;
#3832 = CARTESIAN_POINT ( 'NONE',  ( 0.8585360156000020337, 3.344393713216070374, -3.360674736581749755 ) ) ;
#3833 = VERTEX_POINT ( 'NONE', #3481 ) ;
#3834 = VERTEX_POINT ( 'NONE', #3385 ) ;
#3835 = CIRCLE ( 'NONE', #7033, 0.2000016170005001759 ) ;
#3836 = CARTESIAN_POINT ( 'NONE',  ( 1.131685245055998656, 8.117236933879997451, -2.258600031735001235 ) ) ;
#3837 = DIRECTION ( 'NONE',  ( 0.000000000000000000, 0.9999999999962179142, 2.750292350632569864E-06 ) ) ;
#3838 = CARTESIAN_POINT ( 'NONE',  ( 5.229315826921649979, 2.748934798873069685, -2.638366479894459715 ) ) ;
#3839 = ORIENTED_EDGE ( 'NONE', *, *, #7171, .F. ) ;
#3840 = FACE_OUTER_BOUND ( 'NONE', #8012, .T. ) ;
#3841 = CARTESIAN_POINT ( 'NONE',  ( 5.250000000000000000, 8.500001019718999018, -2.149999999579999876 ) ) ;
#3842 = ORIENTED_EDGE ( 'NONE', *, *, #716, .T. ) ;
#3843 = EDGE_LOOP ( 'NONE', ( #43, #9201, #9839, #671, #63 ) ) ;
#3844 = VECTOR ( 'NONE', #4166, 1000.000000000000000 ) ;
#3845 = CARTESIAN_POINT ( 'NONE',  ( 1.751042907655960157, 3.150638534245069788, -2.638017388498460125 ) ) ;
#3846 = DIRECTION ( 'NONE',  ( 0.000000000000000000, 1.000000000000000000, 0.000000000000000000 ) ) ;
#3847 = LINE ( 'NONE', #2315, #8210 ) ;
#3848 = EDGE_LOOP ( 'NONE', ( #8582, #3898, #6271, #2994 ) ) ;
#3849 = CARTESIAN_POINT ( 'NONE',  ( 1.753222577960000139, 2.370001019719070179, -2.749999998694359959 ) ) ;
#3850 = CARTESIAN_POINT ( 'NONE',  ( 6.054893897856780782, 2.760135025714329782, -3.788402509491759940 ) ) ;
#3851 = AXIS2_PLACEMENT_3D ( 'NONE', #2971, #10073, #500 ) ;
#3852 = PLANE ( 'NONE',  #4762 ) ;
#3853 = CARTESIAN_POINT ( 'NONE',  ( 5.682632236936999703, 3.312178773214070393, -2.660054860254580156 ) ) ;
#3854 = VERTEX_POINT ( 'NONE', #1795 ) ;
#3855 = CYLINDRICAL_SURFACE ( 'NONE', #998, 0.7999999999999999334 ) ;
#3856 = CARTESIAN_POINT ( 'NONE',  ( 5.253222577959999917, 8.090000782891999975, -3.449999999580000143 ) ) ;
#3857 = EDGE_CURVE ( 'NONE', #2357, #477, #5020, .T. ) ;
#3858 = CARTESIAN_POINT ( 'NONE',  ( 0.9199570720233556376, 3.341743398537952547, -3.606026984767987553 ) ) ;
#3859 = CIRCLE ( 'NONE', #1505, 1.300000000000000044 ) ;
#3860 = CARTESIAN_POINT ( 'NONE',  ( 6.583546930390006047, 8.119933055211005168, -3.560141303369997789 ) ) ;
#3861 = EDGE_LOOP ( 'NONE', ( #7851, #2255, #3875, #5376, #8537, #283 ) ) ;
#3862 = DIRECTION ( 'NONE',  ( 0.9578262854893679901, 0.000000000000000000, 0.2873478846722899438 ) ) ;
#3863 = CARTESIAN_POINT ( 'NONE',  ( 5.253223012018873206, 2.954554108147587232, -4.249999998694242720 ) ) ;
#3864 = DIRECTION ( 'NONE',  ( 0.000000000000000000, 0.000000000000000000, 1.000000000000000000 ) ) ;
#3865 = CARTESIAN_POINT ( 'NONE',  ( 5.549669253456300133, 2.813544110287069522, -2.616537620928859997 ) ) ;
#3866 = LINE ( 'NONE', #10290, #8446 ) ;
#3867 = CARTESIAN_POINT ( 'NONE',  ( 6.000935117741000191, 3.103285876076069982, -4.189098791043280201 ) ) ;
#3868 = VECTOR ( 'NONE', #8936, 1000.000000000000000 ) ;
#3869 = DIRECTION ( 'NONE',  ( 0.000000000000000000, -1.000000000000000000, 0.000000000000000000 ) ) ;
#3870 = EDGE_CURVE ( 'NONE', #9474, #4894, #1174, .T. ) ;
#3871 = CARTESIAN_POINT ( 'NONE',  ( 4.316178274367800327, 2.800984944159069734, -3.022710889064259998 ) ) ;
#3872 = CARTESIAN_POINT ( 'NONE',  ( 2.552134428391899856, 3.367601301879069808, -3.936686496238959609 ) ) ;
#3873 = CARTESIAN_POINT ( 'NONE',  ( 1.817764429413970095, 2.545631157653069909, -4.241544293378059827 ) ) ;
#3874 = VECTOR ( 'NONE', #10283, 1000.000000000000114 ) ;
#3875 = ORIENTED_EDGE ( 'NONE', *, *, #888, .T. ) ;
#3876 = CARTESIAN_POINT ( 'NONE',  ( 1.627404424026000163, 3.048462156238069820, -4.230351675170379799 ) ) ;
#3877 = LINE ( 'NONE', #2407, #10293 ) ;
#3878 = CARTESIAN_POINT ( 'NONE',  ( 4.453222577959000006, 2.043309880632290021, -4.497034178085270284 ) ) ;
#3879 = ORIENTED_EDGE ( 'NONE', *, *, #6468, .F. ) ;
#3880 = AXIS2_PLACEMENT_3D ( 'NONE', #8614, #9247, #2876 ) ;
#3881 = CARTESIAN_POINT ( 'NONE',  ( 6.653222577959999384, 4.600000002413000111, -1.949994380535180039 ) ) ;
#3882 = VERTEX_POINT ( 'NONE', #8271 ) ;
#3883 = AXIS2_PLACEMENT_3D ( 'NONE', #3751, #5276, #3695 ) ;
#3884 = CARTESIAN_POINT ( 'NONE',  ( 5.553222577960000628, 7.270001019719069646, -4.560180164253153201 ) ) ;
#3885 = EDGE_CURVE ( 'NONE', #3899, #324, #3434, .T. ) ;
#3886 = CARTESIAN_POINT ( 'NONE',  ( 1.070166574813300020, 3.417936486174069977, -2.990863702840679927 ) ) ;
#3887 = VERTEX_POINT ( 'NONE', #6647 ) ;
#3888 = ORIENTED_EDGE ( 'NONE', *, *, #716, .F. ) ;
#3889 = VECTOR ( 'NONE', #527, 1000.000000000000000 ) ;
#3890 = VECTOR ( 'NONE', #6965, 1000.000000000000000 ) ;
#3891 = CARTESIAN_POINT ( 'NONE',  ( 3.043210932129998714, 8.193303574609002382, -3.522244051823998578 ) ) ;
#3892 = CARTESIAN_POINT ( 'NONE',  ( -0.4999999982212999794, 3.800001019718999729, -2.299999998059000017 ) ) ;
#3893 = CARTESIAN_POINT ( 'NONE',  ( 5.246252300919709732, 2.674188666407070425, -4.459355016176359321 ) ) ;
#3894 = CARTESIAN_POINT ( 'NONE',  ( 3.950001366057951824, 8.261300779607264388, -3.508158433466310733 ) ) ;
#3895 = VERTEX_POINT ( 'NONE', #2688 ) ;
#3896 = LINE ( 'NONE', #7114, #7419 ) ;
#3897 = CARTESIAN_POINT ( 'NONE',  ( 5.405974270394816372, 3.166714952880592016, -2.660936441356029913 ) ) ;
#3898 = ORIENTED_EDGE ( 'NONE', *, *, #4109, .T. ) ;
#3899 = VERTEX_POINT ( 'NONE', #5907 ) ;
#3900 = AXIS2_PLACEMENT_3D ( 'NONE', #3462, #7567, #359 ) ;
#3901 = CARTESIAN_POINT ( 'NONE',  ( 1.403629327723100007, 3.208968262595069731, -2.558880540515859892 ) ) ;
#3902 = CARTESIAN_POINT ( 'NONE',  ( 2.447683143740199796, 3.283053125945070150, -3.835269438832260125 ) ) ;
#3903 = FACE_OUTER_BOUND ( 'NONE', #6404, .T. ) ;
#3904 = ORIENTED_EDGE ( 'NONE', *, *, #3489, .T. ) ;
#3905 = LINE ( 'NONE', #5593, #9943 ) ;
#3906 = CARTESIAN_POINT ( 'NONE',  ( 2.053222577960000184, 7.175924997443616782, -2.156821394748890341 ) ) ;
#3907 = CARTESIAN_POINT ( 'NONE',  ( 6.499999999250099414, 0.7000000014231949619, -1.549999999994079891 ) ) ;
#3908 = EDGE_CURVE ( 'NONE', #6939, #7414, #3029, .T. ) ;
#3909 = CARTESIAN_POINT ( 'NONE',  ( 4.629554798418100248, 3.167008411395069611, -4.196512431821180833 ) ) ;
#3910 = ORIENTED_EDGE ( 'NONE', *, *, #1956, .F. ) ;
#3911 = CARTESIAN_POINT ( 'NONE',  ( 3.853219263496999947, 4.400000001423070017, -3.449999999994080024 ) ) ;
#3912 = CARTESIAN_POINT ( 'NONE',  ( 5.553222577960000628, 7.123654220544582749, -2.133755340585542282 ) ) ;
#3913 = VECTOR ( 'NONE', #903, 1000.000000000000000 ) ;
#3914 = CARTESIAN_POINT ( 'NONE',  ( 4.554840515159303216, 2.894878144266174402, -3.965725885771437031 ) ) ;
#3915 = CARTESIAN_POINT ( 'NONE',  ( 6.537125481019995910, 8.193292969774002898, -3.276113310740000006 ) ) ;
#3916 = ORIENTED_EDGE ( 'NONE', *, *, #453, .T. ) ;
#3917 = DIRECTION ( 'NONE',  ( -1.000000000000000000, 0.000000000000000000, 0.000000000000000000 ) ) ;
#3918 = CARTESIAN_POINT ( 'NONE',  ( 0.4986275792770999971, 8.189645647259000683, -3.797834970541000388 ) ) ;
#3919 = CARTESIAN_POINT ( 'NONE',  ( 2.065647110502299988, 2.725416889840070134, -4.285083152572059184 ) ) ;
#3921 = ADVANCED_FACE ( 'NONE', ( #4379 ), #1953, .F. ) ;
#3920 = CARTESIAN_POINT ( 'NONE',  ( 4.835267947815599321, 2.985231113798069824, -4.146156898168059435 ) ) ;
#3922 = CARTESIAN_POINT ( 'NONE',  ( 2.484226815058440341, 2.857269622599039938, -3.776229595047720267 ) ) ;
#3923 = ADVANCED_FACE ( 'NONE', ( #10050, #4638, #2842 ), #4526, .F. ) ;
#3924 = CARTESIAN_POINT ( 'NONE',  ( 5.798209599893999311, 3.035050926572070207, -2.678545162699379922 ) ) ;
#3925 = DIRECTION ( 'NONE',  ( 1.000000000000000000, 0.000000000000000000, 0.000000000000000000 ) ) ;
#3926 = CARTESIAN_POINT ( 'NONE',  ( 6.204079787497099652, 2.925412684685070097, -3.339637421079659774 ) ) ;
#3927 = CARTESIAN_POINT ( 'NONE',  ( 1.054977560506300094, 3.226318311023070429, -2.692978273802960398 ) ) ;
#3928 = LINE ( 'NONE', #2342, #4045 ) ;
#3929 = EDGE_CURVE ( 'NONE', #939, #9, #10266, .T. ) ;
#3930 = ORIENTED_EDGE ( 'NONE', *, *, #7821, .F. ) ;
#3931 = CARTESIAN_POINT ( 'NONE',  ( 6.553222577958000450, 4.400000001423070017, -1.649999999994079980 ) ) ;
#3932 = DIRECTION ( 'NONE',  ( 1.000000000000000000, 0.000000000000000000, 0.000000000000000000 ) ) ;
#3933 = EDGE_CURVE ( 'NONE', #8253, #5286, #3748, .T. ) ;
#3934 = EDGE_CURVE ( 'NONE', #1739, #270, #8155, .T. ) ;
#3935 = FACE_OUTER_BOUND ( 'NONE', #3050, .T. ) ;
#3936 = CARTESIAN_POINT ( 'NONE',  ( 1.898836602563564790, 3.060721037907653930, -4.442860268208947971 ) ) ;
#3937 = DIRECTION ( 'NONE',  ( 0.000000000000000000, 0.000000000000000000, 1.000000000000000000 ) ) ;
#3938 = EDGE_LOOP ( 'NONE', ( #10247, #2097, #9458, #2018 ) ) ;
#3939 = FACE_OUTER_BOUND ( 'NONE', #8117, .T. ) ;
#3940 = DIRECTION ( 'NONE',  ( 0.000000000000000000, 1.000000000000000000, 1.070816960479510155E-15 ) ) ;
#3941 = ORIENTED_EDGE ( 'NONE', *, *, #1678, .T. ) ;
#3942 = VERTEX_POINT ( 'NONE', #7842 ) ;
#3943 = CARTESIAN_POINT ( 'NONE',  ( 1.020992995853863050, 3.256964743782820637, -2.875332560311311791 ) ) ;
#3944 = DIRECTION ( 'NONE',  ( 0.000000000000000000, -1.000000000000000000, 0.000000000000000000 ) ) ;
#3945 = ADVANCED_FACE ( 'NONE', ( #6063 ), #9477, .T. ) ;
#3946 = CARTESIAN_POINT ( 'NONE',  ( 5.358434352879999807, 2.584022019884069987, -4.308077935452759633 ) ) ;
#3947 = VERTEX_POINT ( 'NONE', #1316 ) ;
#3948 = CARTESIAN_POINT ( 'NONE',  ( 6.499999999249999938, 8.500001019718999018, -1.599999998521000055 ) ) ;
#3949 = DIRECTION ( 'NONE',  ( 0.000000000000000000, -1.000000000000000000, -1.239088197940549937E-15 ) ) ;
#3950 = EDGE_LOOP ( 'NONE', ( #6183, #7301, #8094, #1149, #1660, #4426 ) ) ;
#3951 = B_SPLINE_SURFACE_WITH_KNOTS ( 'NONE', 3, 3, ( 
 ( #1992, #1103, #9842, #5111 ),
 ( #2584, #5793, #2679, #7373 ),
 ( #6685, #6590, #5896, #313 ),
 ( #3524, #2630, #9996, #997 ),
 ( #5841, #9052, #4998, #9110 ),
 ( #5209, #946, #8363, #9795 ),
 ( #1895, #4158, #8261, #4315 ),
 ( #6740, #9007, #6639, #1788 ),
 ( #8206, #216, #1836, #2735 ),
 ( #5052, #4266, #9163, #1945 ),
 ( #4369, #7577, #370, #3583 ),
 ( #6796, #2783, #3633, #8516 ),
 ( #7679, #5311, #8413, #6161 ),
 ( #2889, #9308, #1305, #1364 ),
 ( #3048, #9469, #8569, #6895 ),
 ( #10200, #10041, #2832, #6951 ),
 ( #524, #3737, #6843, #2940 ),
 ( #4627, #4576, #10095, #7052 ),
 ( #6269, #6112, #2101, #2049 ),
 ( #577, #2259, #1208, #2206 ),
 ( #7785, #10151, #4421, #4517 ),
 ( #7729, #6052, #9358, #2152 ),
 ( #5424, #5364, #8628, #1416 ),
 ( #3788, #7000, #7631, #7833 ),
 ( #629, #2992, #6213, #5264 ),
 ( #3838, #418, #10256, #9258 ),
 ( #9412, #8467, #1255, #4466 ),
 ( #465, #3682, #7161, #2305 ),
 ( #95, #5525, #7110, #4792 ),
 ( #4044, #10315, #8728, #3101 ),
 ( #9727, #1519, #9628, #7887 ),
 ( #9519, #4740, #2418, #9572 ),
 ( #7943, #8888, #47, #2362 ),
 ( #10362, #5632, #1574, #3147 ),
 ( #2464, #738, #3261, #3893 ),
 ( #5474, #4889, #6317, #5582 ),
 ( #8788, #3946, #6364, #8836 ) ),
 .UNSPECIFIED., .F., .F., .F.,
 ( 4, 1, 1, 1, 1, 1, 1, 1, 1, 1, 1, 1, 1, 1, 1, 1, 1, 1, 1, 1, 1, 1, 1, 1, 1, 1, 1, 1, 1, 1, 1, 1, 1, 1, 4 ),
 ( 4, 4 ),
 ( 0.000000000000000000, 0.01045846005544039982, 0.02269762908908700208, 0.05451778011859410161, 0.08633793114810110747, 0.1181580821775790047, 0.1499782332070860036, 0.1817983842365930025, 0.2136185352660999737, 0.2454386862957049775, 0.2772588373251139715, 0.3090789883546209982, 0.3408991393842260020, 0.3727192904136349960, 0.4045394414432399999, 0.4363595924727470265, 0.4681797435021559650, 0.4999998945317610244, 0.5318200455612690503, 0.5636401965906779887, 0.5954603476202829926, 0.6272804986498879964, 0.6591006496791990132, 0.6909208007088040171, 0.7227409517384090210, 0.7545611027678180704, 0.7863812537973249306, 0.8182014048267339801, 0.8500215558563389839, 0.8818417068858459551, 0.9136618579152550046, 0.9454820089448600084, 0.9773021599744649013, 0.9895415334842950772, 1.000000000000000000 ),
 ( 0.000000000000000000, 1.000000000000000000 ),
 .UNSPECIFIED. ) ;
#3952 = CARTESIAN_POINT ( 'NONE',  ( 1.436556906857899829, 2.725305167381070426, -2.702307980264760268 ) ) ;
#3953 = CARTESIAN_POINT ( 'NONE',  ( 2.706693430536500244, 3.327116420057069757, -3.365119720870149767 ) ) ;
#3954 = CARTESIAN_POINT ( 'NONE',  ( 1.380230233200766099, 3.183394131475924649, -4.390326255855415027 ) ) ;
#3955 = ORIENTED_EDGE ( 'NONE', *, *, #6189, .F. ) ;
#3956 = CARTESIAN_POINT ( 'NONE',  ( 3.949999005892438575, 8.189659232447199955, -3.449999956403622559 ) ) ;
#3957 = EDGE_CURVE ( 'NONE', #1173, #2788, #2355, .T. ) ;
#3958 = CYLINDRICAL_SURFACE ( 'NONE', #4552, 0.9499999999999998446 ) ;
#3959 = CARTESIAN_POINT ( 'NONE',  ( 6.499999999250099414, 3.341743398537949883, -5.349994381111779163 ) ) ;
#3960 = CARTESIAN_POINT ( 'NONE',  ( 6.132262845685001018, 3.427908908276069866, -2.873345514026780290 ) ) ;
#3961 = ORIENTED_EDGE ( 'NONE', *, *, #3141, .T. ) ;
#3962 = CARTESIAN_POINT ( 'NONE',  ( 3.500000000000000000, 0.000000000000000000, -6.299999999999999822 ) ) ;
#3963 = CARTESIAN_POINT ( 'NONE',  ( 1.779610758302102136, 8.263243437341916575, -2.150001166889363269 ) ) ;
#3964 = CARTESIAN_POINT ( 'NONE',  ( 4.207608528800001579, 8.116632100386002691, -2.604319952319002152 ) ) ;
#3965 = VERTEX_POINT ( 'NONE', #426 ) ;
#3966 = EDGE_CURVE ( 'NONE', #9503, #6350, #6851, .T. ) ;
#3967 = DIRECTION ( 'NONE',  ( 0.000000000000000000, 0.000000000000000000, 1.000000000000000000 ) ) ;
#3968 = CARTESIAN_POINT ( 'NONE',  ( 2.641537438082998790, 8.277774742291997612, -4.402316477684995455 ) ) ;
#3969 = LINE ( 'NONE', #3173, #8605 ) ;
#3970 = CARTESIAN_POINT ( 'NONE',  ( 4.512336119841499738, 2.689116369761070047, -4.056131896465760001 ) ) ;
#3971 = CARTESIAN_POINT ( 'NONE',  ( 6.012295726080889580, 2.822214599355239883, -3.706875579685710242 ) ) ;
#3972 = CARTESIAN_POINT ( 'NONE',  ( 6.188491616672999740, 3.114147121550069564, -3.726353662420479829 ) ) ;
#3973 = CARTESIAN_POINT ( 'NONE',  ( 6.553222577959000539, 0.8000000014230710388, -5.249999999994080291 ) ) ;
#3974 = FACE_OUTER_BOUND ( 'NONE', #2056, .T. ) ;
#3975 = CARTESIAN_POINT ( 'NONE',  ( 1.456677804281099942, 3.127008902752069996, -2.694102057680560325 ) ) ;
#3976 = VECTOR ( 'NONE', #346, 1000.000000000000000 ) ;
#3977 = DIRECTION ( 'NONE',  ( 1.000000000000000000, 0.000000000000000000, 0.000000000000000000 ) ) ;
#3978 = FACE_OUTER_BOUND ( 'NONE', #1639, .T. ) ;
#3979 = VERTEX_POINT ( 'NONE', #1425 ) ;
#3980 = FACE_OUTER_BOUND ( 'NONE', #7156, .T. ) ;
#3981 = FACE_OUTER_BOUND ( 'NONE', #1349, .T. ) ;
#3982 = DIRECTION ( 'NONE',  ( 0.000000000000000000, 0.000000000000000000, 1.000000000000000000 ) ) ;
#3983 = DIRECTION ( 'NONE',  ( 0.000000000000000000, 1.000000000000000000, 1.070816960479510155E-15 ) ) ;
#3984 = ORIENTED_EDGE ( 'NONE', *, *, #4013, .T. ) ;
#3985 = CARTESIAN_POINT ( 'NONE',  ( 2.553222577959600059, 2.043309874169090268, -4.497034213565268779 ) ) ;
#3986 = CARTESIAN_POINT ( 'NONE',  ( 5.147596113282057573, 2.977091866266110998, -2.649999998694290593 ) ) ;
#3987 = B_SPLINE_CURVE_WITH_KNOTS ( 'NONE', 3,
 ( #10035, #2881, #6102, #9252, #4258, #1201, #362, #1830, #6789, #2824 ),
 .UNSPECIFIED., .F., .F.,
 ( 4, 2, 2, 2, 4 ),
 ( 4.685560040319374404E-17, 0.0004018940887062187194, 0.0008037881774123906012, 0.001205682266118562537, 0.001607576354824734365 ),
 .UNSPECIFIED. ) ;
#3988 = EDGE_CURVE ( 'NONE', #10185, #6477, #6170, .T. ) ;
#3989 = ORIENTED_EDGE ( 'NONE', *, *, #4366, .T. ) ;
#3990 = ORIENTED_EDGE ( 'NONE', *, *, #3421, .T. ) ;
#3991 = CYLINDRICAL_SURFACE ( 'NONE', #365, 0.4000000000000001887 ) ;
#3992 = CARTESIAN_POINT ( 'NONE',  ( 1.750000000000000000, 8.300001019718999729, -1.949999999579999921 ) ) ;
#3993 = CARTESIAN_POINT ( 'NONE',  ( 6.070820201814994377, 3.177813782052547165, -3.492759509321538669 ) ) ;
#3994 = PERSON_AND_ORGANIZATION ( #3295, #5944 ) ;
#3995 = ORIENTED_EDGE ( 'NONE', *, *, #8036, .T. ) ;
#3997 = ADVANCED_FACE ( 'NONE', ( #7738 ), #535, .T. ) ;
#3996 = CARTESIAN_POINT ( 'NONE',  ( 6.049999999159999753, 0.7000000014235999712, -0.3499999999999999778 ) ) ;
#3998 = CARTESIAN_POINT ( 'NONE',  ( 4.669694344615799686, 2.836607075541070166, -2.806513235092280123 ) ) ;
#3999 = ORIENTED_EDGE ( 'NONE', *, *, #9004, .T. ) ;
#4000 = CARTESIAN_POINT ( 'NONE',  ( 0.7738738050297010451, 2.753725681174070239, -3.768597270595960058 ) ) ;
#4001 = EDGE_CURVE ( 'NONE', #9491, #2308, #1496, .T. ) ;
#4002 = CARTESIAN_POINT ( 'NONE',  ( 2.610976808975199681, 3.303486788564069965, -3.025069062547359966 ) ) ;
#4003 = CARTESIAN_POINT ( 'NONE',  ( 4.202063527750100391, 2.852580546235070180, -3.468080754297590218 ) ) ;
#4004 = ORIENTED_EDGE ( 'NONE', *, *, #9141, .T. ) ;
#4005 = CARTESIAN_POINT ( 'NONE',  ( 5.253222577959999917, -3.199999998577366611, -3.849999999994160316 ) ) ;
#4006 = B_SPLINE_CURVE_WITH_KNOTS ( 'NONE', 3,
 ( #4009, #7224, #8059, #5001, #8961, #9798, #949, #848 ),
 .UNSPECIFIED., .F., .F.,
 ( 4, 1, 1, 1, 1, 4 ),
 ( 0.01946394725626159755, 0.1308335276388229995, 0.3511391140916959586, 0.5714447005445689731, 0.7917502869974409885, 0.9902888900944930572 ),
 .UNSPECIFIED. ) ;
#4007 = CARTESIAN_POINT ( 'NONE',  ( 6.499999999250099414, 0.7000000014231949619, -1.549999999994079891 ) ) ;
#4008 = CARTESIAN_POINT ( 'NONE',  ( 5.559436271153999520, 3.101476150016070132, -4.335159680548180461 ) ) ;
#4009 = CARTESIAN_POINT ( 'NONE',  ( 2.337927048512609574, 2.999040839061089869, -2.638953792440410062 ) ) ;
#4010 = VECTOR ( 'NONE', #5266, 1000.000000000000000 ) ;
#4011 = EDGE_LOOP ( 'NONE', ( #7741, #8531, #7754, #5094 ) ) ;
#4012 = CARTESIAN_POINT ( 'NONE',  ( 0.5000000007595999385, 4.700001019498999177, -5.700000000180000193 ) ) ;
#4013 = EDGE_CURVE ( 'NONE', #6848, #10185, #8423, .T. ) ;
#4014 = CARTESIAN_POINT ( 'NONE',  ( 4.519595219989340329, 2.854450379407004856, -4.029040042814239442 ) ) ;
#4015 = CARTESIAN_POINT ( 'NONE',  ( 4.984094605740003736, 8.276135387718996483, -2.172883085121999347 ) ) ;
#4016 = ORIENTED_EDGE ( 'NONE', *, *, #2277, .T. ) ;
#4017 = CARTESIAN_POINT ( 'NONE',  ( 0.000000000000000000, 8.500001019718999018, -1.400000001619999823 ) ) ;
#4018 = VECTOR ( 'NONE', #6171, 1000.000000000000000 ) ;
#4019 = CARTESIAN_POINT ( 'NONE',  ( 1.476757714230000351, 8.117723335005004870, -4.764187018130000340 ) ) ;
#4020 = CARTESIAN_POINT ( 'NONE',  ( 1.460843842211998922, 8.081638975563995686, -2.060028514067998806 ) ) ;
#4021 = CARTESIAN_POINT ( 'NONE',  ( 6.663598701509997113, 8.083844512000998961, -3.370902720884999759 ) ) ;
#4022 = DIRECTION ( 'NONE',  ( -1.000000000000000000, 0.000000000000000000, 0.000000000000000000 ) ) ;
#4023 = VECTOR ( 'NONE', #4497, 1000.000000000000000 ) ;
#4024 = DIRECTION ( 'NONE',  ( -0.9998966258754280467, 0.000000000000000000, 0.01437837135889001756 ) ) ;
#4025 = CARTESIAN_POINT ( 'NONE',  ( 1.753222577960000361, 2.754533156597672949, -2.649999998694358538 ) ) ;
#4026 = CARTESIAN_POINT ( 'NONE',  ( 2.631936623468700276, 2.884433004764070052, -3.348010818746059769 ) ) ;
#4027 = CARTESIAN_POINT ( 'NONE',  ( 2.512902720943000379, 2.554557472837069909, -3.013879758036179801 ) ) ;
#4028 = LINE ( 'NONE', #7300, #1706 ) ;
#4029 = ORIENTED_EDGE ( 'NONE', *, *, #3857, .F. ) ;
#4030 = CARTESIAN_POINT ( 'NONE',  ( 5.660217142885879404, 3.108690256364480486, -2.761269794976789704 ) ) ;
#4031 = AXIS2_PLACEMENT_3D ( 'NONE', #3518, #2778, #8462 ) ;
#4032 = DIRECTION ( 'NONE',  ( 0.000000000000000000, 6.420456820245000015E-10, 1.000000000000000000 ) ) ;
#4033 = LINE ( 'NONE', #9560, #6575 ) ;
#4034 = FACE_BOUND ( 'NONE', #4685, .T. ) ;
#4035 = ADVANCED_FACE ( 'NONE', ( #6121 ), #5887, .T. ) ;
#4036 = VERTEX_POINT ( 'NONE', #1217 ) ;
#4037 = PLANE ( 'NONE',  #1197 ) ;
#4038 = DIRECTION ( 'NONE',  ( 0.000000000000000000, 1.000000000000000000, 0.000000000000000000 ) ) ;
#4039 = TOROIDAL_SURFACE ( 'NONE', #2014, 1.149999999999999911, 0.2000000000000000111 ) ;
#4040 = ORIENTED_EDGE ( 'NONE', *, *, #7113, .F. ) ;
#4041 = VERTEX_POINT ( 'NONE', #1373 ) ;
#4042 = CARTESIAN_POINT ( 'NONE',  ( 3.040354013633998154, 8.193305325698002406, -3.556559870244003108 ) ) ;
#4043 = CARTESIAN_POINT ( 'NONE',  ( 0.3000000002593999349, 0.7000000014231999579, 0.000000000000000000 ) ) ;
#4044 = CARTESIAN_POINT ( 'NONE',  ( 4.442539929912700636, 2.654416272903070251, -3.404020585248739739 ) ) ;
#4045 = VECTOR ( 'NONE', #5560, 1000.000000000000000 ) ;
#4046 = VERTEX_POINT ( 'NONE', #4586 ) ;
#4047 = EDGE_CURVE ( 'NONE', #2837, #5681, #9316, .T. ) ;
#4048 = LINE ( 'NONE', #8890, #4899 ) ;
#4049 = CARTESIAN_POINT ( 'NONE',  ( 4.592731603453100497, 2.828986730304070107, -2.876439474827780174 ) ) ;
#4050 = ORIENTED_EDGE ( 'NONE', *, *, #7333, .T. ) ;
#4051 = CARTESIAN_POINT ( 'NONE',  ( 0.8161782743678008822, 2.800984944159069734, -3.022710889064259998 ) ) ;
#4052 = AXIS2_PLACEMENT_3D ( 'NONE', #2294, #3982, #5621 ) ;
#4053 = DIRECTION ( 'NONE',  ( 0.9573209005442995245, 0.000000000000000000, 0.2890271499029998803 ) ) ;
#4054 = VECTOR ( 'NONE', #6466, 1000.000000000000000 ) ;
#4055 = LINE ( 'NONE', #5639, #6209 ) ;
#4056 = ORIENTED_EDGE ( 'NONE', *, *, #2423, .T. ) ;
#4057 = EDGE_CURVE ( 'NONE', #6670, #1938, #1996, .T. ) ;
#4058 = B_SPLINE_CURVE_WITH_KNOTS ( 'NONE', 3,
 ( #605, #6243, #9604, #8762, #7970, #658 ),
 .UNSPECIFIED., .F., .F.,
 ( 4, 2, 4 ),
 ( 0.002084699672352252620, 0.002505027278184592497, 0.002925354884016932375 ),
 .UNSPECIFIED. ) ;
#4059 = CARTESIAN_POINT ( 'NONE',  ( 6.587912566229340960, 8.126112860258299264, -3.449998965603401579 ) ) ;
#4060 = LINE ( 'NONE', #8056, #5246 ) ;
#4061 = CARTESIAN_POINT ( 'NONE',  ( 5.727193719828999718, 2.917475179757070158, -2.728340082105579878 ) ) ;
#4062 = EDGE_CURVE ( 'NONE', #5974, #1227, #54, .T. ) ;
#4063 = AXIS2_PLACEMENT_3D ( 'NONE', #9166, #4318, #1106 ) ;
#4064 = DIRECTION ( 'NONE',  ( 1.000000000000000000, 0.000000000000000000, 0.000000000000000000 ) ) ;
#4065 = VECTOR ( 'NONE', #5807, 1000.000000000000000 ) ;
#4066 = ORIENTED_EDGE ( 'NONE', *, *, #7606, .F. ) ;
#4067 = DIRECTION ( 'NONE',  ( 1.000000000000000000, 0.000000000000000000, 0.000000000000000000 ) ) ;
#4068 = CARTESIAN_POINT ( 'NONE',  ( 4.537143547691080414, 2.874579013954579931, -3.997516471495325074 ) ) ;
#4069 = CARTESIAN_POINT ( 'NONE',  ( 4.134266329859995537, 8.274892555593005739, -2.774078280452001000 ) ) ;
#4070 = ORIENTED_EDGE ( 'NONE', *, *, #1883, .T. ) ;
#4071 = LINE ( 'NONE', #168, #10257 ) ;
#4072 = VECTOR ( 'NONE', #2543, 1000.000000000000000 ) ;
#4073 = CARTESIAN_POINT ( 'NONE',  ( 2.185731982926998995, 8.192101680759996896, -4.673543694105000590 ) ) ;
#4074 = CARTESIAN_POINT ( 'NONE',  ( 0.6532218267510010445, 4.600000044661520349, -1.664155459221080102 ) ) ;
#4075 = CARTESIAN_POINT ( 'NONE',  ( 5.222900859429720377, 2.871873838636070264, -2.420578515728360358 ) ) ;
#4076 = CARTESIAN_POINT ( 'NONE',  ( 7.000000000000000000, 1.019498654399000089E-06, -5.849999999902000702 ) ) ;
#4077 = EDGE_CURVE ( 'NONE', #8990, #1615, #5684, .T. ) ;
#4078 = ORIENTED_EDGE ( 'NONE', *, *, #5092, .F. ) ;
#4079 = VECTOR ( 'NONE', #444, 1000.000000000000000 ) ;
#4080 = CARTESIAN_POINT ( 'NONE',  ( 6.053222577959600059, 2.318420117542259629, -1.398893285059599867 ) ) ;
#4081 = CARTESIAN_POINT ( 'NONE',  ( 4.695236240553599671, 3.341432636544070078, -2.851308376997660154 ) ) ;
#4082 = CARTESIAN_POINT ( 'NONE',  ( 1.722900859429719933, 2.871873838636070264, -2.420578515728360358 ) ) ;
#4083 = CARTESIAN_POINT ( 'NONE',  ( 2.253170890897714163, 2.570001019719070356, -3.457189184373805180 ) ) ;
#4084 = CARTESIAN_POINT ( 'NONE',  ( 6.053222577959600059, 2.043309874169090268, -4.497034213565268779 ) ) ;
#4085 = EDGE_LOOP ( 'NONE', ( #2663, #5116, #104, #4304, #7960, #7530 ) ) ;
#4086 = CARTESIAN_POINT ( 'NONE',  ( 1.859160898690700003, 3.314227105791069938, -2.491010170021059622 ) ) ;
#4087 = AXIS2_PLACEMENT_3D ( 'NONE', #5126, #3599, #7746 ) ;
#4088 = CARTESIAN_POINT ( 'NONE',  ( 1.118326725286402867, 3.328660286653976730, -2.936021727434487527 ) ) ;
#4089 = CARTESIAN_POINT ( 'NONE',  ( 2.307434206735000437, 3.001877323247070350, -2.606167362978779600 ) ) ;
#4090 = CARTESIAN_POINT ( 'NONE',  ( 5.253222577959999917, 8.090000782819998904, -3.449999999580000143 ) ) ;
#4091 = VERTEX_POINT ( 'NONE', #4900 ) ;
#4092 = DIRECTION ( 'NONE',  ( -1.000000000000000000, 0.000000000000000000, 0.000000000000000000 ) ) ;
#4093 = B_SPLINE_CURVE_WITH_KNOTS ( 'NONE', 3,
 ( #10279, #648, #3759, #5444, #10220, #8592, #2912, #4597, #10170, #3069 ),
 .UNSPECIFIED., .F., .F.,
 ( 4, 3, 3, 4 ),
 ( 0.000000000000000000, 6.541799445566465340E-05, 0.0001307420799340776297, 0.0002317766335953377064 ),
 .UNSPECIFIED. ) ;
#4094 = CARTESIAN_POINT ( 'NONE',  ( 5.991519618836999683, 3.326621621958070207, -3.899760758630160140 ) ) ;
#4095 = ORIENTED_EDGE ( 'NONE', *, *, #4001, .T. ) ;
#4096 = ORIENTED_EDGE ( 'NONE', *, *, #6717, .F. ) ;
#4097 = EDGE_CURVE ( 'NONE', #2774, #4684, #5590, .T. ) ;
#4098 = CARTESIAN_POINT ( 'NONE',  ( 0.5525240196857998942, 8.274771315020002405, -2.932519185372000070 ) ) ;
#4099 = CARTESIAN_POINT ( 'NONE',  ( 5.250847948581840008, 3.191618214166069833, -2.565390176209159989 ) ) ;
#4100 = LINE ( 'NONE', #7314, #10091 ) ;
#4101 = ORIENTED_EDGE ( 'NONE', *, *, #2577, .T. ) ;
#4102 = DIRECTION ( 'NONE',  ( -1.000000000000000000, -1.275646255181390067E-12, 1.753900063683230031E-13 ) ) ;
#4103 = FACE_OUTER_BOUND ( 'NONE', #358, .T. ) ;
#4104 = ORIENTED_EDGE ( 'NONE', *, *, #6547, .T. ) ;
#4105 = CARTESIAN_POINT ( 'NONE',  ( 5.882041032674230507, 2.962395426598828596, -2.774835921212979173 ) ) ;
#4106 = CARTESIAN_POINT ( 'NONE',  ( 1.034970436504700109, 2.824614575652069970, -2.711933704251360044 ) ) ;
#4107 = FACE_OUTER_BOUND ( 'NONE', #8837, .T. ) ;
#4108 = CARTESIAN_POINT ( 'NONE',  ( 4.620993385809399889, 2.939116295383069843, -3.927307720022580106 ) ) ;
#4109 = EDGE_CURVE ( 'NONE', #9984, #8841, #7168, .T. ) ;
#4110 = VERTEX_POINT ( 'NONE', #6325 ) ;
#4111 = CARTESIAN_POINT ( 'NONE',  ( 3.042095942023172572, 8.265013781315069252, -3.625731733221340125 ) ) ;
#4112 = LINE ( 'NONE', #7173, #4572 ) ;
#4113 = CARTESIAN_POINT ( 'NONE',  ( 5.529624012834999824, 3.059735592879069710, -4.268082508431979782 ) ) ;
#4114 = DIRECTION ( 'NONE',  ( 0.000000000000000000, 0.000000000000000000, -1.000000000000000000 ) ) ;
#4115 = VERTEX_POINT ( 'NONE', #8896 ) ;
#4116 = CARTESIAN_POINT ( 'NONE',  ( 4.953222577959999207, 6.670001019719070001, -4.766244656803360513 ) ) ;
#4117 = CARTESIAN_POINT ( 'NONE',  ( 0.9532225779590010051, 1.845643536008249930, -4.466570813945359042 ) ) ;
#4118 = CARTESIAN_POINT ( 'NONE',  ( 6.653222577958999295, 4.400000001423070017, -1.649999999997080025 ) ) ;
#4119 = EDGE_CURVE ( 'NONE', #2884, #1294, #9413, .T. ) ;
#4120 = B_SPLINE_SURFACE_WITH_KNOTS ( 'NONE', 3, 3, ( 
 ( #847, #4113, #3218, #8009 ),
 ( #7223, #107, #4008, #999 ),
 ( #947, #1633, #4159, #4211 ),
 ( #217, #4999, #5794, #9008 ),
 ( #6436, #8849, #6640, #3427 ),
 ( #5643, #4853, #5691, #9690 ),
 ( #798, #6591, #6, #3323 ),
 ( #7428, #6535, #7374, #8058 ),
 ( #9843, #9642, #2631, #8207 ),
 ( #1789, #4061, #2430, #7279 ) ),
 .UNSPECIFIED., .F., .F., .F.,
 ( 4, 1, 1, 1, 1, 1, 1, 4 ),
 ( 4, 4 ),
 ( 0.000000000000000000, 0.009711372227553090319, 0.2082497130025590115, 0.4285552994554310269, 0.6488608859083040414, 0.8691664723611769450, 0.9805856042883570600, 1.000000000000000000 ),
 ( 0.000000000000000000, 1.000000000000000000 ),
 .UNSPECIFIED. ) ;
#4121 = ORIENTED_EDGE ( 'NONE', *, *, #4119, .F. ) ;
#4122 = ADVANCED_FACE ( 'NONE', ( #8108 ), #5638, .T. ) ;
#4123 = DIRECTION ( 'NONE',  ( -1.000000000000000000, 0.000000000000000000, 0.000000000000000000 ) ) ;
#4124 = CARTESIAN_POINT ( 'NONE',  ( 2.014813529735001829, 8.191859190826001225, -4.721531319340997790 ) ) ;
#4125 = CARTESIAN_POINT ( 'NONE',  ( 6.506431109958341175, 8.264964068014785781, -3.100779022404739127 ) ) ;
#4126 = CARTESIAN_POINT ( 'NONE',  ( 6.553266796490004431, 8.083701904938994431, -4.013139665520998101 ) ) ;
#4127 = CARTESIAN_POINT ( 'NONE',  ( 2.381813537938820335, 2.962596315179670370, -2.774033022378619595 ) ) ;
#4128 = ORIENTED_EDGE ( 'NONE', *, *, #8171, .F. ) ;
#4129 = CARTESIAN_POINT ( 'NONE',  ( 4.476726765027699173, 2.670001019719070001, -3.257505187079360098 ) ) ;
#4130 = CARTESIAN_POINT ( 'NONE',  ( 1.917082617613121043, 2.767599377974198305, -2.649999998694255066 ) ) ;
#4131 = CARTESIAN_POINT ( 'NONE',  ( 2.098346297473900002, 2.895503470129070056, -2.479681693023759959 ) ) ;
#4132 = ADVANCED_FACE ( 'NONE', ( #5483 ), #10370, .F. ) ;
#4133 = DIRECTION ( 'NONE',  ( -1.000000000000000000, 0.000000000000000000, 0.000000000000000000 ) ) ;
#4134 = DIRECTION ( 'NONE',  ( 1.000000000000000000, 0.000000000000000000, 0.000000000000000000 ) ) ;
#4135 = ORIENTED_EDGE ( 'NONE', *, *, #589, .F. ) ;
#4136 = CARTESIAN_POINT ( 'NONE',  ( 2.249392787808000005, 3.341609514033069939, -2.622533934728259908 ) ) ;
#4137 = CARTESIAN_POINT ( 'NONE',  ( 4.433899404232675145, 2.731137294137223837, -4.023308556859775287 ) ) ;
#4138 = CARTESIAN_POINT ( 'NONE',  ( 5.253222700031310310, 2.670002976677069650, -4.449993869428159776 ) ) ;
#4139 = CARTESIAN_POINT ( 'NONE',  ( 6.499999999250079874, 6.077466218894486794, -3.544084105575260324 ) ) ;
#4140 = DIRECTION ( 'NONE',  ( 0.000000000000000000, 0.000000000000000000, 1.000000000000000000 ) ) ;
#4141 = CARTESIAN_POINT ( 'NONE',  ( 4.834754212090887293, 2.818805889676218257, -4.162968534094955153 ) ) ;
#4142 = ADVANCED_FACE ( 'NONE', ( #4107 ), #5804, .F. ) ;
#4143 = ORIENTED_EDGE ( 'NONE', *, *, #1040, .F. ) ;
#4144 = ORIENTED_EDGE ( 'NONE', *, *, #9584, .T. ) ;
#4145 = CARTESIAN_POINT ( 'NONE',  ( 4.526220694961905266, 3.315788202644182725, -3.078005313562534262 ) ) ;
#4146 = FACE_OUTER_BOUND ( 'NONE', #6411, .T. ) ;
#4147 = AXIS2_PLACEMENT_3D ( 'NONE', #8367, #7684, #8266 ) ;
#4148 = CARTESIAN_POINT ( 'NONE',  ( 7.000000000000000000, 8.500001019718999018, -5.500000000078999918 ) ) ;
#4149 = EDGE_LOOP ( 'NONE', ( #7210, #5316, #6389, #2291 ) ) ;
#4150 = CARTESIAN_POINT ( 'NONE',  ( 5.250000000000000000, 8.500001019718999018, -3.449999999580000143 ) ) ;
#4151 = CARTESIAN_POINT ( 'NONE',  ( 4.953222577959999207, 7.070001019719070356, -2.133755340585450799 ) ) ;
#4152 = ORIENTED_EDGE ( 'NONE', *, *, #4187, .F. ) ;
#4153 = CARTESIAN_POINT ( 'NONE',  ( 6.162219478207999757, 2.624725708993070228, -3.005580449658079800 ) ) ;
#4154 = CARTESIAN_POINT ( 'NONE',  ( 1.202700687871200103, 3.103379271260070293, -2.853136404385760105 ) ) ;
#4155 = CARTESIAN_POINT ( 'NONE',  ( 4.673220409276900078, 2.991185345124069972, -2.810393581350679959 ) ) ;
#4156 = VERTEX_POINT ( 'NONE', #721 ) ;
#4157 = CARTESIAN_POINT ( 'NONE',  ( 1.224788387623270136, 2.789250674638430016, -2.867268285957739860 ) ) ;
#4158 = CARTESIAN_POINT ( 'NONE',  ( 5.849485913072999921, 3.238877477151070217, -2.796539684489660171 ) ) ;
#4159 = CARTESIAN_POINT ( 'NONE',  ( 5.696503601479999901, 3.091600919948070292, -4.287088433108979579 ) ) ;
#4160 = CARTESIAN_POINT ( 'NONE',  ( 3.953222577960799899, 0.8000000014230710388, -5.349999999994079936 ) ) ;
#4161 = CARTESIAN_POINT ( 'NONE',  ( 0.000000000000000000, 4.700001019498999177, -6.299999999999999822 ) ) ;
#4162 = EDGE_LOOP ( 'NONE', ( #5903, #6883, #2432, #4016, #7445 ) ) ;
#4163 = VERTEX_POINT ( 'NONE', #5997 ) ;
#4164 = CARTESIAN_POINT ( 'NONE',  ( 2.199999999159000019, 1.019498648082000104E-06, -4.000000000000000000 ) ) ;
#4165 = PLANE ( 'NONE',  #4713 ) ;
#4166 = DIRECTION ( 'NONE',  ( 0.000000000000000000, -1.000000000000000000, 0.000000000000000000 ) ) ;
#4167 = ORIENTED_EDGE ( 'NONE', *, *, #9675, .T. ) ;
#4168 = CARTESIAN_POINT ( 'NONE',  ( 1.753222577963000184, 0.8000000014230710388, -3.849999999994080380 ) ) ;
#4169 = LINE ( 'NONE', #8325, #7923 ) ;
#4170 = DIRECTION ( 'NONE',  ( 0.000000000000000000, 1.000000000000000000, 0.000000000000000000 ) ) ;
#4171 = CARTESIAN_POINT ( 'NONE',  ( 6.464322254439998083, 8.083589188900999645, -4.185559978182002538 ) ) ;
#4172 = VECTOR ( 'NONE', #5571, 1000.000000000000114 ) ;
#4173 = CARTESIAN_POINT ( 'NONE',  ( 1.253274265022286116, 2.370001019719070179, -3.442810813014915094 ) ) ;
#4174 = ORIENTED_EDGE ( 'NONE', *, *, #5490, .T. ) ;
#4175 = EDGE_CURVE ( 'NONE', #1060, #678, #3928, .T. ) ;
#4176 = CARTESIAN_POINT ( 'NONE',  ( 3.153222577959999828, 2.713752781398320213, -1.459820166552729948 ) ) ;
#4177 = CARTESIAN_POINT ( 'NONE',  ( 4.428715993976499732, 3.273065054684070052, -3.110645500432560162 ) ) ;
#4178 = AXIS2_PLACEMENT_3D ( 'NONE', #2483, #5803, #6443 ) ;
#4179 = CARTESIAN_POINT ( 'NONE',  ( 1.930400214945100057, 2.978951530734069930, -4.316688092273460065 ) ) ;
#4180 = DIRECTION ( 'NONE',  ( -0.9998966258754281577, 0.000000000000000000, 0.01437837135889047553 ) ) ;
#4181 = DIRECTION ( 'NONE',  ( 0.3421692587881529080, 0.9308817853022458566, -0.1279816398272409783 ) ) ;
#4182 = CARTESIAN_POINT ( 'NONE',  ( 2.174093578491699930, 3.423579861271070168, -2.748110882146860057 ) ) ;
#4183 = CARTESIAN_POINT ( 'NONE',  ( 3.199999999741000245, 4.700001019498999177, -5.400000000000000355 ) ) ;
#4184 = CARTESIAN_POINT ( 'NONE',  ( 1.753222577959534734, 3.185429472045778088, -4.249999998694359071 ) ) ;
#4185 = VECTOR ( 'NONE', #5982, 1000.000000000000000 ) ;
#4186 = DIRECTION ( 'NONE',  ( 0.000000000000000000, -1.000000000000000000, 0.000000000000000000 ) ) ;
#4187 = EDGE_CURVE ( 'NONE', #5260, #677, #8926, .T. ) ;
#4188 = CARTESIAN_POINT ( 'NONE',  ( 6.053222577959600059, 2.516840480107620071, -1.424464079162300001 ) ) ;
#4189 = CARTESIAN_POINT ( 'NONE',  ( 6.249832768319000031, 3.386878788324070300, -3.659379101610260143 ) ) ;
#4190 = VECTOR ( 'NONE', #6917, 1000.000000000000000 ) ;
#4191 = VERTEX_POINT ( 'NONE', #5024 ) ;
#4192 = CARTESIAN_POINT ( 'NONE',  ( 5.957050705583590400, 2.888358999913069880, -2.829621170538269670 ) ) ;
#4193 = CARTESIAN_POINT ( 'NONE',  ( 5.980818245599899718, 3.221527428722069875, -3.089549537469860052 ) ) ;
#4194 = DIRECTION ( 'NONE',  ( 0.000000000000000000, 1.000000000000000000, -6.783766867469280393E-24 ) ) ;
#4195 = ORIENTED_EDGE ( 'NONE', *, *, #1554, .F. ) ;
#4196 = EDGE_CURVE ( 'NONE', #6066, #6415, #2863, .T. ) ;
#4197 = CARTESIAN_POINT ( 'NONE',  ( 7.000000000000000000, 4.750001019718999906, -2.149999998344000129 ) ) ;
#4198 = LINE ( 'NONE', #9730, #2323 ) ;
#4199 = ORIENTED_EDGE ( 'NONE', *, *, #3799, .T. ) ;
#4200 = AXIS2_PLACEMENT_3D ( 'NONE', #8373, #1163, #3691 ) ;
#4201 = B_SPLINE_CURVE_WITH_KNOTS ( 'NONE', 3,
 ( #45, #4677, #8886, #93, #1667, #5523, #5580, #1572, #3145, #4737, #3943, #6420, #8041, #4887, #7992, #782 ),
 .UNSPECIFIED., .F., .F.,
 ( 4, 2, 2, 2, 2, 2, 2, 4 ),
 ( 2.168404344971008868E-19, 0.0003672562865421508419, 0.0007345125730843014671, 0.001101768859626454369, 0.001469025146168607271, 0.001836281432710760173, 0.002203537719252912641, 0.002938050292337218011 ),
 .UNSPECIFIED. ) ;
#4202 = CARTESIAN_POINT ( 'NONE',  ( 6.258263098874999208, 2.639405497422069757, -3.218873436100380125 ) ) ;
#4203 = CARTESIAN_POINT ( 'NONE',  ( 2.098026588600399922, 3.256227525579070470, -2.557016532341159998 ) ) ;
#4204 = LINE ( 'NONE', #4995, #7883 ) ;
#4205 = B_SPLINE_CURVE_WITH_KNOTS ( 'NONE', 3,
 ( #8994, #5940, #5098, #1091 ),
 .UNSPECIFIED., .F., .F.,
 ( 4, 4 ),
 ( 0.000000000000000000, 0.0002414035042821054730 ),
 .UNSPECIFIED. ) ;
#4206 = VERTEX_POINT ( 'NONE', #1652 ) ;
#4207 = CIRCLE ( 'NONE', #3397, 0.2000016170005001759 ) ;
#4208 = VECTOR ( 'NONE', #7450, 1000.000000000000000 ) ;
#4209 = CARTESIAN_POINT ( 'NONE',  ( 0.8487969137554020049, 2.782405276087070334, -3.465556825782770023 ) ) ;
#4210 = DIRECTION ( 'NONE',  ( 0.000000000000000000, -1.000000000000000000, 1.166601537591715646E-12 ) ) ;
#4211 = CARTESIAN_POINT ( 'NONE',  ( 5.731097728299999083, 3.133801991693069944, -4.352415712822380378 ) ) ;
#4212 = CARTESIAN_POINT ( 'NONE',  ( 5.253222577959999917, 6.070001019719070356, -4.249999998694359959 ) ) ;
#4213 = LINE ( 'NONE', #7430, #7259 ) ;
#4214 = FACE_OUTER_BOUND ( 'NONE', #7037, .T. ) ;
#4215 = VERTEX_POINT ( 'NONE', #8819 ) ;
#4216 = VECTOR ( 'NONE', #4303, 1000.000000000000000 ) ;
#4217 = VECTOR ( 'NONE', #4671, 1000.000000000000000 ) ;
#4218 = CARTESIAN_POINT ( 'NONE',  ( 2.269157681423479733, 3.048397808382779850, -4.278489666833479532 ) ) ;
#4219 = CARTESIAN_POINT ( 'NONE',  ( 5.253222700031310310, 2.670002976677069650, -4.449993869428159776 ) ) ;
#4220 = CARTESIAN_POINT ( 'NONE',  ( 2.134362874537412136, 3.341743398537950327, -2.609761872596755516 ) ) ;
#4221 = VERTEX_POINT ( 'NONE', #7396 ) ;
#4222 = CARTESIAN_POINT ( 'NONE',  ( 6.499999999249999938, 4.750001019718999906, -1.599999998521000055 ) ) ;
#4223 = FACE_BOUND ( 'NONE', #471, .T. ) ;
#4224 = ADVANCED_FACE ( 'NONE', ( #6556 ), #8067, .T. ) ;
#4225 = CARTESIAN_POINT ( 'NONE',  ( 2.160217142888040343, 3.108690256364880167, -2.761269794977180059 ) ) ;
#4226 = CIRCLE ( 'NONE', #5913, 0.7000000000000000666 ) ;
#4227 = CARTESIAN_POINT ( 'NONE',  ( 4.279878526110001857, 8.080726921340005475, -4.486580074127003215 ) ) ;
#4228 = LINE ( 'NONE', #1756, #8792 ) ;
#4229 = ORIENTED_EDGE ( 'NONE', *, *, #6777, .F. ) ;
#4230 = B_SPLINE_CURVE_WITH_KNOTS ( 'NONE', 3,
 ( #960, #2643, #1801, #229 ),
 .UNSPECIFIED., .F., .F.,
 ( 4, 4 ),
 ( 0.000000000000000000, 1.000000000000000000 ),
 .UNSPECIFIED. ) ;
#4231 = DIRECTION ( 'NONE',  ( 1.000000000000000000, 0.000000000000000000, 0.000000000000000000 ) ) ;
#4232 = VECTOR ( 'NONE', #240, 1000.000000000000000 ) ;
#4233 = CARTESIAN_POINT ( 'NONE',  ( 6.163119507330799607, 2.985638206885070201, -3.129107340771259516 ) ) ;
#4234 = CARTESIAN_POINT ( 'NONE',  ( 1.136274372248500031, 2.742655215809069791, -2.816032273752960169 ) ) ;
#4235 = DIRECTION ( 'NONE',  ( -0.000000000000000000, 1.000000000000000000, 0.000000000000000000 ) ) ;
#4236 = EDGE_CURVE ( 'NONE', #9431, #8799, #8868, .T. ) ;
#4237 = CARTESIAN_POINT ( 'NONE',  ( 2.267191032397000150, 3.395347142520070083, -4.092801289003679344 ) ) ;
#4238 = EDGE_CURVE ( 'NONE', #9156, #2915, #4890, .T. ) ;
#4239 = CARTESIAN_POINT ( 'NONE',  ( 2.609638296838100224, 3.328006748658070002, -2.863428200986359862 ) ) ;
#4240 = LINE ( 'NONE', #4933, #8783 ) ;
#4241 = VECTOR ( 'NONE', #5771, 1000.000000000000000 ) ;
#4242 = DIRECTION ( 'NONE',  ( 1.000000000000000000, 0.000000000000000000, 0.000000000000000000 ) ) ;
#4243 = PLANE ( 'NONE',  #1785 ) ;
#4244 = CARTESIAN_POINT ( 'NONE',  ( 2.053222577959999740, 7.070001019719070356, -4.766244656803360513 ) ) ;
#4245 = CARTESIAN_POINT ( 'NONE',  ( 5.624187459073699991, 3.297207205500070071, -2.489264348267960170 ) ) ;
#4246 = VECTOR ( 'NONE', #10328, 1000.000000000000000 ) ;
#4247 = ADVANCED_FACE ( 'NONE', ( #9761 ), #5816, .F. ) ;
#4248 = VERTEX_POINT ( 'NONE', #1603 ) ;
#4249 = EDGE_CURVE ( 'NONE', #1158, #6025, #9662, .T. ) ;
#4250 = CARTESIAN_POINT ( 'NONE',  ( 4.746023899315811256, 3.341743398537102117, -2.831332478630804061 ) ) ;
#4251 = CARTESIAN_POINT ( 'NONE',  ( 6.175599178412799262, 3.400373748932069784, -3.859960279797260085 ) ) ;
#4252 = LINE ( 'NONE', #6628, #2535 ) ;
#4253 = ORIENTED_EDGE ( 'NONE', *, *, #9527, .T. ) ;
#4254 = DIRECTION ( 'NONE',  ( -1.000000000000000000, 0.000000000000000000, -2.627777777309999972E-13 ) ) ;
#4255 = CIRCLE ( 'NONE', #8129, 0.1000000000000002554 ) ;
#4256 = CARTESIAN_POINT ( 'NONE',  ( 6.003067294616809768, 8.264266544163987760, -4.514642571864799336 ) ) ;
#4257 = ORIENTED_EDGE ( 'NONE', *, *, #8568, .F. ) ;
#4258 = CARTESIAN_POINT ( 'NONE',  ( 5.056030859062472516, 2.857436027896145703, -2.460580494617978786 ) ) ;
#4260 = B_SPLINE_CURVE_WITH_KNOTS ( 'NONE', 3,
 ( #7077, #7755, #6184, #9382, #2175, #5497 ),
 .UNSPECIFIED., .F., .F.,
 ( 4, 2, 4 ),
 ( 6.644947659598813948E-17, 0.0001586563170653919200, 0.0003173126341307173784 ),
 .UNSPECIFIED. ) ;
#4259 =( BOUNDED_SURFACE ( )  B_SPLINE_SURFACE ( 3, 3, ( 
 ( #8126, #4021, #809, #962, #6549, #4126, #4171, #21, #9754, #3237, #1068, #5174, #6809, #7443, #10010, #1014, #231, #2750, #3440, #4227, #6653, #2796, #9176, #8378, #4281, #9908, #1225, #1853 ),
 ( #5071, #6018, #9223, #9857, #1169, #9021, #2009, #5226, #2646, #9069, #6758, #3487, #7490, #5856, #8432, #4385, #6700, #4434, #278, #9961, #5915, #2695, #7596, #7644, #8279, #431, #9128, #1910 ),
 ( #9810, #5125, #8327, #3647, #2599, #1118, #5809, #5013, #4329, #5966, #1803, #7538, #329, #8220, #3542, #1959, #385, #3598, #10212, #8481, #1478, #7900, #7014, #5326, #591, #8640, #1269, #4480 ),
 ( #6282, #7694, #6966, #6174, #3754, #481, #2115, #3802, #5437, #1429, #2954, #5380, #8585, #6226, #542, #10166, #3005, #10271, #9372, #3698, #2165, #4643, #9427, #9322, #2222, #1379, #4591, #6912 ) ),
 .UNSPECIFIED., .F., .F., .T. ) 
 B_SPLINE_SURFACE_WITH_KNOTS ( ( 4, 4 ),
 ( 4, 1, 1, 1, 1, 1, 1, 1, 1, 1, 1, 1, 1, 1, 1, 1, 1, 1, 1, 1, 1, 1, 1, 1, 1, 4 ),
 ( 0.000000000000000000, 1.000000000000000000 ),
 ( 0.000000000000000000, 0.02421942804920360071, 0.06565922834292230170, 0.1070564377993710042, 0.1484491328414679900, 0.1898446715638530125, 0.2312263172400529920, 0.2726404859762279753, 0.3140448509748650086, 0.3554112267907430511, 0.3967979049205379583, 0.4381758523404159500, 0.4795409889609459908, 0.5209176911528599074, 0.5622803503316510243, 0.6036436376583900199, 0.6450300836589839548, 0.6863905519973070302, 0.7277309272787799710, 0.7690785131841380018, 0.8104355486263559172, 0.8517901827126159731, 0.8931470699649559641, 0.9344851945195449261, 0.9758412327697399968, 1.000000000000000000 ),
 .UNSPECIFIED. ) 
 GEOMETRIC_REPRESENTATION_ITEM ( )  RATIONAL_B_SPLINE_SURFACE ( (
 ( 1.095922813965999998, 1.095922813965999998, 1.095922813965999998, 1.095922813965999998, 1.095922813965999998, 1.095922813965999998, 1.095922813965999998, 1.095922813965999998, 1.095922813965999998, 1.095922813965999998, 1.095922813965999998, 1.095922813965999998, 1.095922813965999998, 1.095922813965999998, 1.095922813965999998, 1.095922813965999998, 1.095922813965999998, 1.095922813965999998, 1.095922813965999998, 1.095922813965999998, 1.095922813965999998, 1.095922813965999998, 1.095922813965999998, 1.095922813965999998, 1.095922813965999998, 1.095922813965999998, 1.095922813965999998, 1.095922813965999998),
 ( 0.9681640348143999431, 0.9681640348143999431, 0.9681640348143999431, 0.9681640348143999431, 0.9681640348143999431, 0.9681640348143999431, 0.9681640348143999431, 0.9681640348143999431, 0.9681640348143999431, 0.9681640348143999431, 0.9681640348143999431, 0.9681640348143999431, 0.9681640348143999431, 0.9681640348143999431, 0.9681640348143999431, 0.9681640348143999431, 0.9681640348143999431, 0.9681640348143999431, 0.9681640348143999431, 0.9681640348143999431, 0.9681640348143999431, 0.9681640348143999431, 0.9681640348143999431, 0.9681640348143999431, 0.9681640348143999431, 0.9681640348143999431, 0.9681640348143999431, 0.9681640348143999431),
 ( 0.9680258782402999529, 0.9680258782402999529, 0.9680258782402999529, 0.9680258782402999529, 0.9680258782402999529, 0.9680258782402999529, 0.9680258782402999529, 0.9680258782402999529, 0.9680258782402999529, 0.9680258782402999529, 0.9680258782402999529, 0.9680258782402999529, 0.9680258782402999529, 0.9680258782402999529, 0.9680258782402999529, 0.9680258782402999529, 0.9680258782402999529, 0.9680258782402999529, 0.9680258782402999529, 0.9680258782402999529, 0.9680258782402999529, 0.9680258782402999529, 0.9680258782402999529, 0.9680258782402999529, 0.9680258782402999529, 0.9680258782402999529, 0.9680258782402999529, 0.9680258782402999529),
 ( 1.095508344243999899, 1.095508344243999899, 1.095508344243999899, 1.095508344243999899, 1.095508344243999899, 1.095508344243999899, 1.095508344243999899, 1.095508344243999899, 1.095508344243999899, 1.095508344243999899, 1.095508344243999899, 1.095508344243999899, 1.095508344243999899, 1.095508344243999899, 1.095508344243999899, 1.095508344243999899, 1.095508344243999899, 1.095508344243999899, 1.095508344243999899, 1.095508344243999899, 1.095508344243999899, 1.095508344243999899, 1.095508344243999899, 1.095508344243999899, 1.095508344243999899, 1.095508344243999899, 1.095508344243999899, 1.095508344243999899) ) ) 
 REPRESENTATION_ITEM ( '' )  SURFACE ( )  );
#4261 = CARTESIAN_POINT ( 'NONE',  ( 0.9532225779590010051, 2.240976201065830065, -4.527497685406180139 ) ) ;
#4262 = CARTESIAN_POINT ( 'NONE',  ( 1.616232143551600053, 2.961601482305070476, -4.250346250277660332 ) ) ;
#4263 = EDGE_LOOP ( 'NONE', ( #5669, #1045, #1704, #251, #1114 ) ) ;
#4264 = EDGE_CURVE ( 'NONE', #8402, #600, #3545, .T. ) ;
#4265 = CARTESIAN_POINT ( 'NONE',  ( 1.150606039936900027, 2.697285895225070007, -3.973364877254680572 ) ) ;
#4266 = CARTESIAN_POINT ( 'NONE',  ( 4.930153566002100085, 3.167988582673070042, -2.626491299098160148 ) ) ;
#4267 = LINE ( 'NONE', #4371, #3070 ) ;
#4268 = CARTESIAN_POINT ( 'NONE',  ( 6.653222577958999295, 4.400000001423070017, -5.249999999992080113 ) ) ;
#4269 = CARTESIAN_POINT ( 'NONE',  ( 4.100000000260000554, 4.700001019498999177, -5.400000000000000355 ) ) ;
#4270 = CARTESIAN_POINT ( 'NONE',  ( 1.222316713988299997, 3.033386646049069935, -2.864535295500579615 ) ) ;
#4271 = ORIENTED_EDGE ( 'NONE', *, *, #10273, .F. ) ;
#4272 = ORIENTED_EDGE ( 'NONE', *, *, #7599, .T. ) ;
#4273 = CARTESIAN_POINT ( 'NONE',  ( 4.981330689395838007, 3.341743398537950327, -2.487834211394013728 ) ) ;
#4274 = CARTESIAN_POINT ( 'NONE',  ( 7.500000000759999175, 1.019498654400000011E-06, -6.399999999722000510 ) ) ;
#4275 = CARTESIAN_POINT ( 'NONE',  ( 2.539989784513000171, 2.766010639440069419, -3.269069184519380222 ) ) ;
#4276 = ORIENTED_EDGE ( 'NONE', *, *, #4236, .F. ) ;
#4277 = EDGE_CURVE ( 'NONE', #2821, #4970, #80, .T. ) ;
#4278 = DIRECTION ( 'NONE',  ( 0.000000000000000000, -1.000000000000000000, 0.000000000000000000 ) ) ;
#4279 = CARTESIAN_POINT ( 'NONE',  ( 1.353701801848829822, 3.112812160233970005, -4.336841123881679749 ) ) ;
#4280 = CARTESIAN_POINT ( 'NONE',  ( 0.4567529729829998275, 8.116270351137993444, -3.090474076992000274 ) ) ;
#4281 = CARTESIAN_POINT ( 'NONE',  ( 3.843049975310002697, 8.080133672618000418, -3.640106668524001332 ) ) ;
#4282 = DIRECTION ( 'NONE',  ( 0.000000000000000000, 6.420456820245000015E-10, 1.000000000000000000 ) ) ;
#4283 = VERTEX_POINT ( 'NONE', #2497 ) ;
#4284 = ORIENTED_EDGE ( 'NONE', *, *, #9148, .T. ) ;
#4285 = FACE_OUTER_BOUND ( 'NONE', #8093, .T. ) ;
#4286 = ADVANCED_FACE ( 'NONE', ( #5711 ), #8924, .T. ) ;
#4287 = CARTESIAN_POINT ( 'NONE',  ( 5.040623926169499391, 3.163535421715069962, -4.315895140356059478 ) ) ;
#4288 = CARTESIAN_POINT ( 'NONE',  ( 4.960843842220001854, 8.081638975564004568, -2.060028514067998806 ) ) ;
#4289 = DIRECTION ( 'NONE',  ( 0.9998966258754281577, 0.000000000000000000, -0.01437837135889036277 ) ) ;
#4290 = CARTESIAN_POINT ( 'NONE',  ( 1.570717171955000158, 3.176437943232070182, -4.443309384945179019 ) ) ;
#4291 = CARTESIAN_POINT ( 'NONE',  ( 2.689454027929899738, 3.418140280064069447, -3.613396416666760036 ) ) ;
#4292 = DIRECTION ( 'NONE',  ( 1.000000000000000000, 0.000000000000000000, 0.000000000000000000 ) ) ;
#4293 = B_SPLINE_SURFACE_WITH_KNOTS ( 'NONE', 3, 3, ( 
 ( #3535, #3594, #7534, #9852 ),
 ( #5850, #6694, #9172, #5222 ),
 ( #5908, #2060, #1847, #6752 ),
 ( #1063, #9122, #273, #4275 ),
 ( #1265, #7485, #5273, #8424 ),
 ( #8477, #1218, #4430, #3482 ) ),
 .UNSPECIFIED., .F., .F., .F.,
 ( 4, 1, 1, 4 ),
 ( 4, 4 ),
 ( 0.000000000000000000, 0.3748601814958110179, 0.8197430545731440032, 1.000000000000000000 ),
 ( 0.000000000000000000, 1.000000000000000000 ),
 .UNSPECIFIED. ) ;
#4294 = CARTESIAN_POINT ( 'NONE',  ( 0.9767267650277009494, 2.670001019719070001, -3.257505187079360098 ) ) ;
#4295 = CARTESIAN_POINT ( 'NONE',  ( 6.499999999250078986, 6.077496461494938274, -3.354702676430149744 ) ) ;
#4296 = LINE ( 'NONE', #1818, #3179 ) ;
#4297 = ADVANCED_BREP_SHAPE_REPRESENTATION ( 'Same_Sky_TB0011-350-02GR', ( #3234, #10135 ), #9803 ) ;
#4298 = CARTESIAN_POINT ( 'NONE',  ( 6.249625697243500255, 2.990021996099070378, -3.710401266013360289 ) ) ;
#4299 = CARTESIAN_POINT ( 'NONE',  ( 1.532908355753600071, 2.687683679229070144, -4.444250121265659992 ) ) ;
#4300 = VERTEX_POINT ( 'NONE', #921 ) ;
#4301 = CARTESIAN_POINT ( 'NONE',  ( 3.853222578879999638, 8.090000782891999975, -3.449999999580000143 ) ) ;
#4302 = CARTESIAN_POINT ( 'NONE',  ( 6.062010499337699976, 3.245157060215070111, -3.377999744798930060 ) ) ;
#4303 = DIRECTION ( 'NONE',  ( 4.440892097331999791E-13, 0.000000000000000000, 1.000000000000000000 ) ) ;
#4304 = ORIENTED_EDGE ( 'NONE', *, *, #9872, .F. ) ;
#4305 = CARTESIAN_POINT ( 'NONE',  ( 1.753222577960000139, 2.570001019719070356, -3.449999998694359693 ) ) ;
#4306 = LINE ( 'NONE', #8352, #136 ) ;
#4307 = ORIENTED_EDGE ( 'NONE', *, *, #6509, .F. ) ;
#4308 = CARTESIAN_POINT ( 'NONE',  ( 4.100000000260000554, 4.700001019498999177, -5.400000000000000355 ) ) ;
#4309 = EDGE_CURVE ( 'NONE', #2374, #1438, #9928, .T. ) ;
#4310 = FACE_OUTER_BOUND ( 'NONE', #2442, .T. ) ;
#4311 = CARTESIAN_POINT ( 'NONE',  ( 2.663492445454099578, 2.942762733114069995, -2.968298053020959948 ) ) ;
#4312 = VERTEX_POINT ( 'NONE', #4974 ) ;
#4313 = CARTESIAN_POINT ( 'NONE',  ( 0.9855755211039017860, 2.910360766626069573, -2.783386728853979974 ) ) ;
#4314 = EDGE_CURVE ( 'NONE', #1615, #9401, #8441, .T. ) ;
#4315 = CARTESIAN_POINT ( 'NONE',  ( 5.947393358183400203, 3.320836836993070307, -2.689240398960559997 ) ) ;
#4316 = CARTESIAN_POINT ( 'NONE',  ( 1.753222577964000051, -3.399999998570370163, -3.449999999993940136 ) ) ;
#4317 = CARTESIAN_POINT ( 'NONE',  ( 1.054255760240015993, 2.852075261413982599, -3.852970679613356264 ) ) ;
#4318 = DIRECTION ( 'NONE',  ( -0.000000000000000000, 1.000000000000000000, 0.000000000000000000 ) ) ;
#4319 = CARTESIAN_POINT ( 'NONE',  ( 6.499999999250099414, 3.341743398537949883, -4.695150507592550149 ) ) ;
#4320 = EDGE_LOOP ( 'NONE', ( #8877, #1326, #5999, #3464 ) ) ;
#4321 = ADVANCED_FACE ( 'NONE', ( #9285 ), #350, .T. ) ;
#4322 = EDGE_LOOP ( 'NONE', ( #7407, #8919, #5892, #3257, #3603, #2548, #617, #2935 ) ) ;
#4323 = CARTESIAN_POINT ( 'NONE',  ( 1.095867617769129998, 2.936120290325340054, -3.905939534792789658 ) ) ;
#4324 = CARTESIAN_POINT ( 'NONE',  ( 6.549999967470000684, 8.265024157077000666, -3.449999886680999772 ) ) ;
#4325 = LINE ( 'NONE', #4380, #982 ) ;
#4326 = ORIENTED_EDGE ( 'NONE', *, *, #7146, .F. ) ;
#4327 = DIRECTION ( 'NONE',  ( 0.000000000000000000, 0.000000000000000000, 1.000000000000000000 ) ) ;
#4328 = DIRECTION ( 'NONE',  ( 1.000000000000000000, 0.000000000000000000, 0.000000000000000000 ) ) ;
#4329 = CARTESIAN_POINT ( 'NONE',  ( 6.137703056550003033, 8.192737657374999927, -4.398110105777000456 ) ) ;
#4330 = DIRECTION ( 'NONE',  ( -3.233524559221000034E-14, 1.000000000000000000, 0.000000000000000000 ) ) ;
#4331 = ORIENTED_EDGE ( 'NONE', *, *, #5933, .T. ) ;
#4332 = ADVANCED_FACE ( 'NONE', ( #5866, #6708 ), #9864, .T. ) ;
#4333 = ORIENTED_EDGE ( 'NONE', *, *, #6509, .T. ) ;
#4334 = DIRECTION ( 'NONE',  ( 0.000000000000000000, -1.000000000000000000, 0.000000000000000000 ) ) ;
#4335 = CARTESIAN_POINT ( 'NONE',  ( 4.868970597536899980, 2.958078921154069896, -2.727413791376859908 ) ) ;
#4336 = CARTESIAN_POINT ( 'NONE',  ( 1.124760767282499963, 2.607157009919069957, -3.964155367318859646 ) ) ;
#4337 = VERTEX_POINT ( 'NONE', #5924 ) ;
#4338 = CYLINDRICAL_SURFACE ( 'NONE', #5393, 0.7000000000000000666 ) ;
#4339 = CIRCLE ( 'NONE', #1817, 1.399999999080000057 ) ;
#4340 = CARTESIAN_POINT ( 'NONE',  ( 0.8585565297181019240, 3.186815718246070350, -3.360676784705729947 ) ) ;
#4341 = B_SPLINE_CURVE_WITH_KNOTS ( 'NONE', 3,
 ( #1741, #1585, #9740, #2529, #7956, #5690, #3112, #5745, #4954, #749 ),
 .UNSPECIFIED., .F., .F.,
 ( 4, 2, 2, 2, 4 ),
 ( 9.804415921860944350E-14, 0.0001718025760857650895, 0.0003436051520734860476, 0.0005154077280612069786, 0.0006872103040489279096 ),
 .UNSPECIFIED. ) ;
#4342 = CARTESIAN_POINT ( 'NONE',  ( 0.9784397634268009458, 2.766578940948070553, -4.024974875680359609 ) ) ;
#4343 = LINE ( 'NONE', #6821, #2894 ) ;
#4344 = PERSON_AND_ORGANIZATION ( #3295, #5944 ) ;
#4345 = CARTESIAN_POINT ( 'NONE',  ( 6.005026801091999822, 3.501097531926069983, -2.956812948438080291 ) ) ;
#4346 = CARTESIAN_POINT ( 'NONE',  ( 6.499999999250081650, 6.195596139406348790, -3.967731649031926544 ) ) ;
#4347 = VECTOR ( 'NONE', #8319, 1000.000000000000227 ) ;
#4348 = DIRECTION ( 'NONE',  ( 0.000000000000000000, -1.000000000000000000, 0.000000000000000000 ) ) ;
#4349 = CARTESIAN_POINT ( 'NONE',  ( 4.877105089444100372, 3.249947942516069777, -2.491269781933459715 ) ) ;
#4350 = CARTESIAN_POINT ( 'NONE',  ( 1.858434352880000029, 2.584022019884069987, -4.308077935452759633 ) ) ;
#4351 = ORIENTED_EDGE ( 'NONE', *, *, #2048, .T. ) ;
#4352 = VECTOR ( 'NONE', #5874, 1000.000000000000000 ) ;
#4353 = CARTESIAN_POINT ( 'NONE',  ( 5.220320870368158950, 8.263158601190763619, -2.150001169913613897 ) ) ;
#4354 = EDGE_CURVE ( 'NONE', #1291, #8469, #1968, .T. ) ;
#4355 = CARTESIAN_POINT ( 'NONE',  ( 2.142730437526999880E-14, 4.700001019498999177, -5.849999999899000436 ) ) ;
#4356 = VERTEX_POINT ( 'NONE', #9078 ) ;
#4357 = FACE_OUTER_BOUND ( 'NONE', #8558, .T. ) ;
#4358 = CARTESIAN_POINT ( 'NONE',  ( 1.753222577960000139, 2.370001019719070179, -3.449999998694359693 ) ) ;
#4359 = B_SPLINE_CURVE_WITH_KNOTS ( 'NONE', 3,
 ( #6490, #802, #7228, #4761, #8118, #1636, #7283, #3166, #7961, #753 ),
 .UNSPECIFIED., .F., .F.,
 ( 4, 3, 3, 4 ),
 ( 0.000000000000000000, 0.3262432480104019983, 0.6605593783531069629, 1.000000000000000000 ),
 .UNSPECIFIED. ) ;
#4360 = ORIENTED_EDGE ( 'NONE', *, *, #9988, .F. ) ;
#4361 = CARTESIAN_POINT ( 'NONE',  ( 4.468192656480810321, 2.785309103015230381, -3.958528604887889824 ) ) ;
#4362 = CARTESIAN_POINT ( 'NONE',  ( 2.314724934290000036, 3.595119823151070371, -4.152250177635980144 ) ) ;
#4363 = CIRCLE ( 'NONE', #8394, 0.1000000000000002554 ) ;
#4364 = CARTESIAN_POINT ( 'NONE',  ( 0.7993107117307010068, 3.138079368117070000, -3.370241093924180031 ) ) ;
#4365 = EDGE_LOOP ( 'NONE', ( #87, #3569, #8268, #4602 ) ) ;
#4366 = EDGE_CURVE ( 'NONE', #9910, #324, #8080, .T. ) ;
#4367 = CARTESIAN_POINT ( 'NONE',  ( 0.9341886113474860975, 2.735048875183269779, -3.464088022081359686 ) ) ;
#4368 = EDGE_CURVE ( 'NONE', #4036, #5777, #3554, .T. ) ;
#4369 = CARTESIAN_POINT ( 'NONE',  ( 4.702700687871200103, 3.103379271260070293, -2.853136404385760105 ) ) ;
#4370 = AXIS2_PLACEMENT_3D ( 'NONE', #9104, #6887, #6733 ) ;
#4371 = CARTESIAN_POINT ( 'NONE',  ( 2.853222577958900441, 3.583840959242920121, -1.375398428162259989 ) ) ;
#4372 = CARTESIAN_POINT ( 'NONE',  ( 1.647596113282056018, 2.977091866266110554, -2.649999998694289705 ) ) ;
#4373 = CARTESIAN_POINT ( 'NONE',  ( 6.090134981305999951, 2.605980403171070048, -2.969541950356680005 ) ) ;
#4374 = CARTESIAN_POINT ( 'NONE',  ( 1.120993385812400156, 2.939116295383069843, -3.927307720022580106 ) ) ;
#4375 = ORIENTED_EDGE ( 'NONE', *, *, #9141, .F. ) ;
#4376 = ORIENTED_EDGE ( 'NONE', *, *, #4631, .F. ) ;
#4377 = LINE ( 'NONE', #7585, #4686 ) ;
#4378 = EDGE_CURVE ( 'NONE', #3882, #2071, #5562, .T. ) ;
#4379 = FACE_OUTER_BOUND ( 'NONE', #9092, .T. ) ;
#4380 = CARTESIAN_POINT ( 'NONE',  ( 2.853222577958900441, 4.700001019498989407, -1.549999999994079891 ) ) ;
#4381 = VERTEX_POINT ( 'NONE', #5288 ) ;
#4382 = CARTESIAN_POINT ( 'NONE',  ( 0.4532225779638019980, 4.400000001423070017, -5.349999999994079936 ) ) ;
#4383 = CARTESIAN_POINT ( 'NONE',  ( 0.5525300287342002070, 8.274771323141999702, -3.967502726377998723 ) ) ;
#4384 = ADVANCED_FACE ( 'NONE', ( #8491 ), #1919, .F. ) ;
#4385 = CARTESIAN_POINT ( 'NONE',  ( 4.976757714230004126, 8.117723335004001228, -4.764187018130004780 ) ) ;
#4386 = LINE ( 'NONE', #6810, #3752 ) ;
#4387 = AXIS2_PLACEMENT_3D ( 'NONE', #9400, #5197, #2192 ) ;
#4388 = CIRCLE ( 'NONE', #1691, 1.399999999080000057 ) ;
#4389 = ORIENTED_EDGE ( 'NONE', *, *, #5988, .F. ) ;
#4390 = ORIENTED_EDGE ( 'NONE', *, *, #9975, .F. ) ;
#4391 = CARTESIAN_POINT ( 'NONE',  ( 4.453222577959000006, 2.318420117542259629, -1.398893285059599867 ) ) ;
#4392 = CARTESIAN_POINT ( 'NONE',  ( 5.550314639306799691, 3.012843737638069896, -2.687427563761860316 ) ) ;
#4393 = CARTESIAN_POINT ( 'NONE',  ( 1.354044812153500033, 2.583527378426070165, -4.157091965565160585 ) ) ;
#4394 = VERTEX_POINT ( 'NONE', #1126 ) ;
#4395 = CARTESIAN_POINT ( 'NONE',  ( 1.753222577960000139, 2.670001019719070001, -3.449999998694359693 ) ) ;
#4396 = CARTESIAN_POINT ( 'NONE',  ( 2.719887709222999828, 3.490590435760069887, -3.863281576355679814 ) ) ;
#4397 = CARTESIAN_POINT ( 'NONE',  ( 2.594076144810099738, 3.026623380504069871, -3.153456810910160169 ) ) ;
#4398 = EDGE_CURVE ( 'NONE', #530, #7734, #6769, .T. ) ;
#4399 = DIRECTION ( 'NONE',  ( 0.000000000000000000, -1.016134094949460501E-15, 1.000000000000000000 ) ) ;
#4400 = CARTESIAN_POINT ( 'NONE',  ( 5.037240885361000231, 3.566969318986070281, -4.457904183487079841 ) ) ;
#4401 = CARTESIAN_POINT ( 'NONE',  ( 5.097137363217999706, 3.092048571911069743, -4.299514061227779571 ) ) ;
#4402 = VECTOR ( 'NONE', #6675, 1000.000000000000000 ) ;
#4403 = AXIS2_PLACEMENT_3D ( 'NONE', #5378, #4479, #7066 ) ;
#4404 = PLANE ( 'NONE',  #151 ) ;
#4405 = CARTESIAN_POINT ( 'NONE',  ( 4.327947662742199775, 3.202688679531069837, -2.997789508462860297 ) ) ;
#4406 = CARTESIAN_POINT ( 'NONE',  ( 1.548445168330700117, 2.646703999307070010, -4.374134458034659723 ) ) ;
#4407 = ORIENTED_EDGE ( 'NONE', *, *, #8063, .F. ) ;
#4408 = VECTOR ( 'NONE', #6830, 1000.000000000000227 ) ;
#4409 = CARTESIAN_POINT ( 'NONE',  ( 2.213350536760428700, 3.081428487403710559, -4.249661890461887914 ) ) ;
#4410 = DIRECTION ( 'NONE',  ( -1.000000000000000000, 0.000000000000000000, 0.000000000000000000 ) ) ;
#4411 = ORIENTED_EDGE ( 'NONE', *, *, #2266, .T. ) ;
#4412 = CARTESIAN_POINT ( 'NONE',  ( 2.414872417790470127, 2.932324819687869510, -2.734763924133679858 ) ) ;
#4413 = ORIENTED_EDGE ( 'NONE', *, *, #8499, .F. ) ;
#4414 = LINE ( 'NONE', #3674, #3383 ) ;
#4415 = VECTOR ( 'NONE', #10229, 1000.000000000000000 ) ;
#4416 = CARTESIAN_POINT ( 'NONE',  ( 1.759123088876000107, 3.354011986011069979, -2.398664542019080415 ) ) ;
#4417 = EDGE_CURVE ( 'NONE', #3205, #2743, #3446, .T. ) ;
#4418 = EDGE_LOOP ( 'NONE', ( #509, #7641, #9564, #3538 ) ) ;
#4419 = EDGE_LOOP ( 'NONE', ( #1018, #8122, #8350, #4462, #7336 ) ) ;
#4420 = CARTESIAN_POINT ( 'NONE',  ( 0.5000000007595999385, 1.019498654400000011E-06, -5.700000000180000193 ) ) ;
#4421 = CARTESIAN_POINT ( 'NONE',  ( 6.179358202205900596, 2.949042316178069889, -3.692037468866459893 ) ) ;
#4422 = CARTESIAN_POINT ( 'NONE',  ( 0.000000000000000000, 8.500001019718999018, -1.749043746659000087 ) ) ;
#4423 = CARTESIAN_POINT ( 'NONE',  ( 5.253222577959999917, 0.6000000014230709722, -3.849999999994080380 ) ) ;
#4424 = DIRECTION ( 'NONE',  ( 0.000000000000000000, 1.070816960479510155E-15, -1.000000000000000000 ) ) ;
#4425 = CARTESIAN_POINT ( 'NONE',  ( 0.8542558674543019315, 2.936983148086070194, -3.465462927527730219 ) ) ;
#4426 = ORIENTED_EDGE ( 'NONE', *, *, #2277, .F. ) ;
#4427 = ORIENTED_EDGE ( 'NONE', *, *, #5214, .T. ) ;
#4428 = CARTESIAN_POINT ( 'NONE',  ( 6.499999999250099414, 4.600000002146249933, -1.549999999994089883 ) ) ;
#4429 = CARTESIAN_POINT ( 'NONE',  ( 5.919736487917270473, 2.928247874115029958, -3.986808385494419849 ) ) ;
#4430 = CARTESIAN_POINT ( 'NONE',  ( 2.502000526358000076, 2.704896269823069854, -3.020146186076880124 ) ) ;
#4431 = ORIENTED_EDGE ( 'NONE', *, *, #391, .F. ) ;
#4432 = LINE ( 'NONE', #4222, #6577 ) ;
#4433 = CARTESIAN_POINT ( 'NONE',  ( 2.104767052022181950, 3.134988459816214768, -2.728497752404824173 ) ) ;
#4434 = CARTESIAN_POINT ( 'NONE',  ( 4.631735872439999291, 8.117237000977000960, -4.641431606459001991 ) ) ;
#4435 = LINE ( 'NONE', #2906, #9291 ) ;
#4436 = VERTEX_POINT ( 'NONE', #2652 ) ;
#4437 = ORIENTED_EDGE ( 'NONE', *, *, #6749, .T. ) ;
#4438 = EDGE_CURVE ( 'NONE', #5165, #2635, #338, .T. ) ;
#4439 = CARTESIAN_POINT ( 'NONE',  ( 0.9167142973090121050, 2.700962564795949650, -3.201474499051490064 ) ) ;
#4440 = ADVANCED_FACE ( 'NONE', ( #5975 ), #4338, .T. ) ;
#4441 = CARTESIAN_POINT ( 'NONE',  ( 6.089942480121999679, 3.040403023369070201, -3.930400170752359923 ) ) ;
#4442 = CARTESIAN_POINT ( 'NONE',  ( 1.548445168330700117, 2.646703999307070010, -4.374134458034659723 ) ) ;
#4443 = ORIENTED_EDGE ( 'NONE', *, *, #3756, .T. ) ;
#4444 = DIRECTION ( 'NONE',  ( 1.000000000000000000, 0.000000000000000000, 0.000000000000000000 ) ) ;
#4445 = CARTESIAN_POINT ( 'NONE',  ( 1.080890065813600254, 3.209203097055070231, -4.254762719994979570 ) ) ;
#4446 = CARTESIAN_POINT ( 'NONE',  ( 2.714047816436200300, 3.013020615127070201, -3.537746115954070181 ) ) ;
#4447 = CARTESIAN_POINT ( 'NONE',  ( 1.753223012018874094, 2.954554108147586788, -4.249999998694242720 ) ) ;
#4448 = CARTESIAN_POINT ( 'NONE',  ( 4.443836391240700401, 3.333532467743069994, -2.905947133137179783 ) ) ;
#4449 = DIRECTION ( 'NONE',  ( 0.000000000000000000, 1.000000000000000000, 0.000000000000000000 ) ) ;
#4450 = ADVANCED_FACE ( 'NONE', ( #1863 ), #287, .F. ) ;
#4451 = CARTESIAN_POINT ( 'NONE',  ( 5.079473104984399967, 3.084540522068070167, -4.465105469460359799 ) ) ;
#4452 = CARTESIAN_POINT ( 'NONE',  ( 6.053222577959600059, 1.843345133684619830, -4.570966459631880419 ) ) ;
#4453 = ORIENTED_EDGE ( 'NONE', *, *, #1956, .T. ) ;
#4454 = DIRECTION ( 'NONE',  ( 1.000000000000000000, 0.000000000000000000, 0.000000000000000000 ) ) ;
#4455 = DIRECTION ( 'NONE',  ( 0.000000000000000000, 0.1394725269928732692, 0.9902259409923688249 ) ) ;
#4456 = CARTESIAN_POINT ( 'NONE',  ( 5.660217142885879404, 3.108690256364480486, -2.761269794976789704 ) ) ;
#4457 = DIRECTION ( 'NONE',  ( 0.000000000000000000, 0.000000000000000000, 1.000000000000000000 ) ) ;
#4458 = VERTEX_POINT ( 'NONE', #1179 ) ;
#4459 = CARTESIAN_POINT ( 'NONE',  ( 0.5000000007595000184, 4.700001019498999177, -6.399999999720000332 ) ) ;
#4460 = EDGE_CURVE ( 'NONE', #10372, #7363, #3608, .T. ) ;
#4461 = DIRECTION ( 'NONE',  ( 0.000000000000000000, -1.000000000000000000, 0.000000000000000000 ) ) ;
#4462 = ORIENTED_EDGE ( 'NONE', *, *, #5329, .T. ) ;
#4463 = ORIENTED_EDGE ( 'NONE', *, *, #6612, .T. ) ;
#4464 = CARTESIAN_POINT ( 'NONE',  ( 2.500064521299003140, 8.192545343671996605, -2.389659105718998866 ) ) ;
#4465 = FACE_BOUND ( 'NONE', #5655, .T. ) ;
#4466 = CARTESIAN_POINT ( 'NONE',  ( 4.851585093554000139, 2.848244207144070117, -2.501677623403959938 ) ) ;
#4467 = DIRECTION ( 'NONE',  ( 0.000000000000000000, 1.000000000000000000, 0.000000000000000000 ) ) ;
#4468 = ORIENTED_EDGE ( 'NONE', *, *, #7248, .F. ) ;
#4469 = LINE ( 'NONE', #1258, #867 ) ;
#4470 = CARTESIAN_POINT ( 'NONE',  ( 5.839017231129577823, 3.071464622690454505, -4.177385026186076544 ) ) ;
#4471 = ORIENTED_EDGE ( 'NONE', *, *, #7648, .T. ) ;
#4472 = ORIENTED_EDGE ( 'NONE', *, *, #3349, .F. ) ;
#4473 = CIRCLE ( 'NONE', #10361, 0.4000000000000001887 ) ;
#4474 = CARTESIAN_POINT ( 'NONE',  ( 2.571914215450600061, 3.365012485787069796, -3.904189745908059894 ) ) ;
#4475 = CARTESIAN_POINT ( 'NONE',  ( 4.321950387378155511, 2.805267255657810210, -3.584396915131522032 ) ) ;
#4476 = CARTESIAN_POINT ( 'NONE',  ( 1.753222577960000139, 2.670001019719070001, -2.649999998694359871 ) ) ;
#4477 = ORIENTED_EDGE ( 'NONE', *, *, #6904, .T. ) ;
#4478 = CARTESIAN_POINT ( 'NONE',  ( 2.429691751707383940, 2.917295108410549620, -2.713547012140346215 ) ) ;
#4479 = DIRECTION ( 'NONE',  ( 0.000000000000000000, -1.000000000000000000, 0.000000000000000000 ) ) ;
#4480 = CARTESIAN_POINT ( 'NONE',  ( 3.959647402020002538, 8.189596520096005250, -3.343424465051000549 ) ) ;
#4481 = LINE ( 'NONE', #7695, #2734 ) ;
#4482 = ORIENTED_EDGE ( 'NONE', *, *, #7591, .F. ) ;
#4483 = VERTEX_POINT ( 'NONE', #2019 ) ;
#4484 = DIRECTION ( 'NONE',  ( 0.000000000000000000, -1.000000000000000000, 0.000000000000000000 ) ) ;
#4485 = CARTESIAN_POINT ( 'NONE',  ( 1.324738561781369395, 3.098175328139909368, -4.353481558307039201 ) ) ;
#4486 = FACE_OUTER_BOUND ( 'NONE', #5946, .T. ) ;
#4487 = CARTESIAN_POINT ( 'NONE',  ( 1.835083130657930273, 2.668570197417070133, -4.453941658067360088 ) ) ;
#4488 = ORIENTED_EDGE ( 'NONE', *, *, #9829, .F. ) ;
#4489 = CARTESIAN_POINT ( 'NONE',  ( 6.248869926299788879, 2.645228285635815357, -3.224632182333964980 ) ) ;
#4490 = CARTESIAN_POINT ( 'NONE',  ( 4.827082679118825048, 2.988580755613559514, -4.160682043325142132 ) ) ;
#4491 = CARTESIAN_POINT ( 'NONE',  ( 2.270904389019300140, 3.108770605230069872, -4.175932588956059455 ) ) ;
#4493 = EDGE_CURVE ( 'NONE', #9370, #8259, #4633, .T. ) ;
#4492 = CARTESIAN_POINT ( 'NONE',  ( 4.702700687871200103, 3.103379271260070293, -2.853136404385760105 ) ) ;
#4494 = DIRECTION ( 'NONE',  ( 0.000000000000000000, -1.000000000000000000, 0.000000000000000000 ) ) ;
#4495 = EDGE_CURVE ( 'NONE', #1141, #9160, #9775, .T. ) ;
#4496 = CARTESIAN_POINT ( 'NONE',  ( 4.352249027078400445, 3.270850940259070416, -3.823291015309979723 ) ) ;
#4497 = DIRECTION ( 'NONE',  ( -1.000000000000000000, 0.000000000000000000, 0.000000000000000000 ) ) ;
#4498 = CARTESIAN_POINT ( 'NONE',  ( 5.229315826921649979, 2.748934798873069685, -2.638366479894459715 ) ) ;
#4499 = DIRECTION ( 'NONE',  ( 0.000000000000000000, -1.000000000000000000, 0.000000000000000000 ) ) ;
#4500 = EDGE_CURVE ( 'NONE', #457, #9717, #2125, .T. ) ;
#4501 = EDGE_LOOP ( 'NONE', ( #4101, #4812, #10269, #3265 ) ) ;
#4502 = CARTESIAN_POINT ( 'NONE',  ( 5.671720436160142320, 3.018870468060100176, -2.737042966325009985 ) ) ;
#4503 = ADVANCED_FACE ( 'NONE', ( #3016 ), #8242, .T. ) ;
#4504 = CARTESIAN_POINT ( 'NONE',  ( 2.352501174363245795, 0.6000000014230709722, -3.479413668526777581 ) ) ;
#4505 = CIRCLE ( 'NONE', #9718, 0.2000000000000000944 ) ;
#4506 = ORIENTED_EDGE ( 'NONE', *, *, #1540, .T. ) ;
#4507 = CARTESIAN_POINT ( 'NONE',  ( 1.753222577960000139, 2.670001019719070001, -3.449999998694359693 ) ) ;
#4508 = ORIENTED_EDGE ( 'NONE', *, *, #6822, .T. ) ;
#4509 = DIRECTION ( 'NONE',  ( 0.000000000000000000, 0.000000000000000000, -1.000000000000000000 ) ) ;
#4510 = CARTESIAN_POINT ( 'NONE',  ( 1.214908120585599827, 3.589438844053070010, -4.304665978179579966 ) ) ;
#4511 = ORIENTED_EDGE ( 'NONE', *, *, #1492, .T. ) ;
#4512 = VECTOR ( 'NONE', #9170, 1000.000000000000000 ) ;
#4513 = EDGE_LOOP ( 'NONE', ( #3731, #2005, #6674, #2274 ) ) ;
#4514 = CARTESIAN_POINT ( 'NONE',  ( 0.4197910225096998516, 8.116217792646002849, -3.270245079860998771 ) ) ;
#4515 = CARTESIAN_POINT ( 'NONE',  ( 3.199999999741000245, 4.700001019498999177, 0.000000000000000000 ) ) ;
#4516 = EDGE_CURVE ( 'NONE', #827, #5678, #6738, .T. ) ;
#4517 = CARTESIAN_POINT ( 'NONE',  ( 6.249625697243500255, 2.990021996099070378, -3.710401266013360289 ) ) ;
#4518 = FACE_BOUND ( 'NONE', #304, .T. ) ;
#4519 = VERTEX_POINT ( 'NONE', #5549 ) ;
#4520 = CARTESIAN_POINT ( 'NONE',  ( 6.399999999740000334, 4.700001019498999177, -6.299999999999999822 ) ) ;
#4521 = DIRECTION ( 'NONE',  ( 0.000000000000000000, -1.239088197940548754E-15, 1.000000000000000000 ) ) ;
#4522 = EDGE_LOOP ( 'NONE', ( #8502, #7163, #7102, #4595 ) ) ;
#4523 = AXIS2_PLACEMENT_3D ( 'NONE', #6918, #8534, #2227 ) ;
#4524 = EDGE_LOOP ( 'NONE', ( #2591, #5732, #1963, #9721, #4040, #5527, #460, #3283 ) ) ;
#4525 = CARTESIAN_POINT ( 'NONE',  ( 2.749832768318999587, 3.386878788324070300, -3.659379101610260143 ) ) ;
#4526 = PLANE ( 'NONE',  #9081 ) ;
#4527 = CARTESIAN_POINT ( 'NONE',  ( 4.450000000840000247, 0.7000000014231000378, 0.000000000000000000 ) ) ;
#4528 = EDGE_LOOP ( 'NONE', ( #15, #7205, #4375, #5491, #6153, #4066 ) ) ;
#4529 = DIRECTION ( 'NONE',  ( 0.000000000000000000, 0.000000000000000000, -1.000000000000000000 ) ) ;
#4530 =( BOUNDED_CURVE ( )  B_SPLINE_CURVE ( 3, ( #3215, #1532, #3956, #2428 ),
 .UNSPECIFIED., .F., .T. ) 
 B_SPLINE_CURVE_WITH_KNOTS ( ( 4, 4 ),
 ( 0.000000000000000000, 1.000000000000000000 ),
 .UNSPECIFIED. ) 
 CURVE ( )  GEOMETRIC_REPRESENTATION_ITEM ( )  RATIONAL_B_SPLINE_CURVE ( ( 1.064019090978239879, 0.9753058072870229855, 0.9787921305765540092, 1.074478060847019911 ) ) 
 REPRESENTATION_ITEM ( '' )  );
#4531 = CIRCLE ( 'NONE', #2007, 0.9500000000000002887 ) ;
#4532 = LINE ( 'NONE', #430, #7757 ) ;
#4533 = CARTESIAN_POINT ( 'NONE',  ( 6.043152414128109662, 2.778147033564339452, -3.701724028461779614 ) ) ;
#4534 = DIRECTION ( 'NONE',  ( 1.000000000000000000, 0.000000000000000000, 0.000000000000000000 ) ) ;
#4535 = ORIENTED_EDGE ( 'NONE', *, *, #8232, .F. ) ;
#4536 = VECTOR ( 'NONE', #4834, 1000.000000000000000 ) ;
#4537 = CARTESIAN_POINT ( 'NONE',  ( 6.553222577958000450, 0.8000000014230710388, -1.549999999994079891 ) ) ;
#4538 = CARTESIAN_POINT ( 'NONE',  ( 4.476726765027699173, 2.670001019719070001, -3.257505187079360098 ) ) ;
#4539 = CARTESIAN_POINT ( 'NONE',  ( 6.060718858265500053, 2.624963966784069846, -3.141332990885760346 ) ) ;
#4540 = CARTESIAN_POINT ( 'NONE',  ( 6.667956040219997327, 8.083844489705999337, -3.426814686081999906 ) ) ;
#4541 = ORIENTED_EDGE ( 'NONE', *, *, #4516, .T. ) ;
#4542 = ADVANCED_FACE ( 'NONE', ( #7808 ), #601, .T. ) ;
#4543 = DIRECTION ( 'NONE',  ( 0.000000000000000000, 0.000000000000000000, 1.000000000000000000 ) ) ;
#4544 = CARTESIAN_POINT ( 'NONE',  ( 3.090619414661000874, 8.119928732932999438, -3.471877979773001943 ) ) ;
#4545 = CARTESIAN_POINT ( 'NONE',  ( 2.707935472438700142, 2.545584625790069833, -3.128916302331759880 ) ) ;
#4546 = VECTOR ( 'NONE', #3944, 1000.000000000000000 ) ;
#4547 = VECTOR ( 'NONE', #3862, 1000.000000000000114 ) ;
#4548 = CARTESIAN_POINT ( 'NONE',  ( 4.438958695516600272, 3.131799785053070106, -4.080557153820959293 ) ) ;
#4549 = CARTESIAN_POINT ( 'NONE',  ( 1.753222577959534734, 3.185429472045778088, -4.249999998694359071 ) ) ;
#4550 = CARTESIAN_POINT ( 'NONE',  ( 4.868293076671999842, 3.449277249916069987, -2.722538026471080119 ) ) ;
#4551 = CARTESIAN_POINT ( 'NONE',  ( 0.5000000000000000000, 4.400000001423070017, -1.549999999994079891 ) ) ;
#4552 = AXIS2_PLACEMENT_3D ( 'NONE', #6435, #2429, #6379 ) ;
#4553 = CARTESIAN_POINT ( 'NONE',  ( 4.412003410829000494, 2.671766321332069705, -3.723661577824560087 ) ) ;
#4554 = VECTOR ( 'NONE', #4621, 1000.000000000000000 ) ;
#4555 = EDGE_CURVE ( 'NONE', #2158, #8460, #6016, .T. ) ;
#4556 = CARTESIAN_POINT ( 'NONE',  ( 2.509798679595399928, 3.324032805866070195, -3.869729592370160010 ) ) ;
#4557 = CARTESIAN_POINT ( 'NONE',  ( 1.068548443562000072, 2.648136689840070002, -4.010143631892259641 ) ) ;
#4558 = ORIENTED_EDGE ( 'NONE', *, *, #8046, .T. ) ;
#4559 = CARTESIAN_POINT ( 'NONE',  ( -0.4999999982212999794, 8.500001019718999018, -2.299999998059000017 ) ) ;
#4560 = CARTESIAN_POINT ( 'NONE',  ( 4.595867617767220636, 2.936120290326039939, -3.905939534792199908 ) ) ;
#4561 = AXIS2_PLACEMENT_3D ( 'NONE', #7593, #9855, #1907 ) ;
#4562 = EDGE_LOOP ( 'NONE', ( #4511, #6571, #7380, #5465 ) ) ;
#4563 = EDGE_CURVE ( 'NONE', #9835, #10382, #2233, .T. ) ;
#4564 = DIRECTION ( 'NONE',  ( 1.000000000000000000, 0.000000000000000000, 0.000000000000000000 ) ) ;
#4565 = ORIENTED_EDGE ( 'NONE', *, *, #5860, .T. ) ;
#4566 = CARTESIAN_POINT ( 'NONE',  ( 2.560871580393909053, 2.689244163020396261, -3.499770972255776602 ) ) ;
#4567 = CARTESIAN_POINT ( 'NONE',  ( 0.8806712994589019905, 3.291330458527069958, -2.863488848285479893 ) ) ;
#4568 = EDGE_CURVE ( 'NONE', #9, #588, #3074, .T. ) ;
#4569 = ADVANCED_FACE ( 'NONE', ( #708 ), #7858, .T. ) ;
#4570 = AXIS2_PLACEMENT_3D ( 'NONE', #6630, #9936, #2725 ) ;
#4571 = ORIENTED_EDGE ( 'NONE', *, *, #5783, .F. ) ;
#4572 = VECTOR ( 'NONE', #3160, 1000.000000000000000 ) ;
#4573 = ORIENTED_EDGE ( 'NONE', *, *, #3268, .T. ) ;
#4574 = CARTESIAN_POINT ( 'NONE',  ( 2.404240643915998454, 8.082872682006998488, -2.189994702640000845 ) ) ;
#4575 = PLANE ( 'NONE',  #7931 ) ;
#4576 = CARTESIAN_POINT ( 'NONE',  ( 5.430400214945100501, 2.978951530734069930, -4.316688092273460065 ) ) ;
#4577 = CARTESIAN_POINT ( 'NONE',  ( 4.746023899315811256, 3.341743398537102117, -2.831332478630804061 ) ) ;
#4578 = ORIENTED_EDGE ( 'NONE', *, *, #7085, .T. ) ;
#4579 = CARTESIAN_POINT ( 'NONE',  ( 1.034132577354800020, 2.871108402173370155, -2.840269068524789997 ) ) ;
#4580 = AXIS2_PLACEMENT_3D ( 'NONE', #1079, #4292, #5716 ) ;
#4581 = CARTESIAN_POINT ( 'NONE',  ( 1.304111967479780088, 3.087751494454019863, -4.319691007248339432 ) ) ;
#4582 = ORIENTED_EDGE ( 'NONE', *, *, #5145, .F. ) ;
#4583 = ORIENTED_EDGE ( 'NONE', *, *, #4417, .T. ) ;
#4584 = CARTESIAN_POINT ( 'NONE',  ( 2.675599178412800150, 3.400373748932069784, -3.859960279797260085 ) ) ;
#4585 = EDGE_CURVE ( 'NONE', #4894, #4519, #4388, .T. ) ;
#4586 = CARTESIAN_POINT ( 'NONE',  ( 0.9500000008406001006, 0.7000000014231000378, 0.000000000000000000 ) ) ;
#4587 = LINE ( 'NONE', #6122, #2330 ) ;
#4588 = EDGE_LOOP ( 'NONE', ( #2103, #7358, #2747, #2225 ) ) ;
#4589 = CIRCLE ( 'NONE', #10300, 1.150000000000000133 ) ;
#4590 = LINE ( 'NONE', #3849, #3890 ) ;
#4591 = CARTESIAN_POINT ( 'NONE',  ( 3.951123016789999109, 8.274623119193005749, -3.377444157977000927 ) ) ;
#4592 = DIRECTION ( 'NONE',  ( 0.000000000000000000, -1.000000000000000000, 0.000000000000000000 ) ) ;
#4593 = CARTESIAN_POINT ( 'NONE',  ( 5.257841610926999643, 3.238643323811069674, -2.626994465115680022 ) ) ;
#4594 = LOCAL_TIME ( 3, 31, 50.00000000000000000, #9083 ) ;
#4595 = ORIENTED_EDGE ( 'NONE', *, *, #9822, .T. ) ;
#4596 = CARTESIAN_POINT ( 'NONE',  ( 6.499999999250099414, 0.7000000014231989587, -5.349994381111779163 ) ) ;
#4597 = CARTESIAN_POINT ( 'NONE',  ( 1.104122813916514456, 2.944416342745307169, -2.767638655650348500 ) ) ;
#4598 = EDGE_CURVE ( 'NONE', #1291, #1307, #2964, .T. ) ;
#4599 =( BOUNDED_SURFACE ( )  B_SPLINE_SURFACE ( 3, 3, ( 
 ( #1124, #2803, #7653, #7701, #3551, #490, #1074, #9182, #437, #9077, #6767, #1916, #4288, #3654, #6863, #10064, #286, #2857, #3494, #10123, #5078, #6707, #9970, #5923, #2756, #4540, #7753, #1437 ),
 ( #3761, #3014, #2230, #5446, #3809, #8648, #6974, #3964, #9330, #6135, #6337, #4651, #2279, #7022, #6234, #7180, #8536, #2173, #9541, #9435, #4703, #5495, #5387, #10281, #7856, #650, #550, #3860 ),
 ( #6182, #10172, #5335, #9380, #7075, #1331, #2914, #1487, #2123, #3072, #10223, #2961, #6289, #8594, #4765, #9490, #10334, #599, #8697, #1387, #7910, #4601, #706, #7806, #3915, #7132, #3118, #2327 ),
 ( #5547, #8752, #1542, #7963, #755, #855, #4069, #4811, #66, #10381, #8121, #8969, #4015, #1751, #9595, #165, #3386, #7231, #9649, #7335, #7287, #1638, #14, #6600, #4962, #2435, #8066, #3331 ) ),
 .UNSPECIFIED., .F., .F., .T. ) 
 B_SPLINE_SURFACE_WITH_KNOTS ( ( 4, 4 ),
 ( 4, 1, 1, 1, 1, 1, 1, 1, 1, 1, 1, 1, 1, 1, 1, 1, 1, 1, 1, 1, 1, 1, 1, 1, 1, 4 ),
 ( 0.000000000000000000, 1.000000000000000000 ),
 ( 0.000000000000000000, 0.02418173984921160105, 0.06555998180869410108, 0.1068984909619180024, 0.1482348177252259813, 0.1895777575783559876, 0.2309121939479409913, 0.2722840362990980312, 0.3136526933132879891, 0.3549894905727160044, 0.3963527749887200136, 0.4377143383284449740, 0.4790706876849670226, 0.5204482981450619938, 0.5618167306465560173, 0.6031924082838719947, 0.6446029683198540861, 0.6859966007283049283, 0.7273758316648409883, 0.7687669421927419977, 0.8101727334146560100, 0.8515810331160009738, 0.8929938825935889168, 0.9343892837276379648, 0.9758034997142789324, 1.000000000000000000 ),
 .UNSPECIFIED. ) 
 GEOMETRIC_REPRESENTATION_ITEM ( )  RATIONAL_B_SPLINE_SURFACE ( (
 ( 1.095922803126999856, 1.095922803126999856, 1.095922803126999856, 1.095922803126999856, 1.095922803126999856, 1.095922803126999856, 1.095922803126999856, 1.095922803126999856, 1.095922803126999856, 1.095922803126999856, 1.095922803126999856, 1.095922803126999856, 1.095922803126999856, 1.095922803126999856, 1.095922803126999856, 1.095922803126999856, 1.095922803126999856, 1.095922803126999856, 1.095922803126999856, 1.095922803126999856, 1.095922803126999856, 1.095922803126999856, 1.095922803126999856, 1.095922803126999856, 1.095922803126999856, 1.095922803126999856, 1.095922803126999856, 1.095922803126999856),
 ( 0.9681640351764000396, 0.9681640351764000396, 0.9681640351764000396, 0.9681640351764000396, 0.9681640351764000396, 0.9681640351764000396, 0.9681640351764000396, 0.9681640351764000396, 0.9681640351764000396, 0.9681640351764000396, 0.9681640351764000396, 0.9681640351764000396, 0.9681640351764000396, 0.9681640351764000396, 0.9681640351764000396, 0.9681640351764000396, 0.9681640351764000396, 0.9681640351764000396, 0.9681640351764000396, 0.9681640351764000396, 0.9681640351764000396, 0.9681640351764000396, 0.9681640351764000396, 0.9681640351764000396, 0.9681640351764000396, 0.9681640351764000396, 0.9681640351764000396, 0.9681640351764000396),
 ( 0.9680258818463000070, 0.9680258818463000070, 0.9680258818463000070, 0.9680258818463000070, 0.9680258818463000070, 0.9680258818463000070, 0.9680258818463000070, 0.9680258818463000070, 0.9680258818463000070, 0.9680258818463000070, 0.9680258818463000070, 0.9680258818463000070, 0.9680258818463000070, 0.9680258818463000070, 0.9680258818463000070, 0.9680258818463000070, 0.9680258818463000070, 0.9680258818463000070, 0.9680258818463000070, 0.9680258818463000070, 0.9680258818463000070, 0.9680258818463000070, 0.9680258818463000070, 0.9680258818463000070, 0.9680258818463000070, 0.9680258818463000070, 0.9680258818463000070, 0.9680258818463000070),
 ( 1.095508343137000073, 1.095508343137000073, 1.095508343137000073, 1.095508343137000073, 1.095508343137000073, 1.095508343137000073, 1.095508343137000073, 1.095508343137000073, 1.095508343137000073, 1.095508343137000073, 1.095508343137000073, 1.095508343137000073, 1.095508343137000073, 1.095508343137000073, 1.095508343137000073, 1.095508343137000073, 1.095508343137000073, 1.095508343137000073, 1.095508343137000073, 1.095508343137000073, 1.095508343137000073, 1.095508343137000073, 1.095508343137000073, 1.095508343137000073, 1.095508343137000073, 1.095508343137000073, 1.095508343137000073, 1.095508343137000073) ) ) 
 REPRESENTATION_ITEM ( '' )  SURFACE ( )  );
#4600 = CARTESIAN_POINT ( 'NONE',  ( 1.353255368715414964, 3.341743398537952547, -2.539707820573780861 ) ) ;
#4601 = CARTESIAN_POINT ( 'NONE',  ( 6.360831372160006048, 8.193048562235993870, -2.776962996516000537 ) ) ;
#4602 = ORIENTED_EDGE ( 'NONE', *, *, #185, .T. ) ;
#4603 = CARTESIAN_POINT ( 'NONE',  ( 6.277053351513050217, 2.668275510154105135, -3.596734982192179686 ) ) ;
#4604 = CARTESIAN_POINT ( 'NONE',  ( 2.982176273971001379, 8.119786044218999521, -3.982435548147998272 ) ) ;
#4605 = CARTESIAN_POINT ( 'NONE',  ( 4.473598075683138831, 3.341743398537952547, -3.736095094863165489 ) ) ;
#4606 = CARTESIAN_POINT ( 'NONE',  ( 6.109090707168400414, 2.908062636256069755, -3.673673671719559941 ) ) ;
#4607 = CARTESIAN_POINT ( 'NONE',  ( 1.753222577963000184, -3.199999998577366611, -3.849999999994160316 ) ) ;
#4608 = CARTESIAN_POINT ( 'NONE',  ( 5.838551545449000457, 3.229891903723070001, -4.028585899280479943 ) ) ;
#4609 = EDGE_CURVE ( 'NONE', #7828, #756, #4260, .T. ) ;
#4610 = CARTESIAN_POINT ( 'NONE',  ( 6.653222577959999384, 4.364219189800570220, -1.549999999994079891 ) ) ;
#4611 = CARTESIAN_POINT ( 'NONE',  ( 4.448341160409199802, 2.719025584317070532, -3.082976728882460105 ) ) ;
#4612 = CARTESIAN_POINT ( 'NONE',  ( 0.8279476627422009960, 3.202688679531069837, -2.997789508462860297 ) ) ;
#4613 = CARTESIAN_POINT ( 'NONE',  ( 1.014422603430000125, 2.678045904396069599, -3.113109648791459794 ) ) ;
#4614 = EDGE_LOOP ( 'NONE', ( #4808, #2415, #8882, #7991 ) ) ;
#4615 = CARTESIAN_POINT ( 'NONE',  ( 1.604138373837999954, 3.132851527559070259, -4.374652800809679221 ) ) ;
#4616 = CARTESIAN_POINT ( 'NONE',  ( 4.586932955127632106, 2.927847719412134175, -2.743731612978000278 ) ) ;
#4617 = LINE ( 'NONE', #8504, #6071 ) ;
#4618 = ORIENTED_EDGE ( 'NONE', *, *, #3667, .T. ) ;
#4619 = DIRECTION ( 'NONE',  ( 0.000000000000000000, -1.000000000000000000, 0.000000000000000000 ) ) ;
#4620 = ORIENTED_EDGE ( 'NONE', *, *, #1743, .F. ) ;
#4621 = DIRECTION ( 'NONE',  ( 0.000000000000000000, 0.000000000000000000, 1.000000000000000000 ) ) ;
#4622 = CARTESIAN_POINT ( 'NONE',  ( 2.120857713053000193, 3.066057100724070228, -2.668648989945279659 ) ) ;
#4623 = ORIENTED_EDGE ( 'NONE', *, *, #4277, .T. ) ;
#4624 = VERTEX_POINT ( 'NONE', #5389 ) ;
#4625 = CARTESIAN_POINT ( 'NONE',  ( 0.4628757761072000987, 8.189593020919003763, -3.276077951999002202 ) ) ;
#4626 = CARTESIAN_POINT ( 'NONE',  ( 0.6000000002595998749, 4.700001019498999177, -6.299999999999999822 ) ) ;
#4627 = CARTESIAN_POINT ( 'NONE',  ( 5.415853781560400648, 2.937971850813069885, -4.245532269038360340 ) ) ;
#4628 = DIRECTION ( 'NONE',  ( 1.000000000000000000, 0.000000000000000000, 0.000000000000000000 ) ) ;
#4629 = ORIENTED_EDGE ( 'NONE', *, *, #5168, .F. ) ;
#4630 = CC_DESIGN_DATE_AND_TIME_ASSIGNMENT ( #2610, #1869, ( #7274 ) ) ;
#4631 = EDGE_CURVE ( 'NONE', #5121, #2774, #1489, .T. ) ;
#4632 = DIRECTION ( 'NONE',  ( 0.000000000000000000, -1.000000000000000000, 0.000000000000000000 ) ) ;
#4633 = B_SPLINE_CURVE_WITH_KNOTS ( 'NONE', 3,
 ( #6866, #10066, #2859, #3811 ),
 .UNSPECIFIED., .F., .F.,
 ( 4, 4 ),
 ( 0.000000000000000000, 0.0006419978188006996052 ),
 .UNSPECIFIED. ) ;
#4634 = CARTESIAN_POINT ( 'NONE',  ( 5.330385529906120468, 3.160673470434014476, -2.649999998694346992 ) ) ;
#4635 = ORIENTED_EDGE ( 'NONE', *, *, #2816, .F. ) ;
#4636 = ORIENTED_EDGE ( 'NONE', *, *, #1504, .F. ) ;
#4637 = CARTESIAN_POINT ( 'NONE',  ( 0.8353405443023009802, 3.114449736625069853, -3.721665056753860057 ) ) ;
#4638 = FACE_BOUND ( 'NONE', #4673, .T. ) ;
#4639 = CARTESIAN_POINT ( 'NONE',  ( 0.9563917573020200846, 2.767557410221570091, -3.952692707355159651 ) ) ;
#4640 = ORIENTED_EDGE ( 'NONE', *, *, #123, .F. ) ;
#4641 = EDGE_CURVE ( 'NONE', #9625, #4894, #7134, .T. ) ;
#4642 = CARTESIAN_POINT ( 'NONE',  ( 6.499999999250079874, 7.050001019498999710, -3.967731649031920771 ) ) ;
#4643 = CARTESIAN_POINT ( 'NONE',  ( 4.134315935600000991, 8.274892630138998229, -4.126010123674999086 ) ) ;
#4644 = DIRECTION ( 'NONE',  ( 0.2856659682527940003, 0.000000000000000000, 0.9583292516573799213 ) ) ;
#4645 = EDGE_CURVE ( 'NONE', #1125, #7363, #6339, .T. ) ;
#4646 = CARTESIAN_POINT ( 'NONE',  ( 4.761526872092000318, 3.333886617051069923, -2.520765094988079991 ) ) ;
#4647 = ORIENTED_EDGE ( 'NONE', *, *, #1609, .T. ) ;
#4648 = DIRECTION ( 'NONE',  ( 0.000000000000000000, 0.000000000000000000, -1.000000000000000000 ) ) ;
#4649 = CARTESIAN_POINT ( 'NONE',  ( 2.185099295260259034, 3.096899604401288641, -2.749811636620851374 ) ) ;
#4650 = CARTESIAN_POINT ( 'NONE',  ( 6.499999999250099414, 4.700001019498989407, -1.549999999994079891 ) ) ;
#4651 = CARTESIAN_POINT ( 'NONE',  ( 4.799926156529996213, 8.117474255169000230, -2.185411140555999499 ) ) ;
#4652 = ORIENTED_EDGE ( 'NONE', *, *, #1943, .F. ) ;
#4653 = CARTESIAN_POINT ( 'NONE',  ( 5.795280250660898247, 3.030470053538375730, -2.677165666971378588 ) ) ;
#4654 = AXIS2_PLACEMENT_3D ( 'NONE', #2506, #8932, #1717 ) ;
#4655 = CARTESIAN_POINT ( 'NONE',  ( 3.080210643776000179, 8.119917736205000125, -3.629728456469998754 ) ) ;
#4656 = FACE_OUTER_BOUND ( 'NONE', #7494, .T. ) ;
#4657 = CARTESIAN_POINT ( 'NONE',  ( 5.926787535062300272, 2.919133101621070203, -2.670937584812659527 ) ) ;
#4658 = LINE ( 'NONE', #5554, #6773 ) ;
#4659 = EDGE_CURVE ( 'NONE', #6235, #7637, #116, .T. ) ;
#4660 = CARTESIAN_POINT ( 'NONE',  ( 0.6000000002595998749, 4.700001019498999177, -6.299999999999999822 ) ) ;
#4661 = CARTESIAN_POINT ( 'NONE',  ( 2.478775353021759553, 2.863668965996759574, -2.943603448206840056 ) ) ;
#4662 = CARTESIAN_POINT ( 'NONE',  ( 4.456123796121000069, 2.730096049682069648, -4.102120161039159996 ) ) ;
#4663 = CARTESIAN_POINT ( 'NONE',  ( 2.545505058993199565, 3.318414389089070493, -3.802138537852659983 ) ) ;
#4664 = CARTESIAN_POINT ( 'NONE',  ( 1.835083130657930273, 2.668570197417070133, -4.453941658067360088 ) ) ;
#4665 = VERTEX_POINT ( 'NONE', #911 ) ;
#4666 = DIRECTION ( 'NONE',  ( 0.000000000000000000, 0.000000000000000000, -1.000000000000000000 ) ) ;
#4667 = CARTESIAN_POINT ( 'NONE',  ( 2.400706880077999816, 3.009002100463070040, -2.670022051673079932 ) ) ;
#4668 = VERTEX_POINT ( 'NONE', #2390 ) ;
#4669 = DIRECTION ( 'NONE',  ( 0.000000000000000000, 0.1394725270247726412, 0.9902259409878757523 ) ) ;
#4670 = ORIENTED_EDGE ( 'NONE', *, *, #9911, .T. ) ;
#4671 = DIRECTION ( 'NONE',  ( 0.000000000000000000, -1.000000000000000000, 0.000000000000000000 ) ) ;
#4672 = CARTESIAN_POINT ( 'NONE',  ( 4.814123741675441437, 3.095698483245331811, -2.777233008183018104 ) ) ;
#4673 = EDGE_LOOP ( 'NONE', ( #6518, #3222 ) ) ;
#4674 = ORIENTED_EDGE ( 'NONE', *, *, #2729, .F. ) ;
#4675 = ADVANCED_FACE ( 'NONE', ( #8858 ), #9090, .T. ) ;
#4676 = VECTOR ( 'NONE', #742, 1000.000000000000000 ) ;
#4677 = CARTESIAN_POINT ( 'NONE',  ( 1.300825658766415316, 3.147021743547123940, -4.263460131825103083 ) ) ;
#4678 = CARTESIAN_POINT ( 'NONE',  ( 2.853222577958900441, 4.200000001423520146, -1.664158040310059983 ) ) ;
#4679 = LINE ( 'NONE', #831, #8246 ) ;
#4680 = CARTESIAN_POINT ( 'NONE',  ( 0.000000000000000000, 0.000000000000000000, 0.000000000000000000 ) ) ;
#4681 = ORIENTED_EDGE ( 'NONE', *, *, #2232, .T. ) ;
#4682 = DIRECTION ( 'NONE',  ( 0.000000000000000000, 0.000000000000000000, -1.000000000000000000 ) ) ;
#4683 = DIRECTION ( 'NONE',  ( 0.000000000000000000, 0.000000000000000000, -1.000000000000000000 ) ) ;
#4684 = VERTEX_POINT ( 'NONE', #8017 ) ;
#4685 = EDGE_LOOP ( 'NONE', ( #574, #4050 ) ) ;
#4686 = VECTOR ( 'NONE', #6750, 1000.000000000000000 ) ;
#4687 = CARTESIAN_POINT ( 'NONE',  ( 1.260500633171999896, 3.067190473640069914, -4.270691424621860577 ) ) ;
#4688 = CARTESIAN_POINT ( 'NONE',  ( 2.430904809282099954, 3.285641942036070073, -3.862835021021460147 ) ) ;
#4689 = CARTESIAN_POINT ( 'NONE',  ( 2.134362874537412136, 3.341743398537950327, -2.609761872596755516 ) ) ;
#4690 = ORIENTED_EDGE ( 'NONE', *, *, #7982, .F. ) ;
#4691 = EDGE_CURVE ( 'NONE', #1588, #6840, #8123, .T. ) ;
#4692 = DIRECTION ( 'NONE',  ( 0.000000000000000000, 0.000000000000000000, -1.000000000000000000 ) ) ;
#4693 = CARTESIAN_POINT ( 'NONE',  ( 6.084579772037339573, 2.710307268088910426, -3.953908134219140003 ) ) ;
#4694 = CIRCLE ( 'NONE', #1658, 0.1000000000000000472 ) ;
#4695 = DIRECTION ( 'NONE',  ( 0.000000000000000000, 0.000000000000000000, 1.000000000000000000 ) ) ;
#4696 = CARTESIAN_POINT ( 'NONE',  ( 6.149918610174999856, 3.448395750100070156, -3.833367453445080120 ) ) ;
#4697 = EDGE_CURVE ( 'NONE', #3693, #7625, #7904, .T. ) ;
#4698 = ORIENTED_EDGE ( 'NONE', *, *, #8596, .T. ) ;
#4699 = DIRECTION ( 'NONE',  ( 0.000000000000000000, 0.000000000000000000, 1.000000000000000000 ) ) ;
#4700 = DIRECTION ( 'NONE',  ( 0.000000000000000000, -1.000000000000000000, 0.000000000000000000 ) ) ;
#4701 = DIRECTION ( 'NONE',  ( 0.000000000000000000, 0.000000000000000000, 1.000000000000000000 ) ) ;
#4702 = VECTOR ( 'NONE', #334, 1000.000000000000000 ) ;
#4703 = CARTESIAN_POINT ( 'NONE',  ( 6.292453130540002881, 8.119531403339998121, -2.604398898845002641 ) ) ;
#4704 = EDGE_CURVE ( 'NONE', #4300, #2581, #4071, .T. ) ;
#4705 = ORIENTED_EDGE ( 'NONE', *, *, #9739, .F. ) ;
#4706 = EDGE_CURVE ( 'NONE', #5636, #1092, #5757, .T. ) ;
#4707 = DIRECTION ( 'NONE',  ( 0.000000000000000000, 1.000000000000000000, 0.000000000000000000 ) ) ;
#4708 = CARTESIAN_POINT ( 'NONE',  ( 0.3430499753137999930, 8.080133672618000418, -3.640106668524000888 ) ) ;
#4709 = CARTESIAN_POINT ( 'NONE',  ( 2.775675947618000183, 2.566915894090069816, -3.459569032036589942 ) ) ;
#4710 = CARTESIAN_POINT ( 'NONE',  ( 4.393199114945799622, 3.161708999610070236, -3.029679912821559462 ) ) ;
#4711 = CARTESIAN_POINT ( 'NONE',  ( 0.3000000002593999349, 4.700001019498999177, -5.400000000000000355 ) ) ;
#4712 = CARTESIAN_POINT ( 'NONE',  ( 3.903250886072691550, 7.070001019719070356, -3.458742487065413762 ) ) ;
#4713 = AXIS2_PLACEMENT_3D ( 'NONE', #4274, #9171, #224 ) ;
#4714 = DIRECTION ( 'NONE',  ( 1.000000000000000000, 0.000000000000000000, 0.000000000000000000 ) ) ;
#4715 = CARTESIAN_POINT ( 'NONE',  ( 4.585622404376599626, 2.783634895731070369, -2.763982989002160107 ) ) ;
#4716 = CARTESIAN_POINT ( 'NONE',  ( 2.447393358183400203, 3.320836836993070307, -2.689240398960559997 ) ) ;
#4717 = EDGE_CURVE ( 'NONE', #4091, #268, #6390, .T. ) ;
#4718 = CARTESIAN_POINT ( 'NONE',  ( 2.025330731447500199, 2.772564430366069921, -2.684965584881459755 ) ) ;
#4719 = AXIS2_PLACEMENT_3D ( 'NONE', #1439, #7703, #4543 ) ;
#4720 = ORIENTED_EDGE ( 'NONE', *, *, #5168, .T. ) ;
#4721 = CARTESIAN_POINT ( 'NONE',  ( 5.250000000000000000, 8.300001019718999729, -3.449999999580000143 ) ) ;
#4722 = DIRECTION ( 'NONE',  ( 0.000000000000000000, 1.000000000000000000, 0.000000000000000000 ) ) ;
#4723 = CARTESIAN_POINT ( 'NONE',  ( 2.006227455794999948, 3.017534521133070413, -4.198834264176880104 ) ) ;
#4724 = DIRECTION ( 'NONE',  ( 0.000000000000000000, -1.000000000000000000, 0.000000000000000000 ) ) ;
#4725 = VECTOR ( 'NONE', #1246, 1000.000000000000000 ) ;
#4726 = CARTESIAN_POINT ( 'NONE',  ( 6.399999999740000334, 0.7000000014231999579, -6.299999999999999822 ) ) ;
#4727 = ORIENTED_EDGE ( 'NONE', *, *, #269, .F. ) ;
#4728 = AXIS2_PLACEMENT_3D ( 'NONE', #1250, #7626, #1046 ) ;
#4729 = DIRECTION ( 'NONE',  ( 0.000000000000000000, -1.000000000000000000, 0.000000000000000000 ) ) ;
#4730 = B_SPLINE_CURVE_WITH_KNOTS ( 'NONE', 3,
 ( #7662, #6091, #7087, #8498, #3819, #1289, #2083 ),
 .UNSPECIFIED., .F., .F.,
 ( 4, 3, 4 ),
 ( 0.000000000000000000, 0.1500858592582859918, 1.000000000000000000 ),
 .UNSPECIFIED. ) ;
#4731 = CARTESIAN_POINT ( 'NONE',  ( 4.705894899735880266, 3.026744524843670181, -2.866539571194159475 ) ) ;
#4732 = EDGE_CURVE ( 'NONE', #1938, #537, #6378, .T. ) ;
#4733 = ORIENTED_EDGE ( 'NONE', *, *, #3825, .T. ) ;
#4734 = ORIENTED_EDGE ( 'NONE', *, *, #312, .T. ) ;
#4735 = VECTOR ( 'NONE', #5772, 1000.000000000000000 ) ;
#4736 = AXIS2_PLACEMENT_3D ( 'NONE', #8034, #1720, #4140 ) ;
#4737 = CARTESIAN_POINT ( 'NONE',  ( 0.9506812186571419465, 3.248511602886944960, -2.978613106293070079 ) ) ;
#4738 = CARTESIAN_POINT ( 'NONE',  ( 0.7372265297973061848, 8.261728541058332098, -2.628496317626849432 ) ) ;
#4739 = B_SPLINE_CURVE_WITH_KNOTS ( 'NONE', 3,
 ( #2156, #4634, #3897, #1524 ),
 .UNSPECIFIED., .F., .F.,
 ( 4, 4 ),
 ( -1.004038586348504972E-09, 0.0002298420577505996983 ),
 .UNSPECIFIED. ) ;
#4740 = CARTESIAN_POINT ( 'NONE',  ( 4.568548443562000294, 2.648136689840070002, -4.010143631892259641 ) ) ;
#4741 =( NAMED_UNIT ( * ) PLANE_ANGLE_UNIT ( ) SI_UNIT ( $, .RADIAN. ) );
#4742 = ORIENTED_EDGE ( 'NONE', *, *, #10303, .F. ) ;
#4743 = B_SPLINE_CURVE_WITH_KNOTS ( 'NONE', 3,
 ( #9356, #7262, #8673, #5524, #7208, #7886, #4738, #2258, #4888, #5631, #6316, #5675, #2304, #8042, #830 ),
 .UNSPECIFIED., .F., .F.,
 ( 4, 1, 1, 1, 1, 1, 1, 1, 1, 1, 1, 1, 4 ),
 ( 0.000000000000000000, 0.04272902890427959788, 0.08624010685225279305, 0.1297488877136110108, 0.1732646292194479909, 0.2167714203364379810, 0.2603175833273780326, 0.3038603935742599793, 0.3473696696588979838, 0.3909068249476500001, 0.4344421687080819994, 0.4779720244612660207, 0.4997732531526949962 ),
 .UNSPECIFIED. ) ;
#4744 = DIRECTION ( 'NONE',  ( -1.979369050917000020E-13, 0.000000000000000000, -1.000000000000000000 ) ) ;
#4745 = CARTESIAN_POINT ( 'NONE',  ( 0.9532225779590010051, 1.845643536008249930, -4.466570813945359042 ) ) ;
#4746 = VERTEX_POINT ( 'NONE', #959 ) ;
#4747 = ADVANCED_FACE ( 'NONE', ( #1544 ), #1182, .T. ) ;
#4748 = VECTOR ( 'NONE', #7291, 1000.000000000000000 ) ;
#4749 = VECTOR ( 'NONE', #9207, 1000.000000000000000 ) ;
#4750 = CARTESIAN_POINT ( 'NONE',  ( 1.351585093554000139, 2.848244207144070117, -2.501677623403959938 ) ) ;
#4751 = DIRECTION ( 'NONE',  ( 0.000000000000000000, 1.000000000000000000, 0.000000000000000000 ) ) ;
#4752 = CARTESIAN_POINT ( 'NONE',  ( 1.529708093189995566, 3.173626382941699298, -4.424692264220848159 ) ) ;
#4753 = ORIENTED_EDGE ( 'NONE', *, *, #4815, .F. ) ;
#4754 = DIRECTION ( 'NONE',  ( -9.774637575214492319E-14, -0.9906809373569991362, 0.1362030849777550179 ) ) ;
#4755 = B_SPLINE_CURVE_WITH_KNOTS ( 'NONE', 3,
 ( #10134, #1976, #2815, #1192, #6877, #2136 ),
 .UNSPECIFIED., .F., .F.,
 ( 4, 2, 4 ),
 ( 6.602212607865012769E-17, 0.0001586563170653915947, 0.0003173126341307171616 ),
 .UNSPECIFIED. ) ;
#4756 = AXIS2_PLACEMENT_3D ( 'NONE', #507, #4454, #5252 ) ;
#4757 = CARTESIAN_POINT ( 'NONE',  ( 1.553222577963390583, -3.199999998576729343, -3.449999999993615507 ) ) ;
#4758 = DIRECTION ( 'NONE',  ( 0.000000000000000000, 1.000000000000000000, 0.000000000000000000 ) ) ;
#4759 = CARTESIAN_POINT ( 'NONE',  ( 5.037253499672000423, 3.578184532794070005, -4.457859285076080980 ) ) ;
#4760 = ORIENTED_EDGE ( 'NONE', *, *, #5544, .F. ) ;
#4761 = CARTESIAN_POINT ( 'NONE',  ( 2.569525875986280017, 2.736246333039140222, -3.872651311474419877 ) ) ;
#4762 = AXIS2_PLACEMENT_3D ( 'NONE', #1479, #4644, #4592 ) ;
#4763 = B_SPLINE_CURVE_WITH_KNOTS ( 'NONE', 3,
 ( #9417, #2944, #7056, #5315, #3104, #5369, #3792, #9312, #5427, #686 ),
 .UNSPECIFIED., .F., .F.,
 ( 4, 2, 2, 2, 4 ),
 ( 0.001255454493830491071, 0.001617573041208663839, 0.001979691588586836391, 0.002341810135965009809, 0.002703928683343183662 ),
 .UNSPECIFIED. ) ;
#4764 = CYLINDRICAL_SURFACE ( 'NONE', #8073, 0.7999999999999999334 ) ;
#4765 = CARTESIAN_POINT ( 'NONE',  ( 5.338759664330005705, 8.191607349142001837, -2.154221109221002184 ) ) ;
#4766 = VERTEX_POINT ( 'NONE', #6494 ) ;
#4767 = DIRECTION ( 'NONE',  ( 0.000000000000000000, -1.000000000000000000, 0.000000000000000000 ) ) ;
#4768 = CARTESIAN_POINT ( 'NONE',  ( 2.348495012702999318, 8.192332151402997198, -4.602701261597000659 ) ) ;
#4769 = CARTESIAN_POINT ( 'NONE',  ( 4.391168495368017233, 3.341743398537952103, -3.194561152082093791 ) ) ;
#4770 = CARTESIAN_POINT ( 'NONE',  ( 4.225007115639999533, 2.777355312667070031, -3.391682796559720270 ) ) ;
#4771 = DIRECTION ( 'NONE',  ( -1.000000000000000000, 0.000000000000000000, 3.466042557132010222E-10 ) ) ;
#4772 = CARTESIAN_POINT ( 'NONE',  ( 5.678482975989999737, 3.025847425720069594, -2.615008881770980231 ) ) ;
#4773 = EDGE_CURVE ( 'NONE', #579, #9629, #7385, .T. ) ;
#4774 = CARTESIAN_POINT ( 'NONE',  ( 4.953222577959999207, 7.270001019719069646, -4.560180164253153201 ) ) ;
#4775 = CARTESIAN_POINT ( 'NONE',  ( 6.047370753842299607, 3.500110627301070032, -3.588599238532659719 ) ) ;
#4776 = CARTESIAN_POINT ( 'NONE',  ( 2.571914215450600061, 3.365012485787069796, -3.904189745908059894 ) ) ;
#4777 = CARTESIAN_POINT ( 'NONE',  ( 2.049669253456299689, 2.813544110287069522, -2.616537620928859997 ) ) ;
#4778 = FACE_OUTER_BOUND ( 'NONE', #5476, .T. ) ;
#4779 = ORIENTED_EDGE ( 'NONE', *, *, #2382, .F. ) ;
#4780 = CYLINDRICAL_SURFACE ( 'NONE', #1203, 0.1000000000000000472 ) ;
#4781 = FACE_OUTER_BOUND ( 'NONE', #176, .T. ) ;
#4782 = DIRECTION ( 'NONE',  ( 0.000000000000000000, 1.000000000000000000, 0.000000000000000000 ) ) ;
#4783 = DIRECTION ( 'NONE',  ( 1.000000000000000000, 0.000000000000000000, -3.841173411091505570E-14 ) ) ;
#4784 = ADVANCED_FACE ( 'NONE', ( #7182 ), #10383, .T. ) ;
#4785 = EDGE_LOOP ( 'NONE', ( #3655, #5420, #3312, #3552, #8747, #7735 ) ) ;
#4786 = LINE ( 'NONE', #6413, #8940 ) ;
#4787 = CARTESIAN_POINT ( 'NONE',  ( 2.542513452869999746, 3.198551139981069547, -3.683219977317780280 ) ) ;
#4788 = ORIENTED_EDGE ( 'NONE', *, *, #9277, .F. ) ;
#4789 = ORIENTED_EDGE ( 'NONE', *, *, #8921, .T. ) ;
#4790 = CARTESIAN_POINT ( 'NONE',  ( 0.7368741866979001687, 8.275044459580996659, -2.628224461455998640 ) ) ;
#4791 = CARTESIAN_POINT ( 'NONE',  ( 0.3000000002593999349, 4.700001019498999177, 5.156985949383999805E-14 ) ) ;
#4792 = CARTESIAN_POINT ( 'NONE',  ( 4.316178274367800327, 2.800984944159069734, -3.022710889064259998 ) ) ;
#4793 = APPROVAL_STATUS ( 'not_yet_approved' ) ;
#4794 = VERTEX_POINT ( 'NONE', #2485 ) ;
#4795 = EDGE_CURVE ( 'NONE', #3780, #1470, #7233, .T. ) ;
#4796 = DIRECTION ( 'NONE',  ( 0.000000000000000000, 0.000000000000000000, 1.000000000000000000 ) ) ;
#4797 = CARTESIAN_POINT ( 'NONE',  ( 4.650700878974959096, 2.784965020771169808, -2.926779130319109967 ) ) ;
#4798 = VERTEX_POINT ( 'NONE', #3230 ) ;
#4799 = B_SPLINE_SURFACE_WITH_KNOTS ( 'NONE', 3, 3, ( 
 ( #5108, #4157, #9793, #8161, #9051, #369, #6589 ),
 ( #8956, #6739, #155, #1740, #6638, #7372, #4313 ),
 ( #4997, #8311, #3373, #7473, #9161, #2583, #1835 ),
 ( #3425, #4367, #5792, #5744, #4209, #9738, #2528 ),
 ( #6533, #9005, #5051, #1150, #4952, #1787, #5159 ),
 ( #9841, #6682, #8205, #996, #7424, #213, #5840 ),
 ( #2628, #8260, #1051, #4265, #261, #7576, #3470 ) ),
 .UNSPECIFIED., .F., .F., .F.,
 ( 4, 1, 1, 1, 4 ),
 ( 4, 3, 4 ),
 ( 0.000000000000000000, 0.2317760420278809907, 0.5495235957880429956, 0.8672711495482050559, 1.000000000000000000 ),
 ( 0.000000000000000000, 0.07575106478788419528, 1.000000000000000000 ),
 .UNSPECIFIED. ) ;
#4800 = CARTESIAN_POINT ( 'NONE',  ( 0.9120034108290010488, 2.671766321332069705, -3.723661577824560087 ) ) ;
#4801 = CARTESIAN_POINT ( 'NONE',  ( 2.609268572462700053, 3.304919428482070209, -3.629847790857759993 ) ) ;
#4802 = CARTESIAN_POINT ( 'NONE',  ( 4.652292351304099682, 3.025766168284069746, -2.928156719204880076 ) ) ;
#4803 = ORIENTED_EDGE ( 'NONE', *, *, #6811, .T. ) ;
#4804 = LINE ( 'NONE', #10325, #10104 ) ;
#4805 = CARTESIAN_POINT ( 'NONE',  ( 2.053222577959999295, 7.123654220544582749, -2.133755340585541393 ) ) ;
#4806 = FACE_OUTER_BOUND ( 'NONE', #7787, .T. ) ;
#4807 = CARTESIAN_POINT ( 'NONE',  ( 5.253222577959999917, 8.090000782819998904, -4.849999998660000422 ) ) ;
#4808 = ORIENTED_EDGE ( 'NONE', *, *, #2937, .F. ) ;
#4809 = CARTESIAN_POINT ( 'NONE',  ( 6.125448816285211429, 2.626753779811827005, -2.961181410423392446 ) ) ;
#4810 = CARTESIAN_POINT ( 'NONE',  ( 6.699999999740000156, 4.700001019498999177, -5.349994381111779163 ) ) ;
#4811 = CARTESIAN_POINT ( 'NONE',  ( 4.236874186699998823, 8.275044459580996659, -2.628224461455998640 ) ) ;
#4812 = ORIENTED_EDGE ( 'NONE', *, *, #10303, .T. ) ;
#4813 = DIRECTION ( 'NONE',  ( 1.000000000000000000, 0.000000000000000000, 0.000000000000000000 ) ) ;
#4814 = CARTESIAN_POINT ( 'NONE',  ( 1.660921474443999735, 8.276389657050003734, -4.751461309855000259 ) ) ;
#4815 = EDGE_CURVE ( 'NONE', #756, #4110, #6447, .T. ) ;
#4816 = CARTESIAN_POINT ( 'NONE',  ( 1.096041829856000183, 8.081152809277002191, -2.189852649137002061 ) ) ;
#4817 = FACE_OUTER_BOUND ( 'NONE', #7574, .T. ) ;
#4818 = CARTESIAN_POINT ( 'NONE',  ( 1.753222577959000050, 7.050001019498997934, -2.050000000499999864 ) ) ;
#4819 = CARTESIAN_POINT ( 'NONE',  ( 4.489006197660240893, 2.814629173895677017, -2.805074452469873414 ) ) ;
#4820 = CARTESIAN_POINT ( 'NONE',  ( 6.118412390886100560, 3.459125453682069917, -3.600997827599659917 ) ) ;
#4821 = CARTESIAN_POINT ( 'NONE',  ( 0.8429386079294008960, 2.712746001253069750, -3.746129424210260073 ) ) ;
#4822 = VECTOR ( 'NONE', #3053, 1000.000000000000000 ) ;
#4823 = CARTESIAN_POINT ( 'NONE',  ( 2.622113358481999779, 2.610213433438070219, -3.025183288038080232 ) ) ;
#4824 = CARTESIAN_POINT ( 'NONE',  ( 2.549999999158999664, 0.7000000014232999890, 0.000000000000000000 ) ) ;
#4825 = ORIENTED_EDGE ( 'NONE', *, *, #1943, .T. ) ;
#4826 = EDGE_CURVE ( 'NONE', #6049, #9971, #5505, .T. ) ;
#4827 = DIRECTION ( 'NONE',  ( 0.000000000000000000, 0.000000000000000000, 1.000000000000000000 ) ) ;
#4828 = B_SPLINE_CURVE_WITH_KNOTS ( 'NONE', 3,
 ( #2928, #2088, #9297, #5196, #5299, #8503, #3775, #9399, #1292, #1403, #3571, #4502, #6783, #9985 ),
 .UNSPECIFIED., .F., .F.,
 ( 4, 2, 2, 2, 2, 2, 4 ),
 ( -0.003766563141661374153, -0.003452674239676487185, -0.003138785337691599783, -0.002511007533721826279, -0.002197118631736940178, -0.001883229729752054294, -0.001255451925782282742 ),
 .UNSPECIFIED. ) ;
#4829 = CARTESIAN_POINT ( 'NONE',  ( 0.000000000000000000, 1.019498648176999932E-06, 1.010549669620999961E-13 ) ) ;
#4830 = FACE_OUTER_BOUND ( 'NONE', #9326, .T. ) ;
#4831 = ORIENTED_EDGE ( 'NONE', *, *, #6717, .T. ) ;
#4832 = FACE_OUTER_BOUND ( 'NONE', #10320, .T. ) ;
#4833 = EDGE_CURVE ( 'NONE', #7245, #42, #2738, .T. ) ;
#4834 = DIRECTION ( 'NONE',  ( -1.000000000000000000, 2.215321941006000233E-13, 0.000000000000000000 ) ) ;
#4835 = ORIENTED_EDGE ( 'NONE', *, *, #6206, .F. ) ;
#4836 = ORIENTED_EDGE ( 'NONE', *, *, #3153, .F. ) ;
#4837 = EDGE_CURVE ( 'NONE', #10404, #8512, #6696, .T. ) ;
#4838 = CARTESIAN_POINT ( 'NONE',  ( 2.763034213902001213, 8.277943769393996121, -2.628111504292002465 ) ) ;
#4839 = CARTESIAN_POINT ( 'NONE',  ( 6.553222577958000450, 0.8000000014230710388, -1.549999999994079891 ) ) ;
#4840 = CARTESIAN_POINT ( 'NONE',  ( 5.253222577960192652, 3.274676319215107601, -4.249999998694357295 ) ) ;
#4841 = ORIENTED_EDGE ( 'NONE', *, *, #6228, .T. ) ;
#4842 = CARTESIAN_POINT ( 'NONE',  ( 0.9890276507278170648, 2.814658224277288845, -4.094758082782446351 ) ) ;
#4843 = CARTESIAN_POINT ( 'NONE',  ( 2.899999999739999890, 0.7000000014231999579, -5.400000000000000355 ) ) ;
#4844 = EDGE_LOOP ( 'NONE', ( #8928, #10083, #8005, #8178 ) ) ;
#4845 = CARTESIAN_POINT ( 'NONE',  ( 1.944946648329799910, 3.019931210655070419, -4.387843915508660153 ) ) ;
#4846 = CARTESIAN_POINT ( 'NONE',  ( 2.447393358183400203, 3.320836836993070307, -2.689240398960559997 ) ) ;
#4847 = CARTESIAN_POINT ( 'NONE',  ( 4.376295253453400314, 2.923296167420069924, -3.045655716132180224 ) ) ;
#4848 = VECTOR ( 'NONE', #3743, 1000.000000000000000 ) ;
#4849 = ORIENTED_EDGE ( 'NONE', *, *, #10412, .F. ) ;
#4850 = EDGE_CURVE ( 'NONE', #6008, #910, #8324, .T. ) ;
#4851 = CARTESIAN_POINT ( 'NONE',  ( 2.641241930445592523, 8.264458824429368633, -4.401983501474898475 ) ) ;
#4852 = CARTESIAN_POINT ( 'NONE',  ( 1.823016769530084735, 2.874453016238065928, -2.443486822480516185 ) ) ;
#4853 = CARTESIAN_POINT ( 'NONE',  ( 6.133507520331000329, 2.967428375190070078, -3.266975632621180292 ) ) ;
#4854 = CARTESIAN_POINT ( 'NONE',  ( 5.253222577959999917, -3.199999998576930071, -3.449999999994159960 ) ) ;
#4855 = VECTOR ( 'NONE', #9270, 1000.000000000000114 ) ;
#4856 = ORIENTED_EDGE ( 'NONE', *, *, #6997, .T. ) ;
#4857 = CARTESIAN_POINT ( 'NONE',  ( 2.467988079841489490, 3.118616418273161717, -3.866712583907072176 ) ) ;
#4858 = LINE ( 'NONE', #2482, #3367 ) ;
#4859 = ORIENTED_EDGE ( 'NONE', *, *, #8444, .T. ) ;
#4860 = DIRECTION ( 'NONE',  ( -1.000000000000000000, 0.000000000000000000, 1.813328133482006424E-10 ) ) ;
#4861 = AXIS2_PLACEMENT_3D ( 'NONE', #4902, #7169, #8109 ) ;
#4862 = CARTESIAN_POINT ( 'NONE',  ( 0.8327753091349001657, 8.116811051776997132, -4.430023923166000799 ) ) ;
#4863 = DIRECTION ( 'NONE',  ( 1.000000000000000000, 0.000000000000000000, 0.000000000000000000 ) ) ;
#4864 = CARTESIAN_POINT ( 'NONE',  ( 4.585622404376599626, 2.783634895731070369, -2.763982989002160107 ) ) ;
#4865 = CARTESIAN_POINT ( 'NONE',  ( 2.328759196898009698, 3.006417817750210553, -4.219919994835679589 ) ) ;
#4866 = ORIENTED_EDGE ( 'NONE', *, *, #1099, .T. ) ;
#4867 = VECTOR ( 'NONE', #7919, 1000.000000000000000 ) ;
#4868 = DIRECTION ( 'NONE',  ( 0.000000000000000000, 1.000000000000000000, 0.000000000000000000 ) ) ;
#4869 = EDGE_CURVE ( 'NONE', #2915, #9156, #693, .T. ) ;
#4870 = CARTESIAN_POINT ( 'NONE',  ( 0.000000000000000000, 4.700001019498999177, -6.899999999161000375 ) ) ;
#4871 = CARTESIAN_POINT ( 'NONE',  ( 2.704079787497100540, 2.925412684685070097, -3.339637421079659774 ) ) ;
#4872 = CARTESIAN_POINT ( 'NONE',  ( 2.662205008888000268, 2.635924898605070066, -3.005581741463979828 ) ) ;
#4873 = CARTESIAN_POINT ( 'NONE',  ( 3.853222577959049655, 0.7000000014231999579, -1.649999999987080024 ) ) ;
#4874 = ORIENTED_EDGE ( 'NONE', *, *, #4923, .F. ) ;
#4875 = CARTESIAN_POINT ( 'NONE',  ( 2.631922395599999742, 3.437359504137069699, -3.298793968457359949 ) ) ;
#4876 = VECTOR ( 'NONE', #1019, 1000.000000000000227 ) ;
#4877 = FACE_OUTER_BOUND ( 'NONE', #1950, .T. ) ;
#4878 = CARTESIAN_POINT ( 'NONE',  ( 2.454748480111999864, 3.071278768632069944, -4.122098321382879682 ) ) ;
#4879 = CARTESIAN_POINT ( 'NONE',  ( 4.450000000840000247, 0.7000000014228999756, -0.3499999999999999778 ) ) ;
#4880 = ORIENTED_EDGE ( 'NONE', *, *, #9277, .T. ) ;
#4881 = ADVANCED_FACE ( 'NONE', ( #5853 ), #9124, .T. ) ;
#4882 = DIRECTION ( 'NONE',  ( 0.000000000000000000, 1.162443566441900040E-15, -1.000000000000000000 ) ) ;
#4883 = CARTESIAN_POINT ( 'NONE',  ( 6.109268572462699609, 3.304919428482070209, -3.629847790857759993 ) ) ;
#4884 = AXIS2_PLACEMENT_3D ( 'NONE', #6481, #1680, #2314 ) ;
#4885 = ORIENTED_EDGE ( 'NONE', *, *, #4704, .F. ) ;
#4886 = ORIENTED_EDGE ( 'NONE', *, *, #4264, .F. ) ;
#4887 = CARTESIAN_POINT ( 'NONE',  ( 1.646751641409216704, 3.308045780764389487, -2.500921811404959172 ) ) ;
#4888 = CARTESIAN_POINT ( 'NONE',  ( 0.9969266553803437514, 8.262110736846167924, -2.385361362294952325 ) ) ;
#4889 = CARTESIAN_POINT ( 'NONE',  ( 5.323537329828619491, 2.586610837574069954, -4.312343414941260278 ) ) ;
#4890 = CIRCLE ( 'NONE', #9590, 1.500000000000000000 ) ;
#4891 = EDGE_LOOP ( 'NONE', ( #2507, #2328, #8698, #8353, #10205, #4284, #2141, #5846 ) ) ;
#4892 = DIRECTION ( 'NONE',  ( 0.000000000000000000, 0.9999999999962179142, 2.750292350632569864E-06 ) ) ;
#4893 = CARTESIAN_POINT ( 'NONE',  ( 4.202065596147900095, 2.863779312409069799, -3.468080718719529720 ) ) ;
#4894 = VERTEX_POINT ( 'NONE', #9065 ) ;
#4895 = EDGE_CURVE ( 'NONE', #2117, #10141, #1849, .T. ) ;
#4896 = EDGE_CURVE ( 'NONE', #8305, #1227, #9602, .T. ) ;
#4897 = CARTESIAN_POINT ( 'NONE',  ( 0.8032225779639999841, 2.250294765869069735, -5.349999999994079936 ) ) ;
#4898 = CARTESIAN_POINT ( 'NONE',  ( 2.528501372355199894, 2.972671947670069592, -4.011473170294060253 ) ) ;
#4899 = VECTOR ( 'NONE', #4102, 1000.000000000000000 ) ;
#4900 = CARTESIAN_POINT ( 'NONE',  ( 7.000000000000000000, 4.700001019498999177, -5.849999999902000702 ) ) ;
#4901 = AXIS2_PLACEMENT_3D ( 'NONE', #1267, #538, #5324 ) ;
#4902 = CARTESIAN_POINT ( 'NONE',  ( 5.253222577959999917, 2.370001019719070179, -3.449999998694359693 ) ) ;
#4903 = ORIENTED_EDGE ( 'NONE', *, *, #4555, .F. ) ;
#4904 = LINE ( 'NONE', #5536, #9107 ) ;
#4905 = CARTESIAN_POINT ( 'NONE',  ( 0.9890061976634708651, 2.814629173895995429, -2.805074452466043144 ) ) ;
#4906 = DIRECTION ( 'NONE',  ( 0.000000000000000000, 1.000000000000000000, 0.000000000000000000 ) ) ;
#4907 = AXIS2_PLACEMENT_3D ( 'NONE', #1653, #872, #2403 ) ;
#4908 = PLANE ( 'NONE',  #8011 ) ;
#4909 = AXIS2_PLACEMENT_3D ( 'NONE', #6484, #8742, #58 ) ;
#4910 = ORIENTED_EDGE ( 'NONE', *, *, #2974, .F. ) ;
#4911 = ADVANCED_FACE ( 'NONE', ( #3437 ), #9017, .T. ) ;
#4912 = EDGE_LOOP ( 'NONE', ( #2474, #2499, #10411, #4944, #5073 ) ) ;
#4913 = DIRECTION ( 'NONE',  ( -1.000000000000000000, 0.000000000000000000, 0.000000000000000000 ) ) ;
#4914 = DIRECTION ( 'NONE',  ( -1.000000000000000000, 0.000000000000000000, 0.000000000000000000 ) ) ;
#4915 = PLANE ( 'NONE',  #8715 ) ;
#4916 = ORIENTED_EDGE ( 'NONE', *, *, #262, .F. ) ;
#4917 = CARTESIAN_POINT ( 'NONE',  ( 1.631499543780483119, 8.263031355169660586, -4.746963948496334851 ) ) ;
#4918 = CARTESIAN_POINT ( 'NONE',  ( 1.485525239879000203, 8.191098577778003431, -4.721602756882001373 ) ) ;
#4919 = CARTESIAN_POINT ( 'NONE',  ( 5.850776811338907812, 8.264053211054489978, -2.292566757837579683 ) ) ;
#4920 = CARTESIAN_POINT ( 'NONE',  ( 5.247235404841920747, 2.592229306565069891, -4.316993260558160017 ) ) ;
#4921 = CYLINDRICAL_SURFACE ( 'NONE', #724, 0.1000000000000002554 ) ;
#4922 = EDGE_LOOP ( 'NONE', ( #9673, #82, #6020 ) ) ;
#4923 = EDGE_CURVE ( 'NONE', #3895, #4091, #5963, .T. ) ;
#4924 = VECTOR ( 'NONE', #1209, 1000.000000000000000 ) ;
#4925 = CARTESIAN_POINT ( 'NONE',  ( 5.702296023561920002, 3.087548272400195248, -4.265826866098045400 ) ) ;
#4926 = CARTESIAN_POINT ( 'NONE',  ( 6.057321109378748680, 2.774903110507085824, -3.452827032639989024 ) ) ;
#4927 = CARTESIAN_POINT ( 'NONE',  ( 2.663492445454099578, 2.942762733114069995, -2.968298053020959948 ) ) ;
#4928 = DIRECTION ( 'NONE',  ( 0.000000000000000000, 0.000000000000000000, 1.000000000000000000 ) ) ;
#4929 = CARTESIAN_POINT ( 'NONE',  ( 1.251799483687800141, 3.558648084845069892, -4.240907181053479746 ) ) ;
#4930 = ORIENTED_EDGE ( 'NONE', *, *, #7202, .T. ) ;
#4931 = CARTESIAN_POINT ( 'NONE',  ( 1.107898461539600143, 3.108947482720069821, -4.263063961058559670 ) ) ;
#4932 = TOROIDAL_SURFACE ( 'NONE', #6273, 0.2000000000001057043, 0.2000000000004634737 ) ;
#4933 = CARTESIAN_POINT ( 'NONE',  ( 6.499999999250099414, 0.7000000014231949619, -5.349994381111779163 ) ) ;
#4934 = LINE ( 'NONE', #133, #4735 ) ;
#4935 = LINE ( 'NONE', #9562, #3812 ) ;
#4936 = ORIENTED_EDGE ( 'NONE', *, *, #1086, .T. ) ;
#4937 = DIRECTION ( 'NONE',  ( 0.000000000000000000, 0.000000000000000000, 1.000000000000000000 ) ) ;
#4938 = CARTESIAN_POINT ( 'NONE',  ( 6.045505058993200898, 3.318414389089070493, -3.802138537852659983 ) ) ;
#4939 = ORIENTED_EDGE ( 'NONE', *, *, #3023, .T. ) ;
#4940 = ORIENTED_EDGE ( 'NONE', *, *, #7801, .T. ) ;
#4941 = CARTESIAN_POINT ( 'NONE',  ( 4.927018266225910104, 3.211383756624150987, -4.198693241476083138 ) ) ;
#4942 = CARTESIAN_POINT ( 'NONE',  ( 6.109268572462699609, 3.304919428482070209, -3.629847790857759993 ) ) ;
#4943 = DIRECTION ( 'NONE',  ( -7.284119658033000048E-14, 0.000000000000000000, -1.000000000000000000 ) ) ;
#4944 = ORIENTED_EDGE ( 'NONE', *, *, #7215, .T. ) ;
#4945 = PLANE ( 'NONE',  #9438 ) ;
#4946 = DIRECTION ( 'NONE',  ( 0.000000000000000000, 0.000000000000000000, 1.000000000000000000 ) ) ;
#4947 = ORIENTED_EDGE ( 'NONE', *, *, #6014, .T. ) ;
#4948 = FACE_OUTER_BOUND ( 'NONE', #4963, .T. ) ;
#4949 = CARTESIAN_POINT ( 'NONE',  ( 2.528501372355199894, 2.972671947670069592, -4.011473170294060253 ) ) ;
#4950 = PLANE ( 'NONE',  #9066 ) ;
#4951 = ORIENTED_EDGE ( 'NONE', *, *, #7225, .F. ) ;
#4952 = CARTESIAN_POINT ( 'NONE',  ( 0.9412787143741020435, 2.757147567272069999, -3.808576732213880156 ) ) ;
#4953 = ADVANCED_FACE ( 'NONE', ( #9904 ), #9221, .T. ) ;
#4954 = CARTESIAN_POINT ( 'NONE',  ( 1.937454466544648479, 3.183287678862157133, -2.643944653107280107 ) ) ;
#4955 = CARTESIAN_POINT ( 'NONE',  ( 4.732309910861579816, 3.044956782448779986, -4.169678275131889933 ) ) ;
#4956 = CARTESIAN_POINT ( 'NONE',  ( 6.059016080569000096, 3.167210376239069980, -3.282463513852480030 ) ) ;
#4957 = CARTESIAN_POINT ( 'NONE',  ( 1.753222577959000050, 8.090000782819998904, -3.449999999580000143 ) ) ;
#4958 = ORIENTED_EDGE ( 'NONE', *, *, #740, .T. ) ;
#4959 = ORIENTED_EDGE ( 'NONE', *, *, #8815, .T. ) ;
#4960 = CARTESIAN_POINT ( 'NONE',  ( 0.5000000000000000000, 4.600000002146249933, -1.549999999994089883 ) ) ;
#4961 = CARTESIAN_POINT ( 'NONE',  ( 2.865295360325801788, 8.264769742368324401, -2.774206580558820079 ) ) ;
#4962 = CARTESIAN_POINT ( 'NONE',  ( 6.542764011139996505, 8.278330006660002738, -3.275336191048002554 ) ) ;
#4963 = EDGE_LOOP ( 'NONE', ( #6681, #8871, #10347, #7107 ) ) ;
#4964 = DIRECTION ( 'NONE',  ( 0.000000000000000000, 1.000000000000000000, 0.000000000000000000 ) ) ;
#4965 = CARTESIAN_POINT ( 'NONE',  ( 2.504187755497259804, 2.832146381480514563, -3.174225993809444812 ) ) ;
#4966 = CARTESIAN_POINT ( 'NONE',  ( 5.687275893936067028, 8.263822636255330423, -2.221435160712110335 ) ) ;
#4967 = EDGE_CURVE ( 'NONE', #1449, #3854, #8216, .T. ) ;
#4968 = CARTESIAN_POINT ( 'NONE',  ( 5.246252300919709732, 2.674188666407070425, -4.459355016176359321 ) ) ;
#4969 = CARTESIAN_POINT ( 'NONE',  ( 4.800000000839999892, 1.019498648065999864E-06, -4.000000000000000000 ) ) ;
#4970 = VERTEX_POINT ( 'NONE', #6807 ) ;
#4971 = CARTESIAN_POINT ( 'NONE',  ( 2.553222577959600059, 1.845643535393149737, -4.466570817937359550 ) ) ;
#4972 = CARTESIAN_POINT ( 'NONE',  ( 5.711743183149800451, 3.382594687652070053, -2.685322408437560426 ) ) ;
#4973 = CARTESIAN_POINT ( 'NONE',  ( 1.408232969089900033, 2.766284847302070027, -2.635431194644559660 ) ) ;
#4974 = CARTESIAN_POINT ( 'NONE',  ( 4.705894899735880266, 3.026744524843670181, -2.866539571194159475 ) ) ;
#4975 = DIRECTION ( 'NONE',  ( -0.006475917311892210280, 0.000000000000000000, 0.9999790310276359673 ) ) ;
#4976 = CARTESIAN_POINT ( 'NONE',  ( 1.472667143375099963, 3.327829871168070053, -2.603677810706459983 ) ) ;
#4977 = EDGE_CURVE ( 'NONE', #9835, #5636, #3540, .T. ) ;
#4978 = FACE_OUTER_BOUND ( 'NONE', #7157, .T. ) ;
#4979 = LINE ( 'NONE', #3404, #1031 ) ;
#4980 = CARTESIAN_POINT ( 'NONE',  ( 7.000000000000000000, 1.019498654399000089E-06, -5.849999999902000702 ) ) ;
#4981 = CARTESIAN_POINT ( 'NONE',  ( 2.053222577959989525, 7.050001019498999710, -2.133755340585360205 ) ) ;
#4982 = ORIENTED_EDGE ( 'NONE', *, *, #534, .T. ) ;
#4983 = CARTESIAN_POINT ( 'NONE',  ( 6.499999999249999938, 4.750001019718999906, -2.299999998060999751 ) ) ;
#4984 = CYLINDRICAL_SURFACE ( 'NONE', #1016, 0.2000000000000000944 ) ;
#4985 = DIRECTION ( 'NONE',  ( 0.000000000000000000, 1.000000000000000000, 0.000000000000000000 ) ) ;
#4986 = VERTEX_POINT ( 'NONE', #10007 ) ;
#4987 = LINE ( 'NONE', #9784, #709 ) ;
#4988 = CARTESIAN_POINT ( 'NONE',  ( 4.441278714371099667, 2.757147567272069999, -3.808576732213880156 ) ) ;
#4989 = B_SPLINE_CURVE_WITH_KNOTS ( 'NONE', 3,
 ( #2249, #5413, #2142, #7824, #5516, #1456 ),
 .UNSPECIFIED., .F., .F.,
 ( 4, 2, 4 ),
 ( 0.000000000000000000, 0.0002886773490461097113, 0.0005773546980922194226 ),
 .UNSPECIFIED. ) ;
#4990 = ORIENTED_EDGE ( 'NONE', *, *, #6889, .T. ) ;
#4991 = B_SPLINE_CURVE_WITH_KNOTS ( 'NONE', 3,
 ( #2144, #2198, #2251, #9405, #5305, #8561, #9302, #4566, #5467, #6942 ),
 .UNSPECIFIED., .F., .F.,
 ( 4, 2, 2, 2, 4 ),
 ( 0.001255454493830491939, 0.001617573041208663839, 0.001979691588586835523, 0.002341810135965007207, 0.002703928683343179325 ),
 .UNSPECIFIED. ) ;
#4992 = DIRECTION ( 'NONE',  ( 0.000000000000000000, 1.000000000000000000, 0.000000000000000000 ) ) ;
#4993 = EDGE_CURVE ( 'NONE', #10147, #5463, #10267, .T. ) ;
#4994 = CARTESIAN_POINT ( 'NONE',  ( 2.749625697243500255, 2.990021996099070378, -3.710401266013360289 ) ) ;
#4995 = CARTESIAN_POINT ( 'NONE',  ( 0.000000000000000000, 0.7000000014231999579, -5.400000000000000355 ) ) ;
#4996 = VERTEX_POINT ( 'NONE', #6855 ) ;
#4997 = CARTESIAN_POINT ( 'NONE',  ( 1.022028037382169963, 2.760228371544370063, -3.112853762549480319 ) ) ;
#4998 = CARTESIAN_POINT ( 'NONE',  ( 6.206693430536499356, 3.327116420057069757, -3.365119720870149767 ) ) ;
#4999 = CARTESIAN_POINT ( 'NONE',  ( 5.900000645802999877, 3.029077696887069848, -4.069647047061879519 ) ) ;
#5000 = CARTESIAN_POINT ( 'NONE',  ( 6.094738831328999851, 2.702139394404069694, -4.007886753320979878 ) ) ;
#5001 = CARTESIAN_POINT ( 'NONE',  ( 2.772637120699270152, 3.046225085317400438, -3.238048513839529630 ) ) ;
#5002 = ORIENTED_EDGE ( 'NONE', *, *, #1767, .F. ) ;
#5003 = ORIENTED_EDGE ( 'NONE', *, *, #5738, .F. ) ;
#5004 = EDGE_CURVE ( 'NONE', #2699, #1060, #4432, .T. ) ;
#5005 = LINE ( 'NONE', #9954, #4512 ) ;
#5006 = ADVANCED_FACE ( 'NONE', ( #9272 ), #2952, .T. ) ;
#5007 = CARTESIAN_POINT ( 'NONE',  ( 1.453222577960000317, 7.270001019719037672, -4.613789109921112797 ) ) ;
#5008 = CARTESIAN_POINT ( 'NONE',  ( 1.500661287432708768, 3.341743398537952103, -2.630039169361976015 ) ) ;
#5009 = ORIENTED_EDGE ( 'NONE', *, *, #1288, .F. ) ;
#5010 = CARTESIAN_POINT ( 'NONE',  ( 3.153222577959999828, 4.364219189800570220, -1.549999999994079891 ) ) ;
#5011 = LINE ( 'NONE', #3485, #4065 ) ;
#5012 = CARTESIAN_POINT ( 'NONE',  ( 5.553222577960000628, 7.070001019719070356, -4.766244656803269031 ) ) ;
#5013 = CARTESIAN_POINT ( 'NONE',  ( 6.258720603219999568, 8.192906766119000039, -4.268171749716999308 ) ) ;
#5014 = VECTOR ( 'NONE', #3779, 1000.000000000000000 ) ;
#5015 = FACE_OUTER_BOUND ( 'NONE', #7472, .T. ) ;
#5016 = ORIENTED_EDGE ( 'NONE', *, *, #7830, .T. ) ;
#5017 = ADVANCED_FACE ( 'NONE', ( #9320 ), #10110, .F. ) ;
#5018 = CARTESIAN_POINT ( 'NONE',  ( 1.750000000000000222, 8.500001019719000794, -4.949999999580000143 ) ) ;
#5019 = EDGE_CURVE ( 'NONE', #10259, #10324, #2902, .T. ) ;
#5020 = B_SPLINE_CURVE_WITH_KNOTS ( 'NONE', 3,
 ( #9014, #9218, #2003, #6751, #5063, #8320, #2745, #4219 ),
 .UNSPECIFIED., .F., .F.,
 ( 4, 2, 2, 4 ),
 ( 2.335442953235084577E-18, 0.0004096898891397213497, 0.0008193797782794404226, 0.001638759556558876292 ),
 .UNSPECIFIED. ) ;
#5021 = CARTESIAN_POINT ( 'NONE',  ( 6.286955640518000266, 2.972035441509070175, -3.544404328316580255 ) ) ;
#5022 = TOROIDAL_SURFACE ( 'NONE', #1148, 0.5000000000000000000, 0.2000000000000000111 ) ;
#5023 = CARTESIAN_POINT ( 'NONE',  ( 2.193325827109700032, 2.914342219320069649, -4.132370595680260550 ) ) ;
#5024 = CARTESIAN_POINT ( 'NONE',  ( 2.853222577958900441, 3.583840959371140222, -1.175680949433580036 ) ) ;
#5025 = CARTESIAN_POINT ( 'NONE',  ( 1.474333617079999881, 3.061013002539070271, -4.201069485774279855 ) ) ;
#5026 = DIRECTION ( 'NONE',  ( 0.000000000000000000, 0.000000000000000000, -1.000000000000000000 ) ) ;
#5027 = CARTESIAN_POINT ( 'NONE',  ( 0.6532225779590010717, 4.227894506828680399, -1.466112852112469778 ) ) ;
#5028 = CARTESIAN_POINT ( 'NONE',  ( 1.574548950136894554, 2.740285697728346737, -2.649999998694472669 ) ) ;
#5029 = VECTOR ( 'NONE', #9736, 999.9999999999998863 ) ;
#5030 = CARTESIAN_POINT ( 'NONE',  ( 4.830051468496399991, 3.474258713524069897, -4.117478369284980566 ) ) ;
#5031 = CARTESIAN_POINT ( 'NONE',  ( 5.250000000000000000, 8.500001019719000794, -1.949999999579999921 ) ) ;
#5032 = ADVANCED_FACE ( 'NONE', ( #6124 ), #6067, .T. ) ;
#5033 = CARTESIAN_POINT ( 'NONE',  ( 6.279034896135999411, 3.368096099978070246, -3.358679708905750072 ) ) ;
#5034 = AXIS2_PLACEMENT_3D ( 'NONE', #4176, #5178, #8384 ) ;
#5035 = VERTEX_POINT ( 'NONE', #4478 ) ;
#5036 = CARTESIAN_POINT ( 'NONE',  ( 4.812586268966432712, 8.262570640471638583, -2.221486488551029925 ) ) ;
#5037 = CARTESIAN_POINT ( 'NONE',  ( 1.753222577963000184, 0.8000000014230710388, -3.449999999994080024 ) ) ;
#5038 = DIRECTION ( 'NONE',  ( 0.000000000000000000, -1.000000000000000000, 0.000000000000000000 ) ) ;
#5039 = ORIENTED_EDGE ( 'NONE', *, *, #8101, .T. ) ;
#5040 = LINE ( 'NONE', #6579, #540 ) ;
#5041 = CARTESIAN_POINT ( 'NONE',  ( 5.279673654840875585, 8.263243528151045680, -4.749998829231318886 ) ) ;
#5042 = EDGE_LOOP ( 'NONE', ( #6260, #7749, #4916, #6157, #1413 ) ) ;
#5043 = VECTOR ( 'NONE', #8637, 1000.000000000000000 ) ;
#5044 = CARTESIAN_POINT ( 'NONE',  ( 3.053222577961999917, 0.7000000014231999579, -5.249999999994080291 ) ) ;
#5045 = EDGE_CURVE ( 'NONE', #5286, #10060, #8527, .T. ) ;
#5046 = CARTESIAN_POINT ( 'NONE',  ( 6.039989784510000348, 2.766010639440069419, -3.269069184519380222 ) ) ;
#5047 = CARTESIAN_POINT ( 'NONE',  ( 0.8931991149458009538, 3.161708999610070236, -3.029679912821559462 ) ) ;
#5048 = ORIENTED_EDGE ( 'NONE', *, *, #3417, .F. ) ;
#5049 = VECTOR ( 'NONE', #1727, 1000.000000000000000 ) ;
#5050 = AXIS2_PLACEMENT_3D ( 'NONE', #1762, #4133, #7348 ) ;
#5051 = CARTESIAN_POINT ( 'NONE',  ( 1.012540547394319868, 2.713125857740249725, -3.777105547613139880 ) ) ;
#5052 = CARTESIAN_POINT ( 'NONE',  ( 4.956677804281099498, 3.127008902752069996, -2.694102057680560325 ) ) ;
#5053 = CARTESIAN_POINT ( 'NONE',  ( 5.253222577959999917, 2.670001019719070001, -3.449999998694359693 ) ) ;
#5054 = CARTESIAN_POINT ( 'NONE',  ( 1.334754212090889292, 2.818805889676213372, -4.162968534094958706 ) ) ;
#5055 = EDGE_CURVE ( 'NONE', #7264, #7911, #1319, .T. ) ;
#5056 = DIRECTION ( 'NONE',  ( 0.000000000000000000, 0.000000000000000000, 1.000000000000000000 ) ) ;
#5057 = CARTESIAN_POINT ( 'NONE',  ( 6.186258094552940179, 3.011970891794312877, -3.410927440129166044 ) ) ;
#5058 = ORIENTED_EDGE ( 'NONE', *, *, #5143, .F. ) ;
#5059 = ORIENTED_EDGE ( 'NONE', *, *, #7470, .F. ) ;
#5060 = VECTOR ( 'NONE', #4194, 1000.000000000000000 ) ;
#5061 = CIRCLE ( 'NONE', #182, 0.1000000000000002554 ) ;
#5062 = FACE_OUTER_BOUND ( 'NONE', #7519, .T. ) ;
#5063 = CARTESIAN_POINT ( 'NONE',  ( 4.491579297327289666, 2.670001019719070889, -3.928171374249501469 ) ) ;
#5064 = CARTESIAN_POINT ( 'NONE',  ( 1.153943981562754573, 0.6000000014230709722, -3.420586331461382912 ) ) ;
#5065 = ORIENTED_EDGE ( 'NONE', *, *, #2717, .T. ) ;
#5066 = CARTESIAN_POINT ( 'NONE',  ( 1.379223194034570721, 3.123578489289940308, -2.742805216422638637 ) ) ;
#5067 = CARTESIAN_POINT ( 'NONE',  ( -0.4999999982212000038, 8.500001019718999018, -1.599999998520000188 ) ) ;
#5068 = CARTESIAN_POINT ( 'NONE',  ( 0.4135061806770999326, 8.116211281014004797, -3.524807596479000882 ) ) ;
#5069 = VECTOR ( 'NONE', #4744, 1000.000000000000000 ) ;
#5070 = AXIS2_PLACEMENT_3D ( 'NONE', #9906, #7441, #3541 ) ;
#5071 = CARTESIAN_POINT ( 'NONE',  ( 6.583534809950005950, 8.119933079499000783, -3.339713071959000690 ) ) ;
#5072 = CARTESIAN_POINT ( 'NONE',  ( 2.345607615851560190, 2.992979064132439859, -4.181897110568270293 ) ) ;
#5073 = ORIENTED_EDGE ( 'NONE', *, *, #1052, .T. ) ;
#5074 = LINE ( 'NONE', #9180, #3013 ) ;
#5075 = AXIS2_PLACEMENT_3D ( 'NONE', #1936, #1142, #1043 ) ;
#5076 = CARTESIAN_POINT ( 'NONE',  ( 4.309256976014399498, 2.793961349190070109, -3.649533107846059998 ) ) ;
#5077 = VECTOR ( 'NONE', #1322, 1000.000000000000114 ) ;
#5078 = CARTESIAN_POINT ( 'NONE',  ( 6.352606276639997773, 8.083447266359000238, -2.555631906641999684 ) ) ;
#5079 = CARTESIAN_POINT ( 'NONE',  ( 5.253222577959999917, 2.570001019719070356, -3.449999998694359693 ) ) ;
#5080 = CARTESIAN_POINT ( 'NONE',  ( 1.759122824922000117, 3.365227380793069933, -2.398711572540079828 ) ) ;
#5081 = CARTESIAN_POINT ( 'NONE',  ( 1.145320791445799902, 3.300447462926070052, -2.797751579687859813 ) ) ;
#5082 = PLANE ( 'NONE',  #4580 ) ;
#5083 = EDGE_CURVE ( 'NONE', #4766, #1781, #10162, .T. ) ;
#5084 = AXIS2_PLACEMENT_3D ( 'NONE', #2710, #9921, #5819 ) ;
#5085 = B_SPLINE_CURVE_WITH_KNOTS ( 'NONE', 3,
 ( #7771, #10138, #9345, #2032, #3668, #5408, #6039, #9246, #5350, #4409 ),
 .UNSPECIFIED., .F., .F.,
 ( 4, 2, 2, 2, 4 ),
 ( 6.133173666733496745E-19, 0.0004317489706845217216, 0.0008634979413690429010, 0.001295246912053564080, 0.001726995882738085152 ),
 .UNSPECIFIED. ) ;
#5086 = DATE_AND_TIME ( #6563, #7953 ) ;
#5087 = CARTESIAN_POINT ( 'NONE',  ( 5.746506814864901003, 3.062653938461330050, -4.265129510927120116 ) ) ;
#5088 = CARTESIAN_POINT ( 'NONE',  ( 2.553222577959600059, 2.240976201065830065, -4.527497685406180139 ) ) ;
#5089 = CARTESIAN_POINT ( 'NONE',  ( 5.250000000000000000, 8.300001019718999729, -3.449999999580000143 ) ) ;
#5090 = CARTESIAN_POINT ( 'NONE',  ( 6.028501372355200338, 2.972671947670069592, -4.011473170294060253 ) ) ;
#5091 = CARTESIAN_POINT ( 'NONE',  ( 2.535105887525700208, 2.860803373271070260, -3.036238404515459788 ) ) ;
#5092 = EDGE_CURVE ( 'NONE', #565, #1962, #6678, .T. ) ;
#5093 = CIRCLE ( 'NONE', #557, 1.350000000000000089 ) ;
#5094 = ORIENTED_EDGE ( 'NONE', *, *, #131, .T. ) ;
#5095 = FACE_OUTER_BOUND ( 'NONE', #8560, .T. ) ;
#5096 = CARTESIAN_POINT ( 'NONE',  ( 6.038986474534600468, 3.263939748560070075, -3.615082135481559877 ) ) ;
#5097 = EDGE_CURVE ( 'NONE', #2158, #3678, #9640, .T. ) ;
#5098 = CARTESIAN_POINT ( 'NONE',  ( 2.553038916544691617, 2.781320862229049062, -3.532924148047259294 ) ) ;
#5099 = ORIENTED_EDGE ( 'NONE', *, *, #2577, .F. ) ;
#5100 = CARTESIAN_POINT ( 'NONE',  ( 5.253222577959999917, 2.570001019719070356, -4.149999998694359427 ) ) ;
#5101 = AXIS2_PLACEMENT_3D ( 'NONE', #10152, #10316, #2307 ) ;
#5102 = CARTESIAN_POINT ( 'NONE',  ( 4.447866462063654325, 2.818718729235260234, -4.046027777633315559 ) ) ;
#5103 = ORIENTED_EDGE ( 'NONE', *, *, #9930, .T. ) ;
#5104 = DIRECTION ( 'NONE',  ( 0.000000000000000000, 1.000000000000000000, 0.000000000000000000 ) ) ;
#5105 = CARTESIAN_POINT ( 'NONE',  ( 2.509987224162000263, 3.605981068625069952, -3.773542120012479906 ) ) ;
#5106 = CARTESIAN_POINT ( 'NONE',  ( 2.599299166489900337, 2.901783053193069950, -3.002268228768260272 ) ) ;
#5107 = ORIENTED_EDGE ( 'NONE', *, *, #1477, .F. ) ;
#5108 = CARTESIAN_POINT ( 'NONE',  ( 1.228667939833500089, 2.785915983267619911, -2.871546468843109601 ) ) ;
#5109 = B_SPLINE_CURVE_WITH_KNOTS ( 'NONE', 3,
 ( #2597, #1168, #4279, #9126 ),
 .UNSPECIFIED., .F., .F.,
 ( 4, 4 ),
 ( 0.000000000000000000, 1.000000000000000000 ),
 .UNSPECIFIED. ) ;
#5110 = ADVANCED_FACE ( 'NONE', ( #7673, #6731 ), #6836, .T. ) ;
#5111 = CARTESIAN_POINT ( 'NONE',  ( 6.112749237946800029, 3.408580981800070298, -3.973612233847759523 ) ) ;
#5112 = CARTESIAN_POINT ( 'NONE',  ( 6.553222577958000450, 0.8000000014230710388, -1.549999999994079891 ) ) ;
#5113 = CARTESIAN_POINT ( 'NONE',  ( 1.541981616616159512, 2.802346740873014941, -4.249999998694296011 ) ) ;
#5114 = CARTESIAN_POINT ( 'NONE',  ( 6.122113358478999068, 2.610213433438070219, -3.025183288038080232 ) ) ;
#5115 = CARTESIAN_POINT ( 'NONE',  ( 6.168414586084320916, 3.002013710687875037, -3.264895008806250054 ) ) ;
#5116 = ORIENTED_EDGE ( 'NONE', *, *, #1554, .T. ) ;
#5117 = ORIENTED_EDGE ( 'NONE', *, *, #518, .F. ) ;
#5118 = CARTESIAN_POINT ( 'NONE',  ( 2.213350536760428700, 3.081428487403710559, -4.249661890461887914 ) ) ;
#5119 = DIRECTION ( 'NONE',  ( 0.000000000000000000, -1.000000000000000000, 0.000000000000000000 ) ) ;
#5120 = LINE ( 'NONE', #9063, #1988 ) ;
#5121 = VERTEX_POINT ( 'NONE', #412 ) ;
#5122 = CARTESIAN_POINT ( 'NONE',  ( 0.4578988869742277035, 8.261314471402597448, -3.625680122074998568 ) ) ;
#5123 = CARTESIAN_POINT ( 'NONE',  ( 0.6532225779590010717, 3.583840959242920121, -1.375398428162259989 ) ) ;
#5124 = CARTESIAN_POINT ( 'NONE',  ( 1.314426746132002277, 8.190849499457998562, -2.226399403987999737 ) ) ;
#5125 = CARTESIAN_POINT ( 'NONE',  ( 6.543205718270000304, 8.193303576019999923, -3.377647207204001578 ) ) ;
#5126 = CARTESIAN_POINT ( 'NONE',  ( 6.399999999740000334, 4.700001019498999177, -6.299999999999999822 ) ) ;
#5127 = VERTEX_POINT ( 'NONE', #5153 ) ;
#5128 = VERTEX_POINT ( 'NONE', #6886 ) ;
#5129 = CYLINDRICAL_SURFACE ( 'NONE', #5878, 0.4000000000000001887 ) ;
#5130 = CARTESIAN_POINT ( 'NONE',  ( 6.153433138974199856, 2.999417849751070175, -3.966853138295959980 ) ) ;
#5131 = DIRECTION ( 'NONE',  ( 0.000000000000000000, 0.000000000000000000, 1.000000000000000000 ) ) ;
#5132 = ORIENTED_EDGE ( 'NONE', *, *, #8653, .T. ) ;
#5133 = EDGE_CURVE ( 'NONE', #1070, #2427, #4414, .T. ) ;
#5134 = DIRECTION ( 'NONE',  ( 0.000000000000000000, -1.000000000000000000, 0.000000000000000000 ) ) ;
#5135 = CARTESIAN_POINT ( 'NONE',  ( 2.648834789332000117, 3.374860300698069970, -3.370724450793079807 ) ) ;
#5136 = CARTESIAN_POINT ( 'NONE',  ( 1.044468549702199933, 2.889711339293069781, -2.909037605912759616 ) ) ;
#5137 = CARTESIAN_POINT ( 'NONE',  ( 5.253222577959999917, 0.7000000014231969603, -3.449999999994080024 ) ) ;
#5138 = B_SPLINE_SURFACE_WITH_KNOTS ( 'NONE', 3, 3, ( 
 ( #1815, #9869, #2658, #3502 ),
 ( #2810, #8393, #6823, #6190 ),
 ( #2764, #446, #6872, #10131 ),
 ( #4400, #5980, #3662, #5396 ),
 ( #5293, #3561, #1338, #5187 ),
 ( #1239, #9189, #9338, #8546 ),
 ( #2922, #1186, #2082, #3769 ),
 ( #10071, #7612, #8447, #9388 ),
 ( #345, #9237, #4345, #7554 ),
 ( #1130, #399, #1972, #2866 ),
 ( #6143, #3613, #10022, #6031 ),
 ( #2024, #8497, #6774, #4550 ),
 ( #9978, #4448, #5243, #2132 ),
 ( #7659, #5342, #6088, #1286 ),
 ( #9292, #4496, #7710, #498 ),
 ( #3715, #7762, #6929, #558 ),
 ( #6982, #10180, #2970, #2181 ),
 ( #7187, #10292, #8705, #159 ),
 ( #3867, #3177, #2239, #4608 ),
 ( #607, #3972, #6297, #7376 ),
 ( #10342, #3377, #5504, #4956 ),
 ( #10388, #10231, #3021, #7139 ),
 ( #715, #3924, #3818, #3125 ),
 ( #8164, #4772, #7084, #6592 ),
 ( #9797, #3079, #9497, #5452 ) ),
 .UNSPECIFIED., .F., .F., .F.,
 ( 4, 1, 1, 1, 1, 1, 1, 1, 1, 1, 1, 1, 1, 1, 1, 1, 1, 1, 1, 1, 1, 1, 4 ),
 ( 4, 4 ),
 ( 0.000000000000000000, 0.009802223294113350527, 0.02957453553027589860, 0.08097152876787849785, 0.1323685220055299816, 0.1837655152431130201, 0.2351625084805979982, 0.2865595017182789861, 0.3379564949560580067, 0.3893534881936410175, 0.4407504814312240282, 0.4921474746688069835, 0.5435444679063899942, 0.5949414611440709821, 0.6463384543816540484, 0.6977354476192370036, 0.7491324408568199589, 0.8005294340944030251, 0.8519264273320840131, 0.9033234205696669683, 0.9547204138072500346, 0.9901980702711989935, 1.000000000000000000 ),
 ( 0.000000000000000000, 1.000000000000000000 ),
 .UNSPECIFIED. ) ;
#5139 = FACE_OUTER_BOUND ( 'NONE', #2927, .T. ) ;
#5140 = CARTESIAN_POINT ( 'NONE',  ( 0.9532225779590010051, 2.516840480107719991, -1.424464079161599894 ) ) ;
#5141 = CARTESIAN_POINT ( 'NONE',  ( 1.926552230328030024, 3.260832025295735459, -4.249999998694317327 ) ) ;
#5142 = CARTESIAN_POINT ( 'NONE',  ( 4.371685637790999834, 3.097099688196070399, -3.376292538548929745 ) ) ;
#5143 = EDGE_CURVE ( 'NONE', #9196, #9491, #6005, .T. ) ;
#5144 = CARTESIAN_POINT ( 'NONE',  ( 0.6532225779590010717, 3.583840959242610147, -1.375398428162210029 ) ) ;
#5145 = EDGE_CURVE ( 'NONE', #6703, #5405, #7881, .T. ) ;
#5146 = ORIENTED_EDGE ( 'NONE', *, *, #3474, .F. ) ;
#5147 = CARTESIAN_POINT ( 'NONE',  ( 6.653222577959999384, 4.600000002413000111, -1.949994380535180039 ) ) ;
#5148 = DIRECTION ( 'NONE',  ( 0.000000000000000000, -1.000000000000000000, 0.000000000000000000 ) ) ;
#5149 = ORIENTED_EDGE ( 'NONE', *, *, #6478, .F. ) ;
#5150 = CARTESIAN_POINT ( 'NONE',  ( 1.071064215252698126, 2.911475503778946816, -2.718951483682325865 ) ) ;
#5151 = CARTESIAN_POINT ( 'NONE',  ( 4.501967334547799737, 2.783023797867069771, -4.017173987142379943 ) ) ;
#5152 = ORIENTED_EDGE ( 'NONE', *, *, #5330, .T. ) ;
#5153 = CARTESIAN_POINT ( 'NONE',  ( 4.800000000839999892, 0.7000000014231949619, -1.549999999994079891 ) ) ;
#5154 = CARTESIAN_POINT ( 'NONE',  ( 2.632302170502000216, 3.416693513495070000, -2.873319716766979948 ) ) ;
#5155 = ADVANCED_FACE ( 'NONE', ( #10086 ), #256, .F. ) ;
#5156 = CARTESIAN_POINT ( 'NONE',  ( 0.9963815218923010031, 3.090820105132070061, -4.036089537339960565 ) ) ;
#5157 = VECTOR ( 'NONE', #4724, 1000.000000000000000 ) ;
#5158 = ORIENTED_EDGE ( 'NONE', *, *, #1890, .F. ) ;
#5159 = CARTESIAN_POINT ( 'NONE',  ( 0.8095513677937019592, 2.838521603595069998, -3.866751149927880160 ) ) ;
#5160 = FACE_OUTER_BOUND ( 'NONE', #6423, .T. ) ;
#5161 = DIRECTION ( 'NONE',  ( -0.9998966258754281577, 0.000000000000000000, 0.01437837135889047553 ) ) ;
#5162 = CARTESIAN_POINT ( 'NONE',  ( 0.6000000002595998749, 4.700001019498999177, -6.299999999999999822 ) ) ;
#5163 = CARTESIAN_POINT ( 'NONE',  ( 2.656303524829540130, 2.630767572101244678, -3.016163214139770066 ) ) ;
#5164 = DIRECTION ( 'NONE',  ( 1.000000000000000000, 0.000000000000000000, 0.000000000000000000 ) ) ;
#5165 = VERTEX_POINT ( 'NONE', #7571 ) ;
#5166 = EDGE_LOOP ( 'NONE', ( #8281, #2469, #10080, #9576 ) ) ;
#5167 = CARTESIAN_POINT ( 'NONE',  ( 7.000000000000000000, 1.019498648176999932E-06, 1.010549667651999860E-13 ) ) ;
#5168 = EDGE_CURVE ( 'NONE', #3149, #9305, #3987, .T. ) ;
#5169 = DIRECTION ( 'NONE',  ( 0.000000000000000000, -1.000000000000000000, 0.000000000000000000 ) ) ;
#5170 = LINE ( 'NONE', #8374, #10225 ) ;
#5171 = VERTEX_POINT ( 'NONE', #5994 ) ;
#5172 = CARTESIAN_POINT ( 'NONE',  ( 0.9969519429246923581, 8.262110774220465359, -4.514655968384947649 ) ) ;
#5173 = CARTESIAN_POINT ( 'NONE',  ( 2.053222577959999740, 7.270001019719069646, -4.766244656803360513 ) ) ;
#5174 = CARTESIAN_POINT ( 'NONE',  ( 5.726408358279999611, 8.082642308527002939, -4.787411678996000397 ) ) ;
#5175 = FACE_OUTER_BOUND ( 'NONE', #3109, .T. ) ;
#5176 = ORIENTED_EDGE ( 'NONE', *, *, #518, .T. ) ;
#5177 = ORIENTED_EDGE ( 'NONE', *, *, #8828, .F. ) ;
#5178 = DIRECTION ( 'NONE',  ( 1.000000000000000000, 0.000000000000000000, 0.000000000000000000 ) ) ;
#5179 = CARTESIAN_POINT ( 'NONE',  ( 5.434831351319599158, 3.095167839854069847, -4.397577316610160381 ) ) ;
#5180 = FACE_OUTER_BOUND ( 'NONE', #5166, .T. ) ;
#5181 = ORIENTED_EDGE ( 'NONE', *, *, #1809, .T. ) ;
#5182 = DIRECTION ( 'NONE',  ( 0.9386003301508081265, 0.3450064060866030458, -2.215098732986950133E-10 ) ) ;
#5183 = VECTOR ( 'NONE', #6798, 1000.000000000000000 ) ;
#5184 = CARTESIAN_POINT ( 'NONE',  ( 2.146289636071000206, 3.269984087553070129, -2.726910973808979843 ) ) ;
#5185 = CARTESIAN_POINT ( 'NONE',  ( 1.558080622990099862, 3.204520595333069988, -4.244795588034960154 ) ) ;
#5186 = CARTESIAN_POINT ( 'NONE',  ( 1.158521284420327868, 3.237626055477764275, -4.009715280103667290 ) ) ;
#5187 = CARTESIAN_POINT ( 'NONE',  ( 5.402339544454999753, 3.668662596109069529, -4.259409168701379755 ) ) ;
#5188 = DIRECTION ( 'NONE',  ( -0.6898096137598058730, -4.911384887033598881E-24, -0.7239908126244057884 ) ) ;
#5189 = EDGE_CURVE ( 'NONE', #1158, #4986, #6412, .T. ) ;
#5190 = AXIS2_PLACEMENT_3D ( 'NONE', #9341, #4499, #3719 ) ;
#5191 = DIRECTION ( 'NONE',  ( -6.145339956356379816E-23, 1.000000000000000000, 0.000000000000000000 ) ) ;
#5192 = CARTESIAN_POINT ( 'NONE',  ( 4.265699263310000156, 3.155429416546070343, -3.742276749706060279 ) ) ;
#5193 = CARTESIAN_POINT ( 'NONE',  ( 1.979974363312276830, 3.172836704125195695, -2.682807958132412463 ) ) ;
#5194 = ORIENTED_EDGE ( 'NONE', *, *, #9713, .T. ) ;
#5195 = CIRCLE ( 'NONE', #8386, 1.500000000000000222 ) ;
#5196 = CARTESIAN_POINT ( 'NONE',  ( 5.656033903047251954, 3.152098699093511591, -4.149103973367839870 ) ) ;
#5197 = DIRECTION ( 'NONE',  ( 1.000000000000000000, 0.000000000000000000, 0.000000000000000000 ) ) ;
#5198 = ORIENTED_EDGE ( 'NONE', *, *, #7276, .F. ) ;
#5199 = EDGE_CURVE ( 'NONE', #5128, #5270, #5061, .T. ) ;
#5200 = CARTESIAN_POINT ( 'NONE',  ( 2.382041032677699732, 2.962395426598418258, -2.774835921214630297 ) ) ;
#5201 = ORIENTED_EDGE ( 'NONE', *, *, #6878, .T. ) ;
#5202 = CARTESIAN_POINT ( 'NONE',  ( 4.466311253966069650, 2.782535971120250196, -3.943697975440279890 ) ) ;
#5203 = CARTESIAN_POINT ( 'NONE',  ( 2.182642083028000002, 3.469756768184070417, -2.660036747319579842 ) ) ;
#5204 = CIRCLE ( 'NONE', #9913, 0.4000000000999998084 ) ;
#5205 = ORIENTED_EDGE ( 'NONE', *, *, #7791, .F. ) ;
#5206 = ORIENTED_EDGE ( 'NONE', *, *, #122, .T. ) ;
#5207 = B_SPLINE_CURVE_WITH_KNOTS ( 'NONE', 3,
 ( #4138, #8236, #6511, #7502, #7353, #9715, #7402, #1716 ),
 .UNSPECIFIED., .F., .F.,
 ( 4, 2, 2, 4 ),
 ( 0.000000000000000000, 0.0002392220728376220635, 0.0004784441456752441270, 0.0009568882913504882541 ),
 .UNSPECIFIED. ) ;
#5208 = DIRECTION ( 'NONE',  ( 0.000000000000000000, 1.000000000000000000, 0.000000000000000000 ) ) ;
#5209 = CARTESIAN_POINT ( 'NONE',  ( 5.980818245599899718, 3.221527428722069875, -3.089549537469860052 ) ) ;
#5210 = CIRCLE ( 'NONE', #8909, 0.1000000000000000472 ) ;
#5211 = CARTESIAN_POINT ( 'NONE',  ( 4.984370127552622876, 8.262819718601722485, -4.726720567441272003 ) ) ;
#5212 = CARTESIAN_POINT ( 'NONE',  ( 1.753222577959999251, 2.985462208132676931, -2.649999998694359871 ) ) ;
#5213 = EDGE_CURVE ( 'NONE', #7734, #10372, #1984, .T. ) ;
#5214 = EDGE_CURVE ( 'NONE', #6477, #9042, #305, .T. ) ;
#5215 = DIRECTION ( 'NONE',  ( -1.000000000000000000, 0.000000000000000000, 0.000000000000000000 ) ) ;
#5216 = DIRECTION ( 'NONE',  ( 0.000000000000000000, -1.000000000000000000, -9.832543920492100111E-23 ) ) ;
#5217 = ORIENTED_EDGE ( 'NONE', *, *, #4795, .F. ) ;
#5218 = VERTEX_POINT ( 'NONE', #571 ) ;
#5219 = CARTESIAN_POINT ( 'NONE',  ( 2.290308219067569873, 3.033901181188067842, -4.293518069547440419 ) ) ;
#5220 = DIRECTION ( 'NONE',  ( 0.000000000000000000, 1.000000000000000000, 0.000000000000000000 ) ) ;
#5221 = VECTOR ( 'NONE', #16, 1000.000000000000000 ) ;
#5222 = CARTESIAN_POINT ( 'NONE',  ( 2.472278812275999993, 2.808742588750070102, -3.795602861926580029 ) ) ;
#5223 = EDGE_LOOP ( 'NONE', ( #3042, #7990, #3580, #10358, #2512 ) ) ;
#5224 = CARTESIAN_POINT ( 'NONE',  ( 0.4532225779637020224, 4.400000001423070017, -5.249999999994080291 ) ) ;
#5225 = CARTESIAN_POINT ( 'NONE',  ( 6.029834234372524193, 2.670001019718648116, -3.257973086197568868 ) ) ;
#5226 = CARTESIAN_POINT ( 'NONE',  ( 6.292520740380003197, 8.119531489053995799, -4.295517562078004836 ) ) ;
#5227 = CARTESIAN_POINT ( 'NONE',  ( 5.253222577959999917, 7.270001019719069646, -3.449999998694359693 ) ) ;
#5228 = EDGE_CURVE ( 'NONE', #2950, #9153, #5518, .T. ) ;
#5229 = AXIS2_PLACEMENT_3D ( 'NONE', #2981, #6408, #726 ) ;
#5230 = VECTOR ( 'NONE', #4529, 1000.000000000000000 ) ;
#5231 = EDGE_LOOP ( 'NONE', ( #689, #9324, #2999, #1696 ) ) ;
#5232 = ORIENTED_EDGE ( 'NONE', *, *, #9647, .T. ) ;
#5233 = FACE_OUTER_BOUND ( 'NONE', #1004, .T. ) ;
#5234 = CARTESIAN_POINT ( 'NONE',  ( 5.192407780131049755, 2.862505808540070085, -2.413748203795359704 ) ) ;
#5235 = LINE ( 'NONE', #2705, #8049 ) ;
#5236 = ORIENTED_EDGE ( 'NONE', *, *, #7742, .F. ) ;
#5237 = CARTESIAN_POINT ( 'NONE',  ( 6.125448816285211429, 2.626753779811827005, -2.961181410423392446 ) ) ;
#5238 = AXIS2_PLACEMENT_3D ( 'NONE', #3996, #9729, #1577 ) ;
#5239 = CARTESIAN_POINT ( 'NONE',  ( 1.584150283288999983, 3.451600475813069835, -4.239006849437179980 ) ) ;
#5240 = CARTESIAN_POINT ( 'NONE',  ( 1.102665081464899943, 2.930696512911069807, -2.953456591652259711 ) ) ;
#5241 = PLANE ( 'NONE',  #6936 ) ;
#5242 = EDGE_CURVE ( 'NONE', #6235, #8215, #10144, .T. ) ;
#5243 = CARTESIAN_POINT ( 'NONE',  ( 4.507001483025500299, 3.375734476958069941, -2.948405417988880117 ) ) ;
#5244 = CARTESIAN_POINT ( 'NONE',  ( 4.678219531025598954, 3.124813725734069791, -4.138262143647379432 ) ) ;
#5245 = AXIS2_PLACEMENT_3D ( 'NONE', #4305, #302, #3184 ) ;
#5246 = VECTOR ( 'NONE', #1632, 1000.000000000000000 ) ;
#5247 = CARTESIAN_POINT ( 'NONE',  ( 1.753222577960192652, 3.274676319215347853, -4.249999998694359959 ) ) ;
#5248 = ADVANCED_FACE ( 'NONE', ( #2933 ), #1354, .F. ) ;
#5249 = CARTESIAN_POINT ( 'NONE',  ( 4.723116975850300214, 3.108170153561069959, -4.332958687848759816 ) ) ;
#5250 = DIRECTION ( 'NONE',  ( 0.000000000000000000, 1.000000000000000000, 0.000000000000000000 ) ) ;
#5251 = ORIENTED_EDGE ( 'NONE', *, *, #1086, .F. ) ;
#5252 = DIRECTION ( 'NONE',  ( 0.000000000000000000, 1.000000000000000000, 0.000000000000000000 ) ) ;
#5253 = DIRECTION ( 'NONE',  ( -1.186026811398000214E-14, 0.000000000000000000, 1.000000000000000000 ) ) ;
#5254 = CARTESIAN_POINT ( 'NONE',  ( 5.253222577959999917, 2.570001019719070356, -3.449999998694359693 ) ) ;
#5255 = CARTESIAN_POINT ( 'NONE',  ( 4.491009768798700286, 2.819346949709069960, -4.111972229664080380 ) ) ;
#5256 = ORIENTED_EDGE ( 'NONE', *, *, #3110, .T. ) ;
#5257 = CARTESIAN_POINT ( 'NONE',  ( 0.3000000002593999349, 4.700001019498999177, 5.156985949383999805E-14 ) ) ;
#5258 = VECTOR ( 'NONE', #1015, 1000.000000000000000 ) ;
#5259 = CARTESIAN_POINT ( 'NONE',  ( 1.261504875557799998, 3.322671222269069968, -2.520723524663179838 ) ) ;
#5260 = VERTEX_POINT ( 'NONE', #6154 ) ;
#5261 = ORIENTED_EDGE ( 'NONE', *, *, #5513, .F. ) ;
#5262 = CARTESIAN_POINT ( 'NONE',  ( 5.959468929120939507, 2.885681333438339990, -3.825787294211199896 ) ) ;
#5263 = SECURITY_CLASSIFICATION ( '', '', #9922 ) ;
#5264 = CARTESIAN_POINT ( 'NONE',  ( 5.598346297473900002, 2.895503470129070056, -2.479681693023759959 ) ) ;
#5265 = PLANE ( 'NONE',  #8452 ) ;
#5266 = DIRECTION ( 'NONE',  ( 1.000000000000000000, 0.000000000000000000, 0.000000000000000000 ) ) ;
#5267 = CARTESIAN_POINT ( 'NONE',  ( 0.000000000000000000, 3.800001019718999729, -2.149043746758999784 ) ) ;
#5268 = CARTESIAN_POINT ( 'NONE',  ( 0.8762952534564019125, 2.923296167420069924, -3.045655716132180224 ) ) ;
#5269 = ORIENTED_EDGE ( 'NONE', *, *, #1321, .F. ) ;
#5270 = VERTEX_POINT ( 'NONE', #3140 ) ;
#5271 = CARTESIAN_POINT ( 'NONE',  ( 2.610552118703000080, 3.359394069010070094, -3.831049408824959812 ) ) ;
#5272 = CARTESIAN_POINT ( 'NONE',  ( 3.199999999741000245, 4.700001019498999177, 5.156985949383999805E-14 ) ) ;
#5273 = CARTESIAN_POINT ( 'NONE',  ( 2.530609682695000195, 2.709129137005070298, -3.069926066378079632 ) ) ;
#5274 = ORIENTED_EDGE ( 'NONE', *, *, #10163, .T. ) ;
#5275 = EDGE_CURVE ( 'NONE', #2212, #6632, #1511, .T. ) ;
#5276 = DIRECTION ( 'NONE',  ( -0.000000000000000000, 1.000000000000000000, 0.000000000000000000 ) ) ;
#5277 = CARTESIAN_POINT ( 'NONE',  ( 2.044996495783050428, 3.156854899899835587, -2.702025942013860149 ) ) ;
#5278 = CARTESIAN_POINT ( 'NONE',  ( 5.959468929120939507, 2.885681333438339990, -3.825787294211199896 ) ) ;
#5279 = DIRECTION ( 'NONE',  ( 0.000000000000000000, -1.000000000000000000, 0.000000000000000000 ) ) ;
#5280 = ORIENTED_EDGE ( 'NONE', *, *, #3601, .T. ) ;
#5281 = ADVANCED_FACE ( 'NONE', ( #3939 ), #5415, .F. ) ;
#5282 = ORIENTED_EDGE ( 'NONE', *, *, #2309, .T. ) ;
#5283 = DIRECTION ( 'NONE',  ( 0.000000000000000000, -1.000000000000000000, 1.085410640100962043E-23 ) ) ;
#5284 = LINE ( 'NONE', #6181, #1007 ) ;
#5285 = DIRECTION ( 'NONE',  ( 0.000000000000000000, 1.000000000000000000, 0.000000000000000000 ) ) ;
#5286 = VERTEX_POINT ( 'NONE', #9459 ) ;
#5287 = ADVANCED_FACE ( 'NONE', ( #2093 ), #3831, .F. ) ;
#5288 = CARTESIAN_POINT ( 'NONE',  ( 2.853222577958900441, 4.227894506828680399, -1.466112852112469778 ) ) ;
#5289 = CARTESIAN_POINT ( 'NONE',  ( 6.653222577959999384, 2.043309868419790121, -4.497034245703270372 ) ) ;
#5290 = CARTESIAN_POINT ( 'NONE',  ( 0.9548716999709009334, 2.903314104669069806, -3.269954761756059813 ) ) ;
#5291 = CARTESIAN_POINT ( 'NONE',  ( 5.444946648329800354, 3.019931210655070419, -4.387843915508660153 ) ) ;
#5292 = CARTESIAN_POINT ( 'NONE',  ( 1.021684900075131353, 2.856390984161979674, -2.887788735317690758 ) ) ;
#5293 = CARTESIAN_POINT ( 'NONE',  ( 5.443707983493000668, 3.542056568462069954, -4.483957686819080024 ) ) ;
#5294 = CARTESIAN_POINT ( 'NONE',  ( 0.3532225779600010052, 4.400000000915889942, -4.449994381877369953 ) ) ;
#5295 = CARTESIAN_POINT ( 'NONE',  ( 5.358434352879999807, 2.584022019884069987, -4.308077935452759633 ) ) ;
#5296 = FACE_OUTER_BOUND ( 'NONE', #9830, .T. ) ;
#5297 = EDGE_CURVE ( 'NONE', #9669, #730, #8509, .T. ) ;
#5298 = ORIENTED_EDGE ( 'NONE', *, *, #3539, .T. ) ;
#5299 = CARTESIAN_POINT ( 'NONE',  ( 5.744062823770019754, 3.143874045941542406, -4.090476874492229520 ) ) ;
#5300 = CARTESIAN_POINT ( 'NONE',  ( 0.9532225779590010051, 2.240976201065830065, -4.527497685406180139 ) ) ;
#5301 = DIRECTION ( 'NONE',  ( 0.000000000000000000, 1.000000000000000000, 0.000000000000000000 ) ) ;
#5302 = B_SPLINE_CURVE_WITH_KNOTS ( 'NONE', 3,
 ( #2547, #4127, #7444, #232, #7390, #7491, #279 ),
 .UNSPECIFIED., .F., .F.,
 ( 4, 3, 4 ),
 ( 0.000000000000000000, 0.01744644665601730038, 1.000000000000000000 ),
 .UNSPECIFIED. ) ;
#5303 = CARTESIAN_POINT ( 'NONE',  ( 4.953222577959999207, 7.270001019719069646, -2.133755340585360205 ) ) ;
#5304 = ORIENTED_EDGE ( 'NONE', *, *, #7100, .T. ) ;
#5305 = CARTESIAN_POINT ( 'NONE',  ( 2.308127833699058051, 2.737440365559125066, -4.038727842364467691 ) ) ;
#5306 = CARTESIAN_POINT ( 'NONE',  ( 2.441389116392000069, 3.543299541141069930, -2.998559564273580058 ) ) ;
#5307 = ORIENTED_EDGE ( 'NONE', *, *, #9518, .T. ) ;
#5308 = ORIENTED_EDGE ( 'NONE', *, *, #1272, .T. ) ;
#5309 = CARTESIAN_POINT ( 'NONE',  ( 1.838759664331998778, 8.191607349141998284, -2.154221109219998542 ) ) ;
#5310 = DIRECTION ( 'NONE',  ( 0.000000000000000000, 0.000000000000000000, 1.000000000000000000 ) ) ;
#5311 = CARTESIAN_POINT ( 'NONE',  ( 4.371685637790999834, 3.097099688196070399, -3.376292538548929745 ) ) ;
#5312 = CALENDAR_DATE ( 2026, 5, 2 ) ;
#5313 = VERTEX_POINT ( 'NONE', #3040 ) ;
#5314 = CARTESIAN_POINT ( 'NONE',  ( 4.448531680085720197, 2.755449147920559838, -3.976129173561390395 ) ) ;
#5315 = CARTESIAN_POINT ( 'NONE',  ( 5.711529612171768910, 2.746989762239902433, -4.116635900460243747 ) ) ;
#5316 = ORIENTED_EDGE ( 'NONE', *, *, #4795, .T. ) ;
#5317 = EDGE_CURVE ( 'NONE', #1461, #8948, #4991, .T. ) ;
#5318 = ORIENTED_EDGE ( 'NONE', *, *, #1272, .F. ) ;
#5319 = VECTOR ( 'NONE', #1259, 1000.000000000000000 ) ;
#5320 = CARTESIAN_POINT ( 'NONE',  ( 0.8716856377910010556, 3.097099688196070399, -3.376292538548929745 ) ) ;
#5321 = DIRECTION ( 'NONE',  ( -0.9999896089026369950, 0.000000000000000000, 0.004558737407556049011 ) ) ;
#5322 = CARTESIAN_POINT ( 'NONE',  ( 5.250000000000000000, 8.263201068181439624, -2.150001168399835016 ) ) ;
#5323 = ORIENTED_EDGE ( 'NONE', *, *, #7791, .T. ) ;
#5324 = DIRECTION ( 'NONE',  ( 0.000000000000000000, 0.000000000000000000, 1.000000000000000000 ) ) ;
#5325 = CYLINDRICAL_SURFACE ( 'NONE', #4403, 0.7999999999999999334 ) ;
#5326 = CARTESIAN_POINT ( 'NONE',  ( 3.998627579279998123, 8.189645647258995353, -3.797834970541000388 ) ) ;
#5327 = DIRECTION ( 'NONE',  ( 0.000000000000000000, -1.000000000000000000, 0.000000000000000000 ) ) ;
#5328 = VERTEX_POINT ( 'NONE', #3884 ) ;
#5329 = EDGE_CURVE ( 'NONE', #7672, #3197, #5357, .T. ) ;
#5330 = EDGE_CURVE ( 'NONE', #8167, #7310, #521, .T. ) ;
#5331 = EDGE_LOOP ( 'NONE', ( #6941, #1301, #8015, #4271 ) ) ;
#5332 = PLANE ( 'NONE',  #1167 ) ;
#5333 = CARTESIAN_POINT ( 'NONE',  ( 4.521684900071339719, 2.856390984161026214, -2.887788735320850897 ) ) ;
#5334 = CARTESIAN_POINT ( 'NONE',  ( 5.989221712070199821, 2.616064134361069993, -4.181997015079760516 ) ) ;
#5335 = CARTESIAN_POINT ( 'NONE',  ( 3.952803187330001577, 8.189575135895001523, -3.428844779427001388 ) ) ;
#5336 = ORIENTED_EDGE ( 'NONE', *, *, #4645, .T. ) ;
#5337 = DIRECTION ( 'NONE',  ( -1.824712256292910092E-12, 1.000000000000000000, -1.090236451181999875E-12 ) ) ;
#5338 = CARTESIAN_POINT ( 'NONE',  ( 0.3363971809504997523, 8.080127235648998152, -3.370989574577999637 ) ) ;
#5339 = CARTESIAN_POINT ( 'NONE',  ( 2.499036432378099803, 2.917270625025070174, -2.728004211563160197 ) ) ;
#5340 = CARTESIAN_POINT ( 'NONE',  ( 4.444060563851300216, 3.056120008275069910, -3.382343983173690116 ) ) ;
#5341 = CARTESIAN_POINT ( 'NONE',  ( 1.453222577960000095, 7.270001019719069646, -4.560180164253359258 ) ) ;
#5342 = CARTESIAN_POINT ( 'NONE',  ( 4.282803824140799520, 3.302191704001069983, -3.353113655153680206 ) ) ;
#5343 = EDGE_CURVE ( 'NONE', #2915, #9776, #3211, .T. ) ;
#5344 = EDGE_CURVE ( 'NONE', #3899, #2086, #2707, .T. ) ;
#5345 = DIRECTION ( 'NONE',  ( -0.9998966258754280467, 0.000000000000000000, 0.01437837135889035237 ) ) ;
#5346 = CARTESIAN_POINT ( 'NONE',  ( 5.222900859429720377, 2.871873838636070264, -2.420578515728360358 ) ) ;
#5347 = LINE ( 'NONE', #562, #2166 ) ;
#5348 = CARTESIAN_POINT ( 'NONE',  ( 0.7975180537308010909, 2.736375632746069986, -3.395795392789389577 ) ) ;
#5349 = ORIENTED_EDGE ( 'NONE', *, *, #6444, .F. ) ;
#5350 = CARTESIAN_POINT ( 'NONE',  ( 2.339017231133085239, 3.071464622689719537, -4.177385026184185612 ) ) ;
#5351 = LINE ( 'NONE', #7772, #1864 ) ;
#5352 = AXIS2_PLACEMENT_3D ( 'NONE', #1248, #6728, #5885 ) ;
#5353 = ORIENTED_EDGE ( 'NONE', *, *, #9774, .T. ) ;
#5354 = EDGE_CURVE ( 'NONE', #4458, #10060, #9097, .T. ) ;
#5355 = CARTESIAN_POINT ( 'NONE',  ( 1.147268487050647545, 2.982916545429250110, -3.974097153856132714 ) ) ;
#5356 = ORIENTED_EDGE ( 'NONE', *, *, #3857, .T. ) ;
#5357 = LINE ( 'NONE', #6993, #1023 ) ;
#5358 = CARTESIAN_POINT ( 'NONE',  ( 0.9438363912437019998, 3.333532467743069994, -2.905947133137179783 ) ) ;
#5359 = ORIENTED_EDGE ( 'NONE', *, *, #9930, .F. ) ;
#5360 = VECTOR ( 'NONE', #9219, 1000.000000000000000 ) ;
#5361 = ORIENTED_EDGE ( 'NONE', *, *, #1397, .T. ) ;
#5362 = CARTESIAN_POINT ( 'NONE',  ( 0.6020029084831998167, 8.116480177033997379, -2.754406084089001450 ) ) ;
#5363 = CARTESIAN_POINT ( 'NONE',  ( 5.891136100124279906, 2.897234425296092208, -3.954210505211504412 ) ) ;
#5364 = CARTESIAN_POINT ( 'NONE',  ( 6.035105887525699764, 2.860803373271070260, -3.036238404515459788 ) ) ;
#5365 = CARTESIAN_POINT ( 'NONE',  ( 6.699999999740000156, 4.700001019498999177, 0.000000000000000000 ) ) ;
#5366 = ORIENTED_EDGE ( 'NONE', *, *, #5097, .T. ) ;
#5367 = ADVANCED_FACE ( 'NONE', ( #6309 ), #9511, .T. ) ;
#5368 = LINE ( 'NONE', #8572, #8256 ) ;
#5369 = CARTESIAN_POINT ( 'NONE',  ( 5.956927170448725661, 2.718175995416308943, -3.849149298167088507 ) ) ;
#5370 = VERTEX_POINT ( 'NONE', #1566 ) ;
#5371 = VECTOR ( 'NONE', #8548, 1000.000000000000000 ) ;
#5372 = ORIENTED_EDGE ( 'NONE', *, *, #5552, .T. ) ;
#5373 = CARTESIAN_POINT ( 'NONE',  ( 2.545505058993199565, 3.318414389089070493, -3.802138537852659983 ) ) ;
#5374 = DIRECTION ( 'NONE',  ( 0.000000000000000000, -1.016134094949460501E-15, 1.000000000000000000 ) ) ;
#5375 = FACE_OUTER_BOUND ( 'NONE', #7459, .T. ) ;
#5376 = ORIENTED_EDGE ( 'NONE', *, *, #2066, .T. ) ;
#5377 = VECTOR ( 'NONE', #1806, 1000.000000000000000 ) ;
#5378 = CARTESIAN_POINT ( 'NONE',  ( 1.753222577960000139, 6.070001019719070356, -3.449999998694359693 ) ) ;
#5379 = ADVANCED_FACE ( 'NONE', ( #3194 ), #8142, .F. ) ;
#5380 = CARTESIAN_POINT ( 'NONE',  ( 5.687548828250000632, 8.277138743054001324, -4.678937776847996055 ) ) ;
#5381 = CARTESIAN_POINT ( 'NONE',  ( 5.634362874531131382, 3.341743398537951215, -2.609761872594769549 ) ) ;
#5382 = VERTEX_POINT ( 'NONE', #929 ) ;
#5383 = VECTOR ( 'NONE', #10380, 1000.000000000000000 ) ;
#5384 = LINE ( 'NONE', #486, #4190 ) ;
#5385 = CARTESIAN_POINT ( 'NONE',  ( 1.300000000840999981, 1.019498995447000036E-06, -0.3500000000029999669 ) ) ;
#5386 = CARTESIAN_POINT ( 'NONE',  ( 6.028739408884700168, 2.674642046089069858, -3.269566589946959922 ) ) ;
#5387 = CARTESIAN_POINT ( 'NONE',  ( 6.482178497520002303, 8.119786051354003220, -2.917561204100999284 ) ) ;
#5388 = ORIENTED_EDGE ( 'NONE', *, *, #3452, .T. ) ;
#5389 = CARTESIAN_POINT ( 'NONE',  ( 2.592233917159910028, 2.695895453369320016, -3.994013685900920319 ) ) ;
#5390 = CARTESIAN_POINT ( 'NONE',  ( 1.461027579199998927, 8.081639216457999098, -4.840010576739996573 ) ) ;
#5391 = CARTESIAN_POINT ( 'NONE',  ( 2.559339100784999932, 2.689871414946070072, -3.457544358284289743 ) ) ;
#5392 = CIRCLE ( 'NONE', #691, 1.399999999080000057 ) ;
#5393 = AXIS2_PLACEMENT_3D ( 'NONE', #7548, #1076, #439 ) ;
#5394 = CARTESIAN_POINT ( 'NONE',  ( 5.459493081714500207, 3.060910890576070020, -4.458999738743360197 ) ) ;
#5395 = DIRECTION ( 'NONE',  ( 0.000000000000000000, 0.000000000000000000, -1.000000000000000000 ) ) ;
#5396 = CARTESIAN_POINT ( 'NONE',  ( 5.084146449903000686, 3.693575346633069856, -4.239013803647080358 ) ) ;
#5397 = CARTESIAN_POINT ( 'NONE',  ( 2.457050705586229622, 2.888358999913470004, -2.829621170540869812 ) ) ;
#5398 = TOROIDAL_SURFACE ( 'NONE', #8765, 1.149999999999999911, 0.2000000000000000111 ) ;
#5399 = CARTESIAN_POINT ( 'NONE',  ( 4.636274372248500697, 2.742655215809069791, -2.816032273752960169 ) ) ;
#5400 = AXIS2_PLACEMENT_3D ( 'NONE', #9102, #2777, #458 ) ;
#5401 = CARTESIAN_POINT ( 'NONE',  ( 2.124187459073699991, 3.297207205500070071, -2.489264348267960170 ) ) ;
#5402 = CARTESIAN_POINT ( 'NONE',  ( 1.282636464303799961, 2.665486738268069811, -4.283582650811659676 ) ) ;
#5403 = EDGE_CURVE ( 'NONE', #10090, #793, #3303, .T. ) ;
#5404 = CC_DESIGN_PERSON_AND_ORGANIZATION_ASSIGNMENT ( #3994, #2364, ( #7619 ) ) ;
#5405 = VERTEX_POINT ( 'NONE', #8189 ) ;
#5406 = ADVANCED_FACE ( 'NONE', ( #6356 ), #3354, .F. ) ;
#5407 = CARTESIAN_POINT ( 'NONE',  ( 1.453222577959999873, 7.175962597286799749, -2.156802334202430060 ) ) ;
#5408 = CARTESIAN_POINT ( 'NONE',  ( 2.653537100180826336, 3.031840522396383797, -3.698267311319947126 ) ) ;
#5409 = AXIS2_PLACEMENT_3D ( 'NONE', #5477, #3685, #7889 ) ;
#5410 = CARTESIAN_POINT ( 'NONE',  ( 6.053222577959600059, 2.714506812042659867, -1.454927519863410179 ) ) ;
#5411 = VECTOR ( 'NONE', #4092, 1000.000000000000000 ) ;
#5412 = ORIENTED_EDGE ( 'NONE', *, *, #559, .T. ) ;
#5413 = CARTESIAN_POINT ( 'NONE',  ( 5.504960714442055369, 3.171262979384358971, -4.368526535580103065 ) ) ;
#5414 = ORIENTED_EDGE ( 'NONE', *, *, #8016, .T. ) ;
#5415 = CYLINDRICAL_SURFACE ( 'NONE', #5573, 0.2000000000000000944 ) ;
#5416 = ADVANCED_FACE ( 'NONE', ( #6515 ), #2458, .T. ) ;
#5417 = CARTESIAN_POINT ( 'NONE',  ( 0.7828038241438018963, 3.302191704001069983, -3.353113655153680206 ) ) ;
#5418 = VECTOR ( 'NONE', #3296, 1000.000000000000114 ) ;
#5419 = ORIENTED_EDGE ( 'NONE', *, *, #9559, .F. ) ;
#5420 = ORIENTED_EDGE ( 'NONE', *, *, #8746, .T. ) ;
#5421 = EDGE_CURVE ( 'NONE', #4221, #2090, #7355, .T. ) ;
#5422 = CARTESIAN_POINT ( 'NONE',  ( 3.156953821053999132, 8.083833626451998100, -3.259943381899999437 ) ) ;
#5423 = LINE ( 'NONE', #4626, #2862 ) ;
#5424 = CARTESIAN_POINT ( 'NONE',  ( 5.970912608561500079, 2.819823693350069771, -3.070208580262759668 ) ) ;
#5425 = EDGE_LOOP ( 'NONE', ( #3784, #9456, #2124, #6230 ) ) ;
#5426 = DIRECTION ( 'NONE',  ( 0.000000000000000000, -1.000000000000000000, 0.000000000000000000 ) ) ;
#5427 = CARTESIAN_POINT ( 'NONE',  ( 6.059084911183657773, 2.679724473978357224, -3.376271174072493775 ) ) ;
#5428 = ORIENTED_EDGE ( 'NONE', *, *, #8323, .F. ) ;
#5429 = ORIENTED_EDGE ( 'NONE', *, *, #6513, .T. ) ;
#5430 = CARTESIAN_POINT ( 'NONE',  ( 0.9389586955166009385, 3.131799785053070106, -4.080557153820959293 ) ) ;
#5431 = CARTESIAN_POINT ( 'NONE',  ( 4.879223194033411204, 3.123578489290189886, -2.742805216422604886 ) ) ;
#5432 = DIRECTION ( 'NONE',  ( 1.000000000000000000, 1.824712256293103962E-12, 1.788933584601082569E-13 ) ) ;
#5433 = ORIENTED_EDGE ( 'NONE', *, *, #865, .F. ) ;
#5434 = EDGE_CURVE ( 'NONE', #2886, #6879, #2508, .T. ) ;
#5435 = VECTOR ( 'NONE', #9483, 1000.000000000000000 ) ;
#5436 = CARTESIAN_POINT ( 'NONE',  ( 1.953222577963602102, -3.199999998576068538, -3.449999999993615507 ) ) ;
#5437 = CARTESIAN_POINT ( 'NONE',  ( 6.141537438080001188, 8.277774742291997612, -4.402316477684003360 ) ) ;
#5438 = CARTESIAN_POINT ( 'NONE',  ( 4.520847509053848690, 3.172367306647787544, -4.024280486396605738 ) ) ;
#5439 = EDGE_CURVE ( 'NONE', #1781, #9313, #4786, .T. ) ;
#5440 = CARTESIAN_POINT ( 'NONE',  ( 5.084150283285999272, 3.451600475813069835, -4.239006849437179980 ) ) ;
#5441 = APPROVAL_PERSON_ORGANIZATION ( #10258, #7589, #9470 ) ;
#5442 = ORIENTED_EDGE ( 'NONE', *, *, #3035, .F. ) ;
#5443 = CARTESIAN_POINT ( 'NONE',  ( 4.953222577959999207, 7.270001019719069646, -4.560180164253153201 ) ) ;
#5444 = CARTESIAN_POINT ( 'NONE',  ( 1.161873671303154998, 2.993804329083304072, -2.831106570599076555 ) ) ;
#5445 = CARTESIAN_POINT ( 'NONE',  ( 0.8780788836572920308, 3.341743398537952103, -3.334768171919862745 ) ) ;
#5446 = CARTESIAN_POINT ( 'NONE',  ( 3.919791022510001444, 8.116217792646006401, -3.270245079859999571 ) ) ;
#5447 = ORIENTED_EDGE ( 'NONE', *, *, #4236, .T. ) ;
#5448 = CARTESIAN_POINT ( 'NONE',  ( 1.750000000000000000, 8.300001019718999729, -3.449999999580000143 ) ) ;
#5449 = CARTESIAN_POINT ( 'NONE',  ( 3.160467125293001001, 8.083850427183008946, -3.333344885197997431 ) ) ;
#5450 = CARTESIAN_POINT ( 'NONE',  ( 1.753222577963000184, 0.6000000014230709722, -3.449999999994080024 ) ) ;
#5451 = CARTESIAN_POINT ( 'NONE',  ( 5.969679643213600784, 2.931692267749069991, -3.968873239715660084 ) ) ;
#5452 = CARTESIAN_POINT ( 'NONE',  ( 5.589738642296000926, 3.108259109940069820, -2.734787710226580071 ) ) ;
#5453 = FACE_OUTER_BOUND ( 'NONE', #4263, .T. ) ;
#5454 = ADVANCED_FACE ( 'NONE', ( #5775 ), #9670, .T. ) ;
#5455 = CARTESIAN_POINT ( 'NONE',  ( 4.342938607929400341, 2.712746001253069750, -3.746129424210260073 ) ) ;
#5456 = CARTESIAN_POINT ( 'NONE',  ( 2.480457999283399939, 3.277434709168070004, -3.773227666880460074 ) ) ;
#5457 = CARTESIAN_POINT ( 'NONE',  ( 1.532908355753600071, 2.687683679229070144, -4.444250121265659992 ) ) ;
#5458 = ORIENTED_EDGE ( 'NONE', *, *, #4732, .T. ) ;
#5459 = CARTESIAN_POINT ( 'NONE',  ( 6.499999999249999938, 4.750001019718999906, -1.599999998521000055 ) ) ;
#5460 = B_SPLINE_CURVE_WITH_KNOTS ( 'NONE', 3,
 ( #2189, #667, #9397, #5407, #2292, #1402 ),
 .UNSPECIFIED., .F., .F.,
 ( 4, 2, 4 ),
 ( 6.644947659598813948E-17, 0.0001586563170653923537, 0.0003173126341307182458 ),
 .UNSPECIFIED. ) ;
#5461 = DIRECTION ( 'NONE',  ( 0.000000000000000000, 0.000000000000000000, -1.000000000000000000 ) ) ;
#5462 = PLANE ( 'NONE',  #7251 ) ;
#5463 = VERTEX_POINT ( 'NONE', #2563 ) ;
#5464 = CARTESIAN_POINT ( 'NONE',  ( 2.382041032677699732, 2.962395426598418258, -2.774835921214630297 ) ) ;
#5465 = ORIENTED_EDGE ( 'NONE', *, *, #4967, .T. ) ;
#5466 = EDGE_CURVE ( 'NONE', #506, #4206, #1032, .T. ) ;
#5467 = CARTESIAN_POINT ( 'NONE',  ( 2.559084911183655109, 2.679724473978359889, -3.376271174072492443 ) ) ;
#5468 = ADVANCED_FACE ( 'NONE', ( #9771, #4832 ), #4037, .T. ) ;
#5469 = CARTESIAN_POINT ( 'NONE',  ( 1.551148446625000066, 3.165967403560070448, -4.481749538652080034 ) ) ;
#5470 = VERTEX_POINT ( 'NONE', #4981 ) ;
#5471 = VERTEX_POINT ( 'NONE', #4188 ) ;
#5472 = CARTESIAN_POINT ( 'NONE',  ( 1.326940811038313406, 0.7000000014231969603, -3.429077326183982866 ) ) ;
#5473 = LINE ( 'NONE', #8726, #9618 ) ;
#5474 = CARTESIAN_POINT ( 'NONE',  ( 5.317764429413969651, 2.545631157653069909, -4.241544293378059827 ) ) ;
#5475 = CARTESIAN_POINT ( 'NONE',  ( 6.553222577959000539, 4.400000001423070017, -5.249999999994080291 ) ) ;
#5476 = EDGE_LOOP ( 'NONE', ( #7267, #4174, #950, #6962, #8730, #9963, #7018, #8464 ) ) ;
#5477 = CARTESIAN_POINT ( 'NONE',  ( 5.253222577959999917, 2.670001019719070001, -3.449999998694359693 ) ) ;
#5478 = CARTESIAN_POINT ( 'NONE',  ( 5.253222577959999917, 7.050001019498999710, -3.449999999580000143 ) ) ;
#5479 = ORIENTED_EDGE ( 'NONE', *, *, #9659, .F. ) ;
#5480 = ADVANCED_FACE ( 'NONE', ( #192 ), #5624, .T. ) ;
#5481 = ORIENTED_EDGE ( 'NONE', *, *, #9713, .F. ) ;
#5482 = CARTESIAN_POINT ( 'NONE',  ( 1.202700687871200103, 3.103379271260070293, -2.853136404385760105 ) ) ;
#5483 = FACE_OUTER_BOUND ( 'NONE', #6106, .T. ) ;
#5484 = CARTESIAN_POINT ( 'NONE',  ( 4.408468241905215912, 2.687804312122143102, -3.821279387450299492 ) ) ;
#5485 = ORIENTED_EDGE ( 'NONE', *, *, #1743, .T. ) ;
#5486 = CARTESIAN_POINT ( 'NONE',  ( 7.000000000000000000, 1.019498654399000089E-06, -6.899999999160000286 ) ) ;
#5487 = CARTESIAN_POINT ( 'NONE',  ( 7.000000000000000000, 4.750001019718999906, -1.749999998238999988 ) ) ;
#5488 = CARTESIAN_POINT ( 'NONE',  ( 1.453222577960030071, 7.050001019498999710, -2.133755340585529847 ) ) ;
#5489 = CARTESIAN_POINT ( 'NONE',  ( 4.352280274915999669, 3.197669640165070160, -3.823278068717979927 ) ) ;
#5490 = EDGE_CURVE ( 'NONE', #1244, #5270, #39, .T. ) ;
#5491 = ORIENTED_EDGE ( 'NONE', *, *, #6572, .F. ) ;
#5492 = CARTESIAN_POINT ( 'NONE',  ( 5.938617359799000184, 2.747097983829069889, -3.056532802350179878 ) ) ;
#5493 = CARTESIAN_POINT ( 'NONE',  ( 1.453222577960000095, 7.270001019719069646, -2.339819833135567517 ) ) ;
#5494 = CARTESIAN_POINT ( 'NONE',  ( 6.073266199914799657, 2.627554973027069973, -3.174207518212960100 ) ) ;
#5495 = CARTESIAN_POINT ( 'NONE',  ( 6.398038283460000031, 8.119673277926999333, -2.754470859521002346 ) ) ;
#5496 = ORIENTED_EDGE ( 'NONE', *, *, #364, .F. ) ;
#5497 = CARTESIAN_POINT ( 'NONE',  ( 4.953222577959999207, 7.070001019719070356, -2.133755340585450799 ) ) ;
#5498 = EDGE_CURVE ( 'NONE', #2821, #2950, #2214, .T. ) ;
#5499 = AXIS2_PLACEMENT_3D ( 'NONE', #6643, #904, #4114 ) ;
#5500 = CARTESIAN_POINT ( 'NONE',  ( 2.852677787450000224, 8.083447353645000888, -4.344279737038998057 ) ) ;
#5501 = CARTESIAN_POINT ( 'NONE',  ( 4.800000000839999892, 0.7000000014231999579, -4.000000000000000000 ) ) ;
#5502 = CARTESIAN_POINT ( 'NONE',  ( 4.903629327723099784, 3.208968262595069731, -2.558880540515859892 ) ) ;
#5503 = CARTESIAN_POINT ( 'NONE',  ( 5.994791006834859992, 2.844076093714229980, -3.750127081904520043 ) ) ;
#5504 = CARTESIAN_POINT ( 'NONE',  ( 6.133531230595999695, 3.125008367023070388, -3.266970702903480017 ) ) ;
#5505 = B_SPLINE_CURVE_WITH_KNOTS ( 'NONE', 3,
 ( #8913, #1697, #4917, #9854, #1906, #7592, #5172, #8274, #2748, #7536, #5910, #228, #5122, #7487, #382 ),
 .UNSPECIFIED., .F., .F.,
 ( 4, 1, 1, 1, 1, 1, 1, 1, 1, 1, 1, 1, 4 ),
 ( 0.5002268538901072370, 0.5219809237897089504, 0.5655174175658230773, 0.6090545725027040058, 0.6526161032285670016, 0.6961502910237310493, 0.7396633297615029523, 0.7831839580810939783, 0.8267145325625340213, 0.8702425794835889628, 0.9137729979869599894, 0.9572836677099070268, 1.000000000000000000 ),
 .UNSPECIFIED. ) ;
#5506 = PLANE ( 'NONE',  #3851 ) ;
#5507 = CARTESIAN_POINT ( 'NONE',  ( 5.574007775465100067, 2.854523790208070455, -2.548109656976259796 ) ) ;
#5508 = CARTESIAN_POINT ( 'NONE',  ( 1.377105089444100150, 3.249947942516069777, -2.491269781933459715 ) ) ;
#5509 = CARTESIAN_POINT ( 'NONE',  ( 0.9425399299127010799, 2.654416272903070251, -3.404020585248739739 ) ) ;
#5510 = VERTEX_POINT ( 'NONE', #2353 ) ;
#5511 = CARTESIAN_POINT ( 'NONE',  ( 1.592505348743999960, 3.175046213219069990, -4.446803363629380001 ) ) ;
#5512 = CARTESIAN_POINT ( 'NONE',  ( 1.314123741676754165, 3.095698483244427202, -2.777233008182213414 ) ) ;
#5513 = EDGE_CURVE ( 'NONE', #7329, #9503, #8780, .T. ) ;
#5514 = FACE_OUTER_BOUND ( 'NONE', #7272, .T. ) ;
#5515 = CARTESIAN_POINT ( 'NONE',  ( 1.982968911755616626, 3.055305597360576719, -4.426861275763904757 ) ) ;
#5516 = CARTESIAN_POINT ( 'NONE',  ( 5.120470333111002859, 3.195597527957811934, -4.397193689195240118 ) ) ;
#5517 = ORIENTED_EDGE ( 'NONE', *, *, #2924, .T. ) ;
#5518 = LINE ( 'NONE', #515, #8760 ) ;
#5519 = CARTESIAN_POINT ( 'NONE',  ( 2.340740786895999737, 2.992848917356070171, -2.618340261250480250 ) ) ;
#5520 = ORIENTED_EDGE ( 'NONE', *, *, #837, .F. ) ;
#5521 = ORIENTED_EDGE ( 'NONE', *, *, #2739, .T. ) ;
#5522 = AXIS2_PLACEMENT_3D ( 'NONE', #7720, #8717, #1351 ) ;
#5523 = CARTESIAN_POINT ( 'NONE',  ( 0.8554176643700106553, 3.197677148323502028, -3.695271321581837576 ) ) ;
#5524 = CARTESIAN_POINT ( 'NONE',  ( 0.4935754482811666177, 8.261366867513203260, -3.100762597433418311 ) ) ;
#5525 = CARTESIAN_POINT ( 'NONE',  ( 4.448341160409199802, 2.719025584317070532, -3.082976728882460105 ) ) ;
#5526 = CARTESIAN_POINT ( 'NONE',  ( 4.134701115489952450, 8.261576709873136082, -4.125787360491010247 ) ) ;
#5527 = ORIENTED_EDGE ( 'NONE', *, *, #23, .T. ) ;
#5528 = DIRECTION ( 'NONE',  ( 0.000000000000000000, 1.000000000000000000, 0.000000000000000000 ) ) ;
#5529 = FACE_OUTER_BOUND ( 'NONE', #6788, .T. ) ;
#5530 = VERTEX_POINT ( 'NONE', #7308 ) ;
#5531 = AXIS2_PLACEMENT_3D ( 'NONE', #5064, #380, #8272 ) ;
#5532 = CARTESIAN_POINT ( 'NONE',  ( 2.587323101496899813, 3.013651627591070081, -4.054073100872559898 ) ) ;
#5533 = CARTESIAN_POINT ( 'NONE',  ( 2.749832768318999587, 3.386878788324070300, -3.659379101610260143 ) ) ;
#5534 = CARTESIAN_POINT ( 'NONE',  ( 4.525674174491709501, 2.861205903736279588, -2.871880016723169948 ) ) ;
#5535 = ORIENTED_EDGE ( 'NONE', *, *, #8823, .F. ) ;
#5536 = CARTESIAN_POINT ( 'NONE',  ( 6.049999999159999753, 0.7000000014232999890, 0.000000000000000000 ) ) ;
#5537 = ADVANCED_FACE ( 'NONE', ( #88 ), #9440, .T. ) ;
#5538 = DIRECTION ( 'NONE',  ( 1.224646779855258597E-16, 1.166811569252333548E-12, 1.000000000000000000 ) ) ;
#5539 = AXIS2_PLACEMENT_3D ( 'NONE', #1033, #10024, #9871 ) ;
#5540 = DIRECTION ( 'NONE',  ( -1.000000000000000000, 0.000000000000000000, 0.000000000000000000 ) ) ;
#5541 = CARTESIAN_POINT ( 'NONE',  ( 4.580890065810600653, 3.209203097055070231, -4.254762719994979570 ) ) ;
#5542 = ORIENTED_EDGE ( 'NONE', *, *, #3988, .F. ) ;
#5543 = CARTESIAN_POINT ( 'NONE',  ( 2.199999999159000019, 0.7000000014235999712, -0.3499999999999999778 ) ) ;
#5544 = EDGE_CURVE ( 'NONE', #4996, #9538, #2036, .T. ) ;
#5545 = CARTESIAN_POINT ( 'NONE',  ( 5.593786658656000554, 3.137151270124070024, -4.390217711898079855 ) ) ;
#5546 = AXIS2_PLACEMENT_3D ( 'NONE', #8764, #2398, #8816 ) ;
#5547 = CARTESIAN_POINT ( 'NONE',  ( 3.954002471590000400, 8.274630156710003348, -3.557147774973002274 ) ) ;
#5548 = ORIENTED_EDGE ( 'NONE', *, *, #2180, .F. ) ;
#5549 = CARTESIAN_POINT ( 'NONE',  ( 3.153222577039000107, 8.090000782891999975, -3.449999999580000143 ) ) ;
#5550 = CARTESIAN_POINT ( 'NONE',  ( 2.351034792833998743, 8.277369219208999596, -4.607795035079998769 ) ) ;
#5551 = CARTESIAN_POINT ( 'NONE',  ( 1.753222577959000050, 8.500001019718999018, -3.449999999580000143 ) ) ;
#5552 = EDGE_CURVE ( 'NONE', #7802, #3198, #7493, .T. ) ;
#5553 = CARTESIAN_POINT ( 'NONE',  ( 4.316178274367800327, 2.800984944159069734, -3.022710889064259998 ) ) ;
#5554 = CARTESIAN_POINT ( 'NONE',  ( 1.753222577960000139, 6.070001019719070356, -2.649999998694359871 ) ) ;
#5555 = CARTESIAN_POINT ( 'NONE',  ( 2.053222577959999740, 7.270001019719069646, -2.339819833135567517 ) ) ;
#5556 = AXIS2_PLACEMENT_3D ( 'NONE', #1486, #4701, #7909 ) ;
#5557 = CARTESIAN_POINT ( 'NONE',  ( 5.074548950136892778, 2.740285697728345848, -2.649999998694473113 ) ) ;
#5558 = CARTESIAN_POINT ( 'NONE',  ( 5.983226555849300077, 3.515340114036070052, -3.767925987345360106 ) ) ;
#5559 = CARTESIAN_POINT ( 'NONE',  ( 2.610976808975199681, 3.303486788564069965, -3.025069062547359966 ) ) ;
#5560 = DIRECTION ( 'NONE',  ( 0.9578262854886138156, 0.000000000000000000, -0.2873478846748039328 ) ) ;
#5561 = AXIS2_PLACEMENT_3D ( 'NONE', #7993, #783, #9627 ) ;
#5562 = CIRCLE ( 'NONE', #6907, 0.8000000000000002665 ) ;
#5563 = FACE_OUTER_BOUND ( 'NONE', #6197, .T. ) ;
#5564 = EDGE_LOOP ( 'NONE', ( #5812, #8853, #10137, #5623 ) ) ;
#5565 = LINE ( 'NONE', #3031, #8775 ) ;
#5566 = EDGE_CURVE ( 'NONE', #958, #8945, #6624, .T. ) ;
#5567 = CARTESIAN_POINT ( 'NONE',  ( 7.000000000000000000, 4.700001019498999177, -6.250000000000000000 ) ) ;
#5568 = CARTESIAN_POINT ( 'NONE',  ( 2.011641780644000121, 3.017074006525069851, -4.197002057637579497 ) ) ;
#5569 = CARTESIAN_POINT ( 'NONE',  ( 0.000000000000000000, 8.500001019718999018, -1.400000001620999912 ) ) ;
#5570 = CIRCLE ( 'NONE', #6410, 0.2000000000004606704 ) ;
#5571 = DIRECTION ( 'NONE',  ( 0.000000000000000000, -0.1086719355950529764, 0.9940776682000378450 ) ) ;
#5572 = ORIENTED_EDGE ( 'NONE', *, *, #10243, .T. ) ;
#5573 = AXIS2_PLACEMENT_3D ( 'NONE', #7826, #621, #8668 ) ;
#5574 = DIRECTION ( 'NONE',  ( 1.000000000000000000, 0.000000000000000000, 0.000000000000000000 ) ) ;
#5575 = CARTESIAN_POINT ( 'NONE',  ( 0.9342682070563019803, 3.386595722432070410, -3.368235818009819749 ) ) ;
#5576 = ORIENTED_EDGE ( 'NONE', *, *, #9087, .F. ) ;
#5577 = ORIENTED_EDGE ( 'NONE', *, *, #2389, .T. ) ;
#5578 = VECTOR ( 'NONE', #5215, 1000.000000000000000 ) ;
#5579 = AXIS2_PLACEMENT_3D ( 'NONE', #5670, #5721, #2411 ) ;
#5580 = CARTESIAN_POINT ( 'NONE',  ( 0.8305684116541396378, 3.206295191730056171, -3.571871139593817190 ) ) ;
#5581 = CARTESIAN_POINT ( 'NONE',  ( 5.253222577959999917, 2.670001019719070001, -3.449999998694359693 ) ) ;
#5582 = CARTESIAN_POINT ( 'NONE',  ( 5.335083130657930717, 2.668570197417070133, -4.453941658067360088 ) ) ;
#5583 = ORIENTED_EDGE ( 'NONE', *, *, #7470, .T. ) ;
#5584 = DIRECTION ( 'NONE',  ( 0.3420304964574471529, -0.9305042781929943052, 0.1310607788684590158 ) ) ;
#5585 = CARTESIAN_POINT ( 'NONE',  ( 4.575024467447899923, 2.917981111864070165, -2.702115864902880471 ) ) ;
#5586 = ORIENTED_EDGE ( 'NONE', *, *, #2963, .F. ) ;
#5587 = VECTOR ( 'NONE', #3511, 1000.000000000000000 ) ;
#5588 = AXIS2_PLACEMENT_3D ( 'NONE', #1415, #6841, #3681 ) ;
#5589 = CARTESIAN_POINT ( 'NONE',  ( 2.663492445454099578, 2.942762733114069995, -2.968298053020959948 ) ) ;
#5590 = LINE ( 'NONE', #9685, #10251 ) ;
#5591 = CARTESIAN_POINT ( 'NONE',  ( 4.546182005886500122, 2.850349998589069678, -4.064045816861479921 ) ) ;
#5592 = EDGE_LOOP ( 'NONE', ( #1624, #2533 ) ) ;
#5593 = CARTESIAN_POINT ( 'NONE',  ( 6.699999999740000156, 4.700001019498999177, 5.156985949383999805E-14 ) ) ;
#5594 = CIRCLE ( 'NONE', #1047, 0.4267949192431849115 ) ;
#5595 = DIRECTION ( 'NONE',  ( 0.01437837135889048767, 0.000000000000000000, 0.9998966258754281577 ) ) ;
#5596 = CARTESIAN_POINT ( 'NONE',  ( 4.800825658763336001, 3.147021743546816186, -4.263460131824357013 ) ) ;
#5597 = CARTESIAN_POINT ( 'NONE',  ( 5.110347458850999836, 3.049853886251070012, -4.227616399369080291 ) ) ;
#5598 = VERTEX_POINT ( 'NONE', #7078 ) ;
#5599 = CARTESIAN_POINT ( 'NONE',  ( 4.853703513693169214, 0.6000000014230709722, -3.430390887638948616 ) ) ;
#5600 = EDGE_CURVE ( 'NONE', #4215, #8425, #7859, .T. ) ;
#5601 = VECTOR ( 'NONE', #5395, 1000.000000000000000 ) ;
#5602 = CARTESIAN_POINT ( 'NONE',  ( 2.015618675145888883, 8.263580079724054173, -2.173277685655038205 ) ) ;
#5603 = DIRECTION ( 'NONE',  ( 0.000000000000000000, 0.000000000000000000, 1.000000000000000000 ) ) ;
#5604 = ORIENTED_EDGE ( 'NONE', *, *, #2012, .T. ) ;
#5605 = CARTESIAN_POINT ( 'NONE',  ( 5.398836602560037612, 3.060721037907878195, -4.442860268209450680 ) ) ;
#5606 = CARTESIAN_POINT ( 'NONE',  ( 2.947460605774999909, 8.278198431833999393, -3.967516983008002818 ) ) ;
#5607 = CARTESIAN_POINT ( 'NONE',  ( 2.437312667716600156, 2.657049307979070019, -4.130370234789860540 ) ) ;
#5608 = CARTESIAN_POINT ( 'NONE',  ( 4.370028991821699904, 2.695395952824069852, -3.399907989019070431 ) ) ;
#5609 = CARTESIAN_POINT ( 'NONE',  ( 6.553222577958000450, 4.400000001423070017, -1.649999999994079980 ) ) ;
#5610 = ADVANCED_FACE ( 'NONE', ( #602 ), #6077, .T. ) ;
#5611 = LINE ( 'NONE', #811, #1837 ) ;
#5612 = EDGE_CURVE ( 'NONE', #4283, #835, #6925, .T. ) ;
#5613 = CARTESIAN_POINT ( 'NONE',  ( 6.036572061456551452, 2.787752883675219895, -3.612368673954350129 ) ) ;
#5614 = CARTESIAN_POINT ( 'NONE',  ( 0.9746231062869010753, 3.032490376782070118, -3.680441670849360136 ) ) ;
#5615 = DIRECTION ( 'NONE',  ( 0.000000000000000000, 0.000000000000000000, 1.000000000000000000 ) ) ;
#5616 = FACE_BOUND ( 'NONE', #8116, .T. ) ;
#5617 = EDGE_LOOP ( 'NONE', ( #5107, #9812 ) ) ;
#5618 = CARTESIAN_POINT ( 'NONE',  ( 1.753222577959000050, 8.500001019718999018, -3.449999999580000143 ) ) ;
#5619 =( BOUNDED_SURFACE ( )  B_SPLINE_SURFACE ( 3, 3, ( 
 ( #8176, #7388, #2598, #5808, #230, #6652, #9856, #2644, #5855, #1596, #4816, #808, #4020, #7235, #18, #8278, #1067, #4574, #6893, #7831, #3786, #522, #627, #6107, #5422, #6159, #1909, #6998 ),
 ( #7727, #5068, #1303, #4514, #4280, #3734, #5362, #8625, #8566, #7677, #3836, #9127, #7050, #462, #3680, #2694, #6947, #1362, #10254, #3046, #2990, #7489, #7782, #10149, #9068, #9306, #2150, #2938 ),
 ( #277, #9907, #1852, #4625, #3486, #10093, #5912, #9355, #2099, #575, #2887, #5124, #6698, #10198, #5309, #8326, #1117, #6211, #4464, #8514, #9410, #2203, #1414, #10312, #1462, #6362, #3891, #4042 ),
 ( #9676, #829, #10359, #5674, #7941, #4098, #3199, #4790, #8786, #3259, #7108, #6471, #7885, #3099, #9626, #6315, #679, #9516, #2462, #5630, #4838, #736, #9570, #8096, #8725, #1516, #7261, #2303 ) ),
 .UNSPECIFIED., .F., .F., .T. ) 
 B_SPLINE_SURFACE_WITH_KNOTS ( ( 4, 4 ),
 ( 4, 1, 1, 1, 1, 1, 1, 1, 1, 1, 1, 1, 1, 1, 1, 1, 1, 1, 1, 1, 1, 1, 1, 1, 1, 4 ),
 ( 0.000000000000000000, 1.000000000000000000 ),
 ( 0.000000000000000000, 0.02418173984921160105, 0.06555998180867510239, 0.1068984909618889978, 0.1482348177252259813, 0.1895777575783559876, 0.2309121939480359986, 0.2722840362990980312, 0.3136526933132879891, 0.3549894905727160044, 0.3963527749887200136, 0.4377143383285399536, 0.4790706876849670226, 0.5204482981451570289, 0.5618167306466509414, 0.6031924082839669188, 0.6446029683198540861, 0.6859966007283999634, 0.7273758316648409883, 0.7687669421927419977, 0.8101727334146560100, 0.8515810331160009738, 0.8929938825936839519, 0.9343892837276379648, 0.9758034997142789324, 1.000000000000000000 ),
 .UNSPECIFIED. ) 
 GEOMETRIC_REPRESENTATION_ITEM ( )  RATIONAL_B_SPLINE_SURFACE ( (
 ( 1.095922803125999989, 1.095922803125999989, 1.095922803125999989, 1.095922803125999989, 1.095922803125999989, 1.095922803125999989, 1.095922803125999989, 1.095922803125999989, 1.095922803125999989, 1.095922803125999989, 1.095922803125999989, 1.095922803125999989, 1.095922803125999989, 1.095922803125999989, 1.095922803125999989, 1.095922803125999989, 1.095922803125999989, 1.095922803125999989, 1.095922803125999989, 1.095922803125999989, 1.095922803125999989, 1.095922803125999989, 1.095922803125999989, 1.095922803125999989, 1.095922803125999989, 1.095922803125999989, 1.095922803125999989, 1.095922803125999989),
 ( 0.9681640351765000707, 0.9681640351765000707, 0.9681640351765000707, 0.9681640351765000707, 0.9681640351765000707, 0.9681640351765000707, 0.9681640351765000707, 0.9681640351765000707, 0.9681640351765000707, 0.9681640351765000707, 0.9681640351765000707, 0.9681640351765000707, 0.9681640351765000707, 0.9681640351765000707, 0.9681640351765000707, 0.9681640351765000707, 0.9681640351765000707, 0.9681640351765000707, 0.9681640351765000707, 0.9681640351765000707, 0.9681640351765000707, 0.9681640351765000707, 0.9681640351765000707, 0.9681640351765000707, 0.9681640351765000707, 0.9681640351765000707, 0.9681640351765000707, 0.9681640351765000707),
 ( 0.9680258818467000204, 0.9680258818467000204, 0.9680258818467000204, 0.9680258818467000204, 0.9680258818467000204, 0.9680258818467000204, 0.9680258818467000204, 0.9680258818467000204, 0.9680258818467000204, 0.9680258818467000204, 0.9680258818467000204, 0.9680258818467000204, 0.9680258818467000204, 0.9680258818467000204, 0.9680258818467000204, 0.9680258818467000204, 0.9680258818467000204, 0.9680258818467000204, 0.9680258818467000204, 0.9680258818467000204, 0.9680258818467000204, 0.9680258818467000204, 0.9680258818467000204, 0.9680258818467000204, 0.9680258818467000204, 0.9680258818467000204, 0.9680258818467000204, 0.9680258818467000204),
 ( 1.095508343137000073, 1.095508343137000073, 1.095508343137000073, 1.095508343137000073, 1.095508343137000073, 1.095508343137000073, 1.095508343137000073, 1.095508343137000073, 1.095508343137000073, 1.095508343137000073, 1.095508343137000073, 1.095508343137000073, 1.095508343137000073, 1.095508343137000073, 1.095508343137000073, 1.095508343137000073, 1.095508343137000073, 1.095508343137000073, 1.095508343137000073, 1.095508343137000073, 1.095508343137000073, 1.095508343137000073, 1.095508343137000073, 1.095508343137000073, 1.095508343137000073, 1.095508343137000073, 1.095508343137000073, 1.095508343137000073) ) ) 
 REPRESENTATION_ITEM ( '' )  SURFACE ( )  );
#5620 = DIRECTION ( 'NONE',  ( 1.000000000000000000, 0.000000000000000000, 0.000000000000000000 ) ) ;
#5621 = DIRECTION ( 'NONE',  ( 1.000000000000000000, 0.000000000000000000, 0.000000000000000000 ) ) ;
#5622 = CARTESIAN_POINT ( 'NONE',  ( 0.4532225779610020155, 4.400000001423070017, -1.649999999994079980 ) ) ;
#5623 = ORIENTED_EDGE ( 'NONE', *, *, #5275, .F. ) ;
#5624 = PLANE ( 'NONE',  #8421 ) ;
#5625 = EDGE_CURVE ( 'NONE', #1570, #9347, #3438, .T. ) ;
#5626 = DIRECTION ( 'NONE',  ( 0.000000000000000000, 0.000000000000000000, -1.000000000000000000 ) ) ;
#5627 = ORIENTED_EDGE ( 'NONE', *, *, #5297, .F. ) ;
#5628 = ORIENTED_EDGE ( 'NONE', *, *, #8427, .T. ) ;
#5629 = EDGE_CURVE ( 'NONE', #6703, #5649, #3225, .T. ) ;
#5630 = CARTESIAN_POINT ( 'NONE',  ( 2.641483468858001782, 8.277774666550005378, -2.497639520159002036 ) ) ;
#5631 = CARTESIAN_POINT ( 'NONE',  ( 1.149155352988579404, 8.262333331059084074, -2.292607472456380524 ) ) ;
#5632 = CARTESIAN_POINT ( 'NONE',  ( 5.063981980907899860, 2.605724319386069965, -4.304018794803759818 ) ) ;
#5633 = ORIENTED_EDGE ( 'NONE', *, *, #7872, .F. ) ;
#5634 = LINE ( 'NONE', #3948, #5069 ) ;
#5635 = CARTESIAN_POINT ( 'NONE',  ( 4.505804518284199922, 2.770232445657069942, -3.105373265749479916 ) ) ;
#5636 = VERTEX_POINT ( 'NONE', #327 ) ;
#5637 = CARTESIAN_POINT ( 'NONE',  ( 2.284285806500799598, 2.796194061858070068, -2.835758719678360240 ) ) ;
#5638 = PLANE ( 'NONE',  #2521 ) ;
#5639 = CARTESIAN_POINT ( 'NONE',  ( 0.5000000007595000184, 4.700001019498999177, -6.399999999720000332 ) ) ;
#5640 = ORIENTED_EDGE ( 'NONE', *, *, #1809, .F. ) ;
#5641 = CARTESIAN_POINT ( 'NONE',  ( 2.199999999159000019, 0.7000000014231949619, -1.549999999994079891 ) ) ;
#5642 = CARTESIAN_POINT ( 'NONE',  ( 2.053222577959999740, 7.270001019719037672, -2.286210887467605701 ) ) ;
#5643 = CARTESIAN_POINT ( 'NONE',  ( 6.058994025573999131, 2.925227303445069982, -3.282468099414879603 ) ) ;
#5644 = CARTESIAN_POINT ( 'NONE',  ( 5.092505348741000581, 3.175046213219069990, -4.446803363629380001 ) ) ;
#5645 = ORIENTED_EDGE ( 'NONE', *, *, #9659, .T. ) ;
#5646 = CARTESIAN_POINT ( 'NONE',  ( 6.069434967198009012, 2.737772392764791896, -3.229100657229518223 ) ) ;
#5647 = CARTESIAN_POINT ( 'NONE',  ( 5.881813537935509650, 2.962596315179939932, -2.774033022377520030 ) ) ;
#5648 = CARTESIAN_POINT ( 'NONE',  ( 3.153222577959999828, 4.600000002146249933, -5.249994379465779737 ) ) ;
#5649 = VERTEX_POINT ( 'NONE', #4965 ) ;
#5650 = CARTESIAN_POINT ( 'NONE',  ( 0.9532225779590010051, 1.922781433965179865, -5.297610847817890267 ) ) ;
#5651 = CARTESIAN_POINT ( 'NONE',  ( 0.4164558591279001187, 8.116224261740001111, -3.339826407803002439 ) ) ;
#5652 = CARTESIAN_POINT ( 'NONE',  ( 2.199999999159000019, 1.019498654400000011E-06, 0.000000000000000000 ) ) ;
#5653 = CARTESIAN_POINT ( 'NONE',  ( 4.908232969089899811, 2.766284847302070027, -2.635431194644559660 ) ) ;
#5654 = FACE_OUTER_BOUND ( 'NONE', #9220, .T. ) ;
#5655 = EDGE_LOOP ( 'NONE', ( #4733, #9633, #9045, #3102, #7194, #8038 ) ) ;
#5656 = CARTESIAN_POINT ( 'NONE',  ( 2.176538803679819889, 3.101133603295554764, -4.301109494575849901 ) ) ;
#5657 = CARTESIAN_POINT ( 'NONE',  ( 6.048530083846600292, 3.474354940417069937, -3.796366501821660133 ) ) ;
#5658 = CARTESIAN_POINT ( 'NONE',  ( 1.260500633171999896, 3.067190473640069914, -4.270691424621860577 ) ) ;
#5659 = AXIS2_PLACEMENT_3D ( 'NONE', #220, #8850, #3430 ) ;
#5660 = DIRECTION ( 'NONE',  ( 0.000000000000000000, -1.000000000000000000, 0.000000000000000000 ) ) ;
#5661 = PLANE ( 'NONE',  #4907 ) ;
#5662 = ORIENTED_EDGE ( 'NONE', *, *, #8769, .T. ) ;
#5663 = LINE ( 'NONE', #3448, #4232 ) ;
#5664 = DIRECTION ( 'NONE',  ( -1.195868801595999954E-13, 0.000000000000000000, -1.000000000000000000 ) ) ;
#5665 = ADVANCED_FACE ( 'NONE', ( #8175 ), #169, .T. ) ;
#5666 = EDGE_CURVE ( 'NONE', #6308, #537, #4230, .T. ) ;
#5667 = CARTESIAN_POINT ( 'NONE',  ( 2.345252811499000334, 2.986876625141069663, -4.017195772740879356 ) ) ;
#5668 = CARTESIAN_POINT ( 'NONE',  ( 0.3532225779600010052, 4.399999979672000627, -1.949994380492469981 ) ) ;
#5669 = ORIENTED_EDGE ( 'NONE', *, *, #7482, .F. ) ;
#5670 = CARTESIAN_POINT ( 'NONE',  ( 6.353222577958899997, 4.200000002145519495, -1.664155840000459907 ) ) ;
#5671 = LINE ( 'NONE', #1721, #4536 ) ;
#5672 = VERTEX_POINT ( 'NONE', #1958 ) ;
#5673 = ORIENTED_EDGE ( 'NONE', *, *, #3602, .T. ) ;
#5674 = CARTESIAN_POINT ( 'NONE',  ( 0.4572347239697003296, 8.274630056814002543, -3.275329014316000542 ) ) ;
#5675 = CARTESIAN_POINT ( 'NONE',  ( 1.484201371685209381, 8.262819474841851530, -2.173315359859738116 ) ) ;
#5676 = EDGE_CURVE ( 'NONE', #10324, #4798, #4169, .T. ) ;
#5677 = CARTESIAN_POINT ( 'NONE',  ( 5.899031580297649846, 2.947391972044610231, -2.755294174201059931 ) ) ;
#5678 = VERTEX_POINT ( 'NONE', #1116 ) ;
#5679 = CARTESIAN_POINT ( 'NONE',  ( 1.095867617769129998, 2.936120290325340054, -3.905939534792789658 ) ) ;
#5680 = CARTESIAN_POINT ( 'NONE',  ( 4.439822738398100377, 2.810919463819070430, -3.074949749716580083 ) ) ;
#5681 = VERTEX_POINT ( 'NONE', #5067 ) ;
#5682 = CARTESIAN_POINT ( 'NONE',  ( 2.553303909478340294, 2.767903178901190309, -1.063502306784960050 ) ) ;
#5683 = CARTESIAN_POINT ( 'NONE',  ( 2.631936623468700276, 2.884433004764070052, -3.348010818746059769 ) ) ;
#5684 = LINE ( 'NONE', #102, #3022 ) ;
#5685 = CARTESIAN_POINT ( 'NONE',  ( 3.199999999741000245, 4.700001019498999177, 0.000000000000000000 ) ) ;
#5686 = CIRCLE ( 'NONE', #6361, 0.4999999999999999445 ) ;
#5687 = VERTEX_POINT ( 'NONE', #5964 ) ;
#5688 = DIRECTION ( 'NONE',  ( -1.000000000000000000, 0.000000000000000000, 0.000000000000000000 ) ) ;
#5689 = ADVANCED_FACE ( 'NONE', ( #9808 ), #1066, .F. ) ;
#5690 = CARTESIAN_POINT ( 'NONE',  ( 1.721038875678726265, 3.201520673311958998, -2.563310362007582555 ) ) ;
#5691 = CARTESIAN_POINT ( 'NONE',  ( 6.208021015088000638, 3.009629446936070263, -3.251483165827580457 ) ) ;
#5692 = CARTESIAN_POINT ( 'NONE',  ( 2.618338417090870784, 2.646743887717298627, -3.828100007742242905 ) ) ;
#5693 = TOROIDAL_SURFACE ( 'NONE', #5190, 0.5999999999999999778, 0.2000000000000000111 ) ;
#5694 = VERTEX_POINT ( 'NONE', #7537 ) ;
#5695 = EDGE_CURVE ( 'NONE', #7802, #7378, #8276, .T. ) ;
#5696 = DIRECTION ( 'NONE',  ( 0.000000000000000000, 0.000000000000000000, 1.000000000000000000 ) ) ;
#5697 = DIRECTION ( 'NONE',  ( 0.000000000000000000, -0.9940776682000811437, -0.1086719355946580284 ) ) ;
#5698 = CARTESIAN_POINT ( 'NONE',  ( 6.026826451244491345, 2.802927811031017846, -3.235873834720374820 ) ) ;
#5699 = VERTEX_POINT ( 'NONE', #384 ) ;
#5700 = DIRECTION ( 'NONE',  ( 0.000000000000000000, 0.9940776682000811437, 0.1086719355946580284 ) ) ;
#5701 = AXIS2_PLACEMENT_3D ( 'NONE', #1133, #4348, #347 ) ;
#5702 = CARTESIAN_POINT ( 'NONE',  ( 1.314545927943001402, 8.190849671388003017, -4.673645600769005704 ) ) ;
#5703 = CARTESIAN_POINT ( 'NONE',  ( 5.553222577960001516, 7.249312674301001458, -4.666467323468539874 ) ) ;
#5704 = CARTESIAN_POINT ( 'NONE',  ( 4.514422603429999903, 2.678045904396069599, -3.113109648791459794 ) ) ;
#5705 = CARTESIAN_POINT ( 'NONE',  ( 2.441940678867460246, 2.905164374810269567, -3.907127816924630181 ) ) ;
#5706 = ORIENTED_EDGE ( 'NONE', *, *, #8795, .F. ) ;
#5707 = VECTOR ( 'NONE', #2549, 1000.000000000000000 ) ;
#5708 = DIRECTION ( 'NONE',  ( -1.000000000000000000, 0.000000000000000000, 0.000000000000000000 ) ) ;
#5709 = CARTESIAN_POINT ( 'NONE',  ( 4.216004403921999710, 3.163712299204069822, -3.491166514221609951 ) ) ;
#5710 = CARTESIAN_POINT ( 'NONE',  ( 1.616232143551600053, 2.961601482305070476, -4.250346250277660332 ) ) ;
#5711 = FACE_OUTER_BOUND ( 'NONE', #2566, .T. ) ;
#5712 = CARTESIAN_POINT ( 'NONE',  ( 6.553222577959000539, 4.400000001423070017, -5.249999999994080291 ) ) ;
#5713 = ORIENTED_EDGE ( 'NONE', *, *, #1410, .F. ) ;
#5714 = CARTESIAN_POINT ( 'NONE',  ( 2.559771437992000021, 3.478344677755069725, -3.311209653152760168 ) ) ;
#5715 = TOROIDAL_SURFACE ( 'NONE', #9748, 0.2000000000001136424, 0.2000000000004606149 ) ;
#5716 = DIRECTION ( 'NONE',  ( 0.000000000000000000, 1.000000000000000000, 0.000000000000000000 ) ) ;
#5717 = B_SPLINE_SURFACE_WITH_KNOTS ( 'NONE', 3, 3, ( 
 ( #6057, #9167, #10099, #4270 ),
 ( #9950, #7528, #2684, #9263 ),
 ( #2741, #5268, #317, #2787 ),
 ( #3529, #1213, #4425, #7478 ),
 ( #2054, #3477, #1997, #9895 ),
 ( #5900, #8417, #7635, #4374 ),
 ( #267, #5956, #422, #5845 ) ),
 .UNSPECIFIED., .F., .F., .F.,
 ( 4, 1, 1, 1, 4 ),
 ( 4, 4 ),
 ( 0.000000000000000000, 0.2317803467869490042, 0.5495282759951389817, 0.8672762052033300417, 1.000000000000000000 ),
 ( 0.000000000000000000, 1.000000000000000000 ),
 .UNSPECIFIED. ) ;
#5718 = LINE ( 'NONE', #2504, #1370 ) ;
#5719 = CARTESIAN_POINT ( 'NONE',  ( 0.5000000000000000000, 0.8000000014230710388, -1.549999999994079891 ) ) ;
#5720 = ORIENTED_EDGE ( 'NONE', *, *, #781, .F. ) ;
#5721 = DIRECTION ( 'NONE',  ( -1.000000000000000000, 0.000000000000000000, 0.000000000000000000 ) ) ;
#5722 = LINE ( 'NONE', #89, #7399 ) ;
#5723 = VECTOR ( 'NONE', #1594, 1000.000000000000000 ) ;
#5724 = EDGE_CURVE ( 'NONE', #6136, #2365, #5109, .T. ) ;
#5725 = EDGE_LOOP ( 'NONE', ( #805, #4471, #8898, #4583, #5205, #91, #1977, #6817 ) ) ;
#5726 = ORIENTED_EDGE ( 'NONE', *, *, #7303, .F. ) ;
#5727 = DIRECTION ( 'NONE',  ( 0.000000000000000000, -1.000000000000000000, 0.000000000000000000 ) ) ;
#5728 = CARTESIAN_POINT ( 'NONE',  ( 6.112749237946800029, 3.408580981800070298, -3.973612233847759523 ) ) ;
#5729 = AXIS2_PLACEMENT_3D ( 'NONE', #6002, #3471, #156 ) ;
#5730 = CYLINDRICAL_SURFACE ( 'NONE', #851, 1.300000000000000044 ) ;
#5731 = VECTOR ( 'NONE', #3465, 1000.000000000000000 ) ;
#5732 = ORIENTED_EDGE ( 'NONE', *, *, #8884, .T. ) ;
#5734 = EDGE_CURVE ( 'NONE', #756, #7566, #6585, .T. ) ;
#5733 = CARTESIAN_POINT ( 'NONE',  ( 1.074228128186913711, 2.915397989337525253, -3.934891214546618610 ) ) ;
#5735 = DIRECTION ( 'NONE',  ( 0.000000000000000000, 1.000000000000000000, 0.000000000000000000 ) ) ;
#5736 = ORIENTED_EDGE ( 'NONE', *, *, #3460, .T. ) ;
#5737 = FACE_OUTER_BOUND ( 'NONE', #8136, .T. ) ;
#5738 = EDGE_CURVE ( 'NONE', #2388, #2635, #5011, .T. ) ;
#5739 = VECTOR ( 'NONE', #7918, 1000.000000000000000 ) ;
#5740 = CARTESIAN_POINT ( 'NONE',  ( 2.272055276986600258, 2.996301579162070183, -4.254438909914960654 ) ) ;
#5741 = VECTOR ( 'NONE', #8254, 1000.000000000000000 ) ;
#5742 = CARTESIAN_POINT ( 'NONE',  ( 17.50000000000000000, 4.700001019498999177, -6.899999999161000375 ) ) ;
#5743 = ORIENTED_EDGE ( 'NONE', *, *, #5796, .T. ) ;
#5744 = CARTESIAN_POINT ( 'NONE',  ( 0.9221625725577020649, 2.741718257925069846, -3.464294879314389952 ) ) ;
#5745 = CARTESIAN_POINT ( 'NONE',  ( 1.888628077314043585, 3.192165165513186853, -2.611424004800198428 ) ) ;
#5746 = CARTESIAN_POINT ( 'NONE',  ( 4.804111967477190603, 3.087751494454239687, -4.319691007247059567 ) ) ;
#5747 = LINE ( 'NONE', #9548, #6747 ) ;
#5748 = VECTOR ( 'NONE', #613, 1000.000000000000114 ) ;
#5749 = DIRECTION ( 'NONE',  ( 0.000000000000000000, -1.000000000000000000, 0.000000000000000000 ) ) ;
#5750 = AXIS2_PLACEMENT_3D ( 'NONE', #1224, #6225, #2953 ) ;
#5751 = ORIENTED_EDGE ( 'NONE', *, *, #502, .T. ) ;
#5752 = CARTESIAN_POINT ( 'NONE',  ( 1.964492737673360301, 3.002204257281030575, -2.649999998694500203 ) ) ;
#5753 = EDGE_CURVE ( 'NONE', #7133, #2388, #8218, .T. ) ;
#5754 = CARTESIAN_POINT ( 'NONE',  ( 1.753222577960000139, 6.070001019719070356, -3.449999998694359693 ) ) ;
#5755 = CARTESIAN_POINT ( 'NONE',  ( 5.250000000000000000, 8.300001019718999729, -3.449999999580000143 ) ) ;
#5756 = ORIENTED_EDGE ( 'NONE', *, *, #1273, .T. ) ;
#5757 = LINE ( 'NONE', #2596, #175 ) ;
#5758 = CIRCLE ( 'NONE', #9623, 0.9499999999999998446 ) ;
#5759 = CARTESIAN_POINT ( 'NONE',  ( 0.4596474020163997531, 8.189596520095996368, -3.343424465050997885 ) ) ;
#5760 = PLANE ( 'NONE',  #8430 ) ;
#5761 = CARTESIAN_POINT ( 'NONE',  ( 4.851585093554000139, 2.848244207144070117, -2.501677623403959938 ) ) ;
#5762 = CARTESIAN_POINT ( 'NONE',  ( 3.953222577960699535, 4.400000001423070017, -5.249999999994080291 ) ) ;
#5763 = ORIENTED_EDGE ( 'NONE', *, *, #8159, .F. ) ;
#5764 = VECTOR ( 'NONE', #1703, 1000.000000000000000 ) ;
#5765 = LINE ( 'NONE', #1759, #3357 ) ;
#5766 = CARTESIAN_POINT ( 'NONE',  ( 2.504187755497259804, 2.832146381480514563, -3.174225993809444812 ) ) ;
#5767 = CARTESIAN_POINT ( 'NONE',  ( 1.579473104984400189, 3.084540522068070167, -4.465105469460359799 ) ) ;
#5768 = CARTESIAN_POINT ( 'NONE',  ( 4.453186036651000101, 2.767919354422170297, -1.063504403453420011 ) ) ;
#5769 = CARTESIAN_POINT ( 'NONE',  ( 1.177181825639096235, 3.005724475766978099, -4.005136965275498007 ) ) ;
#5770 = CARTESIAN_POINT ( 'NONE',  ( 1.851122254260870070, 3.355212279410070053, -2.563778722433459833 ) ) ;
#5771 = DIRECTION ( 'NONE',  ( 0.000000000000000000, -1.000000000000000000, 0.000000000000000000 ) ) ;
#5772 = DIRECTION ( 'NONE',  ( 3.375932300522000393E-13, 0.000000000000000000, -1.000000000000000000 ) ) ;
#5773 = CARTESIAN_POINT ( 'NONE',  ( 4.902547492241000171, 3.467457411567069769, -4.160850791648179836 ) ) ;
#5774 = ADVANCED_FACE ( 'NONE', ( #4223, #6697, #2693 ), #5911, .T. ) ;
#5775 = FACE_OUTER_BOUND ( 'NONE', #631, .T. ) ;
#5776 = CARTESIAN_POINT ( 'NONE',  ( 3.053222577960999828, 0.7000000014231999579, -1.649999999994079980 ) ) ;
#5777 = VERTEX_POINT ( 'NONE', #1377 ) ;
#5778 = VERTEX_POINT ( 'NONE', #3645 ) ;
#5779 = CARTESIAN_POINT ( 'NONE',  ( 4.658521284419776087, 3.237626055477823339, -4.009715280103136159 ) ) ;
#5780 = LINE ( 'NONE', #8097, #6905 ) ;
#5781 = FACE_OUTER_BOUND ( 'NONE', #2757, .T. ) ;
#5782 = ORIENTED_EDGE ( 'NONE', *, *, #3870, .T. ) ;
#5783 = EDGE_CURVE ( 'NONE', #8693, #10364, #2345, .T. ) ;
#5784 = LINE ( 'NONE', #5943, #6255 ) ;
#5785 = CARTESIAN_POINT ( 'NONE',  ( 4.375415041080900735, 2.797834585434070043, -3.837663941070879936 ) ) ;
#5786 = VERTEX_POINT ( 'NONE', #6068 ) ;
#5787 = CARTESIAN_POINT ( 'NONE',  ( 6.002000526355000254, 2.704896269823069854, -3.020146186076880124 ) ) ;
#5788 = CARTESIAN_POINT ( 'NONE',  ( 2.538823212130900231, 2.867082956335070154, -3.655309874572560069 ) ) ;
#5789 = CARTESIAN_POINT ( 'NONE',  ( 0.9532225779590010051, 2.043309880632290021, -4.497034178085270284 ) ) ;
#5790 = ORIENTED_EDGE ( 'NONE', *, *, #2805, .T. ) ;
#5791 = EDGE_CURVE ( 'NONE', #2090, #6690, #6856, .T. ) ;
#5792 = CARTESIAN_POINT ( 'NONE',  ( 0.9281755919525940257, 2.738383566554170034, -3.464191450697880370 ) ) ;
#5793 = CARTESIAN_POINT ( 'NONE',  ( 6.009798679595400372, 3.324032805866070195, -3.869729592370160010 ) ) ;
#5794 = CARTESIAN_POINT ( 'NONE',  ( 5.954748480108999154, 3.071278768632069944, -4.122098321382879682 ) ) ;
#5795 = EDGE_CURVE ( 'NONE', #8564, #10065, #4590, .T. ) ;
#5796 = EDGE_CURVE ( 'NONE', #9255, #9064, #28, .T. ) ;
#5797 = LINE ( 'NONE', #9009, #5578 ) ;
#5798 = PLANE ( 'NONE',  #3468 ) ;
#5799 = ORIENTED_EDGE ( 'NONE', *, *, #9151, .T. ) ;
#5800 = ORIENTED_EDGE ( 'NONE', *, *, #7977, .F. ) ;
#5801 = CARTESIAN_POINT ( 'NONE',  ( 1.205894899738159998, 3.026744524843079986, -2.866539571193429836 ) ) ;
#5802 = CARTESIAN_POINT ( 'NONE',  ( 2.004960714445053416, 3.171262979384358971, -4.368526535580102177 ) ) ;
#5803 = DIRECTION ( 'NONE',  ( 0.000000000000000000, -1.000000000000000000, -1.239088197940549937E-15 ) ) ;
#5804 = B_SPLINE_SURFACE_WITH_KNOTS ( 'NONE', 3, 3, ( 
 ( #4688, #692, #7895, #840 ),
 ( #3902, #3107, #6374, #1627 ),
 ( #9579, #2371, #1528, #7270 ),
 ( #7119, #4801, #10322, #5533 ),
 ( #7950, #745, #3953, #8003 ),
 ( #791, #2425, #4002, #10419 ),
 ( #3210, #6430, #9636, #4846 ),
 ( #9886, #9048, #4203, #8308 ),
 ( #942, #8157, #9159, #152 ),
 ( #2523, #1783, #8257, #7573 ),
 ( #4154, #1147, #7368, #2624 ),
 ( #6584, #366, #5047, #1737 ),
 ( #1100, #209, #4364, #7518 ),
 ( #3579, #9837, #1941, #2676 ),
 ( #307, #3369, #5156, #6792 ),
 ( #9790, #5838, #1833, #1049 ),
 ( #4262, #2579, #7471, #7420 ),
 ( #6735, #259, #2731, #5949 ),
 ( #3422, #5891, #5740, #9942 ),
 ( #6635, #8953, #4949, #8359 ),
 ( #5788, #9001, #3467, #4994 ),
 ( #3520, #8201, #993, #6680 ),
 ( #9106, #1891, #5106, #4311 ),
 ( #6986, #3822, #7817, #2975 ),
 ( #4718, #4777, #1400, #7143 ),
 ( #3773, #8710, #9343, #10346 ),
 ( #10184, #9395, #7092, #7036 ),
 ( #6196, #3131, #7925, #10237 ),
 ( #4613, #10297, #6250, #611 ),
 ( #5509, #8551, #5348, #6348 ),
 ( #3083, #563, #1343, #2186 ),
 ( #9993, #4557, #8770, #7769 ),
 ( #6301, #2779, #5402, #8609 ),
 ( #9449, #3028, #2243, #5457 ),
 ( #8660, #7976, #767, #9502 ),
 ( #3873, #1501, #1448, #4664 ),
 ( #9554, #7869, #665, #2290 ) ),
 .UNSPECIFIED., .F., .F., .F.,
 ( 4, 1, 1, 1, 1, 1, 1, 1, 1, 1, 1, 1, 1, 1, 1, 1, 1, 1, 1, 1, 1, 1, 1, 1, 1, 1, 1, 1, 1, 1, 1, 1, 1, 1, 4 ),
 ( 4, 4 ),
 ( 0.000000000000000000, 0.01045846005544039982, 0.02269762908908700208, 0.05451778011859410161, 0.08633793114810110747, 0.1181580821775790047, 0.1499782332070860036, 0.1817983842365930025, 0.2136185352660999737, 0.2454386862957049775, 0.2772588373251139715, 0.3090789883546209982, 0.3408991393842260020, 0.3727192904136349960, 0.4045394414432399999, 0.4363595924727470265, 0.4681797435021559650, 0.4999998945317610244, 0.5318200455612690503, 0.5636401965906779887, 0.5954603476202829926, 0.6272804986498879964, 0.6591006496791990132, 0.6909208007088040171, 0.7227409517384090210, 0.7545611027678180704, 0.7863812537973249306, 0.8182014048267339801, 0.8500215558563389839, 0.8818417068858459551, 0.9136618579152550046, 0.9454820089448600084, 0.9773021599744649013, 0.9895415334842950772, 1.000000000000000000 ),
 ( 0.000000000000000000, 1.000000000000000000 ),
 .UNSPECIFIED. ) ;
#5805 = ORIENTED_EDGE ( 'NONE', *, *, #1598, .F. ) ;
#5806 = CARTESIAN_POINT ( 'NONE',  ( 1.494621982554368067, 3.133938653373447458, -2.681776660637088749 ) ) ;
#5807 = DIRECTION ( 'NONE',  ( 0.000000000000000000, -1.000000000000000000, -9.578761693691410276E-16 ) ) ;
#5808 = CARTESIAN_POINT ( 'NONE',  ( 0.3430505968165999953, 8.080133678873998804, -3.259870607367000961 ) ) ;
#5809 = CARTESIAN_POINT ( 'NONE',  ( 6.360871589730003883, 8.193048614572999711, -4.122963629360000937 ) ) ;
#5810 = CARTESIAN_POINT ( 'NONE',  ( 2.290308219067569873, 3.033901181188067842, -4.293518069547440419 ) ) ;
#5811 = ADVANCED_FACE ( 'NONE', ( #2114 ), #2904, .T. ) ;
#5812 = ORIENTED_EDGE ( 'NONE', *, *, #2980, .T. ) ;
#5813 = PLANE ( 'NONE',  #836 ) ;
#5814 = CARTESIAN_POINT ( 'NONE',  ( 5.813411781935799105, 3.067785431611069757, -4.235539670344560470 ) ) ;
#5815 = CARTESIAN_POINT ( 'NONE',  ( 2.331786382688000092, 2.837173741779070113, -2.780818341389759585 ) ) ;
#5816 = PLANE ( 'NONE',  #682 ) ;
#5817 = CARTESIAN_POINT ( 'NONE',  ( 1.332706651796199848, 3.249497245730069928, -2.655284748178980081 ) ) ;
#5818 = CARTESIAN_POINT ( 'NONE',  ( 2.430831328031699989, 3.524033137960070228, -3.862896140559960223 ) ) ;
#5819 = DIRECTION ( 'NONE',  ( 1.000000000000000000, 0.000000000000000000, 0.000000000000000000 ) ) ;
#5820 = EDGE_CURVE ( 'NONE', #2200, #9556, #7692, .T. ) ;
#5821 = PERSON_AND_ORGANIZATION ( #3295, #5944 ) ;
#5822 = CARTESIAN_POINT ( 'NONE',  ( 5.713350536756249376, 3.081428487404361594, -4.249661890463607428 ) ) ;
#5823 = DIRECTION ( 'NONE',  ( 0.000000000000000000, -0.1394725270191719824, -0.9902259409886646768 ) ) ;
#5824 = CARTESIAN_POINT ( 'NONE',  ( 2.428932838090101409, 3.136177264069452963, -2.987330880262363930 ) ) ;
#5825 = VECTOR ( 'NONE', #5216, 1000.000000000000000 ) ;
#5826 = CARTESIAN_POINT ( 'NONE',  ( 6.206693430536499356, 3.327116420057069757, -3.365119720870149767 ) ) ;
#5827 = B_SPLINE_CURVE_WITH_KNOTS ( 'NONE', 3,
 ( #9877, #9932, #5880, #1774, #1933, #3359, #8348, #8193, #983, #142, #5036, #9093, #1137, #4353, #7509 ),
 .UNSPECIFIED., .F., .F.,
 ( 4, 1, 1, 1, 1, 1, 1, 1, 1, 1, 1, 1, 4 ),
 ( 0.000000000000000000, 0.04272902890429530059, 0.08624010685227889716, 0.1297488877136070140, 0.1732646292194449933, 0.2167714203363349801, 0.2603175833273750350, 0.3038603935742579809, 0.3473696696588969846, 0.3909068249476480017, 0.4344421687079810246, 0.4779720244612650215, 0.4997732531532929623 ),
 .UNSPECIFIED. ) ;
#5828 = ORIENTED_EDGE ( 'NONE', *, *, #5343, .T. ) ;
#5829 = ADVANCED_FACE ( 'NONE', ( #1268 ), #5325, .T. ) ;
#5830 = CARTESIAN_POINT ( 'NONE',  ( 4.618326725287727363, 3.328660286654140599, -2.936021727432790218 ) ) ;
#5831 = CARTESIAN_POINT ( 'NONE',  ( 6.134029751305899225, 3.405992165708069841, -3.938649899445959335 ) ) ;
#5832 = LINE ( 'NONE', #1825, #9926 ) ;
#5833 = ORIENTED_EDGE ( 'NONE', *, *, #7660, .T. ) ;
#5834 = CARTESIAN_POINT ( 'NONE',  ( 4.453222577959000006, 2.042160668637170051, -4.549232072371530045 ) ) ;
#5835 = CARTESIAN_POINT ( 'NONE',  ( 4.597407282888800850, 2.737972913386069962, -4.019567328057780387 ) ) ;
#5836 = ORIENTED_EDGE ( 'NONE', *, *, #7969, .T. ) ;
#5837 = LINE ( 'NONE', #7906, #6552 ) ;
#5838 = CARTESIAN_POINT ( 'NONE',  ( 1.297884290493799941, 3.026210793719070313, -4.208424161394959562 ) ) ;
#5839 = ORIENTED_EDGE ( 'NONE', *, *, #10243, .F. ) ;
#5840 = CARTESIAN_POINT ( 'NONE',  ( 0.9455991355655019026, 2.823710816029069814, -4.059730197494680226 ) ) ;
#5841 = CARTESIAN_POINT ( 'NONE',  ( 6.062010499337699976, 3.245157060215070111, -3.377999744798930060 ) ) ;
#5842 = CARTESIAN_POINT ( 'NONE',  ( 2.553222577959600059, 1.843345133684619830, -4.570966459631880419 ) ) ;
#5843 = DIRECTION ( 'NONE',  ( 0.000000000000000000, -1.000000000000000000, 0.000000000000000000 ) ) ;
#5844 = CARTESIAN_POINT ( 'NONE',  ( 6.041930057667999954, 2.558790503104070080, -3.064386381186279706 ) ) ;
#5845 = CARTESIAN_POINT ( 'NONE',  ( 1.156540179803299928, 2.934752600440069692, -3.968202695935380220 ) ) ;
#5846 = ORIENTED_EDGE ( 'NONE', *, *, #849, .T. ) ;
#5847 = FACE_OUTER_BOUND ( 'NONE', #2595, .T. ) ;
#5848 = B_SPLINE_CURVE_WITH_KNOTS ( 'NONE', 3,
 ( #7630, #2204, #8626, #6795, #8466, #417, #9257 ),
 .UNSPECIFIED., .F., .F.,
 ( 4, 3, 4 ),
 ( 0.000000000000000000, 0.1500858592543700132, 1.000000000000000000 ),
 .UNSPECIFIED. ) ;
#5849 = CARTESIAN_POINT ( 'NONE',  ( 1.453222577959999873, 7.249137257069752316, -4.666709048043358621 ) ) ;
#5850 = CARTESIAN_POINT ( 'NONE',  ( 2.671767029593000053, 2.682137446733070085, -3.891483678386479905 ) ) ;
#5851 = ORIENTED_EDGE ( 'NONE', *, *, #4641, .F. ) ;
#5852 = EDGE_CURVE ( 'NONE', #3531, #3895, #8584, .T. ) ;
#5853 = FACE_OUTER_BOUND ( 'NONE', #7940, .T. ) ;
#5854 = DIRECTION ( 'NONE',  ( 0.000000000000000000, 1.000000000000000000, 0.000000000000000000 ) ) ;
#5855 = CARTESIAN_POINT ( 'NONE',  ( 0.7798168504235996057, 8.080726841893998369, -2.413469912702001618 ) ) ;
#5856 = CARTESIAN_POINT ( 'NONE',  ( 5.342010818280001239, 8.118232374119006778, -4.789134949485005066 ) ) ;
#5857 = CIRCLE ( 'NONE', #6027, 0.3999999999999999667 ) ;
#5858 = CARTESIAN_POINT ( 'NONE',  ( 7.000000000000000000, 8.500001019718999018, -2.149999998344000129 ) ) ;
#5859 = EDGE_LOOP ( 'NONE', ( #424, #9697, #3995, #2480, #8906, #1266, #129, #5003 ) ) ;
#5860 = EDGE_CURVE ( 'NONE', #477, #568, #2218, .T. ) ;
#5861 = CARTESIAN_POINT ( 'NONE',  ( 1.753222577960000139, 2.670001019719070001, -4.149999998694359427 ) ) ;
#5862 = CARTESIAN_POINT ( 'NONE',  ( 5.576891425644300071, 2.971858564020069871, -2.619210578837360082 ) ) ;
#5863 = VECTOR ( 'NONE', #6326, 1000.000000000000000 ) ;
#5864 = CARTESIAN_POINT ( 'NONE',  ( 1.849796377449239859, 2.543042339962069853, -4.237629013352059992 ) ) ;
#5865 = EDGE_CURVE ( 'NONE', #5687, #9255, #7595, .T. ) ;
#5866 = FACE_BOUND ( 'NONE', #9450, .T. ) ;
#5867 = CARTESIAN_POINT ( 'NONE',  ( 2.218974837810000267, 3.354373458874069680, -2.593198746700080548 ) ) ;
#5868 = CARTESIAN_POINT ( 'NONE',  ( 1.843083609830980185, 3.396197453028070079, -2.636547274845860045 ) ) ;
#5869 = LINE ( 'NONE', #2656, #3240 ) ;
#5870 = APPROVAL_STATUS ( 'not_yet_approved' ) ;
#5871 = CARTESIAN_POINT ( 'NONE',  ( 1.119864171610823966, 2.698059650300442147, -2.929721761033603489 ) ) ;
#5872 = VECTOR ( 'NONE', #1240, 1000.000000000000114 ) ;
#5873 = CARTESIAN_POINT ( 'NONE',  ( 6.499999999250078986, 6.098715275224803278, -3.119187068068390634 ) ) ;
#5874 = DIRECTION ( 'NONE',  ( 3.302913498259999742E-14, -1.000000000000000000, 0.000000000000000000 ) ) ;
#5875 = CARTESIAN_POINT ( 'NONE',  ( 5.571865718127099854, 3.215247845658069981, -2.624768716414260350 ) ) ;
#5876 = CARTESIAN_POINT ( 'NONE',  ( 2.379286958875099778, 2.878153421700070158, -2.725877963101159818 ) ) ;
#5877 = EDGE_CURVE ( 'NONE', #1233, #9, #4532, .T. ) ;
#5878 = AXIS2_PLACEMENT_3D ( 'NONE', #6763, #1914, #8331 ) ;
#5879 = VERTEX_POINT ( 'NONE', #8428 ) ;
#5880 = CARTESIAN_POINT ( 'NONE',  ( 3.957902430934720162, 8.261314478932142435, -3.274284732246679486 ) ) ;
#5881 = CARTESIAN_POINT ( 'NONE',  ( 6.009798679595400372, 3.324032805866070195, -3.869729592370160010 ) ) ;
#5882 = DIRECTION ( 'NONE',  ( 0.000000000000000000, -1.000000000000000000, 0.000000000000000000 ) ) ;
#5883 = ORIENTED_EDGE ( 'NONE', *, *, #7276, .T. ) ;
#5884 = CARTESIAN_POINT ( 'NONE',  ( 0.3532225779633760276, 4.400000001423070017, -5.249999999994080291 ) ) ;
#5885 = DIRECTION ( 'NONE',  ( -2.360002081636334664E-10, 0.000000000000000000, 1.000000000000000000 ) ) ;
#5886 = ORIENTED_EDGE ( 'NONE', *, *, #4368, .T. ) ;
#5887 = TOROIDAL_SURFACE ( 'NONE', #1344, 1.199999999999999956, 0.1499999999999999944 ) ;
#5888 = CARTESIAN_POINT ( 'NONE',  ( 2.549413660202479726, 2.768487543031410425, -3.372078836214109643 ) ) ;
#5889 = PRODUCT_DEFINITION_SHAPE ( 'NONE', 'NONE',  #7274 ) ;
#5890 = CARTESIAN_POINT ( 'NONE',  ( 2.267195658964000327, 3.637321832367069963, -4.092807075279680795 ) ) ;
#5891 = CARTESIAN_POINT ( 'NONE',  ( 2.232690552048099963, 2.955321899241070138, -4.193404752797559532 ) ) ;
#5892 = ORIENTED_EDGE ( 'NONE', *, *, #1397, .F. ) ;
#5893 = AXIS2_PLACEMENT_3D ( 'NONE', #10360, #6421, #9571 ) ;
#5894 = AXIS2_PLACEMENT_3D ( 'NONE', #9735, #8685, #897 ) ;
#5895 = CARTESIAN_POINT ( 'NONE',  ( 6.653222577959999384, 4.254481236136950173, -1.267883465058939896 ) ) ;
#5896 = CARTESIAN_POINT ( 'NONE',  ( 6.110552118703000524, 3.359394069010070094, -3.831049408824959812 ) ) ;
#5897 = CARTESIAN_POINT ( 'NONE',  ( 4.688839509904089375, 3.014615851262239854, -4.047002462864310424 ) ) ;
#5898 = CARTESIAN_POINT ( 'NONE',  ( 1.753222577960000805, 2.785457036528154351, -4.249999998694359959 ) ) ;
#5899 = CARTESIAN_POINT ( 'NONE',  ( 6.082021708073999555, 2.584501968271069927, -3.044784834612180191 ) ) ;
#5900 = CARTESIAN_POINT ( 'NONE',  ( 0.9455943979524020770, 2.812512392606069778, -4.059726931331080202 ) ) ;
#5901 = ORIENTED_EDGE ( 'NONE', *, *, #8114, .T. ) ;
#5902 = EDGE_CURVE ( 'NONE', #6172, #8779, #701, .T. ) ;
#5903 = ORIENTED_EDGE ( 'NONE', *, *, #640, .T. ) ;
#5904 = VECTOR ( 'NONE', #1657, 1000.000000000000000 ) ;
#5905 = VECTOR ( 'NONE', #5700, 1000.000000000000000 ) ;
#5906 = DIRECTION ( 'NONE',  ( 0.000000000000000000, 1.000000000000000000, 0.000000000000000000 ) ) ;
#5907 = CARTESIAN_POINT ( 'NONE',  ( 5.253222577959999917, 7.050001019499001487, -4.849999998660000422 ) ) ;
#5908 = CARTESIAN_POINT ( 'NONE',  ( 2.787257402034000187, 2.662887905668070321, -3.601682172170079799 ) ) ;
#5909 = ORIENTED_EDGE ( 'NONE', *, *, #1872, .T. ) ;
#5910 = CARTESIAN_POINT ( 'NONE',  ( 0.5529410361371002169, 8.261455402565507811, -3.967332345350842893 ) ) ;
#5911 = PLANE ( 'NONE',  #532 ) ;
#5912 = CARTESIAN_POINT ( 'NONE',  ( 0.6391631128070000001, 8.189855458293001433, -2.776976984332001575 ) ) ;
#5913 = AXIS2_PLACEMENT_3D ( 'NONE', #948, #9444, #2586 ) ;
#5914 = AXIS2_PLACEMENT_3D ( 'NONE', #9621, #137, #6566 ) ;
#5915 = CARTESIAN_POINT ( 'NONE',  ( 4.207684050230002804, 8.116632204888997393, -4.295772871548003025 ) ) ;
#5916 = LINE ( 'NONE', #6129, #9965 ) ;
#5917 = ORIENTED_EDGE ( 'NONE', *, *, #547, .T. ) ;
#5918 = EDGE_CURVE ( 'NONE', #8564, #2886, #10285, .T. ) ;
#5919 = ORIENTED_EDGE ( 'NONE', *, *, #4993, .T. ) ;
#5920 = FACE_OUTER_BOUND ( 'NONE', #6131, .T. ) ;
#5921 = TOROIDAL_SURFACE ( 'NONE', #7096, 0.5999999999999999778, 0.2000000000000000111 ) ;
#5922 = CARTESIAN_POINT ( 'NONE',  ( 5.999036432378100692, 2.917270625025070174, -2.728004211563160197 ) ) ;
#5923 = CARTESIAN_POINT ( 'NONE',  ( 6.617890143890006627, 8.083783395981003039, -3.069858556543998862 ) ) ;
#5924 = CARTESIAN_POINT ( 'NONE',  ( 4.558054147937456335, 3.341743398535563347, -3.845905105885459196 ) ) ;
#5925 = CARTESIAN_POINT ( 'NONE',  ( 1.757841610929999909, 3.238643323811069674, -2.626994465115680022 ) ) ;
#5926 = CARTESIAN_POINT ( 'NONE',  ( 2.130044998319300387, 2.889888216783070618, -2.482776608988259692 ) ) ;
#5927 = EDGE_CURVE ( 'NONE', #1886, #206, #1371, .T. ) ;
#5928 = CARTESIAN_POINT ( 'NONE',  ( 0.000000000000000000, 8.500001019718999018, -5.500000000078999918 ) ) ;
#5929 = AXIS2_PLACEMENT_3D ( 'NONE', #1714, #8289, #9867 ) ;
#5930 = PERSON_AND_ORGANIZATION ( #3295, #5944 ) ;
#5931 = FACE_OUTER_BOUND ( 'NONE', #2001, .T. ) ;
#5932 = CARTESIAN_POINT ( 'NONE',  ( 6.499999999250082539, 6.195889123611340032, -2.932268348356241727 ) ) ;
#5933 = EDGE_CURVE ( 'NONE', #9910, #3783, #7426, .T. ) ;
#5934 = CARTESIAN_POINT ( 'NONE',  ( 2.311373894511353555, 3.122552782153836581, -2.850589511725037717 ) ) ;
#5935 = CARTESIAN_POINT ( 'NONE',  ( 5.459493081714500207, 3.060910890576070020, -4.458999738743360197 ) ) ;
#5936 = DIRECTION ( 'NONE',  ( 0.000000000000000000, -1.000000000000000000, 0.000000000000000000 ) ) ;
#5937 = VECTOR ( 'NONE', #5279, 1000.000000000000000 ) ;
#5938 = VERTEX_POINT ( 'NONE', #4642 ) ;
#5939 = CARTESIAN_POINT ( 'NONE',  ( 6.000317618180980084, 2.837141363100950109, -3.116256450902829656 ) ) ;
#5940 = CARTESIAN_POINT ( 'NONE',  ( 2.557321109378709600, 2.774903110508800452, -3.452827032639644411 ) ) ;
#5941 = ORIENTED_EDGE ( 'NONE', *, *, #69, .F. ) ;
#5942 = ADVANCED_FACE ( 'NONE', ( #9583 ), #1630, .F. ) ;
#5943 = CARTESIAN_POINT ( 'NONE',  ( 4.453222577959000006, 2.742401317444509878, -1.256882331665519992 ) ) ;
#5944 = ORGANIZATION ( 'UNSPECIFIED', 'UNSPECIFIED', '' ) ;
#5945 = CARTESIAN_POINT ( 'NONE',  ( 5.687413979660243868, 8.263822828734149084, -4.678513425424524641 ) ) ;
#5946 = EDGE_LOOP ( 'NONE', ( #5349, #1300, #2143, #3733 ) ) ;
#5947 = DIRECTION ( 'NONE',  ( 0.000000000000000000, -1.000000000000000000, 0.000000000000000000 ) ) ;
#5948 = CARTESIAN_POINT ( 'NONE',  ( 2.579968467451000169, 3.563779059409069472, -3.803461434992380319 ) ) ;
#5949 = CARTESIAN_POINT ( 'NONE',  ( 1.959493081714500207, 3.060910890576070020, -4.458999738743360197 ) ) ;
#5950 = ORIENTED_EDGE ( 'NONE', *, *, #4837, .F. ) ;
#5951 = CARTESIAN_POINT ( 'NONE',  ( 0.5000000007595999385, 1.019498654400000011E-06, -5.700000000180000193 ) ) ;
#5952 = DIRECTION ( 'NONE',  ( 1.000000000000000000, 0.000000000000000000, 0.000000000000000000 ) ) ;
#5953 = CARTESIAN_POINT ( 'NONE',  ( 2.899999999739999890, 0.7000000014231999579, -6.299999999999999822 ) ) ;
#5954 = CARTESIAN_POINT ( 'NONE',  ( 6.092233917156908873, 2.695895453369320016, -3.994013685900920319 ) ) ;
#5955 = CARTESIAN_POINT ( 'NONE',  ( 6.051518851123000253, 2.580268938004069756, -2.991710854196480085 ) ) ;
#5956 = CARTESIAN_POINT ( 'NONE',  ( 1.046182005889500166, 2.850349998589069678, -4.064045816861479921 ) ) ;
#5957 = ORIENTED_EDGE ( 'NONE', *, *, #5724, .F. ) ;
#5958 = ORIENTED_EDGE ( 'NONE', *, *, #6557, .F. ) ;
#5959 = CARTESIAN_POINT ( 'NONE',  ( 4.880230233197770495, 3.183394131475924649, -4.390326255855415027 ) ) ;
#5960 = DIRECTION ( 'NONE',  ( -1.000000000000000000, 0.000000000000000000, 0.000000000000000000 ) ) ;
#5961 = LINE ( 'NONE', #323, #4855 ) ;
#5962 = ORIENTED_EDGE ( 'NONE', *, *, #6457, .T. ) ;
#5963 = LINE ( 'NONE', #1166, #7081 ) ;
#5964 = CARTESIAN_POINT ( 'NONE',  ( 2.153222577963532558, -3.199999998576200433, -3.449999999993615507 ) ) ;
#5965 = EDGE_CURVE ( 'NONE', #2589, #4746, #6257, .T. ) ;
#5966 = CARTESIAN_POINT ( 'NONE',  ( 6.000096007700000733, 8.192545384344004589, -4.510318362791000624 ) ) ;
#5967 = DIRECTION ( 'NONE',  ( 3.375932299345999877E-13, 0.000000000000000000, -1.000000000000000000 ) ) ;
#5968 = B_SPLINE_CURVE_WITH_KNOTS ( 'NONE', 3,
 ( #7798, #4693, #7848, #642, #2848, #3850, #10056, #4533, #2905, #6128 ),
 .UNSPECIFIED., .F., .F.,
 ( 4, 3, 3, 4 ),
 ( 0.000000000000000000, 0.3262432480104019983, 0.6605593783531079621, 1.000000000000000000 ),
 .UNSPECIFIED. ) ;
#5969 = VERTEX_POINT ( 'NONE', #6377 ) ;
#5970 = ORIENTED_EDGE ( 'NONE', *, *, #2423, .F. ) ;
#5971 = CARTESIAN_POINT ( 'NONE',  ( 0.9084682419076471893, 2.687804312121135464, -3.821279387453073273 ) ) ;
#5972 = CARTESIAN_POINT ( 'NONE',  ( 5.603468211981800451, 2.930873390401069756, -2.550993593912859847 ) ) ;
#5973 = DIRECTION ( 'NONE',  ( 0.000000000000000000, -1.000000000000000000, 0.000000000000000000 ) ) ;
#5974 = VERTEX_POINT ( 'NONE', #5641 ) ;
#5975 = FACE_OUTER_BOUND ( 'NONE', #2280, .T. ) ;
#5976 = CARTESIAN_POINT ( 'NONE',  ( 2.182632236939999526, 3.312178773214070393, -2.660054860254580156 ) ) ;
#5977 = CARTESIAN_POINT ( 'NONE',  ( 1.678424799181690075, 2.670828950845070437, -4.485336368101359383 ) ) ;
#5978 = B_SPLINE_CURVE_WITH_KNOTS ( 'NONE', 3,
 ( #7020, #3912, #7130, #8486, #1276, #10332 ),
 .UNSPECIFIED., .F., .F.,
 ( 4, 2, 4 ),
 ( 1.497298509278716473E-17, 0.0001586537901964176856, 0.0003173075803928204091 ),
 .UNSPECIFIED. ) ;
#5979 = CARTESIAN_POINT ( 'NONE',  ( 6.553222577958000450, 4.400000001423070017, -1.549999999994079891 ) ) ;
#5980 = CARTESIAN_POINT ( 'NONE',  ( 5.052876073542000412, 3.609171328202070317, -4.384940723540280416 ) ) ;
#5981 = DIRECTION ( 'NONE',  ( 1.000000000000000000, 0.000000000000000000, 0.000000000000000000 ) ) ;
#5982 = DIRECTION ( 'NONE',  ( -1.000000000000000000, 0.000000000000000000, 1.229785504201000173E-14 ) ) ;
#5983 = CARTESIAN_POINT ( 'NONE',  ( 4.611227174643700799, 3.008860745290069971, -3.947154304378060363 ) ) ;
#5984 = CARTESIAN_POINT ( 'NONE',  ( 1.849796377449239859, 2.543042339962069853, -4.237629013352059992 ) ) ;
#5985 = B_SPLINE_CURVE_WITH_KNOTS ( 'NONE', 3,
 ( #8111, #9533, #4111, #748, #7955, #3111, #8006, #4851, #3321, #9481, #3272, #8688, #8846, #1584, #2270 ),
 .UNSPECIFIED., .F., .F.,
 ( 4, 1, 1, 1, 1, 1, 1, 1, 1, 1, 1, 1, 4 ),
 ( 0.000000000000000000, 0.04279613184900339651, 0.08636899170949019489, 0.1299370998984710202, 0.1735082012187259826, 0.2170646793369200023, 0.2606553897801670017, 0.3042357812457999744, 0.3477761869887630031, 0.3913379620436899797, 0.4348905475419100330, 0.4784296489629130122, 0.5002268538901072370 ),
 .UNSPECIFIED. ) ;
#5986 = EDGE_CURVE ( 'NONE', #4163, #6049, #5985, .T. ) ;
#5987 = ORIENTED_EDGE ( 'NONE', *, *, #5902, .T. ) ;
#5988 = EDGE_CURVE ( 'NONE', #3947, #457, #4804, .T. ) ;
#5989 = CARTESIAN_POINT ( 'NONE',  ( 3.953222577960699535, 0.7000000014231999579, -5.249999999994080291 ) ) ;
#5990 = DIRECTION ( 'NONE',  ( 0.000000000000000000, 0.000000000000000000, 1.000000000000000000 ) ) ;
#5991 = ORIENTED_EDGE ( 'NONE', *, *, #9073, .F. ) ;
#5992 = CARTESIAN_POINT ( 'NONE',  ( 5.253222577959999917, 2.570001019719070356, -2.749999998694359959 ) ) ;
#5993 = ORIENTED_EDGE ( 'NONE', *, *, #1598, .T. ) ;
#5994 = CARTESIAN_POINT ( 'NONE',  ( 2.536572061456770832, 2.787752883676879012, -3.612368673953290088 ) ) ;
#5995 = CARTESIAN_POINT ( 'NONE',  ( 2.719930954028999537, 3.479375040978070377, -3.863300064952279733 ) ) ;
#5996 = ORIENTED_EDGE ( 'NONE', *, *, #606, .T. ) ;
#5997 = CARTESIAN_POINT ( 'NONE',  ( 3.049999967471999973, 8.265024157077000666, -3.449999886680999772 ) ) ;
#5998 = CIRCLE ( 'NONE', #2798, 1.399999999080000057 ) ;
#5999 = ORIENTED_EDGE ( 'NONE', *, *, #2513, .T. ) ;
#6000 = EDGE_CURVE ( 'NONE', #4746, #5879, #9639, .T. ) ;
#6001 = CARTESIAN_POINT ( 'NONE',  ( 4.916113958209119339, 3.138471425372491463, -4.308795395389700467 ) ) ;
#6002 = CARTESIAN_POINT ( 'NONE',  ( 5.253222577959999917, 7.050001019498999710, -3.449999998694359693 ) ) ;
#6003 = DIRECTION ( 'NONE',  ( 0.000000000000000000, 0.000000000000000000, -1.000000000000000000 ) ) ;
#6004 = FACE_OUTER_BOUND ( 'NONE', #353, .T. ) ;
#6005 = B_SPLINE_CURVE_WITH_KNOTS ( 'NONE', 3,
 ( #7468, #1145, #9939, #2728, #4361, #5202, #2672 ),
 .UNSPECIFIED., .F., .F.,
 ( 4, 3, 4 ),
 ( 0.000000000000000000, 0.7337306860214289905, 1.000000000000000000 ),
 .UNSPECIFIED. ) ;
#6006 = CARTESIAN_POINT ( 'NONE',  ( 2.665488255109885074, 2.687308942385770116, -3.880792388784779945 ) ) ;
#6007 = LINE ( 'NONE', #4319, #5825 ) ;
#6008 = VERTEX_POINT ( 'NONE', #5486 ) ;
#6009 = ORIENTED_EDGE ( 'NONE', *, *, #2401, .F. ) ;
#6010 = CARTESIAN_POINT ( 'NONE',  ( 1.753222577960000805, 2.785457036528154351, -4.249999998694359959 ) ) ;
#6011 = CARTESIAN_POINT ( 'NONE',  ( 1.453222577959999651, 7.123654220544582749, -4.766244656803179325 ) ) ;
#6012 = CARTESIAN_POINT ( 'NONE',  ( 6.053222577959600059, 2.121596968917629944, -5.275876460555529945 ) ) ;
#6013 = ORIENTED_EDGE ( 'NONE', *, *, #9822, .F. ) ;
#6014 = EDGE_CURVE ( 'NONE', #10006, #2743, #1476, .T. ) ;
#6015 = CARTESIAN_POINT ( 'NONE',  ( 6.053222577959600059, 1.922781433965179865, -5.297610847817890267 ) ) ;
#6016 = B_SPLINE_CURVE_WITH_KNOTS ( 'NONE', 3,
 ( #9543, #1333, #7025, #4653, #6236, #493, #3763, #3708, #6976, #9437 ),
 .UNSPECIFIED., .F., .F.,
 ( 4, 3, 3, 4 ),
 ( 4.271261210083258205E-18, 6.531992226402375229E-05, 0.0001535610819514160875, 0.0002431248003651583162 ),
 .UNSPECIFIED. ) ;
#6017 = DIRECTION ( 'NONE',  ( 0.000000000000000000, -1.000000000000000000, 0.000000000000000000 ) ) ;
#6018 = CARTESIAN_POINT ( 'NONE',  ( 6.586495176359998815, 8.119928532539002930, -3.375219229553002354 ) ) ;
#6019 = CARTESIAN_POINT ( 'NONE',  ( 1.753222577960000139, 6.070001019719070356, -4.249999998694359959 ) ) ;
#6020 = ORIENTED_EDGE ( 'NONE', *, *, #9840, .F. ) ;
#6021 = ORIENTED_EDGE ( 'NONE', *, *, #7801, .F. ) ;
#6022 = CARTESIAN_POINT ( 'NONE',  ( 6.653222577958999295, 0.8000000014230710388, -5.249999999992080113 ) ) ;
#6023 = CARTESIAN_POINT ( 'NONE',  ( 4.744440027810099991, 3.231903003575069988, -4.091030987124359974 ) ) ;
#6024 = CARTESIAN_POINT ( 'NONE',  ( 1.858434352880000029, 2.584022019884069987, -4.308077935452759633 ) ) ;
#6025 = VERTEX_POINT ( 'NONE', #4005 ) ;
#6026 = DIRECTION ( 'NONE',  ( 0.000000000000000000, 0.000000000000000000, -1.000000000000000000 ) ) ;
#6027 = AXIS2_PLACEMENT_3D ( 'NONE', #6940, #8559, #3672 ) ;
#6028 = CARTESIAN_POINT ( 'NONE',  ( 1.929912375595000062, 3.511077277583069645, -4.409074916699180058 ) ) ;
#6029 = CARTESIAN_POINT ( 'NONE',  ( 2.393833905216700142, 2.999240972262069871, -2.829847025230559865 ) ) ;
#6030 = CARTESIAN_POINT ( 'NONE',  ( 6.653222577959999384, 2.318420117541789782, -1.398893285064799930 ) ) ;
#6031 = CARTESIAN_POINT ( 'NONE',  ( 5.257841652505999441, 3.480618013658069998, -2.626987056703080192 ) ) ;
#6032 = CARTESIAN_POINT ( 'NONE',  ( 4.492881145156999878, 3.113280268844070164, -3.765024370199079762 ) ) ;
#6033 = AXIS2_PLACEMENT_3D ( 'NONE', #9231, #5973, #10016 ) ;
#6034 = DIRECTION ( 'NONE',  ( -0.9999790310276358563, 0.000000000000000000, -0.006475917311892209413 ) ) ;
#6035 = CARTESIAN_POINT ( 'NONE',  ( 4.797884290493800385, 3.026210793719070313, -4.208424161394959562 ) ) ;
#6036 = CARTESIAN_POINT ( 'NONE',  ( 1.753222577959999917, 3.154531003513295850, -2.649999998694358982 ) ) ;
#6037 = ORIENTED_EDGE ( 'NONE', *, *, #7777, .F. ) ;
#6038 = AXIS2_PLACEMENT_3D ( 'NONE', #6983, #3663, #3716 ) ;
#6039 = CARTESIAN_POINT ( 'NONE',  ( 2.603063150628249556, 3.041820478822956364, -3.836619624475234858 ) ) ;
#6040 = CYLINDRICAL_SURFACE ( 'NONE', #3880, 0.3499999999999999778 ) ;
#6041 = ORIENTED_EDGE ( 'NONE', *, *, #8159, .T. ) ;
#6042 = CARTESIAN_POINT ( 'NONE',  ( 2.853222577958900441, 4.254481236157950264, -1.267883465060539727 ) ) ;
#6043 = ORIENTED_EDGE ( 'NONE', *, *, #6206, .T. ) ;
#6044 = EDGE_CURVE ( 'NONE', #8215, #62, #8801, .T. ) ;
#6045 = CARTESIAN_POINT ( 'NONE',  ( 5.732750752208890077, 3.127736043721049963, -4.339746680860154804 ) ) ;
#6046 = EDGE_CURVE ( 'NONE', #8841, #6848, #3905, .T. ) ;
#6047 = CARTESIAN_POINT ( 'NONE',  ( 1.758695943419999796, 3.396213995227070015, -2.474772046913779722 ) ) ;
#6048 = AXIS2_PLACEMENT_3D ( 'NONE', #8156, #7320, #100 ) ;
#6049 = VERTEX_POINT ( 'NONE', #7123 ) ;
#6050 = ORIENTED_EDGE ( 'NONE', *, *, #7010, .F. ) ;
#6051 = CARTESIAN_POINT ( 'NONE',  ( 0.5000000000000000000, 0.7000000014231989587, -5.349999999994049737 ) ) ;
#6052 = CARTESIAN_POINT ( 'NONE',  ( 6.131936623468700276, 2.884433004764070052, -3.348010818746059769 ) ) ;
#6053 = AXIS2_PLACEMENT_3D ( 'NONE', #8064, #854, #9695 ) ;
#6054 = CARTESIAN_POINT ( 'NONE',  ( 5.250000000000000000, 8.300001019718999729, -4.949999999580000143 ) ) ;
#6055 = LINE ( 'NONE', #4212, #7704 ) ;
#6056 = DIRECTION ( 'NONE',  ( -1.000000000000000000, 0.000000000000000000, 0.000000000000000000 ) ) ;
#6057 = CARTESIAN_POINT ( 'NONE',  ( 1.075027799863199851, 2.906782743273070402, -2.702110153050879759 ) ) ;
#6058 = ORIENTED_EDGE ( 'NONE', *, *, #7971, .T. ) ;
#6059 = EDGE_CURVE ( 'NONE', #3097, #2388, #796, .T. ) ;
#6060 = ORIENTED_EDGE ( 'NONE', *, *, #8552, .T. ) ;
#6061 = CARTESIAN_POINT ( 'NONE',  ( 1.591726117840100097, 3.043560842147069678, -4.393519063066159802 ) ) ;
#6062 = CIRCLE ( 'NONE', #1518, 0.2000000000000001221 ) ;
#6063 = FACE_OUTER_BOUND ( 'NONE', #6176, .T. ) ;
#6064 = VECTOR ( 'NONE', #4767, 1000.000000000000000 ) ;
#6065 = CARTESIAN_POINT ( 'NONE',  ( 7.000000000000000000, 0.000000000000000000, 0.000000000000000000 ) ) ;
#6066 = VERTEX_POINT ( 'NONE', #6328 ) ;
#6067 = CYLINDRICAL_SURFACE ( 'NONE', #4901, 0.7999999999999999334 ) ;
#6068 = CARTESIAN_POINT ( 'NONE',  ( 2.213350536760428700, 3.081428487403710559, -4.249661890461887914 ) ) ;
#6069 = LINE ( 'NONE', #9275, #8578 ) ;
#6070 = CARTESIAN_POINT ( 'NONE',  ( 0.9081486301252519322, 2.843507561930830541, -3.035418100234832828 ) ) ;
#6071 = VECTOR ( 'NONE', #8457, 1000.000000000000000 ) ;
#6072 = VECTOR ( 'NONE', #7516, 1000.000000000000000 ) ;
#6073 = ORIENTED_EDGE ( 'NONE', *, *, #6395, .T. ) ;
#6074 = EDGE_CURVE ( 'NONE', #7281, #1593, #4904, .T. ) ;
#6075 = EDGE_LOOP ( 'NONE', ( #3165, #5496 ) ) ;
#6076 = CARTESIAN_POINT ( 'NONE',  ( 4.454571162933770978, 2.966304778107990536, -3.556082162209317499 ) ) ;
#6077 =( BOUNDED_SURFACE ( )  B_SPLINE_SURFACE ( 3, 3, ( 
 ( #5449, #2127, #6185, #2282, #6138, #10286, #10127, #5500, #9384, #10067, #2860, #6237, #8540, #9493, #8651, #5390, #8700, #7758, #3075, #7026, #9334, #1440, #9286, #6293, #4708, #1490, #5338, #8600 ),
 ( #1334, #1390, #4544, #4655, #655, #4604, #3017, #441, #3658, #6868, #6084, #1642, #912, #8018, #1547, #4019, #9699, #7290, #10384, #4862, #9652, #807, #2331, #7234, #9598, #2486, #1698, #5651 ),
 ( #17, #3121, #7913, #6495, #7135, #3233, #6448, #71, #2542, #2438, #4768, #4073, #4124, #711, #117, #4918, #5702, #8914, #8757, #6340, #7966, #6546, #3334, #3918, #2393, #759, #3172, #5759 ),
 ( #9544, #1754, #8124, #6391, #8972, #5606, #7338, #9752, #3968, #10338, #5550, #7183, #8811, #1595, #4814, #8069, #8859, #858, #3285, #8377, #9960, #9067, #4383, #6651, #9175, #9018, #2795, #10008 ) ),
 .UNSPECIFIED., .F., .F., .T. ) 
 B_SPLINE_SURFACE_WITH_KNOTS ( ( 4, 4 ),
 ( 4, 1, 1, 1, 1, 1, 1, 1, 1, 1, 1, 1, 1, 1, 1, 1, 1, 1, 1, 1, 1, 1, 1, 1, 1, 4 ),
 ( 0.000000000000000000, 1.000000000000000000 ),
 ( 0.000000000000000000, 0.02421942804920360071, 0.06565922834288429044, 0.1070564377993620114, 0.1484491328415629974, 0.1898446715640439986, 0.2312263172402429789, 0.2726404859763230104, 0.3140448509749599881, 0.3554112267908380307, 0.3967979049207279729, 0.4381758523406069639, 0.4795409889610410259, 0.5209176911530499776, 0.5622803503317459484, 0.6036436376585799790, 0.6450300836590789899, 0.6863905519974969893, 0.7277309272788750061, 0.7690785131842329259, 0.8104355486264509523, 0.8517901827127110082, 0.8931470699650509992, 0.9344851945196399612, 0.9758412327697399968, 1.000000000000000000 ),
 .UNSPECIFIED. ) 
 GEOMETRIC_REPRESENTATION_ITEM ( )  RATIONAL_B_SPLINE_SURFACE ( (
 ( 1.095922813965000131, 1.095922813965000131, 1.095922813965000131, 1.095922813965000131, 1.095922813965000131, 1.095922813965000131, 1.095922813965000131, 1.095922813965000131, 1.095922813965000131, 1.095922813965000131, 1.095922813965000131, 1.095922813965000131, 1.095922813965000131, 1.095922813965000131, 1.095922813965000131, 1.095922813965000131, 1.095922813965000131, 1.095922813965000131, 1.095922813965000131, 1.095922813965000131, 1.095922813965000131, 1.095922813965000131, 1.095922813965000131, 1.095922813965000131, 1.095922813965000131, 1.095922813965000131, 1.095922813965000131, 1.095922813965000131),
 ( 0.9681640348142999120, 0.9681640348142999120, 0.9681640348142999120, 0.9681640348142999120, 0.9681640348142999120, 0.9681640348142999120, 0.9681640348142999120, 0.9681640348142999120, 0.9681640348142999120, 0.9681640348142999120, 0.9681640348142999120, 0.9681640348142999120, 0.9681640348142999120, 0.9681640348142999120, 0.9681640348142999120, 0.9681640348142999120, 0.9681640348142999120, 0.9681640348142999120, 0.9681640348142999120, 0.9681640348142999120, 0.9681640348142999120, 0.9681640348142999120, 0.9681640348142999120, 0.9681640348142999120, 0.9681640348142999120, 0.9681640348142999120, 0.9681640348142999120, 0.9681640348142999120),
 ( 0.9680258782406999662, 0.9680258782406999662, 0.9680258782406999662, 0.9680258782406999662, 0.9680258782406999662, 0.9680258782406999662, 0.9680258782406999662, 0.9680258782406999662, 0.9680258782406999662, 0.9680258782406999662, 0.9680258782406999662, 0.9680258782406999662, 0.9680258782406999662, 0.9680258782406999662, 0.9680258782406999662, 0.9680258782406999662, 0.9680258782406999662, 0.9680258782406999662, 0.9680258782406999662, 0.9680258782406999662, 0.9680258782406999662, 0.9680258782406999662, 0.9680258782406999662, 0.9680258782406999662, 0.9680258782406999662, 0.9680258782406999662, 0.9680258782406999662, 0.9680258782406999662),
 ( 1.095508344244999988, 1.095508344244999988, 1.095508344244999988, 1.095508344244999988, 1.095508344244999988, 1.095508344244999988, 1.095508344244999988, 1.095508344244999988, 1.095508344244999988, 1.095508344244999988, 1.095508344244999988, 1.095508344244999988, 1.095508344244999988, 1.095508344244999988, 1.095508344244999988, 1.095508344244999988, 1.095508344244999988, 1.095508344244999988, 1.095508344244999988, 1.095508344244999988, 1.095508344244999988, 1.095508344244999988, 1.095508344244999988, 1.095508344244999988, 1.095508344244999988, 1.095508344244999988, 1.095508344244999988, 1.095508344244999988) ) ) 
 REPRESENTATION_ITEM ( '' )  SURFACE ( )  );
#6078 = CARTESIAN_POINT ( 'NONE',  ( 4.489027650724816354, 2.814658224277288401, -4.094758082782444575 ) ) ;
#6079 = CARTESIAN_POINT ( 'NONE',  ( 1.746252300919710176, 2.674188666407070425, -4.459355016176359321 ) ) ;
#6080 = ORIENTED_EDGE ( 'NONE', *, *, #4368, .F. ) ;
#6081 = CARTESIAN_POINT ( 'NONE',  ( 0.000000000000000000, 3.800001019718999729, 0.000000000000000000 ) ) ;
#6082 = AXIS2_PLACEMENT_3D ( 'NONE', #3741, #8679, #6115 ) ;
#6083 = VECTOR ( 'NONE', #3697, 1000.000000000000000 ) ;
#6084 = CARTESIAN_POINT ( 'NONE',  ( 2.368598041739000237, 8.118956896557998348, -4.641251585992001161 ) ) ;
#6085 = CARTESIAN_POINT ( 'NONE',  ( 2.653433138974199856, 2.999417849751070175, -3.966853138295959980 ) ) ;
#6086 = CARTESIAN_POINT ( 'NONE',  ( 3.153222577959999828, 2.714506812042659867, -1.454927519863410179 ) ) ;
#6087 = CARTESIAN_POINT ( 'NONE',  ( 1.010192534139230158, 2.842520086379650035, -2.860436480779709800 ) ) ;
#6088 = CARTESIAN_POINT ( 'NONE',  ( 4.358536015597000102, 3.344393713216070374, -3.360674736581749755 ) ) ;
#6089 = AXIS2_PLACEMENT_3D ( 'NONE', #5618, #7038, #1560 ) ;
#6090 = AXIS2_PLACEMENT_3D ( 'NONE', #2047, #1254, #6108 ) ;
#6091 = CARTESIAN_POINT ( 'NONE',  ( 4.921115780271219542, 3.140369873518729982, -4.315193360972280345 ) ) ;
#6092 = CARTESIAN_POINT ( 'NONE',  ( 4.523702019353000203, 3.079749639767070057, -3.093460721539159852 ) ) ;
#6093 = CARTESIAN_POINT ( 'NONE',  ( 1.746743852880820125, 2.633208986486069936, -4.388174138367060273 ) ) ;
#6094 = ORIENTED_EDGE ( 'NONE', *, *, #6831, .F. ) ;
#6095 = TOROIDAL_SURFACE ( 'NONE', #1552, 0.2000000000001057043, 0.2000000000004634737 ) ;
#6096 = CARTESIAN_POINT ( 'NONE',  ( 4.800000000839999892, 0.7000000014231000378, -0.3499999999999999778 ) ) ;
#6097 = EDGE_CURVE ( 'NONE', #8889, #10311, #4530, .T. ) ;
#6098 = CARTESIAN_POINT ( 'NONE',  ( 6.653222577958999295, 0.8000000014230710388, -5.249999999992080113 ) ) ;
#6099 = CARTESIAN_POINT ( 'NONE',  ( 5.604767052030657837, 3.134988459810866601, -2.728497752410030674 ) ) ;
#6100 = DIRECTION ( 'NONE',  ( 1.000000000000000000, 0.000000000000000000, 0.000000000000000000 ) ) ;
#6101 = ORIENTED_EDGE ( 'NONE', *, *, #2655, .F. ) ;
#6102 = CARTESIAN_POINT ( 'NONE',  ( 4.683386840214379454, 2.831774074729870083, -2.617344989937493427 ) ) ;
#6103 = AXIS2_PLACEMENT_3D ( 'NONE', #3175, #8603, #10387 ) ;
#6104 = DIRECTION ( 'NONE',  ( -1.000000000000000000, 0.000000000000000000, 0.000000000000000000 ) ) ;
#6105 = ORIENTED_EDGE ( 'NONE', *, *, #3279, .F. ) ;
#6106 = EDGE_LOOP ( 'NONE', ( #2601, #8671, #8905, #905, #5132, #4947 ) ) ;
#6107 = CARTESIAN_POINT ( 'NONE',  ( 3.117890143884998633, 8.083783395980997710, -3.069858556543998418 ) ) ;
#6108 = DIRECTION ( 'NONE',  ( 1.000000000000000000, 0.000000000000000000, -8.659212979592441649E-12 ) ) ;
#6109 = EDGE_CURVE ( 'NONE', #7828, #6915, #3564, .T. ) ;
#6110 = B_SPLINE_CURVE_WITH_KNOTS ( 'NONE', 3,
 ( #3116, #9488, #704, #9377, #2120, #2959, #8695, #6334, #4649, #3807 ),
 .UNSPECIFIED., .F., .F.,
 ( 4, 3, 3, 4 ),
 ( 5.293749646857445613E-18, 6.531992226402373873E-05, 0.0001535610819519093182, 0.0002431248003661679795 ),
 .UNSPECIFIED. ) ;
#6111 = LOCAL_TIME ( 3, 31, 50.00000000000000000, #3350 ) ;
#6112 = CARTESIAN_POINT ( 'NONE',  ( 5.732690552048100407, 2.955321899241070138, -4.193404752797559532 ) ) ;
#6113 = DIRECTION ( 'NONE',  ( -0.9999790310276359673, 0.000000000000000000, -0.006475917311892210280 ) ) ;
#6114 = ORIENTED_EDGE ( 'NONE', *, *, #2827, .F. ) ;
#6115 = DIRECTION ( 'NONE',  ( 0.000000000000000000, 0.000000000000000000, 1.000000000000000000 ) ) ;
#6116 = CARTESIAN_POINT ( 'NONE',  ( 3.199999999741000245, 0.7000000014231999579, 0.000000000000000000 ) ) ;
#6117 = ORIENTED_EDGE ( 'NONE', *, *, #3764, .F. ) ;
#6118 = ORIENTED_EDGE ( 'NONE', *, *, #7847, .F. ) ;
#6119 = CARTESIAN_POINT ( 'NONE',  ( 1.223116975850299992, 3.108170153561069959, -4.332958687848759816 ) ) ;
#6120 = EDGE_CURVE ( 'NONE', #2098, #5879, #9688, .T. ) ;
#6121 = FACE_OUTER_BOUND ( 'NONE', #6359, .T. ) ;
#6122 = CARTESIAN_POINT ( 'NONE',  ( 3.500000000000000000, 0.7000000014231999579, -5.400000000000000355 ) ) ;
#6123 = ORIENTED_EDGE ( 'NONE', *, *, #5695, .F. ) ;
#6124 = FACE_OUTER_BOUND ( 'NONE', #635, .T. ) ;
#6125 = ADVANCED_FACE ( 'NONE', ( #945 ), #4799, .T. ) ;
#6126 = CARTESIAN_POINT ( 'NONE',  ( 6.013456949967050491, 2.670001019719071778, -3.930224171627955343 ) ) ;
#6127 = ADVANCED_FACE ( 'NONE', ( #9890 ), #2678, .T. ) ;
#6128 = CARTESIAN_POINT ( 'NONE',  ( 6.036572061456551452, 2.787752883675219895, -3.612368673954350129 ) ) ;
#6129 = CARTESIAN_POINT ( 'NONE',  ( 4.100000000260000554, 4.700001019498999177, -6.299999999999999822 ) ) ;
#6130 = ORIENTED_EDGE ( 'NONE', *, *, #6189, .T. ) ;
#6131 = EDGE_LOOP ( 'NONE', ( #8273, #2457, #1786, #3916, #9011, #9471 ) ) ;
#6132 = FACE_OUTER_BOUND ( 'NONE', #8505, .T. ) ;
#6133 = DIRECTION ( 'NONE',  ( 0.000000000000000000, 0.1086719355950529764, -0.9940776682000378450 ) ) ;
#6134 = CARTESIAN_POINT ( 'NONE',  ( 4.788764838922700662, 2.739196532705070464, -4.295673426082459834 ) ) ;
#6135 = CARTESIAN_POINT ( 'NONE',  ( 4.474972012220001183, 8.117014326649004019, -2.354060955339002614 ) ) ;
#6136 = VERTEX_POINT ( 'NONE', #9109 ) ;
#6137 = CARTESIAN_POINT ( 'NONE',  ( 1.753222577959000050, 8.090000782891999975, -3.449999999580000143 ) ) ;
#6138 = CARTESIAN_POINT ( 'NONE',  ( 3.117875715553997562, 8.083783374075995454, -3.830186012887998981 ) ) ;
#6139 = CARTESIAN_POINT ( 'NONE',  ( 2.525032782289399869, 3.067608554122069897, -3.177806281049060377 ) ) ;
#6140 = EDGE_CURVE ( 'NONE', #1588, #1449, #1893, .T. ) ;
#6141 = CARTESIAN_POINT ( 'NONE',  ( 4.226935785669999390, 3.179059048038070046, -3.364189649299420104 ) ) ;
#6142 = CARTESIAN_POINT ( 'NONE',  ( 2.288527261007976321, 2.908618091802020800, -4.061615531294397563 ) ) ;
#6143 = CARTESIAN_POINT ( 'NONE',  ( 5.259123088873000285, 3.354011986011069979, -2.398664542019080415 ) ) ;
#6144 = DIRECTION ( 'NONE',  ( 0.000000000000000000, 1.000000000000000000, 0.000000000000000000 ) ) ;
#6145 = CARTESIAN_POINT ( 'NONE',  ( 6.131936623468700276, 2.884433004764070052, -3.348010818746059769 ) ) ;
#6146 = DIRECTION ( 'NONE',  ( -1.000000000000000000, 0.000000000000000000, 3.466042557132010222E-10 ) ) ;
#6147 = VERTEX_POINT ( 'NONE', #3523 ) ;
#6148 = EDGE_CURVE ( 'NONE', #9353, #8469, #2733, .T. ) ;
#6149 = DIRECTION ( 'NONE',  ( 0.000000000000000000, 0.000000000000000000, -1.000000000000000000 ) ) ;
#6150 = DIRECTION ( 'NONE',  ( -0.04902278088782903442, -0.000000000000000000, -0.9987976606670762036 ) ) ;
#6151 = ORIENTED_EDGE ( 'NONE', *, *, #9480, .T. ) ;
#6152 = LINE ( 'NONE', #3091, #6194 ) ;
#6153 = ORIENTED_EDGE ( 'NONE', *, *, #10230, .F. ) ;
#6154 = CARTESIAN_POINT ( 'NONE',  ( 0.9531860366510009897, 2.767919354422170297, -1.063504403453420011 ) ) ;
#6155 = CARTESIAN_POINT ( 'NONE',  ( 1.087484936053800144, 3.197308167302070014, -4.263716447671179743 ) ) ;
#6156 = EDGE_CURVE ( 'NONE', #4036, #5974, #8361, .T. ) ;
#6157 = ORIENTED_EDGE ( 'NONE', *, *, #1820, .F. ) ;
#6158 = ORIENTED_EDGE ( 'NONE', *, *, #5297, .T. ) ;
#6159 = CARTESIAN_POINT ( 'NONE',  ( 3.167956040214000346, 8.083844489706001113, -3.426814686082000794 ) ) ;
#6160 = DIRECTION ( 'NONE',  ( -1.000000000000000000, 0.000000000000000000, 0.000000000000000000 ) ) ;
#6161 = CARTESIAN_POINT ( 'NONE',  ( 4.226935785669999390, 3.179059048038070046, -3.364189649299420104 ) ) ;
#6162 = CARTESIAN_POINT ( 'NONE',  ( 3.993567186178282657, 8.261366855907407825, -3.799215124342691485 ) ) ;
#6163 = VERTEX_POINT ( 'NONE', #1990 ) ;
#6164 = CARTESIAN_POINT ( 'NONE',  ( 1.753222577959000272, 7.050001019499001487, -4.849999998660000422 ) ) ;
#6165 = CARTESIAN_POINT ( 'NONE',  ( 2.899999999739999890, 0.7000000014231999579, -5.400000000000000355 ) ) ;
#6166 = EDGE_LOOP ( 'NONE', ( #2244, #7145, #9365, #3424, #5800, #5146, #7702, #4825, #9542, #5336, #7070, #8670, #1510, #743, #2930, #5433, #8269, #4836, #32, #9704 ) ) ;
#6167 = ORIENTED_EDGE ( 'NONE', *, *, #5791, .T. ) ;
#6168 = CIRCLE ( 'NONE', #7669, 0.6999999999999994005 ) ;
#6169 = CARTESIAN_POINT ( 'NONE',  ( 2.098026588600399922, 3.256227525579070470, -2.557016532341159998 ) ) ;
#6170 = LINE ( 'NONE', #5272, #5043 ) ;
#6171 = DIRECTION ( 'NONE',  ( -1.000000000000000000, 1.284442636574000017E-13, 0.000000000000000000 ) ) ;
#6172 = VERTEX_POINT ( 'NONE', #2781 ) ;
#6173 = CARTESIAN_POINT ( 'NONE',  ( 5.253222577959999917, 5.000001019718999906, -3.449999999580000143 ) ) ;
#6174 = CARTESIAN_POINT ( 'NONE',  ( 6.542762322829998922, 8.278330006543999531, -3.624696513827999400 ) ) ;
#6175 = CARTESIAN_POINT ( 'NONE',  ( 4.916113958209119339, 3.138471425372491463, -4.308795395389700467 ) ) ;
#6176 = EDGE_LOOP ( 'NONE', ( #5353, #1311, #6551, #2627 ) ) ;
#6177 = EDGE_CURVE ( 'NONE', #3197, #9776, #1878, .T. ) ;
#6178 = EDGE_CURVE ( 'NONE', #10006, #9710, #541, .T. ) ;
#6179 = CARTESIAN_POINT ( 'NONE',  ( 4.453222577959010664, 2.767681913925589932, -1.260443083338310011 ) ) ;
#6180 = EDGE_CURVE ( 'NONE', #8435, #6163, #1207, .T. ) ;
#6181 = CARTESIAN_POINT ( 'NONE',  ( 4.100000000260000554, 4.700001019498999177, -6.299999999999999822 ) ) ;
#6182 = CARTESIAN_POINT ( 'NONE',  ( 3.959659171239999775, 8.189596576695002739, -3.556716944856999074 ) ) ;
#6183 = ORIENTED_EDGE ( 'NONE', *, *, #6097, .T. ) ;
#6184 = CARTESIAN_POINT ( 'NONE',  ( 4.953222577959998318, 7.249312674301001458, -2.233532673920181733 ) ) ;
#6185 = CARTESIAN_POINT ( 'NONE',  ( 3.167960888851998558, 8.083844485505997213, -3.473141778550998371 ) ) ;
#6186 = CARTESIAN_POINT ( 'NONE',  ( 4.981330689395838007, 3.341743398537950327, -2.487834211394013728 ) ) ;
#6187 = CARTESIAN_POINT ( 'NONE',  ( 5.103979130695900146, 3.002581162226070077, -4.321932656671859441 ) ) ;
#6188 = CARTESIAN_POINT ( 'NONE',  ( 2.391136100123213648, 2.897234425296220550, -3.954210505212765181 ) ) ;
#6189 = EDGE_CURVE ( 'NONE', #5463, #8526, #199, .T. ) ;
#6190 = CARTESIAN_POINT ( 'NONE',  ( 4.831815915964900121, 3.716044871700070029, -4.119054921429079918 ) ) ;
#6191 = LINE ( 'NONE', #9392, #8057 ) ;
#6192 = ADVANCED_FACE ( 'NONE', ( #2100 ), #4575, .F. ) ;
#6193 = CARTESIAN_POINT ( 'NONE',  ( 5.831786382687999648, 2.837173741779070113, -2.780818341389759585 ) ) ;
#6194 = VECTOR ( 'NONE', #2297, 1000.000000000000000 ) ;
#6195 = CARTESIAN_POINT ( 'NONE',  ( 2.779034896136000299, 3.368096099978070246, -3.358679708905750072 ) ) ;
#6196 = CARTESIAN_POINT ( 'NONE',  ( 1.186926340120399992, 2.701675535888069746, -2.868081558503760231 ) ) ;
#6197 = EDGE_LOOP ( 'NONE', ( #2525, #3793, #9227, #9860 ) ) ;
#6198 = CARTESIAN_POINT ( 'NONE',  ( 2.142730437526999880E-14, 1.019498654399000089E-06, -5.849999999899000436 ) ) ;
#6199 = CARTESIAN_POINT ( 'NONE',  ( 4.153222577958800343, 3.583840959371079826, -1.175680949433590028 ) ) ;
#6200 = DIRECTION ( 'NONE',  ( -0.9987976606670763147, 0.000000000000000000, 0.04902278088782890259 ) ) ;
#6201 = AXIS2_PLACEMENT_3D ( 'NONE', #9283, #5285, #5131 ) ;
#6202 = ORIENTED_EDGE ( 'NONE', *, *, #3694, .T. ) ;
#6203 = CARTESIAN_POINT ( 'NONE',  ( 0.6532225779590010717, 3.583840959477559984, -1.009946619863359984 ) ) ;
#6204 = ORIENTED_EDGE ( 'NONE', *, *, #9537, .T. ) ;
#6205 = DIRECTION ( 'NONE',  ( 0.000000000000000000, -1.239088197940548754E-15, 1.000000000000000000 ) ) ;
#6206 = EDGE_CURVE ( 'NONE', #6670, #7802, #6357, .T. ) ;
#6207 = CARTESIAN_POINT ( 'NONE',  ( 2.255678412898000307, 3.077252935787070154, -2.738750064148280039 ) ) ;
#6208 = ORIENTED_EDGE ( 'NONE', *, *, #6794, .F. ) ;
#6209 = VECTOR ( 'NONE', #2426, 1000.000000000000114 ) ;
#6210 = ORIENTED_EDGE ( 'NONE', *, *, #6842, .T. ) ;
#6211 = CARTESIAN_POINT ( 'NONE',  ( 2.348429446850000435, 8.192332061292999512, -2.297259033918000348 ) ) ;
#6212 = DIRECTION ( 'NONE',  ( -0.2873478846724100144, 0.000000000000000000, 0.9578262854893320188 ) ) ;
#6213 = CARTESIAN_POINT ( 'NONE',  ( 5.574007775465100067, 2.854523790208070455, -2.548109656976259796 ) ) ;
#6214 = APPLICATION_PROTOCOL_DEFINITION ( 'international standard', 'config_control_design', 1994, #9654 ) ;
#6215 = ORIENTED_EDGE ( 'NONE', *, *, #9903, .F. ) ;
#6216 = DIRECTION ( 'NONE',  ( 0.000000000000000000, 1.000000000000000000, 1.284980352575411910E-15 ) ) ;
#6217 = CARTESIAN_POINT ( 'NONE',  ( 5.699999999160000108, 0.7000000014232999890, -0.3499999999999999778 ) ) ;
#6218 = ORIENTED_EDGE ( 'NONE', *, *, #3679, .T. ) ;
#6219 = ORIENTED_EDGE ( 'NONE', *, *, #1504, .T. ) ;
#6220 = CARTESIAN_POINT ( 'NONE',  ( 0.9963815218923010031, 3.090820105132070061, -4.036089537339960565 ) ) ;
#6221 = CARTESIAN_POINT ( 'NONE',  ( -0.4999999982212000038, 3.800001019718999729, -1.599999998520000188 ) ) ;
#6222 = LINE ( 'NONE', #7843, #5863 ) ;
#6223 = ORIENTED_EDGE ( 'NONE', *, *, #4057, .T. ) ;
#6224 = VECTOR ( 'NONE', #2470, 1000.000000000000000 ) ;
#6225 = DIRECTION ( 'NONE',  ( 0.000000000000000000, -1.000000000000000000, 0.000000000000000000 ) ) ;
#6226 = CARTESIAN_POINT ( 'NONE',  ( 5.339226791590005128, 8.276644665594998784, -4.751450610153998610 ) ) ;
#6227 = CARTESIAN_POINT ( 'NONE',  ( 4.100000000260000554, 4.700001019498999177, -6.299999999999999822 ) ) ;
#6228 = EDGE_CURVE ( 'NONE', #2742, #1474, #1855, .T. ) ;
#6229 = CARTESIAN_POINT ( 'NONE',  ( 5.429912375592000018, 3.511077277583069645, -4.409074916699180058 ) ) ;
#6230 = ORIENTED_EDGE ( 'NONE', *, *, #8310, .F. ) ;
#6231 = CARTESIAN_POINT ( 'NONE',  ( 4.953222577959998318, 7.175924997443617670, -4.743178602639829045 ) ) ;
#6232 = FACE_OUTER_BOUND ( 'NONE', #2263, .T. ) ;
#6233 = CARTESIAN_POINT ( 'NONE',  ( 1.049202280400877152, 3.341743398537948107, -2.815456621629107037 ) ) ;
#6234 = CARTESIAN_POINT ( 'NONE',  ( 5.341820012000004780, 8.118232110334004048, -2.110851523518002093 ) ) ;
#6235 = VERTEX_POINT ( 'NONE', #6051 ) ;
#6236 = CARTESIAN_POINT ( 'NONE',  ( 5.775246349569803428, 3.044389399577880351, -2.693553038238261532 ) ) ;
#6237 = CARTESIAN_POINT ( 'NONE',  ( 2.226408358281000144, 8.082642308526994057, -4.787411678995003861 ) ) ;
#6238 = DIRECTION ( 'NONE',  ( 0.000000000000000000, 1.000000000000000000, 0.000000000000000000 ) ) ;
#6239 = CIRCLE ( 'NONE', #5729, 1.350000000000000089 ) ;
#6240 = AXIS2_PLACEMENT_3D ( 'NONE', #857, #4964, #3967 ) ;
#6242 = EDGE_CURVE ( 'NONE', #2982, #7590, #5423, .T. ) ;
#6241 = CARTESIAN_POINT ( 'NONE',  ( 4.371685637790999834, 3.097099688196070399, -3.376292538548929745 ) ) ;
#6243 = CARTESIAN_POINT ( 'NONE',  ( 1.613432201886853656, 3.285841743175152541, -4.249999998694393710 ) ) ;
#6244 = EDGE_CURVE ( 'NONE', #6136, #3461, #5848, .T. ) ;
#6245 = CARTESIAN_POINT ( 'NONE',  ( 4.800000000839999892, 0.7000000014231999579, -4.000000000000000000 ) ) ;
#6246 = LINE ( 'NONE', #4610, #6545 ) ;
#6247 = CARTESIAN_POINT ( 'NONE',  ( 5.246743852880819681, 2.633208986486069936, -4.388174138367060273 ) ) ;
#6248 = VECTOR ( 'NONE', #978, 1000.000000000000000 ) ;
#6249 = CARTESIAN_POINT ( 'NONE',  ( 0.000000000000000000, 8.500001019718999018, -1.749043746659000087 ) ) ;
#6250 = CARTESIAN_POINT ( 'NONE',  ( 0.8822597173885009525, 2.760005264238070133, -3.052843808973359607 ) ) ;
#6251 = ORIENTED_EDGE ( 'NONE', *, *, #6097, .F. ) ;
#6252 = CARTESIAN_POINT ( 'NONE',  ( 1.615771398931999947, 3.090656841899069640, -4.302502237990079692 ) ) ;
#6253 = CARTESIAN_POINT ( 'NONE',  ( 0.9915792973272884447, 2.670001019719071333, -3.928171374249499692 ) ) ;
#6254 = ADVANCED_FACE ( 'NONE', ( #523 ), #3632, .T. ) ;
#6255 = VECTOR ( 'NONE', #3364, 1000.000000000000000 ) ;
#6256 = CARTESIAN_POINT ( 'NONE',  ( 2.035539025900000354, 3.059275078270069947, -4.266080869092879979 ) ) ;
#6257 = CIRCLE ( 'NONE', #8767, 0.4000000000000004663 ) ;
#6258 = ORIENTED_EDGE ( 'NONE', *, *, #1640, .T. ) ;
#6259 = LINE ( 'NONE', #9349, #977 ) ;
#6260 = ORIENTED_EDGE ( 'NONE', *, *, #1631, .F. ) ;
#6261 = CARTESIAN_POINT ( 'NONE',  ( 0.5000000000000000000, 0.7000000014231999579, -6.299999999999999822 ) ) ;
#6262 = CARTESIAN_POINT ( 'NONE',  ( 0.9928743008280019877, 3.355254958690069955, -3.765027205940080002 ) ) ;
#6263 = VECTOR ( 'NONE', #10078, 1000.000000000000000 ) ;
#6264 = VERTEX_POINT ( 'NONE', #9995 ) ;
#6265 = ORIENTED_EDGE ( 'NONE', *, *, #4001, .F. ) ;
#6266 = DIRECTION ( 'NONE',  ( 0.000000000000000000, -6.420450109068106765E-10, -1.000000000000000000 ) ) ;
#6267 = DIRECTION ( 'NONE',  ( -1.000000000000000000, 0.000000000000000000, 0.000000000000000000 ) ) ;
#6268 = EDGE_CURVE ( 'NONE', #3965, #139, #1037, .T. ) ;
#6269 = CARTESIAN_POINT ( 'NONE',  ( 5.693325827109700477, 2.914342219320069649, -4.132370595680260550 ) ) ;
#6270 = DIRECTION ( 'NONE',  ( 1.000000000000000000, 0.000000000000000000, 0.000000000000000000 ) ) ;
#6271 = ORIENTED_EDGE ( 'NONE', *, *, #8487, .F. ) ;
#6272 = CARTESIAN_POINT ( 'NONE',  ( 5.253223012018873206, 2.954554108147587232, -4.249999998694242720 ) ) ;
#6273 = AXIS2_PLACEMENT_3D ( 'NONE', #3441, #6498, #2491 ) ;
#6274 = CARTESIAN_POINT ( 'NONE',  ( 2.253170890897714163, 2.370001019719070179, -3.457189184373805180 ) ) ;
#6275 = ORIENTED_EDGE ( 'NONE', *, *, #7977, .T. ) ;
#6276 = EDGE_LOOP ( 'NONE', ( #9232, #4078, #1345, #3152 ) ) ;
#6277 = CARTESIAN_POINT ( 'NONE',  ( 2.676056090662899845, 3.344466468485069566, -2.992828825086159661 ) ) ;
#6278 = CARTESIAN_POINT ( 'NONE',  ( 4.367877196565170372, 2.792678991829339985, -3.769607380511398542 ) ) ;
#6279 = CARTESIAN_POINT ( 'NONE',  ( 0.9485316800884129318, 2.755449147920079778, -3.976129173565929875 ) ) ;
#6280 = ORIENTED_EDGE ( 'NONE', *, *, #8016, .F. ) ;
#6281 = DIRECTION ( 'NONE',  ( 0.000000000000000000, 0.1523172032599539316, 0.9883316597130064052 ) ) ;
#6282 = CARTESIAN_POINT ( 'NONE',  ( 6.545997392290000327, 8.278338939219997528, -3.342849129551002108 ) ) ;
#6283 = CARTESIAN_POINT ( 'NONE',  ( 5.146751641403850996, 3.308045780764028887, -2.500921811405682149 ) ) ;
#6284 = CARTESIAN_POINT ( 'NONE',  ( 4.358556529715100325, 3.186815718246070350, -3.360676784705729947 ) ) ;
#6285 = ORIENTED_EDGE ( 'NONE', *, *, #8362, .T. ) ;
#6286 = DIRECTION ( 'NONE',  ( -0.9999896089026369950, 0.000000000000000000, 0.004558737407557012650 ) ) ;
#6287 = DIRECTION ( 'NONE',  ( 0.9999790310276359673, 0.000000000000000000, 0.006475917311892406304 ) ) ;
#6288 = CARTESIAN_POINT ( 'NONE',  ( 0.3000000002593999349, 0.7000000014231999579, 0.000000000000000000 ) ) ;
#6289 = CARTESIAN_POINT ( 'NONE',  ( 4.985357157320003729, 8.191098336864996554, -2.178433013995001666 ) ) ;
#6290 = ORIENTED_EDGE ( 'NONE', *, *, #10195, .F. ) ;
#6291 = EDGE_CURVE ( 'NONE', #2414, #4046, #1350, .T. ) ;
#6292 = CARTESIAN_POINT ( 'NONE',  ( 6.165488255106880366, 2.687308942385770116, -3.880792388784779945 ) ) ;
#6293 = CARTESIAN_POINT ( 'NONE',  ( 0.3821378078846000559, 8.080186182428999331, -3.830252541003000832 ) ) ;
#6294 = CARTESIAN_POINT ( 'NONE',  ( 2.091300614407300085, 2.684431716221070019, -4.353652700471060122 ) ) ;
#6295 = CARTESIAN_POINT ( 'NONE',  ( 6.099299166489899449, 2.901783053193069950, -3.002268228768260272 ) ) ;
#6296 = CARTESIAN_POINT ( 'NONE',  ( 2.553222577959600059, 2.713752781398320213, -1.459820166552729948 ) ) ;
#6297 = CARTESIAN_POINT ( 'NONE',  ( 6.115502534770000054, 3.156349130765069955, -3.704786819869080094 ) ) ;
#6298 = CARTESIAN_POINT ( 'NONE',  ( 2.500317618182969603, 2.837141363102229974, -3.116256450902429975 ) ) ;
#6299 = CARTESIAN_POINT ( 'NONE',  ( 5.317764429413969651, 2.545631157653069909, -4.241544293378059827 ) ) ;
#6300 = CARTESIAN_POINT ( 'NONE',  ( 2.634351964937100110, 3.286136740136069712, -3.371559732834539691 ) ) ;
#6301 = CARTESIAN_POINT ( 'NONE',  ( 1.354044812153500033, 2.583527378426070165, -4.157091965565160585 ) ) ;
#6302 = ORIENTED_EDGE ( 'NONE', *, *, #812, .F. ) ;
#6303 = DIRECTION ( 'NONE',  ( 2.302684791815000149E-14, 0.000000000000000000, 1.000000000000000000 ) ) ;
#6304 = CARTESIAN_POINT ( 'NONE',  ( 2.853222577958900441, 4.200000002145519495, -1.664155840000459907 ) ) ;
#6305 = CARTESIAN_POINT ( 'NONE',  ( 0.6000000002595998749, 0.7000000014231999579, -5.400000000000000355 ) ) ;
#6306 = CARTESIAN_POINT ( 'NONE',  ( 0.000000000000000000, 4.700001019498999177, -6.249999999998999911 ) ) ;
#6307 = CARTESIAN_POINT ( 'NONE',  ( 4.800000000839999892, 0.7000000014231999579, -4.000000000000000000 ) ) ;
#6308 = VERTEX_POINT ( 'NONE', #6001 ) ;
#6309 = FACE_OUTER_BOUND ( 'NONE', #2700, .T. ) ;
#6310 = FACE_BOUND ( 'NONE', #9806, .T. ) ;
#6311 = ADVANCED_FACE ( 'NONE', ( #4465, #6894 ), #10094, .F. ) ;
#6312 = EDGE_CURVE ( 'NONE', #3105, #3965, #6948, .T. ) ;
#6313 = ORIENTED_EDGE ( 'NONE', *, *, #2703, .T. ) ;
#6314 = ORIENTED_EDGE ( 'NONE', *, *, #9903, .T. ) ;
#6315 = CARTESIAN_POINT ( 'NONE',  ( 2.015693527399001095, 8.276895992962002069, -2.172838722526000854 ) ) ;
#6316 = CARTESIAN_POINT ( 'NONE',  ( 1.312586268962799840, 8.262570640471952998, -2.221486488551030369 ) ) ;
#6317 = CARTESIAN_POINT ( 'NONE',  ( 5.329310230243280877, 2.627590517496070088, -4.383142536504459841 ) ) ;
#6318 = DIRECTION ( 'NONE',  ( 0.000000000000000000, 1.000000000000000000, 0.000000000000000000 ) ) ;
#6319 = ORIENTED_EDGE ( 'NONE', *, *, #1052, .F. ) ;
#6320 = DIRECTION ( 'NONE',  ( 1.000000000000000000, 0.000000000000000000, 0.000000000000000000 ) ) ;
#6321 = CARTESIAN_POINT ( 'NONE',  ( 1.268091085562699893, 3.067085703061990021, -4.249041503592799529 ) ) ;
#6322 = EDGE_LOOP ( 'NONE', ( #2460, #1857, #8027, #9931, #6957, #2945, #7562, #9912, #3989 ) ) ;
#6323 = CARTESIAN_POINT ( 'NONE',  ( 0.8822597173885009525, 2.760005264238070133, -3.052843808973359607 ) ) ;
#6324 = EDGE_CURVE ( 'NONE', #9971, #7672, #4743, .T. ) ;
#6325 = CARTESIAN_POINT ( 'NONE',  ( 4.953222577960029405, 7.050001019498999710, -2.133755340585529847 ) ) ;
#6326 = DIRECTION ( 'NONE',  ( 0.000000000000000000, 1.070816960479510155E-15, -1.000000000000000000 ) ) ;
#6327 = ORIENTED_EDGE ( 'NONE', *, *, #8753, .T. ) ;
#6328 = CARTESIAN_POINT ( 'NONE',  ( 5.753170890897714607, 2.370001019719070179, -3.457189184373804736 ) ) ;
#6329 = LINE ( 'NONE', #4007, #8748 ) ;
#6330 = CARTESIAN_POINT ( 'NONE',  ( 6.653222577959999384, 2.121596968917629944, -5.275876460555529945 ) ) ;
#6331 = CARTESIAN_POINT ( 'NONE',  ( 5.755317438676000208, 3.396568144534069855, -2.526342633145679972 ) ) ;
#6332 = VECTOR ( 'NONE', #9507, 1000.000000000000227 ) ;
#6333 = ORIENTED_EDGE ( 'NONE', *, *, #6794, .T. ) ;
#6334 = CARTESIAN_POINT ( 'NONE',  ( 2.208991895024912111, 3.084239052233087808, -2.736954966409438583 ) ) ;
#6335 = EDGE_CURVE ( 'NONE', #3830, #677, #5473, .T. ) ;
#6336 = CARTESIAN_POINT ( 'NONE',  ( 5.882041032674230507, 2.962395426598828596, -2.774835921212979173 ) ) ;
#6337 = CARTESIAN_POINT ( 'NONE',  ( 4.631685245060001677, 8.117236933880001004, -2.258600031734000257 ) ) ;
#6338 = VERTEX_POINT ( 'NONE', #3892 ) ;
#6339 = LINE ( 'NONE', #8810, #7739 ) ;
#6340 = CARTESIAN_POINT ( 'NONE',  ( 0.8624381943256996808, 8.190186318729994142, -4.398236682564998112 ) ) ;
#6341 = CARTESIAN_POINT ( 'NONE',  ( 2.640600836176700383, 2.586569799408069414, -3.151561910272359768 ) ) ;
#6342 = CARTESIAN_POINT ( 'NONE',  ( 6.204079787497099652, 2.925412684685070097, -3.339637421079659774 ) ) ;
#6343 = CARTESIAN_POINT ( 'NONE',  ( 5.280315790019843192, 3.201462709420837882, -2.570623296125151391 ) ) ;
#6344 = CARTESIAN_POINT ( 'NONE',  ( 1.753222577960000139, 2.370001019719070179, -3.449999998694359693 ) ) ;
#6345 = CARTESIAN_POINT ( 'NONE',  ( 2.136489325474000278, 3.119982468754070037, -4.348518965547079951 ) ) ;
#6346 = CARTESIAN_POINT ( 'NONE',  ( 5.247726956803030696, 2.551249626644069846, -4.245812382749360125 ) ) ;
#6347 = CARTESIAN_POINT ( 'NONE',  ( 2.545897527287600326, 3.262507108643070364, -3.057309300008559827 ) ) ;
#6348 = CARTESIAN_POINT ( 'NONE',  ( 0.7250071156400009764, 2.777355312667070031, -3.391682796559720270 ) ) ;
#6349 = DIRECTION ( 'NONE',  ( 0.000000000000000000, 0.000000000000000000, 1.000000000000000000 ) ) ;
#6350 = VERTEX_POINT ( 'NONE', #4043 ) ;
#6351 = CARTESIAN_POINT ( 'NONE',  ( 4.453222577959000006, 1.845643536008249930, -4.466570813945359042 ) ) ;
#6352 = CARTESIAN_POINT ( 'NONE',  ( 2.412932886274000044, 2.899049950372070139, -2.980979748979580179 ) ) ;
#6353 = CARTESIAN_POINT ( 'NONE',  ( 1.324738561781369395, 3.098175328139909368, -4.353481558307039201 ) ) ;
#6354 = CARTESIAN_POINT ( 'NONE',  ( 0.9532225779590010051, 2.121596968917629944, -5.275876460555529945 ) ) ;
#6355 = ORIENTED_EDGE ( 'NONE', *, *, #2131, .T. ) ;
#6356 = FACE_OUTER_BOUND ( 'NONE', #9987, .T. ) ;
#6357 = B_SPLINE_CURVE_WITH_KNOTS ( 'NONE', 3,
 ( #5262, #5363, #7783, #1304, #3787, #10199 ),
 .UNSPECIFIED., .F., .F.,
 ( 4, 2, 4 ),
 ( -0.0008646709672838653101, -0.0004323354836419326551, 0.000000000000000000 ),
 .UNSPECIFIED. ) ;
#6358 = CARTESIAN_POINT ( 'NONE',  ( 1.595033653262999840, 3.292573431206069934, -4.257680572459180190 ) ) ;
#6359 = EDGE_LOOP ( 'NONE', ( #2984, #7715 ) ) ;
#6360 = ORIENTED_EDGE ( 'NONE', *, *, #6244, .T. ) ;
#6361 = AXIS2_PLACEMENT_3D ( 'NONE', #4358, #9834, #7624 ) ;
#6362 = CARTESIAN_POINT ( 'NONE',  ( 3.047191896924998478, 8.193304241225002116, -3.428794867616999920 ) ) ;
#6363 = CARTESIAN_POINT ( 'NONE',  ( 6.499999999250099414, 0.7000000014231999579, -6.299999999999999822 ) ) ;
#6364 = CARTESIAN_POINT ( 'NONE',  ( 5.367072328310800167, 2.625001699805070032, -4.378526857553459273 ) ) ;
#6365 = EDGE_CURVE ( 'NONE', #8305, #9538, #3146, .T. ) ;
#6366 = COORDINATED_UNIVERSAL_TIME_OFFSET ( 0, 0, .AHEAD. ) ;
#6367 = ORIENTED_EDGE ( 'NONE', *, *, #5600, .F. ) ;
#6368 = ADVANCED_FACE ( 'NONE', ( #680, #46 ), #10313, .T. ) ;
#6369 = CARTESIAN_POINT ( 'NONE',  ( 2.597586773762620815, 2.670001019719071778, -3.526400157682108016 ) ) ;
#6370 = CARTESIAN_POINT ( 'NONE',  ( 7.000000000000000000, 8.500001019718999018, -2.149999998344000129 ) ) ;
#6371 = VERTEX_POINT ( 'NONE', #3047 ) ;
#6372 = CIRCLE ( 'NONE', #7041, 0.9500000000000002887 ) ;
#6373 = CARTESIAN_POINT ( 'NONE',  ( 1.136274372248500031, 2.742655215809069791, -2.816032273752960169 ) ) ;
#6374 = CARTESIAN_POINT ( 'NONE',  ( 2.571914215450600061, 3.365012485787069796, -3.904189745908059894 ) ) ;
#6375 = PLANE ( 'NONE',  #319 ) ;
#6376 = ORIENTED_EDGE ( 'NONE', *, *, #3164, .F. ) ;
#6377 = CARTESIAN_POINT ( 'NONE',  ( 0.6032466922782189211, 7.270001019719069646, -3.457447303603035760 ) ) ;
#6378 = B_SPLINE_CURVE_WITH_KNOTS ( 'NONE', 3,
 ( #1641, #6603, #806, #8174, #5605, #9807, #7289, #7965, #757, #1753 ),
 .UNSPECIFIED., .F., .F.,
 ( 4, 2, 2, 2, 4 ),
 ( 8.553523741428393342E-18, 0.0002517588641814564676, 0.0005035177283629043701, 0.0007552765925443522725, 0.001007035456725800067 ),
 .UNSPECIFIED. ) ;
#6379 = DIRECTION ( 'NONE',  ( 1.000000000000000000, 0.000000000000000000, 0.000000000000000000 ) ) ;
#6380 = AXIS2_PLACEMENT_3D ( 'NONE', #3025, #8706, #1498 ) ;
#6381 = LINE ( 'NONE', #7015, #892 ) ;
#6382 = EDGE_CURVE ( 'NONE', #8347, #2880, #4207, .T. ) ;
#6383 = CARTESIAN_POINT ( 'NONE',  ( 5.646289636068000384, 3.269984087553070129, -2.726910973808979843 ) ) ;
#6384 = ORIENTED_EDGE ( 'NONE', *, *, #2892, .F. ) ;
#6385 = DIRECTION ( 'NONE',  ( 3.219646771413000037E-14, 1.000000000000000000, 0.000000000000000000 ) ) ;
#6386 = AXIS2_PLACEMENT_3D ( 'NONE', #3911, #8952, #895 ) ;
#6387 = DIRECTION ( 'NONE',  ( 0.000000000000000000, -1.000000000000000000, 0.000000000000000000 ) ) ;
#6388 = B_SPLINE_SURFACE_WITH_KNOTS ( 'NONE', 3, 3, ( 
 ( #6461, #9665, #2451, #5818 ),
 ( #9080, #8231, #1764, #1867 ),
 ( #6662, #186, #3298, #1025 ),
 ( #2654, #4291, #9866, #874 ),
 ( #9765, #7351, #4875, #5714 ),
 ( #4239, #7452, #6560, #8984 ),
 ( #2608, #4136, #3347, #4182 ),
 ( #2557, #4086, #5770, #5868 ),
 ( #2501, #3401, #4976, #8185 ),
 ( #973, #1713, #5081, #8288 ),
 ( #1078, #33, #9711, #924 ),
 ( #3247, #8083, #8873, #1655 ),
 ( #7302, #83, #6508, #8929 ),
 ( #4931, #6617, #2808, #10020 ),
 ( #2709, #6926, #10068, #5185 ),
 ( #3710, #7657, #9920, #442 ),
 ( #2128, #9187, #4491, #7706 ),
 ( #6085, #6710, #495, #10128 ),
 ( #6771, #4446, #1181, #1970 ),
 ( #2918, #2078, #4397, #6139 ),
 ( #5339, #3659, #6029, #9235 ),
 ( #5926, #8391, #289, #3498 ),
 ( #7500, #9974, #2021, #8541 ),
 ( #9138, #9335, #1922, #7609 ),
 ( #2760, #397, #5136, #5240 ),
 ( #2861, #3610, #1335, #5290 ),
 ( #8338, #6820, #1128, #6869 ),
 ( #8493, #4342, #7550, #340 ),
 ( #3558, #8443, #1237, #9287 ),
 ( #5977, #1282, #3122, #9545 ),
 ( #3076, #6294, #3919, #8652 ),
 ( #2394, #5607, #8758, #3766 ),
 ( #7079, #8812, #1441, #7914 ),
 ( #4709, #7759, #7027, #5391 ),
 ( #8601, #6978, #7810, #656 ),
 ( #4545, #6341, #10176, #10287 ),
 ( #7967, #9494, #712, #1391 ) ),
 .UNSPECIFIED., .F., .F., .F.,
 ( 4, 1, 1, 1, 1, 1, 1, 1, 1, 1, 1, 1, 1, 1, 1, 1, 1, 1, 1, 1, 1, 1, 1, 1, 1, 1, 1, 1, 1, 1, 1, 1, 1, 1, 4 ),
 ( 4, 4 ),
 ( 0.000000000000000000, 0.009058576818670959624, 0.02133363635064580016, 0.05324474099787949999, 0.08515584564512310162, 0.1170669502923269989, 0.1489780549395710030, 0.1808891595868140079, 0.2128002642340580119, 0.2447113688813020160, 0.2766224735284469882, 0.3085335781756909923, 0.3404446828231310063, 0.3723557874702759785, 0.4042668921175189833, 0.4361779967647629874, 0.4680891014120069915, 0.5000002060592499964, 0.5319113107064940005, 0.5638224153536389727, 0.5957335200008829768, 0.6276446246481259816, 0.6595557292953699857, 0.6914668339426129906, 0.7233779385898571057, 0.7552890432370019669, 0.7872001478842459710, 0.8191112525314889758, 0.8510223571788309016, 0.8829334618260750167, 0.9148445664733180216, 0.9467556711205620257, 0.9786667757678050306, 0.9909414244388069504, 1.000000000000000000 ),
 ( 0.000000000000000000, 1.000000000000000000 ),
 .UNSPECIFIED. ) ;
#6389 = ORIENTED_EDGE ( 'NONE', *, *, #1111, .T. ) ;
#6390 = LINE ( 'NONE', #8971, #5723 ) ;
#6391 = CARTESIAN_POINT ( 'NONE',  ( 3.042762322829001498, 8.278330006544997843, -3.624696513827999844 ) ) ;
#6392 = CARTESIAN_POINT ( 'NONE',  ( 0.6000000002595998749, 0.7000000014231999579, -6.299999999999999822 ) ) ;
#6393 = CARTESIAN_POINT ( 'NONE',  ( 4.297518053730800425, 2.736375632746069986, -3.395795392789389577 ) ) ;
#6394 = CARTESIAN_POINT ( 'NONE',  ( 5.479974363342949850, 3.172836704116919204, -2.682807958149924676 ) ) ;
#6395 = EDGE_CURVE ( 'NONE', #6840, #8167, #7109, .T. ) ;
#6396 = VECTOR ( 'NONE', #3227, 1000.000000000000000 ) ;
#6397 = CARTESIAN_POINT ( 'NONE',  ( 4.519718677373747440, 2.684241278637828909, -3.084080389826843849 ) ) ;
#6398 = PLANE ( 'NONE',  #6561 ) ;
#6399 = CARTESIAN_POINT ( 'NONE',  ( 1.750458030433579948, 3.273577574008069924, -2.420135751630359877 ) ) ;
#6400 = CARTESIAN_POINT ( 'NONE',  ( 2.541930057671000220, 2.558790503104070080, -3.064386381186279706 ) ) ;
#6401 = VECTOR ( 'NONE', #1090, 1000.000000000000000 ) ;
#6402 = AXIS2_PLACEMENT_3D ( 'NONE', #9492, #5337, #10125 ) ;
#6403 = LINE ( 'NONE', #9555, #2391 ) ;
#6404 = EDGE_LOOP ( 'NONE', ( #1109, #7685, #9396, #1892, #10196, #4143, #5217, #7512, #8474, #10252, #4152 ) ) ;
#6405 = DIRECTION ( 'NONE',  ( 1.000000000000000000, 0.000000000000000000, 0.000000000000000000 ) ) ;
#6406 = CARTESIAN_POINT ( 'NONE',  ( 0.9254772429496419539, 2.670001019719070001, -3.385946027559548988 ) ) ;
#6407 = B_SPLINE_CURVE_WITH_KNOTS ( 'NONE', 3,
 ( #1006, #6011, #2639, #5849, #5007, #9900 ),
 .UNSPECIFIED., .F., .F.,
 ( 4, 2, 4 ),
 ( 1.497298509278716473E-17, 0.0001586537901964174416, 0.0003173075803928199212 ),
 .UNSPECIFIED. ) ;
#6408 = DIRECTION ( 'NONE',  ( 1.000000000000000000, 0.000000000000000000, 0.000000000000000000 ) ) ;
#6409 = DIRECTION ( 'NONE',  ( 1.000000000000000000, 0.000000000000000000, 0.000000000000000000 ) ) ;
#6410 = AXIS2_PLACEMENT_3D ( 'NONE', #1293, #7822, #6882 ) ;
#6411 = EDGE_LOOP ( 'NONE', ( #9588, #9521, #4376, #2727 ) ) ;
#6412 = CIRCLE ( 'NONE', #7413, 0.4000000000000001887 ) ;
#6413 = CARTESIAN_POINT ( 'NONE',  ( 6.653222577958999295, 4.400000001423070017, -1.649999999997080025 ) ) ;
#6414 = CARTESIAN_POINT ( 'NONE',  ( 4.474149798044829041, 2.868748615965329485, -3.659727406414864159 ) ) ;
#6415 = VERTEX_POINT ( 'NONE', #9677 ) ;
#6416 = ORIENTED_EDGE ( 'NONE', *, *, #1234, .T. ) ;
#6417 = EDGE_CURVE ( 'NONE', #2117, #4381, #8240, .T. ) ;
#6418 = CIRCLE ( 'NONE', #5238, 0.3499999999999999778 ) ;
#6419 = AXIS2_PLACEMENT_3D ( 'NONE', #9565, #3254, #1661 ) ;
#6420 = CARTESIAN_POINT ( 'NONE',  ( 1.197462910853312135, 3.274019550262191380, -2.703327482430896378 ) ) ;
#6421 = DIRECTION ( 'NONE',  ( -1.000000000000000000, 0.000000000000000000, 0.000000000000000000 ) ) ;
#6422 = CARTESIAN_POINT ( 'NONE',  ( 5.928932838089193247, 3.136177264067999459, -2.987330880260957056 ) ) ;
#6423 = EDGE_LOOP ( 'NONE', ( #2691, #8991, #8976 ) ) ;
#6424 = CARTESIAN_POINT ( 'NONE',  ( 1.753222577964000051, 2.250294765869069735, -1.549999999994079891 ) ) ;
#6425 = CARTESIAN_POINT ( 'NONE',  ( 4.522028037379169696, 2.760228371544370063, -3.112853762549480319 ) ) ;
#6426 = ORIENTED_EDGE ( 'NONE', *, *, #6644, .F. ) ;
#6427 = AXIS2_PLACEMENT_3D ( 'NONE', #7978, #4975, #1558 ) ;
#6428 = VECTOR ( 'NONE', #3064, 1000.000000000000114 ) ;
#6429 = CARTESIAN_POINT ( 'NONE',  ( 1.186926340120399992, 2.701675535888069746, -2.868081558503760231 ) ) ;
#6430 = CARTESIAN_POINT ( 'NONE',  ( 2.349485913072999921, 3.238877477151070217, -2.796539684489660171 ) ) ;
#6431 = DIRECTION ( 'NONE',  ( 0.000000000000000000, 0.000000000000000000, 1.000000000000000000 ) ) ;
#6432 = ORIENTED_EDGE ( 'NONE', *, *, #9325, .T. ) ;
#6433 = CARTESIAN_POINT ( 'NONE',  ( 4.153222577959000184, 4.200000002145519495, -1.664155840000459907 ) ) ;
#6434 = VECTOR ( 'NONE', #3449, 1000.000000000000000 ) ;
#6435 = CARTESIAN_POINT ( 'NONE',  ( 1.753222577964000051, 2.250294765869069735, -1.549999999994079891 ) ) ;
#6436 = CARTESIAN_POINT ( 'NONE',  ( 6.042491849558000006, 2.956568067187069992, -3.683213593963480470 ) ) ;
#6437 = LINE ( 'NONE', #2431, #9023 ) ;
#6438 = EDGE_CURVE ( 'NONE', #9156, #3197, #6932, .T. ) ;
#6439 = ORIENTED_EDGE ( 'NONE', *, *, #1475, .F. ) ;
#6440 = LINE ( 'NONE', #4116, #6531 ) ;
#6441 = VECTOR ( 'NONE', #4282, 1000.000000000000000 ) ;
#6442 = CARTESIAN_POINT ( 'NONE',  ( 3.049998633570818907, 8.265022857405968537, -3.391837925384618480 ) ) ;
#6443 = DIRECTION ( 'NONE',  ( 0.000000000000000000, -1.239088197940548754E-15, 1.000000000000000000 ) ) ;
#6444 = EDGE_CURVE ( 'NONE', #4436, #139, #3100, .T. ) ;
#6445 = EDGE_LOOP ( 'NONE', ( #4229, #9213, #7232, #10047, #5743 ) ) ;
#6446 = EDGE_CURVE ( 'NONE', #666, #8154, #737, .T. ) ;
#6447 = LINE ( 'NONE', #9651, #2372 ) ;
#6448 = CARTESIAN_POINT ( 'NONE',  ( 2.860871589729998998, 8.193048614573001487, -4.122963629360000937 ) ) ;
#6449 = DIRECTION ( 'NONE',  ( 0.000000000000000000, 1.000000000000000000, 1.162443566441900040E-15 ) ) ;
#6450 = CARTESIAN_POINT ( 'NONE',  ( 4.936556906857899385, 2.725305167381070426, -2.702307980264760268 ) ) ;
#6451 = DIRECTION ( 'NONE',  ( 0.000000000000000000, 1.000000000000000000, 0.000000000000000000 ) ) ;
#6452 = VECTOR ( 'NONE', #4467, 1000.000000000000000 ) ;
#6453 = VERTEX_POINT ( 'NONE', #7160 ) ;
#6454 = CARTESIAN_POINT ( 'NONE',  ( 6.653222577959999384, 4.583364638219899589, -1.549999999994079891 ) ) ;
#6455 = CARTESIAN_POINT ( 'NONE',  ( 4.545489893229999190, 3.218477115689069912, -2.690637985068160098 ) ) ;
#6456 = CARTESIAN_POINT ( 'NONE',  ( 2.232690552048099963, 2.955321899241070138, -4.193404752797559532 ) ) ;
#6457 = EDGE_CURVE ( 'NONE', #6726, #7064, #3232, .T. ) ;
#6458 = CARTESIAN_POINT ( 'NONE',  ( 6.499999999250099414, 0.7000000014231949619, -1.549999999994079891 ) ) ;
#6459 = LINE ( 'NONE', #6506, #7929 ) ;
#6460 = ORIENTED_EDGE ( 'NONE', *, *, #4378, .F. ) ;
#6461 = CARTESIAN_POINT ( 'NONE',  ( 2.612680646618000146, 3.401077617104069972, -3.973704748089360361 ) ) ;
#6462 = CARTESIAN_POINT ( 'NONE',  ( 1.753222577960000139, 6.070001019719070356, -3.449999998694359693 ) ) ;
#6463 = CARTESIAN_POINT ( 'NONE',  ( 2.708021015091000017, 3.009629446936070263, -3.251483165827580457 ) ) ;
#6464 = DIRECTION ( 'NONE',  ( 0.000000000000000000, -3.104417963184999704E-13, -1.000000000000000000 ) ) ;
#6465 = VERTEX_POINT ( 'NONE', #2360 ) ;
#6466 = DIRECTION ( 'NONE',  ( 1.000000000000000000, 0.000000000000000000, 0.000000000000000000 ) ) ;
#6467 = CARTESIAN_POINT ( 'NONE',  ( 6.134029751305899225, 3.405992165708069841, -3.938649899445959335 ) ) ;
#6468 = EDGE_CURVE ( 'NONE', #2357, #10263, #3711, .T. ) ;
#6469 = ORIENTED_EDGE ( 'NONE', *, *, #4826, .F. ) ;
#6470 = ORIENTED_EDGE ( 'NONE', *, *, #2841, .F. ) ;
#6471 = CARTESIAN_POINT ( 'NONE',  ( 1.312421996417000525, 8.275886553913002430, -2.221072685694998938 ) ) ;
#6472 = DIRECTION ( 'NONE',  ( 0.000000000000000000, -0.1086719355950529764, 0.9940776682000378450 ) ) ;
#6473 = DIRECTION ( 'NONE',  ( 1.000000000000000000, 0.000000000000000000, 0.000000000000000000 ) ) ;
#6474 = ORIENTED_EDGE ( 'NONE', *, *, #5795, .T. ) ;
#6475 = CARTESIAN_POINT ( 'NONE',  ( 6.653222577959999384, 2.378362817929559725, -1.009946619089389985 ) ) ;
#6476 = PLANE ( 'NONE',  #3670 ) ;
#6477 = VERTEX_POINT ( 'NONE', #4791 ) ;
#6478 = EDGE_CURVE ( 'NONE', #6493, #9313, #10, .T. ) ;
#6479 = CARTESIAN_POINT ( 'NONE',  ( 6.185505327419999588, 2.681607211428069792, -3.235605352240079835 ) ) ;
#6480 = CARTESIAN_POINT ( 'NONE',  ( 2.311420001925099665, 3.037281259083069784, -4.315473067032260523 ) ) ;
#6481 = CARTESIAN_POINT ( 'NONE',  ( 5.253222577959999917, 0.6000000014230709722, -3.449999999994080024 ) ) ;
#6482 = FACE_OUTER_BOUND ( 'NONE', #6609, .T. ) ;
#6483 = ORIENTED_EDGE ( 'NONE', *, *, #1155, .F. ) ;
#6484 = CARTESIAN_POINT ( 'NONE',  ( 5.253222577959999917, 7.270001019719069646, -3.449999998694359693 ) ) ;
#6485 = CARTESIAN_POINT ( 'NONE',  ( 5.053222577960383433, -3.199999998576727567, -3.449999999993616395 ) ) ;
#6486 = LINE ( 'NONE', #8113, #3913 ) ;
#6487 = DIRECTION ( 'NONE',  ( 0.000000000000000000, 1.000000000000000000, 0.000000000000000000 ) ) ;
#6488 = EDGE_CURVE ( 'NONE', #2013, #7637, #2417, .T. ) ;
#6489 = ORIENTED_EDGE ( 'NONE', *, *, #6572, .T. ) ;
#6490 = CARTESIAN_POINT ( 'NONE',  ( 2.592233917159910028, 2.695895453369320016, -3.994013685900920319 ) ) ;
#6491 = CARTESIAN_POINT ( 'NONE',  ( 2.641187980040428762, 8.264458748803816590, -2.497972510776817590 ) ) ;
#6492 = LINE ( 'NONE', #804, #3844 ) ;
#6493 = VERTEX_POINT ( 'NONE', #4839 ) ;
#6494 = CARTESIAN_POINT ( 'NONE',  ( 6.653222577958409545, 4.400000001423070017, -1.949994380492370061 ) ) ;
#6495 = CARTESIAN_POINT ( 'NONE',  ( 3.037123799802001312, 8.193292966819999634, -3.623919245981998660 ) ) ;
#6496 = CARTESIAN_POINT ( 'NONE',  ( 6.499999999250099414, 4.700001019498999177, -5.349994381111779163 ) ) ;
#6497 = CARTESIAN_POINT ( 'NONE',  ( 4.879909031321999713, 2.807264527223069628, -2.568554409024260021 ) ) ;
#6498 = DIRECTION ( 'NONE',  ( 1.653402746184828117E-12, -1.000000000000000000, 1.166811569252333346E-12 ) ) ;
#6499 = ORIENTED_EDGE ( 'NONE', *, *, #3568, .T. ) ;
#6500 = ADVANCED_FACE ( 'NONE', ( #934 ), #143, .T. ) ;
#6501 = CARTESIAN_POINT ( 'NONE',  ( 16.99999999925010030, 0.7000000014231949619, -1.549999999994079891 ) ) ;
#6502 = CARTESIAN_POINT ( 'NONE',  ( 6.133979781355799688, 3.398486610501070260, -3.938710755032059918 ) ) ;
#6503 = CARTESIAN_POINT ( 'NONE',  ( 1.915853781560399982, 2.937971850813069885, -4.245532269038360340 ) ) ;
#6504 = CIRCLE ( 'NONE', #1961, 1.399999999080000057 ) ;
#6505 = DIRECTION ( 'NONE',  ( 1.000000000000000000, 3.278477620651019622E-14, 1.376873865985070099E-14 ) ) ;
#6506 = CARTESIAN_POINT ( 'NONE',  ( 4.453222577959000006, 2.042160668637170051, -4.549232072371530045 ) ) ;
#6507 = ORIENTED_EDGE ( 'NONE', *, *, #1410, .T. ) ;
#6508 = CARTESIAN_POINT ( 'NONE',  ( 0.9582046593406010615, 3.218300238199069518, -3.853632371094959819 ) ) ;
#6509 = EDGE_CURVE ( 'NONE', #6840, #4356, #5780, .T. ) ;
#6510 = PLANE ( 'NONE',  #1212 ) ;
#6511 = CARTESIAN_POINT ( 'NONE',  ( 5.093413921002119871, 2.680159722548635770, -4.440340465394942981 ) ) ;
#6512 = FACE_BOUND ( 'NONE', #9408, .T. ) ;
#6513 = EDGE_CURVE ( 'NONE', #376, #1730, #3339, .T. ) ;
#6514 = ORIENTED_EDGE ( 'NONE', *, *, #6457, .F. ) ;
#6515 = FACE_OUTER_BOUND ( 'NONE', #3213, .T. ) ;
#6516 = CARTESIAN_POINT ( 'NONE',  ( 6.009798679595400372, 3.324032805866070195, -3.869729592370160010 ) ) ;
#6517 = ORIENTED_EDGE ( 'NONE', *, *, #2134, .F. ) ;
#6518 = ORIENTED_EDGE ( 'NONE', *, *, #6268, .F. ) ;
#6519 = CARTESIAN_POINT ( 'NONE',  ( 5.253222577959536288, 3.185429472045777199, -4.249999998694359071 ) ) ;
#6520 = CARTESIAN_POINT ( 'NONE',  ( 16.99999999925010030, 0.7000000014231949619, -1.549999999994079891 ) ) ;
#6521 = DIRECTION ( 'NONE',  ( 0.000000000000000000, 0.000000000000000000, 1.000000000000000000 ) ) ;
#6522 = ORIENTED_EDGE ( 'NONE', *, *, #9774, .F. ) ;
#6523 = EDGE_CURVE ( 'NONE', #9835, #4970, #8942, .T. ) ;
#6524 = CARTESIAN_POINT ( 'NONE',  ( 1.890617148348703092, 2.670001019719070001, -4.434730869427838229 ) ) ;
#6525 = LINE ( 'NONE', #6370, #2159 ) ;
#6526 = ORIENTED_EDGE ( 'NONE', *, *, #2443, .F. ) ;
#6527 = CARTESIAN_POINT ( 'NONE',  ( 6.062687144889999935, 2.789493047685069893, -3.568740047189180142 ) ) ;
#6528 = CARTESIAN_POINT ( 'NONE',  ( 2.609090707168399970, 2.908062636256069755, -3.673673671719559941 ) ) ;
#6529 = CARTESIAN_POINT ( 'NONE',  ( 5.828759196894460537, 3.006417817750630217, -4.219919994838569721 ) ) ;
#6530 = CARTESIAN_POINT ( 'NONE',  ( 4.354255867451299444, 2.936983148086070194, -3.465462927527730219 ) ) ;
#6531 = VECTOR ( 'NONE', #6385, 1000.000000000000000 ) ;
#6532 = ORIENTED_EDGE ( 'NONE', *, *, #7984, .F. ) ;
#6533 = CARTESIAN_POINT ( 'NONE',  ( 1.023336866854359872, 2.706456474998620187, -3.772337596125859616 ) ) ;
#6534 = FACE_OUTER_BOUND ( 'NONE', #301, .T. ) ;
#6535 = CARTESIAN_POINT ( 'NONE',  ( 5.806962084825999959, 2.924599956972070203, -2.782949689957380013 ) ) ;
#6536 = CARTESIAN_POINT ( 'NONE',  ( 4.453222577959000006, 2.043309874169090268, -4.497034213565268779 ) ) ;
#6537 = CARTESIAN_POINT ( 'NONE',  ( 0.000000000000000000, 4.700001019498999177, -6.249999999998999911 ) ) ;
#6538 = CIRCLE ( 'NONE', #1323, 1.349999999999999867 ) ;
#6539 = ORIENTED_EDGE ( 'NONE', *, *, #4495, .T. ) ;
#6540 = DIRECTION ( 'NONE',  ( -3.280486001891854960E-12, 0.000000000000000000, 1.000000000000000000 ) ) ;
#6541 = CARTESIAN_POINT ( 'NONE',  ( 4.595867617767220636, 2.936120290326039939, -3.905939534792199908 ) ) ;
#6542 = CARTESIAN_POINT ( 'NONE',  ( 5.653222577960534956, -3.199999998576200433, -3.449999999993616395 ) ) ;
#6543 = ORIENTED_EDGE ( 'NONE', *, *, #1492, .F. ) ;
#6544 = DIRECTION ( 'NONE',  ( 0.000000000000000000, 1.000000000000000000, 0.000000000000000000 ) ) ;
#6545 = VECTOR ( 'NONE', #4714, 1000.000000000000000 ) ;
#6546 = CARTESIAN_POINT ( 'NONE',  ( 0.6392125068805003529, 8.189855529873005580, -4.123111033928002378 ) ) ;
#6547 = EDGE_CURVE ( 'NONE', #5974, #3085, #3309, .T. ) ;
#6548 = LINE ( 'NONE', #9753, #4072 ) ;
#6549 = CARTESIAN_POINT ( 'NONE',  ( 6.617875715549998539, 8.083783374074998918, -3.830186012887998981 ) ) ;
#6550 = DIRECTION ( 'NONE',  ( -0.9578262854883138333, 0.000000000000000000, 0.2873478846758040217 ) ) ;
#6551 = ORIENTED_EDGE ( 'NONE', *, *, #4923, .T. ) ;
#6552 = VECTOR ( 'NONE', #9046, 1000.000000000000000 ) ;
#6553 = CARTESIAN_POINT ( 'NONE',  ( 3.153222577961570128, 0.7000000014231999579, 7.489882350565010133E-13 ) ) ;
#6554 = CARTESIAN_POINT ( 'NONE',  ( 2.077172517570822219, 2.780385213558342006, -2.700637179224484097 ) ) ;
#6555 = CARTESIAN_POINT ( 'NONE',  ( 0.9483411604092010228, 2.719025584317070532, -3.082976728882460105 ) ) ;
#6556 = FACE_OUTER_BOUND ( 'NONE', #6075, .T. ) ;
#6557 = EDGE_CURVE ( 'NONE', #1307, #9353, #9725, .T. ) ;
#6558 = FACE_OUTER_BOUND ( 'NONE', #1635, .T. ) ;
#6559 = ADVANCED_FACE ( 'NONE', ( #4146 ), #4984, .F. ) ;
#6560 = CARTESIAN_POINT ( 'NONE',  ( 2.488834563583499637, 3.409977095895069699, -2.946168465349760179 ) ) ;
#6561 = AXIS2_PLACEMENT_3D ( 'NONE', #7974, #2446, #10390 ) ;
#6562 = PLANE ( 'NONE',  #5929 ) ;
#6563 = CALENDAR_DATE ( 2026, 5, 2 ) ;
#6564 = CARTESIAN_POINT ( 'NONE',  ( 2.187073476380000159, 2.875274108012070506, -2.789426441669080159 ) ) ;
#6565 = PLANE ( 'NONE',  #1280 ) ;
#6566 = DIRECTION ( 'NONE',  ( -1.000000000000000000, 0.000000000000000000, 0.000000000000000000 ) ) ;
#6567 = CARTESIAN_POINT ( 'NONE',  ( 4.540246797708283211, 2.918937141196843665, -3.031538981243931286 ) ) ;
#6568 = VECTOR ( 'NONE', #395, 1000.000000000000000 ) ;
#6569 = ORIENTED_EDGE ( 'NONE', *, *, #9527, .F. ) ;
#6570 = ADVANCED_FACE ( 'NONE', ( #2864 ), #166, .F. ) ;
#6571 = ORIENTED_EDGE ( 'NONE', *, *, #2963, .T. ) ;
#6572 = EDGE_CURVE ( 'NONE', #4191, #856, #73, .T. ) ;
#6573 = CARTESIAN_POINT ( 'NONE',  ( 5.253222577959999917, 6.070001019719070356, -2.649999998694359871 ) ) ;
#6574 = CARTESIAN_POINT ( 'NONE',  ( 6.249832768319000031, 3.386878788324070300, -3.659379101610260143 ) ) ;
#6575 = VECTOR ( 'NONE', #2247, 1000.000000000000000 ) ;
#6576 = DIRECTION ( 'NONE',  ( 0.000000000000000000, 0.000000000000000000, 1.000000000000000000 ) ) ;
#6577 = VECTOR ( 'NONE', #2113, 1000.000000000000000 ) ;
#6578 = ORIENTED_EDGE ( 'NONE', *, *, #6513, .F. ) ;
#6579 = CARTESIAN_POINT ( 'NONE',  ( 6.153222577960000272, 4.600000002146249933, -5.249994381110780317 ) ) ;
#6580 = CARTESIAN_POINT ( 'NONE',  ( 4.517938707121340158, 2.709791166369429849, -3.774721571869500192 ) ) ;
#6581 = ORIENTED_EDGE ( 'NONE', *, *, #7189, .T. ) ;
#6582 = CARTESIAN_POINT ( 'NONE',  ( 6.212400649650000162, 2.705089619674070356, -3.590701463843079644 ) ) ;
#6583 = AXIS2_PLACEMENT_3D ( 'NONE', #7265, #3150, #4892 ) ;
#6584 = CARTESIAN_POINT ( 'NONE',  ( 1.023702019352999981, 3.079749639767070057, -3.093460721539159852 ) ) ;
#6585 = CIRCLE ( 'NONE', #7090, 1.350000000000000311 ) ;
#6586 = FACE_OUTER_BOUND ( 'NONE', #9331, .T. ) ;
#6587 = ORIENTED_EDGE ( 'NONE', *, *, #4896, .F. ) ;
#6588 = ADVANCED_FACE ( 'NONE', ( #4817 ), #4259, .T. ) ;
#6589 = CARTESIAN_POINT ( 'NONE',  ( 1.075024467450899968, 2.917981111864070165, -2.702115864902880471 ) ) ;
#6590 = CARTESIAN_POINT ( 'NONE',  ( 6.045505058993200898, 3.318414389089070493, -3.802138537852659983 ) ) ;
#6591 = CARTESIAN_POINT ( 'NONE',  ( 5.973939417025000864, 2.941251022117070235, -2.937607229242880091 ) ) ;
#6592 = CARTESIAN_POINT ( 'NONE',  ( 5.612107709115000453, 3.110251444151070022, -2.745335520617679936 ) ) ;
#6593 = AXIS2_PLACEMENT_3D ( 'NONE', #4721, #2346, #3087 ) ;
#6594 = DIRECTION ( 'NONE',  ( 1.000000000000000000, 0.000000000000000000, 0.000000000000000000 ) ) ;
#6595 = VECTOR ( 'NONE', #9467, 1000.000000000000000 ) ;
#6596 = ORIENTED_EDGE ( 'NONE', *, *, #8343, .T. ) ;
#6597 = EDGE_LOOP ( 'NONE', ( #6969, #6601, #1368, #5103, #2301, #1423, #1466, #1088 ) ) ;
#6598 = CARTESIAN_POINT ( 'NONE',  ( 1.753222577960000139, 7.070001019719070356, -3.449999998694359693 ) ) ;
#6599 = CARTESIAN_POINT ( 'NONE',  ( 0.9532225779590010051, 1.922781433965179865, -5.297610847817890267 ) ) ;
#6600 = CARTESIAN_POINT ( 'NONE',  ( 6.506858776800005018, 8.278279993588999019, -3.100655801875002116 ) ) ;
#6601 = ORIENTED_EDGE ( 'NONE', *, *, #122, .F. ) ;
#6602 = EDGE_CURVE ( 'NONE', #7463, #4221, #8529, .T. ) ;
#6603 = CARTESIAN_POINT ( 'NONE',  ( 5.718628333812628917, 3.039298450016255426, -4.339126799711818805 ) ) ;
#6604 = VECTOR ( 'NONE', #2874, 1000.000000000000000 ) ;
#6605 = CARTESIAN_POINT ( 'NONE',  ( 2.542453356549755572, 2.779235064969510560, -3.300901210071570890 ) ) ;
#6606 = CARTESIAN_POINT ( 'NONE',  ( 16.99999999925010030, 3.341743398537949883, -1.549999999994089883 ) ) ;
#6607 = CARTESIAN_POINT ( 'NONE',  ( 5.349796377449239415, 2.543042339962069853, -4.237629013352059992 ) ) ;
#6608 = CARTESIAN_POINT ( 'NONE',  ( 6.353222577958899997, 4.700001019498989407, -1.549999999994079891 ) ) ;
#6609 = EDGE_LOOP ( 'NONE', ( #2540, #5194, #4698, #9404, #4789 ) ) ;
#6610 = CIRCLE ( 'NONE', #3249, 0.4000000000000001887 ) ;
#6611 = DIRECTION ( 'NONE',  ( -1.000000000000000000, 0.000000000000000000, 0.000000000000000000 ) ) ;
#6612 = EDGE_CURVE ( 'NONE', #9160, #8141, #5968, .T. ) ;
#6613 = CARTESIAN_POINT ( 'NONE',  ( 4.645320791445800346, 3.300447462926070052, -2.797751579687859813 ) ) ;
#6614 = CARTESIAN_POINT ( 'NONE',  ( 2.284285806500799598, 2.796194061858070068, -2.835758719678360240 ) ) ;
#6615 = CARTESIAN_POINT ( 'NONE',  ( 2.758249258828999739, 2.650604850119070210, -3.218873913983979929 ) ) ;
#6616 = CARTESIAN_POINT ( 'NONE',  ( 0.9225807100395020388, 3.155474954505069540, -3.794151219458480107 ) ) ;
#6617 = CARTESIAN_POINT ( 'NONE',  ( 1.153412316963100093, 3.149932656338069847, -4.205719636413760121 ) ) ;
#6618 = LOCAL_TIME ( 3, 31, 50.00000000000000000, #7553 ) ;
#6619 = DIRECTION ( 'NONE',  ( 0.000000000000000000, 0.9883316596744458060, -0.1523172035101599819 ) ) ;
#6620 = CALENDAR_DATE ( 2026, 5, 2 ) ;
#6621 = CARTESIAN_POINT ( 'NONE',  ( 4.800000000839999892, 0.7000000014231000378, -0.3499999999999999778 ) ) ;
#6622 = CARTESIAN_POINT ( 'NONE',  ( 6.499999999250079874, 5.000001019718999906, -2.813175016413310026 ) ) ;
#6623 = CARTESIAN_POINT ( 'NONE',  ( 6.134351964937100554, 3.286136740136069712, -3.371559732834539691 ) ) ;
#6624 = B_SPLINE_CURVE_WITH_KNOTS ( 'NONE', 3,
 ( #3765, #7705, #10175, #2234, #10226, #2917, #7809, #2176 ),
 .UNSPECIFIED., .F., .F.,
 ( 4, 2, 2, 4 ),
 ( 0.000000000000000000, 0.0002392220728363852057, 0.0004784441456727704114, 0.0009568882913455414732 ),
 .UNSPECIFIED. ) ;
#6625 = VERTEX_POINT ( 'NONE', #9482 ) ;
#6626 = CARTESIAN_POINT ( 'NONE',  ( 6.004187755496673162, 2.832146381479877739, -3.174225993811938373 ) ) ;
#6627 = CARTESIAN_POINT ( 'NONE',  ( 5.947393358183400203, 3.320836836993070307, -2.689240398960559997 ) ) ;
#6628 = CARTESIAN_POINT ( 'NONE',  ( 0.9500000008401999763, 1.019498761861000093E-06, 5.052748353025999962E-14 ) ) ;
#6629 = ORIENTED_EDGE ( 'NONE', *, *, #44, .T. ) ;
#6630 = CARTESIAN_POINT ( 'NONE',  ( 1.753222577960000139, 3.341743398537960097, -3.449999998694359693 ) ) ;
#6631 = DIRECTION ( 'NONE',  ( -1.000000000000000000, 1.284442636571999970E-13, 0.000000000000000000 ) ) ;
#6632 = VERTEX_POINT ( 'NONE', #2271 ) ;
#6633 = EDGE_CURVE ( 'NONE', #9414, #4668, #7745, .T. ) ;
#6634 = LINE ( 'NONE', #5682, #7392 ) ;
#6635 = CARTESIAN_POINT ( 'NONE',  ( 2.410857914071899977, 2.890712587828069946, -3.926273309137260359 ) ) ;
#6636 = CARTESIAN_POINT ( 'NONE',  ( 1.481330689398844713, 3.341743398537951215, -2.487834211394011952 ) ) ;
#6637 = ORIENTED_EDGE ( 'NONE', *, *, #2452, .F. ) ;
#6638 = CARTESIAN_POINT ( 'NONE',  ( 1.092731603456099876, 2.828986730304070107, -2.876439474827780174 ) ) ;
#6639 = CARTESIAN_POINT ( 'NONE',  ( 5.598026588600400366, 3.256227525579070470, -2.557016532341159998 ) ) ;
#6640 = CARTESIAN_POINT ( 'NONE',  ( 6.188466770622999213, 3.040970210678070274, -3.726346320899780018 ) ) ;
#6641 = DIRECTION ( 'NONE',  ( -1.823613310203245015E-12, 1.000000000000000000, -1.090236451181999875E-12 ) ) ;
#6642 = CARTESIAN_POINT ( 'NONE',  ( 6.053222577959600059, 2.240976201065830065, -4.527497685406180139 ) ) ;
#6643 = CARTESIAN_POINT ( 'NONE',  ( 1.753222577963000184, 0.8000000014230710388, -3.449999999994080024 ) ) ;
#6644 = EDGE_CURVE ( 'NONE', #8032, #2699, #6857, .T. ) ;
#6645 = ORIENTED_EDGE ( 'NONE', *, *, #389, .T. ) ;
#6646 = CARTESIAN_POINT ( 'NONE',  ( 0.9477133524022863797, 2.973959872272318172, -3.459678149563762961 ) ) ;
#6647 = CARTESIAN_POINT ( 'NONE',  ( 6.699999999740000156, 4.700001019498999177, -5.400000000000000355 ) ) ;
#6648 = CARTESIAN_POINT ( 'NONE',  ( 6.499999999250079874, 5.000001019718999906, -4.086824982746689372 ) ) ;
#6649 = VERTEX_POINT ( 'NONE', #697 ) ;
#6650 = DIRECTION ( 'NONE',  ( 1.000000000000000000, 0.000000000000000000, 0.000000000000000000 ) ) ;
#6651 = CARTESIAN_POINT ( 'NONE',  ( 0.4931373276415002005, 8.274682781492000316, -3.799329709502001773 ) ) ;
#6652 = CARTESIAN_POINT ( 'NONE',  ( 0.4467907097739003963, 8.080274792105996085, -2.886720844160000077 ) ) ;
#6653 = CARTESIAN_POINT ( 'NONE',  ( 4.147566029000001819, 8.080548071046997904, -4.344583839257000868 ) ) ;
#6654 = PLANE ( 'NONE',  #8619 ) ;
#6655 = ORIENTED_EDGE ( 'NONE', *, *, #6177, .F. ) ;
#6656 = EDGE_CURVE ( 'NONE', #2837, #1543, #6069, .T. ) ;
#6657 = DIRECTION ( 'NONE',  ( 0.000000000000000000, 0.1523172038323520050, 0.9883316596247910812 ) ) ;
#6658 = CARTESIAN_POINT ( 'NONE',  ( 4.458204659340601062, 3.218300238199069518, -3.853632371094959819 ) ) ;
#6659 = CARTESIAN_POINT ( 'NONE',  ( 0.8700289918217009033, 2.695395952824069852, -3.399907989019070431 ) ) ;
#6660 = CARTESIAN_POINT ( 'NONE',  ( 2.199999999159000019, 0.7000000014231999579, -4.000000000000000000 ) ) ;
#6661 = CARTESIAN_POINT ( 'NONE',  ( 1.297116761945600105, 3.291691931390070103, -2.588024921583480076 ) ) ;
#6662 = CARTESIAN_POINT ( 'NONE',  ( 2.679137139841200277, 3.392384593180069796, -3.853247530774259744 ) ) ;
#6663 = CARTESIAN_POINT ( 'NONE',  ( 6.653222577958999295, 0.8000000014230710388, -1.649999999997080025 ) ) ;
#6664 = DATE_AND_TIME ( #6620, #6618 ) ;
#6665 = CARTESIAN_POINT ( 'NONE',  ( 2.899999999739999890, 4.700001019498999177, -5.400000000000000355 ) ) ;
#6666 = FACE_OUTER_BOUND ( 'NONE', #9132, .T. ) ;
#6667 = CARTESIAN_POINT ( 'NONE',  ( 1.300000000840999981, 0.7000000014231000378, -0.3500000000010000112 ) ) ;
#6668 = VECTOR ( 'NONE', #4064, 1000.000000000000000 ) ;
#6669 = CARTESIAN_POINT ( 'NONE',  ( 6.087323101496899369, 3.013651627591070081, -4.054073100872559898 ) ) ;
#6670 = VERTEX_POINT ( 'NONE', #5278 ) ;
#6671 = CARTESIAN_POINT ( 'NONE',  ( 1.753222577960000139, 7.270001019719069646, -3.449999998694359693 ) ) ;
#6672 = CARTESIAN_POINT ( 'NONE',  ( 5.624187459073699991, 3.297207205500070071, -2.489264348267960170 ) ) ;
#6673 = CARTESIAN_POINT ( 'NONE',  ( 3.053222577960999828, 0.8000000014230710388, -1.549999999994079891 ) ) ;
#6674 = ORIENTED_EDGE ( 'NONE', *, *, #8128, .T. ) ;
#6675 = DIRECTION ( 'NONE',  ( 0.000000000000000000, 1.000000000000000000, 0.000000000000000000 ) ) ;
#6676 = CARTESIAN_POINT ( 'NONE',  ( 4.453222577959000006, 1.843345133681120185, -4.570966459606880861 ) ) ;
#6677 = ORIENTED_EDGE ( 'NONE', *, *, #9020, .T. ) ;
#6678 = LINE ( 'NONE', #4459, #5741 ) ;
#6679 = CARTESIAN_POINT ( 'NONE',  ( 1.253877385713100034, 3.631640853269069602, -4.242795625929380421 ) ) ;
#6680 = CARTESIAN_POINT ( 'NONE',  ( 2.776222951525999960, 2.966392364606069698, -3.331264023413159858 ) ) ;
#6681 = ORIENTED_EDGE ( 'NONE', *, *, #4495, .F. ) ;
#6682 = CARTESIAN_POINT ( 'NONE',  ( 1.123943561599340057, 2.694980378802270149, -3.925085787240840229 ) ) ;
#6683 = EDGE_CURVE ( 'NONE', #3834, #6008, #4112, .T. ) ;
#6684 =( BOUNDED_CURVE ( )  B_SPLINE_CURVE ( 3, ( #1765, #290, #8234, #7304 ),
 .UNSPECIFIED., .F., .F. ) 
 B_SPLINE_CURVE_WITH_KNOTS ( ( 4, 4 ),
 ( 0.000000000000000000, 1.000000000000000000 ),
 .UNSPECIFIED. ) 
 CURVE ( )  GEOMETRIC_REPRESENTATION_ITEM ( )  RATIONAL_B_SPLINE_CURVE ( ( 1.074482515591340004, 0.9751739794768720104, 0.9751724948251518921, 1.074478061636729986 ) ) 
 REPRESENTATION_ITEM ( '' )  );
#6685 = CARTESIAN_POINT ( 'NONE',  ( 5.980457999283399495, 3.277434709168070004, -3.773227666880460074 ) ) ;
#6686 = CARTESIAN_POINT ( 'NONE',  ( 4.677181825639032731, 3.005724475767944437, -4.005136965275434946 ) ) ;
#6687 = FACE_OUTER_BOUND ( 'NONE', #281, .T. ) ;
#6688 = CARTESIAN_POINT ( 'NONE',  ( 6.090729562302000133, 2.641913906896069975, -3.852532268552179673 ) ) ;
#6689 = FACE_OUTER_BOUND ( 'NONE', #7690, .T. ) ;
#6690 = VERTEX_POINT ( 'NONE', #106 ) ;
#6691 = ORIENTED_EDGE ( 'NONE', *, *, #1139, .F. ) ;
#6692 = CARTESIAN_POINT ( 'NONE',  ( 4.913538485994919824, 3.337259585356999736, -2.506964097569345018 ) ) ;
#6693 = DIRECTION ( 'NONE',  ( -1.000000000000000000, 0.000000000000000000, 0.000000000000000000 ) ) ;
#6694 = CARTESIAN_POINT ( 'NONE',  ( 2.605270957154000033, 2.724339160738070031, -3.859523406233180243 ) ) ;
#6695 = ORIENTED_EDGE ( 'NONE', *, *, #10165, .T. ) ;
#6696 = LINE ( 'NONE', #4382, #2536 ) ;
#6697 = FACE_BOUND ( 'NONE', #10367, .T. ) ;
#6698 = CARTESIAN_POINT ( 'NONE',  ( 1.485357157328999422, 8.191098336865001883, -2.178433013995000334 ) ) ;
#6699 = EDGE_CURVE ( 'NONE', #779, #254, #902, .T. ) ;
#6700 = CARTESIAN_POINT ( 'NONE',  ( 4.800049342330001245, 8.117474425518999226, -4.714635370464000275 ) ) ;
#6701 = CARTESIAN_POINT ( 'NONE',  ( 1.753222577960192652, 3.274676319215347853, -4.249999998694359959 ) ) ;
#6702 = ORIENTED_EDGE ( 'NONE', *, *, #781, .T. ) ;
#6703 = VERTEX_POINT ( 'NONE', #1533 ) ;
#6704 = CARTESIAN_POINT ( 'NONE',  ( 1.750000000000000000, 8.300001019718999729, -3.449999999580000143 ) ) ;
#6705 = CARTESIAN_POINT ( 'NONE',  ( 5.005710532528399703, 3.081565074478069821, -4.458094244998360267 ) ) ;
#6706 = CIRCLE ( 'NONE', #1650, 0.3999999999999999667 ) ;
#6707 = CARTESIAN_POINT ( 'NONE',  ( 6.464278297379999927, 8.083589136597000291, -2.714359830646001726 ) ) ;
#6708 = FACE_OUTER_BOUND ( 'NONE', #9650, .T. ) ;
#6709 = CARTESIAN_POINT ( 'NONE',  ( 2.409754114295000083, 3.521931199502069898, -4.271099649570979651 ) ) ;
#6710 = CARTESIAN_POINT ( 'NONE',  ( 2.589942480122000124, 3.040403023369070201, -3.930400170752359923 ) ) ;
#6711 = ADVANCED_FACE ( 'NONE', ( #7278 ), #10327, .F. ) ;
#6712 = CARTESIAN_POINT ( 'NONE',  ( 3.153222577959999828, 2.043309868419790121, -4.497034245703270372 ) ) ;
#6713 = DATE_TIME_ROLE ( 'classification_date' ) ;
#6714 = CARTESIAN_POINT ( 'NONE',  ( 1.753222577960000139, 7.070001019719070356, -3.449999998694359693 ) ) ;
#6715 = TOROIDAL_SURFACE ( 'NONE', #2172, 0.5000000000000000000, 0.2000000000000000111 ) ;
#6716 = CARTESIAN_POINT ( 'NONE',  ( 6.499999999250078986, 6.107374194884350516, -3.826052677684837811 ) ) ;
#6717 = EDGE_CURVE ( 'NONE', #7770, #9800, #6062, .T. ) ;
#6718 = CYLINDRICAL_SURFACE ( 'NONE', #5701, 0.3499999999999999778 ) ;
#6719 = CARTESIAN_POINT ( 'NONE',  ( 5.898439635628200506, 3.279857157072069818, -2.742890041725159822 ) ) ;
#6720 = CARTESIAN_POINT ( 'NONE',  ( 5.553222577960000628, 7.270001019719069646, -2.339819833135567517 ) ) ;
#6721 = VECTOR ( 'NONE', #390, 1000.000000000000000 ) ;
#6722 = ORIENTED_EDGE ( 'NONE', *, *, #7225, .T. ) ;
#6723 = DESIGN_CONTEXT ( 'detailed design', #1918, 'design' ) ;
#6724 = CARTESIAN_POINT ( 'NONE',  ( 4.453222577959000006, 2.516840480107719991, -1.424464079161599894 ) ) ;
#6725 = LINE ( 'NONE', #4355, #6737 ) ;
#6726 = VERTEX_POINT ( 'NONE', #8802 ) ;
#6727 = CARTESIAN_POINT ( 'NONE',  ( 0.9478664620666569229, 2.818718729235260234, -4.046027777633315559 ) ) ;
#6728 = DIRECTION ( 'NONE',  ( -0.9386003301511353092, 0.3450064060857131465, -2.215098732981230179E-10 ) ) ;
#6729 = ORIENTED_EDGE ( 'NONE', *, *, #5676, .T. ) ;
#6730 = AXIS2_PLACEMENT_3D ( 'NONE', #7937, #3940, #10403 ) ;
#6731 = FACE_OUTER_BOUND ( 'NONE', #9479, .T. ) ;
#6732 = B_SPLINE_SURFACE_WITH_KNOTS ( 'NONE', 3, 3, ( 
 ( #7190, #7394, #3396, #2494 ),
 ( #6502, #7345, #3181, #9607 ),
 ( #1760, #2399, #5657, #5558 ),
 ( #8817, #1601, #4820, #4775 ),
 ( #1649, #8023, #2340, #919 ),
 ( #8076, #868, #1707, #178 ),
 ( #813, #8922, #4972, #8766 ),
 ( #9759, #125, #3342, #7240 ),
 ( #27, #969, #8180, #3242 ),
 ( #6455, #9660, #6613, #4081 ),
 ( #7297, #3292, #4177, #9706 ),
 ( #5709, #8132, #3444, #8385 ),
 ( #10015, #2802, #6658, #9076 ),
 ( #3493, #1073, #9862, #6023 ),
 ( #6705, #9229, #4287, #6766 ),
 ( #7496, #5179, #1176, #8227 ),
 ( #9915, #5814, #1861, #9814 ),
 ( #5130, #4441, #2604, #1020 ),
 ( #5021, #2704, #9969, #9026 ),
 ( #2650, #4233, #9134, #285 ),
 ( #5922, #2755, #7448, #7652 ),
 ( #2016, #5972, #5862, #4392 ),
 ( #5234, #3653, #8438, #236 ),
 ( #1915, #8333, #1123, #4335 ),
 ( #7603, #392, #7545, #335 ),
 ( #9181, #3550, #1965, #3605 ),
 ( #6815, #5076, #1231, #436 ),
 ( #8283, #1807, #8593, #6973 ),
 ( #1436, #6134, #10122, #8488 ),
 ( #705, #6920, #598, #9282 ),
 ( #488, #9329, #3808, #549 ),
 ( #5334, #8647, #3705, #7805 ),
 ( #7700, #2171, #2913, #3760 ),
 ( #2122, #10171, #7021, #2960 ),
 ( #8535, #6862, #1329, #5386 ),
 ( #10062, #1277, #5494, #2073 ),
 ( #10222, #2856, #4539, #7752 ) ),
 .UNSPECIFIED., .F., .F., .F.,
 ( 4, 1, 1, 1, 1, 1, 1, 1, 1, 1, 1, 1, 1, 1, 1, 1, 1, 1, 1, 1, 1, 1, 1, 1, 1, 1, 1, 1, 1, 1, 1, 1, 1, 1, 4 ),
 ( 4, 4 ),
 ( 0.000000000000000000, 0.009058576818670959624, 0.02133363635064580016, 0.05324474099787949999, 0.08515584564512310162, 0.1170669502923269989, 0.1489780549395710030, 0.1808891595868140079, 0.2128002642340580119, 0.2447113688813020160, 0.2766224735284469882, 0.3085335781756909923, 0.3404446828231310063, 0.3723557874702759785, 0.4042668921175189833, 0.4361779967647629874, 0.4680891014120069915, 0.5000002060592499964, 0.5319113107064940005, 0.5638224153536389727, 0.5957335200008829768, 0.6276446246481259816, 0.6595557292953699857, 0.6914668339426129906, 0.7233779385898571057, 0.7552890432370019669, 0.7872001478842459710, 0.8191112525314889758, 0.8510223571788309016, 0.8829334618260750167, 0.9148445664733180216, 0.9467556711205620257, 0.9786667757678050306, 0.9909414244388069504, 1.000000000000000000 ),
 ( 0.000000000000000000, 1.000000000000000000 ),
 .UNSPECIFIED. ) ;
#6733 = DIRECTION ( 'NONE',  ( 0.000000000000000000, 0.000000000000000000, 1.000000000000000000 ) ) ;
#6734 = ADVANCED_FACE ( 'NONE', ( #6534 ), #846, .F. ) ;
#6735 = CARTESIAN_POINT ( 'NONE',  ( 1.915853781560399982, 2.937971850813069885, -4.245532269038360340 ) ) ;
#6736 = ORIENTED_EDGE ( 'NONE', *, *, #8463, .T. ) ;
#6737 = VECTOR ( 'NONE', #4943, 1000.000000000000000 ) ;
#6738 = CIRCLE ( 'NONE', #6402, 0.4000000000000001887 ) ;
#6739 = CARTESIAN_POINT ( 'NONE',  ( 1.155092113323729963, 2.781630329400269996, -2.930592412823629811 ) ) ;
#6740 = CARTESIAN_POINT ( 'NONE',  ( 5.545704847653801117, 3.174268165737069936, -2.692520900487360258 ) ) ;
#6741 = DIRECTION ( 'NONE',  ( 0.9987976606670763147, 0.000000000000000000, -0.04902278088782890259 ) ) ;
#6742 = CARTESIAN_POINT ( 'NONE',  ( 6.143367921676948562, 2.582470732833480387, -3.308558082898028552 ) ) ;
#6743 = CARTESIAN_POINT ( 'NONE',  ( 5.553222577960000628, 7.270001019719069646, -4.560180164253359258 ) ) ;
#6744 = FACE_BOUND ( 'NONE', #2891, .T. ) ;
#6745 = EDGE_LOOP ( 'NONE', ( #7350, #5412, #5645, #9363 ) ) ;
#6746 = EDGE_LOOP ( 'NONE', ( #121, #7897, #2208, #2419, #2211, #5763, #7796, #9464, #1035, #6439, #6105, #3119, #416, #8832 ) ) ;
#6747 = VECTOR ( 'NONE', #7030, 1000.000000000000000 ) ;
#6748 = AXIS2_PLACEMENT_3D ( 'NONE', #7988, #776, #4882 ) ;
#6749 = EDGE_CURVE ( 'NONE', #7245, #10364, #4341, .T. ) ;
#6750 = DIRECTION ( 'NONE',  ( 0.000000000000000000, 0.000000000000000000, 1.000000000000000000 ) ) ;
#6751 = CARTESIAN_POINT ( 'NONE',  ( 4.441883228114568816, 2.670001019719070001, -3.796644147684183679 ) ) ;
#6752 = CARTESIAN_POINT ( 'NONE',  ( 2.562687144893000202, 2.789493047685069893, -3.568740047189180142 ) ) ;
#6753 = ORIENTED_EDGE ( 'NONE', *, *, #9726, .F. ) ;
#6754 = CARTESIAN_POINT ( 'NONE',  ( 6.053237511134759608, 2.767722540079039728, -1.260448805499299940 ) ) ;
#6755 = DIRECTION ( 'NONE',  ( 1.024174132777030572E-13, 0.9902259409886784436, -0.1394725270190740607 ) ) ;
#6756 = CIRCLE ( 'NONE', #6427, 0.1999999999999999833 ) ;
#6757 = AXIS2_PLACEMENT_3D ( 'NONE', #1320, #8480, #590 ) ;
#6758 = CARTESIAN_POINT ( 'NONE',  ( 5.868598041750002992, 8.118956896557008918, -4.641251585992999473 ) ) ;
#6759 = CARTESIAN_POINT ( 'NONE',  ( 1.753222577960000139, 7.050001019498999710, -3.449999998694359693 ) ) ;
#6760 = EDGE_LOOP ( 'NONE', ( #7004, #4618, #5366, #9849 ) ) ;
#6761 = ORIENTED_EDGE ( 'NONE', *, *, #402, .T. ) ;
#6762 = EDGE_CURVE ( 'NONE', #9825, #7620, #9485, .T. ) ;
#6763 = CARTESIAN_POINT ( 'NONE',  ( 5.253222577959999917, 0.8000000014230710388, -3.449999999994080024 ) ) ;
#6764 = EDGE_CURVE ( 'NONE', #9, #5127, #6329, .T. ) ;
#6765 = VECTOR ( 'NONE', #6349, 1000.000000000000000 ) ;
#6766 = CARTESIAN_POINT ( 'NONE',  ( 5.058080622990099862, 3.204520595333069988, -4.244795588034960154 ) ) ;
#6767 = CARTESIAN_POINT ( 'NONE',  ( 4.596041829860002537, 8.081152809276998639, -2.189852649138001262 ) ) ;
#6768 = ORIENTED_EDGE ( 'NONE', *, *, #6046, .F. ) ;
#6769 = LINE ( 'NONE', #7655, #2022 ) ;
#6770 = CARTESIAN_POINT ( 'NONE',  ( 2.255317438679000031, 3.396568144534069855, -2.526342633145679972 ) ) ;
#6771 = CARTESIAN_POINT ( 'NONE',  ( 2.786955640517999822, 2.972035441509070175, -3.544404328316580255 ) ) ;
#6772 = FACE_OUTER_BOUND ( 'NONE', #7649, .T. ) ;
#6773 = VECTOR ( 'NONE', #762, 1000.000000000000000 ) ;
#6774 = CARTESIAN_POINT ( 'NONE',  ( 4.832697009633000640, 3.407075240700070395, -2.655266525868479999 ) ) ;
#6775 = CARTESIAN_POINT ( 'NONE',  ( 4.844642916639700481, 3.472867426073070085, -4.126727453867080619 ) ) ;
#6776 = CARTESIAN_POINT ( 'NONE',  ( 3.053222577960999828, 4.700001019498999177, -1.649999999994079980 ) ) ;
#6777 = EDGE_CURVE ( 'NONE', #2742, #9064, #511, .T. ) ;
#6778 = CARTESIAN_POINT ( 'NONE',  ( 5.598026588600400366, 3.256227525579070470, -2.557016532341159998 ) ) ;
#6779 = LINE ( 'NONE', #4452, #9383 ) ;
#6780 = VECTOR ( 'NONE', #7174, 1000.000000000000000 ) ;
#6781 = ORIENTED_EDGE ( 'NONE', *, *, #8963, .T. ) ;
#6782 = B_SPLINE_CURVE_WITH_KNOTS ( 'NONE', 3,
 ( #4025, #4130, #6554, #77, #2552, #5766 ),
 .UNSPECIFIED., .F., .F.,
 ( 4, 2, 4 ),
 ( -1.562736860814643858E-09, 0.0004869972450348338672, 0.0009739960528065285490 ),
 .UNSPECIFIED. ) ;
#6783 = CARTESIAN_POINT ( 'NONE',  ( 5.464492737673362299, 3.002204257281029687, -2.649999998694501979 ) ) ;
#6784 = CYLINDRICAL_SURFACE ( 'NONE', #3036, 0.7000000000000000666 ) ;
#6785 = ORIENTED_EDGE ( 'NONE', *, *, #9846, .T. ) ;
#6786 = CC_DESIGN_SECURITY_CLASSIFICATION ( #5263, ( #7619 ) ) ;
#6787 = CARTESIAN_POINT ( 'NONE',  ( 6.549999967470000684, 8.265024157077000666, -3.449999886680999772 ) ) ;
#6788 = EDGE_LOOP ( 'NONE', ( #5548, #8634, #9757, #5726 ) ) ;
#6789 = CARTESIAN_POINT ( 'NONE',  ( 5.829807900862260972, 2.908627256309917364, -2.621828251115705832 ) ) ;
#6790 = ADVANCED_FACE ( 'NONE', ( #8008 ), #3958, .F. ) ;
#6791 = CARTESIAN_POINT ( 'NONE',  ( 5.699999999160000108, 0.7000000014231999579, -4.000000000000000000 ) ) ;
#6792 = CARTESIAN_POINT ( 'NONE',  ( 0.9389586955166009385, 3.131799785053070106, -4.080557153820959293 ) ) ;
#6793 = EDGE_LOOP ( 'NONE', ( #2534, #8617, #2410, #149 ) ) ;
#6794 = EDGE_CURVE ( 'NONE', #10224, #5035, #1688, .T. ) ;
#6795 = CARTESIAN_POINT ( 'NONE',  ( 1.431413320630209984, 3.144128532234089946, -4.327767303244770325 ) ) ;
#6796 = CARTESIAN_POINT ( 'NONE',  ( 4.523702019353000203, 3.079749639767070057, -3.093460721539159852 ) ) ;
#6797 = CARTESIAN_POINT ( 'NONE',  ( 2.553222577959600059, 1.845643532497549755, -4.466570833832359533 ) ) ;
#6798 = DIRECTION ( 'NONE',  ( 0.000000000000000000, 1.000000000000000000, 0.000000000000000000 ) ) ;
#6799 = CARTESIAN_POINT ( 'NONE',  ( 6.125265901943000024, 2.573470454618069780, -3.249456109826279970 ) ) ;
#6800 = DIRECTION ( 'NONE',  ( 0.000000000000000000, 0.000000000000000000, 1.000000000000000000 ) ) ;
#6801 = ORIENTED_EDGE ( 'NONE', *, *, #8362, .F. ) ;
#6802 = ORIENTED_EDGE ( 'NONE', *, *, #5317, .F. ) ;
#6803 = DIRECTION ( 'NONE',  ( -0.000000000000000000, 1.000000000000000000, 0.000000000000000000 ) ) ;
#6804 = CARTESIAN_POINT ( 'NONE',  ( 1.529708093189995566, 3.173626382941699298, -4.424692264220848159 ) ) ;
#6805 = FACE_OUTER_BOUND ( 'NONE', #6746, .T. ) ;
#6806 = EDGE_LOOP ( 'NONE', ( #4859, #2147, #2988, #2851, #161, #8508 ) ) ;
#6807 = CARTESIAN_POINT ( 'NONE',  ( 6.053259119268199484, 2.767919354422269773, -1.063504403453399805 ) ) ;
#6808 = CARTESIAN_POINT ( 'NONE',  ( 0.5000000000000000000, 4.700001019498999177, -6.399999999720000332 ) ) ;
#6809 = CARTESIAN_POINT ( 'NONE',  ( 5.539588587550004384, 8.082399826528003928, -4.839880962889997917 ) ) ;
#6810 = CARTESIAN_POINT ( 'NONE',  ( 7.000000000000000000, 4.700001019498999177, -5.849999999902000702 ) ) ;
#6811 = EDGE_CURVE ( 'NONE', #986, #1318, #4060, .T. ) ;
#6812 = VERTEX_POINT ( 'NONE', #3273 ) ;
#6813 = ORIENTED_EDGE ( 'NONE', *, *, #1731, .F. ) ;
#6814 = LINE ( 'NONE', #9914, #9238 ) ;
#6815 = CARTESIAN_POINT ( 'NONE',  ( 4.237628468259000414, 2.752976175572070083, -3.664673764271360046 ) ) ;
#6816 = CYLINDRICAL_SURFACE ( 'NONE', #6201, 0.1000000000000002554 ) ;
#6817 = ORIENTED_EDGE ( 'NONE', *, *, #640, .F. ) ;
#6818 = CARTESIAN_POINT ( 'NONE',  ( 4.100000000260000554, 0.7000000014231999579, -6.299999999999999822 ) ) ;
#6819 = CARTESIAN_POINT ( 'NONE',  ( 2.505009563101999959, 3.343519536956069960, -2.956824256641179982 ) ) ;
#6820 = CARTESIAN_POINT ( 'NONE',  ( 0.8092569760144009416, 2.793961349190070109, -3.649533107846059998 ) ) ;
#6821 = CARTESIAN_POINT ( 'NONE',  ( 0.3532225779632660045, 4.400000001423070017, -5.249999999991080024 ) ) ;
#6822 = EDGE_CURVE ( 'NONE', #827, #8347, #7575, .T. ) ;
#6823 = CARTESIAN_POINT ( 'NONE',  ( 4.792846650837500277, 3.673842862484069993, -4.180925273679280352 ) ) ;
#6824 = CARTESIAN_POINT ( 'NONE',  ( 4.570172723389999803, 3.175961796327070097, -2.990867835790380180 ) ) ;
#6825 = PLANE ( 'NONE',  #9398 ) ;
#6826 = CARTESIAN_POINT ( 'NONE',  ( 4.930153566002100085, 3.167988582673070042, -2.626491299098160148 ) ) ;
#6827 = DIRECTION ( 'NONE',  ( 0.000000000000000000, -1.000000000000000000, -9.578761693691410276E-16 ) ) ;
#6828 = ADVANCED_FACE ( 'NONE', ( #3426 ), #8312, .T. ) ;
#6829 = VERTEX_POINT ( 'NONE', #7522 ) ;
#6830 = DIRECTION ( 'NONE',  ( 0.3421692587890369230, -0.9308817853019267785, 0.1279816398271969580 ) ) ;
#6831 = EDGE_CURVE ( 'NONE', #3085, #8215, #3375, .T. ) ;
#6832 = CARTESIAN_POINT ( 'NONE',  ( 4.677181825639032731, 3.005724475767944437, -4.005136965275434946 ) ) ;
#6833 = ORIENTED_EDGE ( 'NONE', *, *, #7411, .F. ) ;
#6834 = CARTESIAN_POINT ( 'NONE',  ( 6.141241930442970620, 8.264458824429771866, -4.401983501474041383 ) ) ;
#6835 = EDGE_LOOP ( 'NONE', ( #9902, #3790, #7987, #3794 ) ) ;
#6836 = PLANE ( 'NONE',  #5400 ) ;
#6837 = CARTESIAN_POINT ( 'NONE',  ( 2.724667607945999936, 3.490236286452070402, -3.364012072079650029 ) ) ;
#6838 = EDGE_LOOP ( 'NONE', ( #6367, #6596, #10330, #6691, #4849 ) ) ;
#6839 = VECTOR ( 'NONE', #8140, 1000.000000000000114 ) ;
#6840 = VERTEX_POINT ( 'NONE', #7427 ) ;
#6841 = DIRECTION ( 'NONE',  ( 0.000000000000000000, 0.000000000000000000, 1.000000000000000000 ) ) ;
#6842 = EDGE_CURVE ( 'NONE', #3205, #6829, #6239, .T. ) ;
#6843 = CARTESIAN_POINT ( 'NONE',  ( 5.091726117840099874, 3.043560842147069678, -4.393519063066159802 ) ) ;
#6844 = DIRECTION ( 'NONE',  ( 0.000000000000000000, 0.000000000000000000, 1.000000000000000000 ) ) ;
#6845 = CARTESIAN_POINT ( 'NONE',  ( 1.113738416309258072, 2.843771928369988711, -3.941853618609839849 ) ) ;
#6846 = DIRECTION ( 'NONE',  ( -7.041986046545000128E-14, 0.000000000000000000, -1.000000000000000000 ) ) ;
#6847 = CARTESIAN_POINT ( 'NONE',  ( 5.945955954828392009, 3.061483350972014517, -4.075945912546125705 ) ) ;
#6848 = VERTEX_POINT ( 'NONE', #1054 ) ;
#6849 = ORIENTED_EDGE ( 'NONE', *, *, #8653, .F. ) ;
#6850 = CARTESIAN_POINT ( 'NONE',  ( 0.9776156406650887698, 2.996367872909649677, -3.177623430187878739 ) ) ;
#6851 = LINE ( 'NONE', #9269, #3702 ) ;
#6852 = DIRECTION ( 'NONE',  ( 0.9998966258754281577, 0.000000000000000000, -0.01437837135889035410 ) ) ;
#6853 = B_SPLINE_CURVE_WITH_KNOTS ( 'NONE', 3,
 ( #3313, #6524, #10365, #9574, #9680, #1622, #787, #6369, #2518, #891 ),
 .UNSPECIFIED., .F., .F.,
 ( 4, 2, 2, 2, 4 ),
 ( 0.000000000000000000, 0.0004088448874029043103, 0.0008176897748058086206, 0.001226534662208712823, 0.001635379549611617241 ),
 .UNSPECIFIED. ) ;
#6854 = ORIENTED_EDGE ( 'NONE', *, *, #3098, .T. ) ;
#6855 = CARTESIAN_POINT ( 'NONE',  ( 2.199999999159000019, 1.019498458601000007E-06, -0.3499999999999999778 ) ) ;
#6856 = LINE ( 'NONE', #9425, #9439 ) ;
#6857 = LINE ( 'NONE', #5487, #9117 ) ;
#6858 = DIRECTION ( 'NONE',  ( 0.000000000000000000, 0.000000000000000000, 1.000000000000000000 ) ) ;
#6859 = ORIENTED_EDGE ( 'NONE', *, *, #3966, .F. ) ;
#6860 = VERTEX_POINT ( 'NONE', #9891 ) ;
#6861 = CARTESIAN_POINT ( 'NONE',  ( 0.9427011786302306184, 2.751923349949502828, -2.998124129911394320 ) ) ;
#6862 = CARTESIAN_POINT ( 'NONE',  ( 6.167489296870199311, 2.592671698852069717, -3.237284743500560058 ) ) ;
#6863 = CARTESIAN_POINT ( 'NONE',  ( 5.347151999040001158, 8.082147991379999397, -2.033597275711999330 ) ) ;
#6864 = ORIENTED_EDGE ( 'NONE', *, *, #645, .F. ) ;
#6865 = ADVANCED_FACE ( 'NONE', ( #5160 ), #3951, .F. ) ;
#6866 = CARTESIAN_POINT ( 'NONE',  ( 1.753223012018874094, 2.954554108147586788, -4.249999998694242720 ) ) ;
#6867 = AXIS2_PLACEMENT_3D ( 'NONE', #528, #9362, #938 ) ;
#6868 = CARTESIAN_POINT ( 'NONE',  ( 2.525262645018001795, 8.119170122135997758, -4.545771058251001584 ) ) ;
#6869 = CARTESIAN_POINT ( 'NONE',  ( 0.9525139915253011402, 2.875931696427069806, -3.619251794995459903 ) ) ;
#6870 = CARTESIAN_POINT ( 'NONE',  ( 5.947702306949659068, 2.819081129369434446, -3.020409447208993736 ) ) ;
#6871 = CARTESIAN_POINT ( 'NONE',  ( 0.9890061976634708651, 2.814629173895995429, -2.805074452466043144 ) ) ;
#6872 = CARTESIAN_POINT ( 'NONE',  ( 4.862590236580000003, 3.667831560574069449, -4.223354359999480501 ) ) ;
#6873 = CIRCLE ( 'NONE', #654, 1.399999999080000057 ) ;
#6874 = DIRECTION ( 'NONE',  ( 0.000000000000000000, -1.000000000000000000, 0.000000000000000000 ) ) ;
#6875 = CARTESIAN_POINT ( 'NONE',  ( 5.969679643213600784, 2.931692267749069991, -3.968873239715660084 ) ) ;
#6876 = ADVANCED_FACE ( 'NONE', ( #1620 ), #9678, .T. ) ;
#6877 = CARTESIAN_POINT ( 'NONE',  ( 2.053222577959999740, 7.123684023177995428, -4.766244656803488411 ) ) ;
#6878 = EDGE_CURVE ( 'NONE', #8460, #8360, #1315, .T. ) ;
#6879 = VERTEX_POINT ( 'NONE', #1464 ) ;
#6880 = AXIS2_PLACEMENT_3D ( 'NONE', #5089, #3453, #1926 ) ;
#6881 = DIRECTION ( 'NONE',  ( 0.000000000000000000, -1.000000000000000000, 0.000000000000000000 ) ) ;
#6882 = DIRECTION ( 'NONE',  ( 0.000000000000000000, 1.000000000000000000, -1.166601537591715646E-12 ) ) ;
#6883 = ORIENTED_EDGE ( 'NONE', *, *, #3885, .T. ) ;
#6884 = FACE_OUTER_BOUND ( 'NONE', #3720, .T. ) ;
#6885 = ORIENTED_EDGE ( 'NONE', *, *, #5552, .F. ) ;
#6886 = CARTESIAN_POINT ( 'NONE',  ( 3.153222577962000006, 0.7000000014231999579, -5.249999999992080113 ) ) ;
#6887 = DIRECTION ( 'NONE',  ( 0.000000000000000000, 1.000000000000000000, 0.000000000000000000 ) ) ;
#6888 = AXIS2_PLACEMENT_3D ( 'NONE', #2649, #3443, #4231 ) ;
#6889 = EDGE_CURVE ( 'NONE', #3208, #9305, #8852, .T. ) ;
#6890 = EDGE_CURVE ( 'NONE', #5382, #2982, #4679, .T. ) ;
#6891 = VERTEX_POINT ( 'NONE', #1669 ) ;
#6892 = ORIENTED_EDGE ( 'NONE', *, *, #2638, .F. ) ;
#6893 = CARTESIAN_POINT ( 'NONE',  ( 2.569976236929000901, 8.083085953384001598, -2.291004363338001504 ) ) ;
#6894 = FACE_OUTER_BOUND ( 'NONE', #196, .T. ) ;
#6895 = CARTESIAN_POINT ( 'NONE',  ( 4.438958695516600272, 3.131799785053070106, -4.080557153820959293 ) ) ;
#6896 = VECTOR ( 'NONE', #2948, 1000.000000000000000 ) ;
#6897 = LINE ( 'NONE', #264, #6452 ) ;
#6898 = ORIENTED_EDGE ( 'NONE', *, *, #9460, .F. ) ;
#6899 = CARTESIAN_POINT ( 'NONE',  ( 4.456391757299390299, 2.767557410222130088, -3.952692707350370149 ) ) ;
#6900 = CARTESIAN_POINT ( 'NONE',  ( 0.5000000000000000000, 4.600000002051839232, -4.684838256946219914 ) ) ;
#6901 = ORIENTED_EDGE ( 'NONE', *, *, #10336, .T. ) ;
#6902 = EDGE_LOOP ( 'NONE', ( #6384, #5756, #8322, #2789 ) ) ;
#6903 = CARTESIAN_POINT ( 'NONE',  ( 0.8279476627422009960, 3.202688679531069837, -2.997789508462860297 ) ) ;
#6904 = EDGE_CURVE ( 'NONE', #6338, #8990, #4100, .T. ) ;
#6905 = VECTOR ( 'NONE', #9288, 1000.000000000000000 ) ;
#6906 = CARTESIAN_POINT ( 'NONE',  ( 4.521684900071339719, 2.856390984161026214, -2.887788735320850897 ) ) ;
#6907 = AXIS2_PLACEMENT_3D ( 'NONE', #4395, #9136, #8389 ) ;
#6908 = DIRECTION ( 'NONE',  ( 0.000000000000000000, 1.000000000000000000, 0.000000000000000000 ) ) ;
#6909 = ORIENTED_EDGE ( 'NONE', *, *, #8036, .F. ) ;
#6910 = CARTESIAN_POINT ( 'NONE',  ( 6.353222577958899997, 4.400000001843560327, -1.009946620387369931 ) ) ;
#6911 = CARTESIAN_POINT ( 'NONE',  ( 5.758301591915237161, 2.670001019719071333, -4.252089475279311692 ) ) ;
#6912 = CARTESIAN_POINT ( 'NONE',  ( 3.953990662599997652, 8.274630115171001776, -3.342994158248999259 ) ) ;
#6913 = LINE ( 'NONE', #9962, #7446 ) ;
#6914 = VECTOR ( 'NONE', #2062, 1000.000000000000000 ) ;
#6915 = VERTEX_POINT ( 'NONE', #7565 ) ;
#6916 = EDGE_LOOP ( 'NONE', ( #4705, #2685, #6514, #8490, #8388, #3823, #7044, #5586, #6114, #9169, #2977 ) ) ;
#6917 = DIRECTION ( 'NONE',  ( 3.219646771413000037E-14, 1.000000000000000000, 0.000000000000000000 ) ) ;
#6918 = CARTESIAN_POINT ( 'NONE',  ( 3.953222577957999473, 4.400000001423070017, -1.649999999994079980 ) ) ;
#6919 = ADVANCED_FACE ( 'NONE', ( #3572 ), #1728, .T. ) ;
#6920 = CARTESIAN_POINT ( 'NONE',  ( 5.183700187475249521, 2.711814124463070019, -4.412315464910859575 ) ) ;
#6921 = PLANE ( 'NONE',  #6033 ) ;
#6922 = ORIENTED_EDGE ( 'NONE', *, *, #5666, .F. ) ;
#6923 = CARTESIAN_POINT ( 'NONE',  ( 6.053222577959600059, 2.767727922370520233, -1.260449563590779976 ) ) ;
#6924 = CIRCLE ( 'NONE', #7756, 0.6999999999999994005 ) ;
#6925 = CIRCLE ( 'NONE', #4561, 0.6999999999999994005 ) ;
#6926 = CARTESIAN_POINT ( 'NONE',  ( 1.523167229348999729, 3.122550248096069847, -4.386994692677159691 ) ) ;
#6927 = CARTESIAN_POINT ( 'NONE',  ( 4.611227174643700799, 3.008860745290069971, -3.947154304378060363 ) ) ;
#6928 = CARTESIAN_POINT ( 'NONE',  ( 1.427018266226307119, 3.211383756624117236, -4.198693241476213700 ) ) ;
#6929 = CARTESIAN_POINT ( 'NONE',  ( 4.683872117622200015, 3.281712185733069997, -4.145904519889880291 ) ) ;
#6930 = ADVANCED_FACE ( 'NONE', ( #5781 ), #6784, .T. ) ;
#6931 = AXIS2_PLACEMENT_3D ( 'NONE', #9709, #8771, #2498 ) ;
#6932 = CIRCLE ( 'NONE', #2553, 0.2000000000000000944 ) ;
#6933 = CARTESIAN_POINT ( 'NONE',  ( 4.481068213728600647, 2.630786641411070104, -3.701193731438859658 ) ) ;
#6934 = CARTESIAN_POINT ( 'NONE',  ( 3.953222577960399331, 4.700001019498999177, -1.549999999994079891 ) ) ;
#6935 = ORIENTED_EDGE ( 'NONE', *, *, #5566, .T. ) ;
#6936 = AXIS2_PLACEMENT_3D ( 'NONE', #1337, #4494, #8445 ) ;
#6937 = LINE ( 'NONE', #1245, #6604 ) ;
#6938 = FACE_OUTER_BOUND ( 'NONE', #274, .T. ) ;
#6939 = VERTEX_POINT ( 'NONE', #9152 ) ;
#6940 = CARTESIAN_POINT ( 'NONE',  ( 1.753222577963000184, -3.199999998576930071, -3.449999999994159960 ) ) ;
#6941 = ORIENTED_EDGE ( 'NONE', *, *, #1991, .F. ) ;
#6942 = CARTESIAN_POINT ( 'NONE',  ( 2.529834234372522861, 2.670001019718647228, -3.257973086197567980 ) ) ;
#6943 = AXIS2_PLACEMENT_3D ( 'NONE', #6330, #7957, #750 ) ;
#6944 = CARTESIAN_POINT ( 'NONE',  ( 2.151976783805999549, 3.023855091509069837, -2.602510269664080056 ) ) ;
#6945 = EDGE_LOOP ( 'NONE', ( #9463, #3411, #7342, #7042 ) ) ;
#6946 = ORIENTED_EDGE ( 'NONE', *, *, #6242, .F. ) ;
#6947 = CARTESIAN_POINT ( 'NONE',  ( 2.200252578157997796, 8.118726242624996203, -2.185473228127999157 ) ) ;
#6948 = LINE ( 'NONE', #10150, #3202 ) ;
#6949 = CC_DESIGN_APPROVAL ( #8677, ( #7619 ) ) ;
#6950 = B_SPLINE_CURVE_WITH_KNOTS ( 'NONE', 3,
 ( #2396, #9496, #9443, #5503, #3971, #1550, #1443 ),
 .UNSPECIFIED., .F., .F.,
 ( 4, 3, 4 ),
 ( 0.000000000000000000, 0.3767433033177739476, 1.000000000000000000 ),
 .UNSPECIFIED. ) ;
#6951 = CARTESIAN_POINT ( 'NONE',  ( 4.723116975850300214, 3.108170153561069959, -4.332958687848759816 ) ) ;
#6952 = DIRECTION ( 'NONE',  ( 0.000000000000000000, -1.000000000000000000, 0.000000000000000000 ) ) ;
#6953 = ORIENTED_EDGE ( 'NONE', *, *, #2048, .F. ) ;
#6954 = EDGE_CURVE ( 'NONE', #5672, #8297, #9879, .T. ) ;
#6955 = CARTESIAN_POINT ( 'NONE',  ( 4.433899404232675145, 2.731137294137223837, -4.023308556859775287 ) ) ;
#6956 = PLANE ( 'NONE',  #6867 ) ;
#6957 = ORIENTED_EDGE ( 'NONE', *, *, #7520, .F. ) ;
#6958 = ORIENTED_EDGE ( 'NONE', *, *, #2309, .F. ) ;
#6959 = CARTESIAN_POINT ( 'NONE',  ( 1.104218602961300144, 3.185338631102069495, -2.746364317330560301 ) ) ;
#6960 = CARTESIAN_POINT ( 'NONE',  ( 3.153222577959999828, 1.922781433965179865, -5.297610847817890267 ) ) ;
#6961 = CARTESIAN_POINT ( 'NONE',  ( 0.9532225779590010051, 1.840976203224260255, -1.009946618744359981 ) ) ;
#6962 = ORIENTED_EDGE ( 'NONE', *, *, #4659, .T. ) ;
#6963 = DIRECTION ( 'NONE',  ( 0.000000000000000000, -0.1086719355948549404, 0.9940776682000594944 ) ) ;
#6964 = EDGE_CURVE ( 'NONE', #8845, #7620, #1881, .T. ) ;
#6965 = DIRECTION ( 'NONE',  ( 0.000000000000000000, -1.000000000000000000, 0.000000000000000000 ) ) ;
#6966 = CARTESIAN_POINT ( 'NONE',  ( 6.552880099550001169, 8.278341595316998536, -3.471252970382998626 ) ) ;
#6967 = CARTESIAN_POINT ( 'NONE',  ( 4.450681218654748861, 3.248511602886056338, -2.978613106294852653 ) ) ;
#6968 = ADVANCED_FACE ( 'NONE', ( #9041 ), #5730, .F. ) ;
#6969 = ORIENTED_EDGE ( 'NONE', *, *, #6046, .T. ) ;
#6970 = PLANE ( 'NONE',  #8734 ) ;
#6971 = CARTESIAN_POINT ( 'NONE',  ( 5.253222577959999917, 7.070001019719070356, -3.449999998694359693 ) ) ;
#6972 = B_SPLINE_CURVE_WITH_KNOTS ( 'NONE', 3,
 ( #8613, #7666, #6988, #3721, #3622, #1347, #9197, #2979, #4616, #10187 ),
 .UNSPECIFIED., .F., .F.,
 ( 4, 3, 3, 4 ),
 ( 0.000000000000000000, 6.541799445566768916E-05, 0.0001307420799340846770, 0.0002317766335965115720 ),
 .UNSPECIFIED. ) ;
#6973 = CARTESIAN_POINT ( 'NONE',  ( 4.596021456499700619, 2.848549288185069805, -3.937716203647060098 ) ) ;
#6974 = CARTESIAN_POINT ( 'NONE',  ( 4.102002908480000265, 8.116480177034000931, -2.754406084089002338 ) ) ;
#6975 = ORIENTED_EDGE ( 'NONE', *, *, #5988, .T. ) ;
#6976 = CARTESIAN_POINT ( 'NONE',  ( 5.685099295257932894, 3.096899604400937367, -2.749811636620497435 ) ) ;
#6977 = CARTESIAN_POINT ( 'NONE',  ( 4.677181825639032731, 3.005724475767944437, -4.005136965275434946 ) ) ;
#6978 = CARTESIAN_POINT ( 'NONE',  ( 2.667489296870200199, 2.592671698852069717, -3.237284743500560058 ) ) ;
#6979 = CARTESIAN_POINT ( 'NONE',  ( 4.956677804281099498, 3.127008902752069996, -2.694102057680560325 ) ) ;
#6980 = CARTESIAN_POINT ( 'NONE',  ( 5.051341311516227783, 3.179885597590125013, -2.602509863561732750 ) ) ;
#6981 = ADVANCED_FACE ( 'NONE', ( #8349 ), #9782, .T. ) ;
#6982 = CARTESIAN_POINT ( 'NONE',  ( 5.051148446622000243, 3.165967403560070448, -4.481749538652080034 ) ) ;
#6983 = CARTESIAN_POINT ( 'NONE',  ( 5.253222577959999917, 7.050001019498999710, -3.449999998694359693 ) ) ;
#6984 = CARTESIAN_POINT ( 'NONE',  ( 5.525330731447500199, 2.772564430366069921, -2.684965584881459755 ) ) ;
#6985 = CARTESIAN_POINT ( 'NONE',  ( 2.675599178412800150, 3.400373748932069784, -3.859960279797260085 ) ) ;
#6986 = CARTESIAN_POINT ( 'NONE',  ( 2.284285806500799598, 2.796194061858070068, -2.835758719678360240 ) ) ;
#6987 = ORIENTED_EDGE ( 'NONE', *, *, #6335, .F. ) ;
#6988 = CARTESIAN_POINT ( 'NONE',  ( 4.675641640754816919, 3.004754657211892166, -2.843992023110451406 ) ) ;
#6989 = CYLINDRICAL_SURFACE ( 'NONE', #5229, 0.1999999987799998546 ) ;
#6990 = ORIENTED_EDGE ( 'NONE', *, *, #9888, .F. ) ;
#6991 = FACE_OUTER_BOUND ( 'NONE', #4785, .T. ) ;
#6992 = VERTEX_POINT ( 'NONE', #7412 ) ;
#6993 = CARTESIAN_POINT ( 'NONE',  ( 1.750000000000000000, 8.500001019718999018, -2.149999999579999876 ) ) ;
#6994 = CARTESIAN_POINT ( 'NONE',  ( 2.062805253851999865, 3.134626639818069993, -4.454738588815080114 ) ) ;
#6995 = ORIENTED_EDGE ( 'NONE', *, *, #812, .T. ) ;
#6996 = ORIENTED_EDGE ( 'NONE', *, *, #9364, .T. ) ;
#6997 = EDGE_CURVE ( 'NONE', #7318, #3097, #2667, .T. ) ;
#6998 = CARTESIAN_POINT ( 'NONE',  ( 3.160479943892001486, 8.083850396004002903, -3.566501066451000845 ) ) ;
#6999 = CARTESIAN_POINT ( 'NONE',  ( 1.753222577960000139, 7.070001019719070356, -3.449999998694359693 ) ) ;
#7000 = CARTESIAN_POINT ( 'NONE',  ( 5.831786382687999648, 2.837173741779070113, -2.780818341389759585 ) ) ;
#7001 = EDGE_LOOP ( 'NONE', ( #1998, #5886, #2641, #433, #3687 ) ) ;
#7002 = DIRECTION ( 'NONE',  ( 0.000000000000000000, 1.000000000000000000, 0.000000000000000000 ) ) ;
#7003 = CARTESIAN_POINT ( 'NONE',  ( 4.824738561778730173, 3.098175328140097662, -4.353481558305788646 ) ) ;
#7004 = ORIENTED_EDGE ( 'NONE', *, *, #504, .F. ) ;
#7005 = ORIENTED_EDGE ( 'NONE', *, *, #7552, .T. ) ;
#7006 = AXIS2_PLACEMENT_3D ( 'NONE', #5622, #7099, #7306 ) ;
#7007 = CARTESIAN_POINT ( 'NONE',  ( 2.447393358183400203, 3.320836836993070307, -2.689240398960559997 ) ) ;
#7008 = CARTESIAN_POINT ( 'NONE',  ( 5.122682495803601910, 3.144139512308639528, -2.649999998694384296 ) ) ;
#7009 = CARTESIAN_POINT ( 'NONE',  ( 0.9590634492975499414, 2.771673088298459930, -3.944726498184799812 ) ) ;
#7010 = EDGE_CURVE ( 'NONE', #835, #8104, #9095, .T. ) ;
#7011 = ORIENTED_EDGE ( 'NONE', *, *, #9499, .F. ) ;
#7012 = EDGE_CURVE ( 'NONE', #6703, #5171, #4205, .T. ) ;
#7013 = DIRECTION ( 'NONE',  ( 0.000000000000000000, 1.000000000000000000, -1.166601537591698076E-12 ) ) ;
#7014 = CARTESIAN_POINT ( 'NONE',  ( 4.057770171509999635, 8.189734220892994188, -3.965284356587001291 ) ) ;
#7015 = CARTESIAN_POINT ( 'NONE',  ( 0.3000000002593999349, 0.7000000014231999579, -5.400000000000000355 ) ) ;
#7016 = CARTESIAN_POINT ( 'NONE',  ( 6.068636204391999911, 3.385714222616070135, -2.915084885333979692 ) ) ;
#7017 = EDGE_CURVE ( 'NONE', #5471, #8309, #1934, .T. ) ;
#7018 = ORIENTED_EDGE ( 'NONE', *, *, #4837, .T. ) ;
#7019 = DIRECTION ( 'NONE',  ( 0.000000000000000000, 0.000000000000000000, 1.000000000000000000 ) ) ;
#7020 = CARTESIAN_POINT ( 'NONE',  ( 5.553222577959994410, 7.070001019719070356, -2.133755340585450799 ) ) ;
#7021 = CARTESIAN_POINT ( 'NONE',  ( 6.131451383062599625, 2.648886241328070046, -3.458219249535059880 ) ) ;
#7022 = CARTESIAN_POINT ( 'NONE',  ( 5.158348767269997026, 8.117977106659006736, -2.110840217833001464 ) ) ;
#7023 = ORIENTED_EDGE ( 'NONE', *, *, #3601, .F. ) ;
#7024 = EDGE_CURVE ( 'NONE', #4794, #8032, #8301, .T. ) ;
#7025 = CARTESIAN_POINT ( 'NONE',  ( 5.810123217192582068, 3.020157314822743189, -2.665024386940564760 ) ) ;
#7026 = CARTESIAN_POINT ( 'NONE',  ( 0.7798785261071001784, 8.080726921341002011, -4.486580074125995132 ) ) ;
#7027 = CARTESIAN_POINT ( 'NONE',  ( 2.631451383062600069, 2.648886241328070046, -3.458219249535059880 ) ) ;
#7028 = CARTESIAN_POINT ( 'NONE',  ( 6.131936623468700276, 2.884433004764070052, -3.348010818746059769 ) ) ;
#7029 = CARTESIAN_POINT ( 'NONE',  ( 5.439411935057301584, 3.341743398537952547, -2.491866780720396246 ) ) ;
#7030 = DIRECTION ( 'NONE',  ( 0.000000000000000000, 1.000000000000000000, 0.000000000000000000 ) ) ;
#7031 = CARTESIAN_POINT ( 'NONE',  ( 5.253222577959999917, 0.8000000014230710388, -3.449999999994080024 ) ) ;
#7032 = CARTESIAN_POINT ( 'NONE',  ( 5.079518793484999684, 2.564744639465069920, -4.233903131572859913 ) ) ;
#7033 = AXIS2_PLACEMENT_3D ( 'NONE', #1509, #6641, #1153 ) ;
#7034 = CARTESIAN_POINT ( 'NONE',  ( 0.9963815218923010031, 3.090820105132070061, -4.036089537339960565 ) ) ;
#7035 = EDGE_CURVE ( 'NONE', #3942, #9910, #5392, .T. ) ;
#7036 = CARTESIAN_POINT ( 'NONE',  ( 1.351585093554000139, 2.848244207144070117, -2.501677623403959938 ) ) ;
#7037 = EDGE_LOOP ( 'NONE', ( #5048, #6158, #7480, #3038 ) ) ;
#7038 = DIRECTION ( 'NONE',  ( 0.000000000000000000, 1.000000000000000000, 0.000000000000000000 ) ) ;
#7039 = CARTESIAN_POINT ( 'NONE',  ( 0.9089381132106081340, 2.670001019719069113, -3.525682024275572424 ) ) ;
#7040 = CARTESIAN_POINT ( 'NONE',  ( 2.306962084829000226, 2.924599956972070203, -2.782949689957380013 ) ) ;
#7041 = AXIS2_PLACEMENT_3D ( 'NONE', #10051, #2843, #8321 ) ;
#7042 = ORIENTED_EDGE ( 'NONE', *, *, #7984, .T. ) ;
#7043 = CARTESIAN_POINT ( 'NONE',  ( 5.253222577959999917, -3.199999998576930071, -3.449999999994159960 ) ) ;
#7044 = ORIENTED_EDGE ( 'NONE', *, *, #4691, .F. ) ;
#7045 = DIRECTION ( 'NONE',  ( 0.000000000000000000, 1.000000000000000000, 0.000000000000000000 ) ) ;
#7046 = CARTESIAN_POINT ( 'NONE',  ( 2.462208187282000083, 3.096903357887069941, -2.913338641919480221 ) ) ;
#7047 = ORIENTED_EDGE ( 'NONE', *, *, #4706, .F. ) ;
#7048 = AXIS2_PLACEMENT_3D ( 'NONE', #918, #1553, #7188 ) ;
#7049 = ORIENTED_EDGE ( 'NONE', *, *, #2205, .T. ) ;
#7050 = CARTESIAN_POINT ( 'NONE',  ( 1.476584000338999170, 8.117723095685002832, -2.135849941434999621 ) ) ;
#7051 = DIRECTION ( 'NONE',  ( 0.000000000000000000, 0.000000000000000000, 1.000000000000000000 ) ) ;
#7052 = CARTESIAN_POINT ( 'NONE',  ( 5.459493081714500207, 3.060910890576070020, -4.458999738743360197 ) ) ;
#7053 = APPLICATION_PROTOCOL_DEFINITION ( 'international standard', 'config_control_design', 1994, #1918 ) ;
#7054 = ORIENTED_EDGE ( 'NONE', *, *, #9888, .T. ) ;
#7055 = DIRECTION ( 'NONE',  ( 6.380943337820032240E-13, -0.9902259409882563368, 0.1394725270220710800 ) ) ;
#7056 = CARTESIAN_POINT ( 'NONE',  ( 5.495386542561834453, 2.766213886806722755, -4.221884301799120998 ) ) ;
#7057 = ORIENTED_EDGE ( 'NONE', *, *, #8860, .T. ) ;
#7058 = TOROIDAL_SURFACE ( 'NONE', #6048, 0.5999999999999999778, 0.2000000000000000111 ) ;
#7059 = EDGE_CURVE ( 'NONE', #1291, #331, #6725, .T. ) ;
#7060 = VERTEX_POINT ( 'NONE', #935 ) ;
#7061 = CARTESIAN_POINT ( 'NONE',  ( 1.377105089444100150, 3.249947942516069777, -2.491269781933459715 ) ) ;
#7062 = CARTESIAN_POINT ( 'NONE',  ( 5.253222577959999917, 0.7000000014231969603, -3.449999999994080024 ) ) ;
#7063 = LINE ( 'NONE', #4527, #4018 ) ;
#7064 = VERTEX_POINT ( 'NONE', #1041 ) ;
#7065 = VECTOR ( 'NONE', #586, 1000.000000000000000 ) ;
#7066 = DIRECTION ( 'NONE',  ( 0.000000000000000000, 0.000000000000000000, 1.000000000000000000 ) ) ;
#7067 = CARTESIAN_POINT ( 'NONE',  ( 0.6532225779590010717, 4.254481236143949907, -1.267883465059339798 ) ) ;
#7068 = LINE ( 'NONE', #7125, #4246 ) ;
#7069 = CARTESIAN_POINT ( 'NONE',  ( 6.300433042655000371, 3.459249672018070321, -3.357305657884950278 ) ) ;
#7070 = ORIENTED_EDGE ( 'NONE', *, *, #4460, .F. ) ;
#7071 = AXIS2_PLACEMENT_3D ( 'NONE', #70, #3284, #9597 ) ;
#7072 = DIRECTION ( 'NONE',  ( 0.000000000000000000, -1.000000000000000000, 0.000000000000000000 ) ) ;
#7073 = DIRECTION ( 'NONE',  ( 0.000000000000000000, -1.000000000000000000, 0.000000000000000000 ) ) ;
#7074 = CARTESIAN_POINT ( 'NONE',  ( 1.058054147928809030, 3.341743398535572229, -3.845905105870277563 ) ) ;
#7075 = CARTESIAN_POINT ( 'NONE',  ( 3.998635809659999207, 8.189645661711001168, -3.102142837170999812 ) ) ;
#7076 = EDGE_LOOP ( 'NONE', ( #4326, #7366, #1120, #10377, #9569 ) ) ;
#7077 = CARTESIAN_POINT ( 'NONE',  ( 4.953222577959999207, 7.270001019719069646, -2.339819833135567517 ) ) ;
#7078 = CARTESIAN_POINT ( 'NONE',  ( 2.459468929120030012, 2.885681333438499863, -3.825787294212910084 ) ) ;
#7079 = CARTESIAN_POINT ( 'NONE',  ( 2.727414901660999647, 2.588681726119069992, -3.808428552154059954 ) ) ;
#7080 = AXIS2_PLACEMENT_3D ( 'NONE', #6485, #9208, #4210 ) ;
#7081 = VECTOR ( 'NONE', #325, 999.9999999999998863 ) ;
#7082 = CARTESIAN_POINT ( 'NONE',  ( 4.496381521892300448, 3.090820105132070061, -4.036089537339960565 ) ) ;
#7083 = DIRECTION ( 'NONE',  ( 0.000000000000000000, -0.9902259409886784436, 0.1394725270190740607 ) ) ;
#7084 = CARTESIAN_POINT ( 'NONE',  ( 5.645295342552000051, 3.068049434935069986, -2.680172201194279680 ) ) ;
#7085 = EDGE_CURVE ( 'NONE', #3638, #3834, #2618, .T. ) ;
#7086 = EDGE_CURVE ( 'NONE', #7675, #9071, #4252, .T. ) ;
#7087 = CARTESIAN_POINT ( 'NONE',  ( 4.926214893936119665, 3.142256929374910523, -4.321519923347930003 ) ) ;
#7088 = AXIS2_PLACEMENT_3D ( 'NONE', #2104, #10154, #2835 ) ;
#7089 = CARTESIAN_POINT ( 'NONE',  ( 4.273873805029699824, 2.753725681174070239, -3.768597270595960058 ) ) ;
#7090 = AXIS2_PLACEMENT_3D ( 'NONE', #7488, #276, #3597 ) ;
#7091 = CARTESIAN_POINT ( 'NONE',  ( 2.706693430536500244, 3.327116420057069757, -3.365119720870149767 ) ) ;
#7092 = CARTESIAN_POINT ( 'NONE',  ( 1.379909031321999935, 2.807264527223069628, -2.568554409024260021 ) ) ;
#7093 = ORIENTED_EDGE ( 'NONE', *, *, #2980, .F. ) ;
#7094 = CARTESIAN_POINT ( 'NONE',  ( 0.3532225788789999932, 8.090000782891999975, -3.449999999580000143 ) ) ;
#7095 = CARTESIAN_POINT ( 'NONE',  ( 0.9532225779590010051, 2.767681914086459916, -1.009946619339350038 ) ) ;
#7096 = AXIS2_PLACEMENT_3D ( 'NONE', #5450, #3389, #8861 ) ;
#7097 = FACE_OUTER_BOUND ( 'NONE', #2039, .T. ) ;
#7098 = VECTOR ( 'NONE', #494, 1000.000000000000000 ) ;
#7099 = DIRECTION ( 'NONE',  ( 0.000000000000000000, -1.000000000000000000, 0.000000000000000000 ) ) ;
#7100 = EDGE_CURVE ( 'NONE', #5938, #10282, #5832, .T. ) ;
#7101 = PLANE ( 'NONE',  #2820 ) ;
#7102 = ORIENTED_EDGE ( 'NONE', *, *, #6044, .T. ) ;
#7103 = CARTESIAN_POINT ( 'NONE',  ( 3.953222577960699535, 4.700001019498999177, -5.249999999994080291 ) ) ;
#7104 = CARTESIAN_POINT ( 'NONE',  ( 2.112107709117999832, 3.110251444151070022, -2.745335520617679936 ) ) ;
#7105 = VECTOR ( 'NONE', #566, 999.9999999999998863 ) ;
#7106 = ORIENTED_EDGE ( 'NONE', *, *, #2602, .T. ) ;
#7107 = ORIENTED_EDGE ( 'NONE', *, *, #6612, .F. ) ;
#7108 = CARTESIAN_POINT ( 'NONE',  ( 1.148937026488999757, 8.275649245589994152, -2.292219512584000363 ) ) ;
#7109 = LINE ( 'NONE', #7942, #9088 ) ;
#7110 = CARTESIAN_POINT ( 'NONE',  ( 4.382259717388500064, 2.760005264238070133, -3.052843808973359607 ) ) ;
#7111 = CARTESIAN_POINT ( 'NONE',  ( 5.000661287432206947, 3.341743398537952991, -2.630039169362518692 ) ) ;
#7112 = ORIENTED_EDGE ( 'NONE', *, *, #504, .T. ) ;
#7113 = EDGE_CURVE ( 'NONE', #2873, #9313, #250, .T. ) ;
#7114 = CARTESIAN_POINT ( 'NONE',  ( 0.6532225779587990111, 3.583840959242849955, -1.375398428162210029 ) ) ;
#7115 = VECTOR ( 'NONE', #2272, 1000.000000000000000 ) ;
#7116 = CARTESIAN_POINT ( 'NONE',  ( 7.000000000000000000, 4.700001019498999177, -6.250000000000000000 ) ) ;
#7117 = ORIENTED_EDGE ( 'NONE', *, *, #3539, .F. ) ;
#7118 = CARTESIAN_POINT ( 'NONE',  ( 1.085622404376600070, 2.783634895731070369, -2.763982989002160107 ) ) ;
#7119 = CARTESIAN_POINT ( 'NONE',  ( 2.538986474534600024, 3.263939748560070075, -3.615082135481559877 ) ) ;
#7120 = CARTESIAN_POINT ( 'NONE',  ( 1.753222577963000184, -3.199999998576930071, -3.449999999994159960 ) ) ;
#7121 = ORIENTED_EDGE ( 'NONE', *, *, #9691, .T. ) ;
#7122 = CIRCLE ( 'NONE', #8627, 0.1999999999999996503 ) ;
#7123 = CARTESIAN_POINT ( 'NONE',  ( 1.750000005291602045, 8.263201068284223183, -4.749998831476114347 ) ) ;
#7124 = CARTESIAN_POINT ( 'NONE',  ( 2.053222577959999740, 7.270001019719069646, -2.339819833135567517 ) ) ;
#7125 = CARTESIAN_POINT ( 'NONE',  ( 0.3532225779600010052, 4.600000001878890465, -4.449994381919780473 ) ) ;
#7126 = CARTESIAN_POINT ( 'NONE',  ( 5.814712059692999979, 3.437541828181069903, -4.152234075859479567 ) ) ;
#7127 = ORIENTED_EDGE ( 'NONE', *, *, #2867, .F. ) ;
#7128 = B_SPLINE_CURVE_WITH_KNOTS ( 'NONE', 3,
 ( #8013, #9801, #2433, #8854, #10378, #4857, #8750, #9694, #9746, #9591, #2537, #7178, #5752, #8062 ),
 .UNSPECIFIED., .F., .F.,
 ( 4, 2, 2, 2, 2, 2, 4 ),
 ( -0.003766563141661367214, -0.003452674239676481981, -0.003138785337691596747, -0.002511007533721824978, -0.002197118631736938443, -0.001883229729752051258, -0.001255451925782277104 ),
 .UNSPECIFIED. ) ;
#7129 = FACE_OUTER_BOUND ( 'NONE', #337, .T. ) ;
#7130 = CARTESIAN_POINT ( 'NONE',  ( 5.553222577960001516, 7.175924997443616782, -2.156821394748891230 ) ) ;
#7131 = CARTESIAN_POINT ( 'NONE',  ( 6.053222577959600059, 1.845643532497549755, -4.466570833832359533 ) ) ;
#7132 = CARTESIAN_POINT ( 'NONE',  ( 6.547191896929995814, 8.193304241224998563, -3.428794867617000808 ) ) ;
#7133 = VERTEX_POINT ( 'NONE', #9198 ) ;
#7134 = LINE ( 'NONE', #10337, #8405 ) ;
#7135 = CARTESIAN_POINT ( 'NONE',  ( 3.001369319030999794, 8.193242839792002741, -3.797835070796998114 ) ) ;
#7136 = CARTESIAN_POINT ( 'NONE',  ( 1.753222577960000139, 2.670001019719070001, -2.749999998694359959 ) ) ;
#7137 = CARTESIAN_POINT ( 'NONE',  ( 5.811420001925100109, 3.037281259083069784, -4.315473067032260523 ) ) ;
#7138 = CARTESIAN_POINT ( 'NONE',  ( 2.494791006837860259, 2.844076093714229980, -3.750127081904520043 ) ) ;
#7139 = CARTESIAN_POINT ( 'NONE',  ( 5.902194953410999645, 3.139105367103069977, -2.958765210761180153 ) ) ;
#7140 = CARTESIAN_POINT ( 'NONE',  ( 0.9532225779590010051, 2.742401317444509878, -1.256882331665519992 ) ) ;
#7141 = CARTESIAN_POINT ( 'NONE',  ( 4.624760767282499963, 2.607157009919069957, -3.964155367318859646 ) ) ;
#7142 = CARTESIAN_POINT ( 'NONE',  ( 1.023702019352999981, 3.079749639767070057, -3.093460721539159852 ) ) ;
#7143 = CARTESIAN_POINT ( 'NONE',  ( 2.098346297473900002, 2.895503470129070056, -2.479681693023759959 ) ) ;
#7144 = EDGE_CURVE ( 'NONE', #3707, #9638, #7667, .T. ) ;
#7145 = ORIENTED_EDGE ( 'NONE', *, *, #2629, .T. ) ;
#7146 = EDGE_CURVE ( 'NONE', #1274, #6172, #2194, .T. ) ;
#7147 = DIRECTION ( 'NONE',  ( 0.000000000000000000, 1.000000000000000000, 0.000000000000000000 ) ) ;
#7148 = PLANE ( 'NONE',  #1715 ) ;
#7149 = CARTESIAN_POINT ( 'NONE',  ( 0.9532225779590010051, 2.767681914086459916, -1.009946619339350038 ) ) ;
#7150 = LINE ( 'NONE', #5668, #6332 ) ;
#7151 = LINE ( 'NONE', #6354, #4172 ) ;
#7152 = EDGE_LOOP ( 'NONE', ( #2932, #7790, #1758, #9284 ) ) ;
#7153 = DIRECTION ( 'NONE',  ( -1.000000000000000000, 0.000000000000000000, 0.000000000000000000 ) ) ;
#7154 = ADVANCED_FACE ( 'NONE', ( #6938 ), #2089, .F. ) ;
#7155 = CARTESIAN_POINT ( 'NONE',  ( 2.522221421149000165, 3.054701348671069905, -2.867912073077879764 ) ) ;
#7156 = EDGE_LOOP ( 'NONE', ( #5805, #8082, #5388, #3469, #9645, #7719 ) ) ;
#7157 = EDGE_LOOP ( 'NONE', ( #9515, #4951, #1059, #9799, #7220, #2461, #824, #9344, #5941, #2154, #9990, #2520, #2908, #6833 ) ) ;
#7158 = ADVANCED_FACE ( 'NONE', ( #3669 ), #3723, .F. ) ;
#7159 = FACE_OUTER_BOUND ( 'NONE', #3938, .T. ) ;
#7160 = CARTESIAN_POINT ( 'NONE',  ( 3.199999999741000245, 0.7000000014231999579, -5.400000000000000355 ) ) ;
#7161 = CARTESIAN_POINT ( 'NONE',  ( 4.585622404376599626, 2.783634895731070369, -2.763982989002160107 ) ) ;
#7162 = DIRECTION ( 'NONE',  ( 1.929879867024193046E-11, 0.000000000000000000, -1.000000000000000000 ) ) ;
#7163 = ORIENTED_EDGE ( 'NONE', *, *, #5242, .T. ) ;
#7164 = DIRECTION ( 'NONE',  ( 1.000000000000000000, 0.000000000000000000, 0.000000000000000000 ) ) ;
#7165 = DIRECTION ( 'NONE',  ( 0.000000000000000000, 1.000000000000000000, 0.000000000000000000 ) ) ;
#7166 = ORIENTED_EDGE ( 'NONE', *, *, #2729, .T. ) ;
#7167 = CARTESIAN_POINT ( 'NONE',  ( 1.379909031321999935, 2.807264527223069628, -2.568554409024260021 ) ) ;
#7168 = LINE ( 'NONE', #7218, #3534 ) ;
#7169 = DIRECTION ( 'NONE',  ( 0.000000000000000000, -1.000000000000000000, 0.000000000000000000 ) ) ;
#7170 = ORIENTED_EDGE ( 'NONE', *, *, #10009, .F. ) ;
#7171 = EDGE_CURVE ( 'NONE', #5672, #4766, #1979, .T. ) ;
#7172 = CARTESIAN_POINT ( 'NONE',  ( 4.153222577959000184, 3.583840959242920121, -1.375398428162259989 ) ) ;
#7173 = CARTESIAN_POINT ( 'NONE',  ( 7.000000000000000000, 4.700001019498999177, -6.899999999161000375 ) ) ;
#7174 = DIRECTION ( 'NONE',  ( 0.000000000000000000, -1.000000000000000000, 0.000000000000000000 ) ) ;
#7175 = CARTESIAN_POINT ( 'NONE',  ( 4.797116761942599616, 3.291691931390070103, -2.588024921583480076 ) ) ;
#7176 = AXIS2_PLACEMENT_3D ( 'NONE', #2836, #6800, #5164 ) ;
#7177 = ORIENTED_EDGE ( 'NONE', *, *, #794, .T. ) ;
#7178 = CARTESIAN_POINT ( 'NONE',  ( 2.171720436160138323, 3.018870468060097956, -2.737042966325009985 ) ) ;
#7179 = CARTESIAN_POINT ( 'NONE',  ( 4.595867617767220636, 2.936120290326039939, -3.905939534792199908 ) ) ;
#7180 = CARTESIAN_POINT ( 'NONE',  ( 5.523577847870005719, 8.118483696632997848, -2.135883902423999281 ) ) ;
#7181 = ORIENTED_EDGE ( 'NONE', *, *, #1155, .T. ) ;
#7182 = FACE_OUTER_BOUND ( 'NONE', #3595, .T. ) ;
#7183 = CARTESIAN_POINT ( 'NONE',  ( 2.187548828247998678, 8.277138743054997860, -4.678937776849001473 ) ) ;
#7184 = CARTESIAN_POINT ( 'NONE',  ( 4.419957072025082923, 3.341743398537953436, -3.606026984783562206 ) ) ;
#7185 = CARTESIAN_POINT ( 'NONE',  ( 5.246743852880819681, 2.633208986486069936, -4.388174138367060273 ) ) ;
#7186 = FACE_OUTER_BOUND ( 'NONE', #2118, .T. ) ;
#7187 = CARTESIAN_POINT ( 'NONE',  ( 5.562805253849000486, 3.134626639818069993, -4.454738588815080114 ) ) ;
#7188 = DIRECTION ( 'NONE',  ( 1.000000000000000000, 0.000000000000000000, 0.000000000000000000 ) ) ;
#7189 = EDGE_CURVE ( 'NONE', #2092, #2090, #9256, .T. ) ;
#7190 = CARTESIAN_POINT ( 'NONE',  ( 6.112680646618000146, 3.401077617104069972, -3.973704748089360361 ) ) ;
#7191 = CARTESIAN_POINT ( 'NONE',  ( 2.098026588600399922, 3.256227525579070470, -2.557016532341159998 ) ) ;
#7192 = CARTESIAN_POINT ( 'NONE',  ( 2.590729562304999956, 2.641913906896069975, -3.852532268552179673 ) ) ;
#7193 = CARTESIAN_POINT ( 'NONE',  ( 0.000000000000000000, 1.019498654400000011E-06, -6.249999999998999911 ) ) ;
#7194 = ORIENTED_EDGE ( 'NONE', *, *, #3417, .T. ) ;
#7195 = PLANE ( 'NONE',  #10284 ) ;
#7196 = CARTESIAN_POINT ( 'NONE',  ( 6.399999999740000334, 0.7000000014231999579, -5.400000000000000355 ) ) ;
#7197 = DIRECTION ( 'NONE',  ( 0.9386003301508081265, 0.3450064060866030458, -2.215098732986950133E-10 ) ) ;
#7198 = DIRECTION ( 'NONE',  ( 0.000000000000000000, -1.000000000000000000, 0.000000000000000000 ) ) ;
#7199 = ORIENTED_EDGE ( 'NONE', *, *, #8191, .F. ) ;
#7200 = EDGE_CURVE ( 'NONE', #3631, #3198, #3328, .T. ) ;
#7201 = CARTESIAN_POINT ( 'NONE',  ( 1.753222577960000139, 2.370001019719070179, -4.149999998694359427 ) ) ;
#7202 = EDGE_CURVE ( 'NONE', #8425, #9717, #4617, .T. ) ;
#7203 = CARTESIAN_POINT ( 'NONE',  ( 6.071914215450600061, 3.365012485787069796, -3.904189745908059894 ) ) ;
#7204 = ORIENTED_EDGE ( 'NONE', *, *, #2814, .T. ) ;
#7205 = ORIENTED_EDGE ( 'NONE', *, *, #1858, .T. ) ;
#7206 = CIRCLE ( 'NONE', #9552, 1.399999999080000057 ) ;
#7207 = DIRECTION ( 'NONE',  ( 1.000000000000000000, 0.000000000000000000, 0.000000000000000000 ) ) ;
#7208 = CARTESIAN_POINT ( 'NONE',  ( 0.5529350288807559632, 8.261455394559845899, -2.932689559396528090 ) ) ;
#7209 = CARTESIAN_POINT ( 'NONE',  ( 5.979151730528803554, 3.205601517646084808, -3.828577752574786608 ) ) ;
#7210 = ORIENTED_EDGE ( 'NONE', *, *, #389, .F. ) ;
#7211 = DIRECTION ( 'NONE',  ( 0.000000000000000000, 1.000000000000000000, 0.000000000000000000 ) ) ;
#7212 = CARTESIAN_POINT ( 'NONE',  ( 5.250000000000000000, 8.500001019718999018, -3.449999999580000143 ) ) ;
#7213 = ORIENTED_EDGE ( 'NONE', *, *, #837, .T. ) ;
#7214 = EDGE_CURVE ( 'NONE', #10382, #5471, #1360, .T. ) ;
#7215 = EDGE_CURVE ( 'NONE', #1772, #2880, #5570, .T. ) ;
#7216 = VECTOR ( 'NONE', #2592, 1000.000000000000114 ) ;
#7217 = CARTESIAN_POINT ( 'NONE',  ( 2.749625697243500255, 2.990021996099070378, -3.710401266013360289 ) ) ;
#7218 = CARTESIAN_POINT ( 'NONE',  ( 6.699999999740000156, 0.7000000014231999579, 0.000000000000000000 ) ) ;
#7219 = CARTESIAN_POINT ( 'NONE',  ( 4.445594397949399479, 2.812512392606069778, -4.059726931331080202 ) ) ;
#7220 = ORIENTED_EDGE ( 'NONE', *, *, #4314, .T. ) ;
#7221 = CARTESIAN_POINT ( 'NONE',  ( 1.959539515464822079, 2.883044719251746102, -2.462455968528419525 ) ) ;
#7222 = AXIS2_PLACEMENT_3D ( 'NONE', #1396, #6144, #5345 ) ;
#7223 = CARTESIAN_POINT ( 'NONE',  ( 5.511641780640999855, 3.017074006525069851, -4.197002057637579497 ) ) ;
#7224 = CARTESIAN_POINT ( 'NONE',  ( 2.405226823599970309, 3.004321999899539630, -2.687474974792490201 ) ) ;
#7225 = EDGE_CURVE ( 'NONE', #1543, #1647, #7718, .T. ) ;
#7226 = B_SPLINE_CURVE_WITH_KNOTS ( 'NONE', 3,
 ( #3730, #4672, #1512, #4731 ),
 .UNSPECIFIED., .F., .F.,
 ( 4, 4 ),
 ( 1.262060444046142352E-13, 0.0002339456928090501164 ),
 .UNSPECIFIED. ) ;
#7227 = ORIENTED_EDGE ( 'NONE', *, *, #3799, .F. ) ;
#7228 = CARTESIAN_POINT ( 'NONE',  ( 2.576858122070280199, 2.723929598070800484, -3.913508108018040055 ) ) ;
#7229 = CARTESIAN_POINT ( 'NONE',  ( 5.881585542801060384, 2.962797451606180132, -2.773230327114689864 ) ) ;
#7230 = CIRCLE ( 'NONE', #2680, 0.1000000000000000472 ) ;
#7231 = CARTESIAN_POINT ( 'NONE',  ( 5.850968926340002874, 8.277369126119998199, -2.292165086038000954 ) ) ;
#7232 = ORIENTED_EDGE ( 'NONE', *, *, #2066, .F. ) ;
#7233 = LINE ( 'NONE', #5650, #5905 ) ;
#7234 = CARTESIAN_POINT ( 'NONE',  ( 0.4567444626393000195, 8.116270335098000999, -3.809502985058002000 ) ) ;
#7235 = CARTESIAN_POINT ( 'NONE',  ( 1.653095417190000971, 8.081892986539001456, -2.033580568810998468 ) ) ;
#7236 = CARTESIAN_POINT ( 'NONE',  ( 5.317764429413969651, 2.545631157653069909, -4.241544293378059827 ) ) ;
#7237 = CARTESIAN_POINT ( 'NONE',  ( 5.221038875699132831, 3.201520673312933774, -2.563310362007477305 ) ) ;
#7238 = ADVANCED_FACE ( 'NONE', ( #10188 ), #6040, .T. ) ;
#7239 = CARTESIAN_POINT ( 'NONE',  ( 4.900952431917976249, 2.726533111834736012, -2.709906721002904639 ) ) ;
#7240 = CARTESIAN_POINT ( 'NONE',  ( 5.343083609830980407, 3.396197453028070079, -2.636547274845860045 ) ) ;
#7241 = CARTESIAN_POINT ( 'NONE',  ( 1.959493081714500207, 3.060910890576070020, -4.458999738743360197 ) ) ;
#7242 = CARTESIAN_POINT ( 'NONE',  ( 6.553222577958000450, 4.400000001423070017, -1.549999999994079891 ) ) ;
#7243 = VECTOR ( 'NONE', #6505, 1000.000000000000000 ) ;
#7244 = DIRECTION ( 'NONE',  ( 1.000000000000000000, 0.000000000000000000, 0.000000000000000000 ) ) ;
#7245 = VERTEX_POINT ( 'NONE', #454 ) ;
#7246 = CARTESIAN_POINT ( 'NONE',  ( -10.50000000000000000, 4.700001019498999177, 0.000000000000000000 ) ) ;
#7247 = LINE ( 'NONE', #5567, #7440 ) ;
#7248 = EDGE_CURVE ( 'NONE', #8643, #5530, #3827, .T. ) ;
#7249 = CARTESIAN_POINT ( 'NONE',  ( 2.688466770625999924, 3.040970210678070274, -3.726346320899780018 ) ) ;
#7250 = DIRECTION ( 'NONE',  ( -0.9999790310276358563, 0.000000000000000000, -0.006475917311892210280 ) ) ;
#7251 = AXIS2_PLACEMENT_3D ( 'NONE', #7149, #7197, #9506 ) ;
#7252 = ORIENTED_EDGE ( 'NONE', *, *, #6890, .T. ) ;
#7253 = AXIS2_PLACEMENT_3D ( 'NONE', #10193, #1458, #674 ) ;
#7254 = DIRECTION ( 'NONE',  ( 0.000000000000000000, 0.000000000000000000, 1.000000000000000000 ) ) ;
#7255 = B_SPLINE_CURVE_WITH_KNOTS ( 'NONE', 3,
 ( #8252, #5102, #1937, #3463, #410, #8304, #1095 ),
 .UNSPECIFIED., .F., .F.,
 ( 4, 1, 1, 1, 4 ),
 ( 0.009226865138229159782, 0.1327288504517949996, 0.4504764042119570044, 0.7682239579721190648, 0.9908064455145780824 ),
 .UNSPECIFIED. ) ;
#7256 = CARTESIAN_POINT ( 'NONE',  ( 5.930904809282100842, 3.285641942036070073, -3.862835021021460147 ) ) ;
#7257 = ORIENTED_EDGE ( 'NONE', *, *, #6656, .T. ) ;
#7258 = EDGE_LOOP ( 'NONE', ( #6280, #9424, #6736, #5485 ) ) ;
#7259 = VECTOR ( 'NONE', #4424, 1000.000000000000000 ) ;
#7260 = AXIS2_PLACEMENT_3D ( 'NONE', #7325, #105, #4 ) ;
#7261 = CARTESIAN_POINT ( 'NONE',  ( 3.048877298315000761, 8.278340395283001030, -3.522553410902001580 ) ) ;
#7262 = CARTESIAN_POINT ( 'NONE',  ( 0.4500013652254326590, 8.261300776087312059, -3.391824460217150783 ) ) ;
#7263 = CARTESIAN_POINT ( 'NONE',  ( 5.660217142885879404, 3.108690256364480486, -2.761269794976789704 ) ) ;
#7264 = VERTEX_POINT ( 'NONE', #9298 ) ;
#7265 = CARTESIAN_POINT ( 'NONE',  ( 6.353222577958899997, 4.200000001423520146, -1.664158040310059983 ) ) ;
#7266 = CARTESIAN_POINT ( 'NONE',  ( 4.307859178625900398, 2.892293500142069984, -3.014102717650780416 ) ) ;
#7267 = ORIENTED_EDGE ( 'NONE', *, *, #3825, .F. ) ;
#7268 = AXIS2_PLACEMENT_3D ( 'NONE', #9700, #4863, #8219 ) ;
#7269 = CARTESIAN_POINT ( 'NONE',  ( 2.025330731447500199, 2.772564430366069921, -2.684965584881459755 ) ) ;
#7270 = CARTESIAN_POINT ( 'NONE',  ( 2.675599178412800150, 3.400373748932069784, -3.859960279797260085 ) ) ;
#7271 = LINE ( 'NONE', #55, #5029 ) ;
#7272 = EDGE_LOOP ( 'NONE', ( #9350, #8068, #7166, #2061 ) ) ;
#7273 = EDGE_CURVE ( 'NONE', #3638, #9401, #508, .T. ) ;
#7274 = PRODUCT_DEFINITION ( 'UNKNOWN', '', #7619, #6723 ) ;
#7275 = DIRECTION ( 'NONE',  ( 0.000000000000000000, 0.9999999999990646371, 1.367823383312432832E-06 ) ) ;
#7276 = EDGE_CURVE ( 'NONE', #8845, #7620, #3544, .T. ) ;
#7277 = AXIS2_PLACEMENT_3D ( 'NONE', #1285, #7658, #398 ) ;
#7278 = FACE_OUTER_BOUND ( 'NONE', #673, .T. ) ;
#7279 = CARTESIAN_POINT ( 'NONE',  ( 5.807434206732001059, 3.001877323247070350, -2.606167362978779600 ) ) ;
#7280 = FACE_BOUND ( 'NONE', #5592, .T. ) ;
#7281 = VERTEX_POINT ( 'NONE', #2140 ) ;
#7282 = ORIENTED_EDGE ( 'NONE', *, *, #6382, .F. ) ;
#7283 = CARTESIAN_POINT ( 'NONE',  ( 2.549063372554100315, 2.769079335479809778, -3.745360157368149867 ) ) ;
#7284 = EDGE_CURVE ( 'NONE', #4668, #5260, #5351, .T. ) ;
#7285 = AXIS2_PLACEMENT_3D ( 'NONE', #432, #3648, #9323 ) ;
#7286 = FACE_OUTER_BOUND ( 'NONE', #2269, .T. ) ;
#7287 = CARTESIAN_POINT ( 'NONE',  ( 6.263034213910001036, 8.277943769393996121, -2.628111504292002465 ) ) ;
#7288 = EDGE_LOOP ( 'NONE', ( #4167, #115, #6859, #7844 ) ) ;
#7289 = CARTESIAN_POINT ( 'NONE',  ( 5.146293367676651798, 3.076762022454576417, -4.447791836801350485 ) ) ;
#7290 = CARTESIAN_POINT ( 'NONE',  ( 1.131735872438999646, 8.117237000978002825, -4.641431606459001991 ) ) ;
#7291 = DIRECTION ( 'NONE',  ( -0.7239868389636338053, -1.019569797905139667E-07, -0.6898137842979329415 ) ) ;
#7292 = ADVANCED_FACE ( 'NONE', ( #3777 ), #6989, .F. ) ;
#7293 = CARTESIAN_POINT ( 'NONE',  ( 5.048445168330699673, 2.646703999307070010, -4.374134458034659723 ) ) ;
#7294 = DIRECTION ( 'NONE',  ( -1.000000000000000000, 0.000000000000000000, 0.000000000000000000 ) ) ;
#7295 = ORIENTED_EDGE ( 'NONE', *, *, #5055, .T. ) ;
#7296 = CARTESIAN_POINT ( 'NONE',  ( 5.553222577960000628, 7.050001019498999710, -4.766244656803360513 ) ) ;
#7297 = CARTESIAN_POINT ( 'NONE',  ( 4.293313804527700839, 3.191094707447069911, -3.054915997531660210 ) ) ;
#7298 = CARTESIAN_POINT ( 'NONE',  ( 2.379286958875099778, 2.878153421700070158, -2.725877963101159818 ) ) ;
#7299 = DIRECTION ( 'NONE',  ( -0.01437837135889036451, -0.000000000000000000, -0.9998966258754281577 ) ) ;
#7300 = CARTESIAN_POINT ( 'NONE',  ( 0.000000000000000000, 4.700001019498999177, -5.400000000000000355 ) ) ;
#7301 = ORIENTED_EDGE ( 'NONE', *, *, #8828, .T. ) ;
#7302 = CARTESIAN_POINT ( 'NONE',  ( 0.8276451599707009832, 3.136329890962069822, -3.919917720438660158 ) ) ;
#7303 = EDGE_CURVE ( 'NONE', #3516, #8643, #4033, .T. ) ;
#7304 = CARTESIAN_POINT ( 'NONE',  ( 3.049999967471999973, 8.265024157077000666, -3.449999886680999772 ) ) ;
#7305 = CARTESIAN_POINT ( 'NONE',  ( 2.237629154782999841, 2.918395813075070233, -2.735201062294379870 ) ) ;
#7306 = DIRECTION ( 'NONE',  ( 7.310775249069752521E-11, 0.000000000000000000, 1.000000000000000000 ) ) ;
#7307 = ORIENTED_EDGE ( 'NONE', *, *, #9671, .T. ) ;
#7308 = CARTESIAN_POINT ( 'NONE',  ( 0.000000000000000000, 1.019498654386999962E-06, -6.249999999998999911 ) ) ;
#7309 = CARTESIAN_POINT ( 'NONE',  ( 4.850246498908830972, 2.952150143607374932, -2.751035652883959681 ) ) ;
#7310 = VERTEX_POINT ( 'NONE', #3878 ) ;
#7311 = ORIENTED_EDGE ( 'NONE', *, *, #4585, .T. ) ;
#7312 = CARTESIAN_POINT ( 'NONE',  ( 0.6532225779590019599, 4.700001019498989407, -1.549999999994079891 ) ) ;
#7313 = CARTESIAN_POINT ( 'NONE',  ( 5.253222577959998141, 2.754533156597670285, -2.649999998694358538 ) ) ;
#7314 = CARTESIAN_POINT ( 'NONE',  ( -0.4999999982212999794, 3.800001019718999729, -2.299999998059000017 ) ) ;
#7315 = ORIENTED_EDGE ( 'NONE', *, *, #534, .F. ) ;
#7316 = DIRECTION ( 'NONE',  ( 0.3420304964574471529, -0.9305042781929943052, 0.1310607788684590158 ) ) ;
#7317 = CARTESIAN_POINT ( 'NONE',  ( 4.728667939830500266, 2.785915983267619911, -2.871546468843109601 ) ) ;
#7318 = VERTEX_POINT ( 'NONE', #878 ) ;
#7319 = B_SPLINE_SURFACE_WITH_KNOTS ( 'NONE', 3, 3, ( 
 ( #940, #9487, #7367, #8200 ),
 ( #991, #8694, #9836, #2623 ),
 ( #8893, #6582, #3316, #6527 ),
 ( #4202, #6479, #150, #5046 ),
 ( #4153, #9683, #3368, #7469 ),
 ( #9788, #2578, #5787, #5492 ) ),
 .UNSPECIFIED., .F., .F., .F.,
 ( 4, 1, 1, 4 ),
 ( 4, 4 ),
 ( 0.000000000000000000, 0.3748601814958110179, 0.8197430545731440032, 1.000000000000000000 ),
 ( 0.000000000000000000, 1.000000000000000000 ),
 .UNSPECIFIED. ) ;
#7320 = DIRECTION ( 'NONE',  ( 0.000000000000000000, -1.000000000000000000, 0.000000000000000000 ) ) ;
#7321 = CARTESIAN_POINT ( 'NONE',  ( 2.599299166489900337, 2.901783053193069950, -3.002268228768260272 ) ) ;
#7322 = CARTESIAN_POINT ( 'NONE',  ( 5.790308219064194795, 3.033901181188319640, -4.293518069549592475 ) ) ;
#7323 = CARTESIAN_POINT ( 'NONE',  ( 4.491002918929599907, 2.808148697663070070, -4.111967377324480033 ) ) ;
#7324 = ORIENTED_EDGE ( 'NONE', *, *, #2335, .F. ) ;
#7325 = CARTESIAN_POINT ( 'NONE',  ( 5.253222577959999917, 8.500001019718999018, -3.449999999580000143 ) ) ;
#7326 = CARTESIAN_POINT ( 'NONE',  ( 6.499999999249999938, 8.500001019718999018, -1.599999998521000055 ) ) ;
#7327 = CARTESIAN_POINT ( 'NONE',  ( 4.785284881986650696, 3.077297927195259852, -4.284762616181990502 ) ) ;
#7328 = PLANE ( 'NONE',  #10190 ) ;
#7329 = VERTEX_POINT ( 'NONE', #6305 ) ;
#7330 = ORIENTED_EDGE ( 'NONE', *, *, #2180, .T. ) ;
#7331 = ADVANCED_FACE ( 'NONE', ( #7097 ), #5462, .F. ) ;
#7332 = CARTESIAN_POINT ( 'NONE',  ( 6.499999999250099414, 0.7000000014231949619, -1.549999999994079891 ) ) ;
#7333 = EDGE_CURVE ( 'NONE', #5470, #3169, #670, .T. ) ;
#7334 = LINE ( 'NONE', #9851, #843 ) ;
#7335 = CARTESIAN_POINT ( 'NONE',  ( 6.141483468859996186, 8.277774666550005378, -2.497639520159002036 ) ) ;
#7336 = ORIENTED_EDGE ( 'NONE', *, *, #6177, .T. ) ;
#7337 = CARTESIAN_POINT ( 'NONE',  ( 0.4532225779610020155, 0.8000000014230710388, -1.649999999994079980 ) ) ;
#7338 = CARTESIAN_POINT ( 'NONE',  ( 2.865712143190002337, 8.278085718384003755, -4.125957345683001876 ) ) ;
#7339 = CARTESIAN_POINT ( 'NONE',  ( 6.542100611781878072, 8.265013785698995363, -3.274315165502319047 ) ) ;
#7340 = CARTESIAN_POINT ( 'NONE',  ( 5.229315826921649979, 2.748934798873069685, -2.638366479894459715 ) ) ;
#7341 = DIRECTION ( 'NONE',  ( 0.000000000000000000, 1.000000000000000000, 0.000000000000000000 ) ) ;
#7342 = ORIENTED_EDGE ( 'NONE', *, *, #5275, .T. ) ;
#7343 = CARTESIAN_POINT ( 'NONE',  ( 4.453186036651000101, 2.767919354422170297, -1.063504403453420011 ) ) ;
#7344 = EDGE_CURVE ( 'NONE', #579, #1274, #2706, .T. ) ;
#7345 = CARTESIAN_POINT ( 'NONE',  ( 6.071861142057299432, 3.439471784119069842, -3.904242632515160238 ) ) ;
#7346 = CARTESIAN_POINT ( 'NONE',  ( 1.351585093554000139, 2.848244207144070117, -2.501677623403959938 ) ) ;
#7347 = VECTOR ( 'NONE', #976, 1000.000000000000000 ) ;
#7348 = DIRECTION ( 'NONE',  ( 0.000000000000000000, 0.1394725270247726412, 0.9902259409878757523 ) ) ;
#7349 = CARTESIAN_POINT ( 'NONE',  ( 1.212673491281999860, 3.600842770505069623, -4.302621586937679155 ) ) ;
#7350 = ORIENTED_EDGE ( 'NONE', *, *, #517, .F. ) ;
#7351 = CARTESIAN_POINT ( 'NONE',  ( 2.704073353207999908, 3.396374330518070028, -3.286378283762060093 ) ) ;
#7352 = LINE ( 'NONE', #9082, #2559 ) ;
#7353 = CARTESIAN_POINT ( 'NONE',  ( 4.862180948021332050, 2.695482832378965465, -4.373776421069056397 ) ) ;
#7354 = CARTESIAN_POINT ( 'NONE',  ( 6.499999999250079874, 6.220001019719070712, -2.932268348356794618 ) ) ;
#7355 = LINE ( 'NONE', #3985, #6248 ) ;
#7356 = ADVANCED_FACE ( 'NONE', ( #3935 ), #1453, .T. ) ;
#7357 = CARTESIAN_POINT ( 'NONE',  ( 5.253222577959999917, 2.985462208132676931, -2.649999998694359871 ) ) ;
#7358 = ORIENTED_EDGE ( 'NONE', *, *, #6478, .T. ) ;
#7359 = ORIENTED_EDGE ( 'NONE', *, *, #4077, .T. ) ;
#7360 = DIRECTION ( 'NONE',  ( 1.000000000000000000, 0.000000000000000000, 0.000000000000000000 ) ) ;
#7361 = DIRECTION ( 'NONE',  ( 1.000000000000000000, 0.000000000000000000, 0.000000000000000000 ) ) ;
#7362 = DIRECTION ( 'NONE',  ( 0.000000000000000000, -0.9383431168971900771, -0.3457053586099965159 ) ) ;
#7363 = VERTEX_POINT ( 'NONE', #10398 ) ;
#7364 = CARTESIAN_POINT ( 'NONE',  ( 6.499999999250099414, 4.400000001423070017, -1.549999999994089883 ) ) ;
#7365 = CARTESIAN_POINT ( 'NONE',  ( 4.516620197680849991, 2.763563062915269875, -3.110360263616150256 ) ) ;
#7366 = ORIENTED_EDGE ( 'NONE', *, *, #7344, .F. ) ;
#7367 = CARTESIAN_POINT ( 'NONE',  ( 5.972907631854999622, 2.775343494561070212, -3.927121302932179869 ) ) ;
#7368 = CARTESIAN_POINT ( 'NONE',  ( 1.104218602961300144, 3.185338631102069495, -2.746364317330560301 ) ) ;
#7369 = CARTESIAN_POINT ( 'NONE',  ( 2.853222577958900441, 4.364219189800570220, -1.549999999994079891 ) ) ;
#7370 = CIRCLE ( 'NONE', #1481, 0.7000000000000000666 ) ;
#7371 = EDGE_LOOP ( 'NONE', ( #2231, #6043, #5372, #6290, #1460 ) ) ;
#7372 = CARTESIAN_POINT ( 'NONE',  ( 1.039153562280000109, 2.869673748465070062, -2.829913101840879630 ) ) ;
#7373 = CARTESIAN_POINT ( 'NONE',  ( 6.134029751305899225, 3.405992165708069841, -3.938649899445959335 ) ) ;
#7374 = CARTESIAN_POINT ( 'NONE',  ( 5.853834482450000820, 2.966801028717070299, -2.726485870815179791 ) ) ;
#7375 = ADVANCED_FACE ( 'NONE', ( #5514 ), #1507, .F. ) ;
#7376 = CARTESIAN_POINT ( 'NONE',  ( 6.042513452867000368, 3.198551139981069547, -3.683219977317780280 ) ) ;
#7377 = LINE ( 'NONE', #1587, #3130 ) ;
#7378 = VERTEX_POINT ( 'NONE', #3033 ) ;
#7379 = VECTOR ( 'NONE', #7381, 1000.000000000000000 ) ;
#7380 = ORIENTED_EDGE ( 'NONE', *, *, #6140, .T. ) ;
#7381 = DIRECTION ( 'NONE',  ( 0.000000000000000000, -5.191266089835999642E-14, 1.000000000000000000 ) ) ;
#7382 = DIRECTION ( 'NONE',  ( 0.000000000000000000, 0.000000000000000000, 1.000000000000000000 ) ) ;
#7383 = LINE ( 'NONE', #3228, #8885 ) ;
#7384 = ORIENTED_EDGE ( 'NONE', *, *, #8977, .T. ) ;
#7385 = LINE ( 'NONE', #4168, #6064 ) ;
#7386 = VECTOR ( 'NONE', #6133, 1000.000000000000114 ) ;
#7387 = DIRECTION ( 'NONE',  ( -1.000000000000000000, 0.000000000000000000, 0.000000000000000000 ) ) ;
#7388 = CARTESIAN_POINT ( 'NONE',  ( 0.3364029135506999002, 8.080127259816006102, -3.529129823220002571 ) ) ;
#7389 = CARTESIAN_POINT ( 'NONE',  ( 4.782636464303799961, 2.665486738268069811, -4.283582650811659676 ) ) ;
#7390 = CARTESIAN_POINT ( 'NONE',  ( 2.368497970910199868, 2.974332049752739682, -2.727265988219710113 ) ) ;
#7391 = ORIENTED_EDGE ( 'NONE', *, *, #9600, .T. ) ;
#7392 = VECTOR ( 'NONE', #7418, 999.9999999999998863 ) ;
#7393 = LINE ( 'NONE', #1175, #5377 ) ;
#7394 = CARTESIAN_POINT ( 'NONE',  ( 6.052064207089200565, 3.442062790722069998, -3.936768545579560019 ) ) ;
#7395 = CARTESIAN_POINT ( 'NONE',  ( 1.944946648329799910, 3.019931210655070419, -4.387843915508660153 ) ) ;
#7396 = CARTESIAN_POINT ( 'NONE',  ( 2.553222577959600059, 2.043309874169090268, -4.497034213565268779 ) ) ;
#7397 = CARTESIAN_POINT ( 'NONE',  ( 6.499999999250099414, 4.400000001423070017, -1.549999999994089883 ) ) ;
#7398 = CARTESIAN_POINT ( 'NONE',  ( 5.634362874531131382, 3.341743398537951215, -2.609761872594769549 ) ) ;
#7399 = VECTOR ( 'NONE', #2564, 1000.000000000000000 ) ;
#7400 = FACE_OUTER_BOUND ( 'NONE', #9279, .T. ) ;
#7401 = ADVANCED_FACE ( 'NONE', ( #4830 ), #1009, .T. ) ;
#7402 = CARTESIAN_POINT ( 'NONE',  ( 4.526411224629689478, 2.720854956697337901, -4.155627018668073269 ) ) ;
#7403 = DIRECTION ( 'NONE',  ( 0.000000000000000000, -1.016134094949460501E-15, 1.000000000000000000 ) ) ;
#7404 = DIRECTION ( 'NONE',  ( 0.000000000000000000, -1.000000000000000000, 0.000000000000000000 ) ) ;
#7405 = CARTESIAN_POINT ( 'NONE',  ( 4.554255760240017992, 2.852075261413985707, -3.852970679613354932 ) ) ;
#7406 = AXIS2_PLACEMENT_3D ( 'NONE', #5079, #9972, #4289 ) ;
#7407 = ORIENTED_EDGE ( 'NONE', *, *, #8101, .F. ) ;
#7408 = B_SPLINE_CURVE_WITH_KNOTS ( 'NONE', 3,
 ( #6078, #9540, #4014, #4068, #3914, #9594, #7179 ),
 .UNSPECIFIED., .F., .F.,
 ( 4, 3, 4 ),
 ( 4.242956848390825120E-15, 0.0001239418070837492770, 0.0002490038372452291746 ),
 .UNSPECIFIED. ) ;
#7409 = CARTESIAN_POINT ( 'NONE',  ( 0.9532225779590010051, 1.843345133681120185, -4.570966459606880861 ) ) ;
#7410 = CARTESIAN_POINT ( 'NONE',  ( 5.800532190517800224, 3.197897797230070172, -2.850189327254259997 ) ) ;
#7411 = EDGE_CURVE ( 'NONE', #1382, #9042, #5718, .T. ) ;
#7412 = CARTESIAN_POINT ( 'NONE',  ( 6.499999999249999938, 4.750001019718999906, -2.299999998060999751 ) ) ;
#7413 = AXIS2_PLACEMENT_3D ( 'NONE', #2040, #5947, #9202 ) ;
#7414 = VERTEX_POINT ( 'NONE', #1924 ) ;
#7415 = DIRECTION ( 'NONE',  ( 0.5299989403886002926, -2.836981252812950555E-10, 0.8479983037642002675 ) ) ;
#7416 = CARTESIAN_POINT ( 'NONE',  ( 4.628563476135200361, 2.691645687431370337, -3.921597897642369990 ) ) ;
#7417 = VERTEX_POINT ( 'NONE', #4184 ) ;
#7418 = DIRECTION ( 'NONE',  ( 0.3421692587881529080, 0.9308817853022458566, -0.1279816398272409783 ) ) ;
#7419 = VECTOR ( 'NONE', #7316, 999.9999999999998863 ) ;
#7420 = CARTESIAN_POINT ( 'NONE',  ( 1.579473104984400189, 3.084540522068070167, -4.465105469460359799 ) ) ;
#7421 = AXIS2_PLACEMENT_3D ( 'NONE', #6173, #3800, #3004 ) ;
#7422 = DIRECTION ( 'NONE',  ( -1.000000000000000000, 0.000000000000000000, 0.000000000000000000 ) ) ;
#7423 = VERTEX_POINT ( 'NONE', #6621 ) ;
#7424 = CARTESIAN_POINT ( 'NONE',  ( 1.058335533536199913, 2.742336779706070260, -3.974617776790080104 ) ) ;
#7425 = ADVANCED_FACE ( 'NONE', ( #5139 ), #5398, .T. ) ;
#7426 =( BOUNDED_CURVE ( )  B_SPLINE_CURVE ( 3, ( #7846, #4059, #3159, #8900 ),
 .UNSPECIFIED., .F., .F. ) 
 B_SPLINE_CURVE_WITH_KNOTS ( ( 4, 4 ),
 ( 0.000000000000000000, 1.000000000000000000 ),
 .UNSPECIFIED. ) 
 CURVE ( )  GEOMETRIC_REPRESENTATION_ITEM ( )  RATIONAL_B_SPLINE_CURVE ( ( 1.074482515590109877, 0.9751739794767569913, 0.9751724948254689718, 1.074478061636449988 ) ) 
 REPRESENTATION_ITEM ( '' )  );
#7427 = CARTESIAN_POINT ( 'NONE',  ( 4.453222577959000006, 2.121596968917629944, -5.275876460555529945 ) ) ;
#7428 = CARTESIAN_POINT ( 'NONE',  ( 5.760089687201000785, 2.882398885227070107, -2.839413509099580235 ) ) ;
#7429 = LINE ( 'NONE', #4268, #9215 ) ;
#7430 = CARTESIAN_POINT ( 'NONE',  ( 6.499999999250079874, 7.050001019498999710, -1.350000000000000089 ) ) ;
#7431 = TOROIDAL_SURFACE ( 'NONE', #6593, 1.500000000000000000, 0.2000000000000000111 ) ;
#7432 = CARTESIAN_POINT ( 'NONE',  ( 0.3532225779632660045, 0.8000000014230710388, -5.249999999991080024 ) ) ;
#7433 = AXIS2_PLACEMENT_3D ( 'NONE', #4678, #2463, #3837 ) ;
#7434 = ORIENTED_EDGE ( 'NONE', *, *, #5228, .T. ) ;
#7435 = CARTESIAN_POINT ( 'NONE',  ( 7.000000000000000000, 4.700001019498999177, 1.192872960903000084E-13 ) ) ;
#7436 = DIRECTION ( 'NONE',  ( -1.000000000000000000, 0.000000000000000000, 1.781189284539538762E-13 ) ) ;
#7437 = DIRECTION ( 'NONE',  ( 0.000000000000000000, 1.000000000000000000, 0.000000000000000000 ) ) ;
#7438 = ORIENTED_EDGE ( 'NONE', *, *, #845, .F. ) ;
#7439 = DIRECTION ( 'NONE',  ( 0.000000000000000000, -1.000000000000000000, 0.000000000000000000 ) ) ;
#7440 = VECTOR ( 'NONE', #10301, 1000.000000000000227 ) ;
#7441 = DIRECTION ( 'NONE',  ( 0.000000000000000000, 1.000000000000000000, 0.000000000000000000 ) ) ;
#7442 = FACE_OUTER_BOUND ( 'NONE', #4085, .T. ) ;
#7443 = CARTESIAN_POINT ( 'NONE',  ( 5.347353813160003355, 8.082148256737999859, -4.866388415578003723 ) ) ;
#7444 = CARTESIAN_POINT ( 'NONE',  ( 2.381585542804209865, 2.962797451606039800, -2.773230327115239646 ) ) ;
#7445 = ORIENTED_EDGE ( 'NONE', *, *, #770, .F. ) ;
#7446 = VECTOR ( 'NONE', #5967, 1000.000000000000000 ) ;
#7447 = CARTESIAN_POINT ( 'NONE',  ( 0.6000000002595998749, 4.700001019498999177, -5.400000000000000355 ) ) ;
#7448 = CARTESIAN_POINT ( 'NONE',  ( 5.893833905216700586, 2.999240972262069871, -2.829847025230559865 ) ) ;
#7449 = CARTESIAN_POINT ( 'NONE',  ( 0.8822597173885009525, 2.760005264238070133, -3.052843808973359607 ) ) ;
#7450 = DIRECTION ( 'NONE',  ( 0.000000000000000000, 0.000000000000000000, 1.000000000000000000 ) ) ;
#7451 = CARTESIAN_POINT ( 'NONE',  ( 2.632262845687999953, 3.427908908276069866, -2.873345514026780290 ) ) ;
#7452 = CARTESIAN_POINT ( 'NONE',  ( 2.549236430210799931, 3.368991922276069584, -2.904798333168060243 ) ) ;
#7453 = VECTOR ( 'NONE', #6318, 1000.000000000000000 ) ;
#7454 = CARTESIAN_POINT ( 'NONE',  ( 5.699999999160000108, 0.7000000014231999579, -4.000000000000000000 ) ) ;
#7455 = CARTESIAN_POINT ( 'NONE',  ( 6.499999999250078098, 6.133794463715632972, -3.006164267359348941 ) ) ;
#7456 = LINE ( 'NONE', #7505, #4185 ) ;
#7457 = CARTESIAN_POINT ( 'NONE',  ( 4.393199114945799622, 3.161708999610070236, -3.029679912821559462 ) ) ;
#7458 = EDGE_CURVE ( 'NONE', #3882, #7725, #7852, .T. ) ;
#7459 = EDGE_LOOP ( 'NONE', ( #75, #2615, #5996, #2075 ) ) ;
#7460 = CYLINDRICAL_SURFACE ( 'NONE', #2397, 1.350000000000000089 ) ;
#7461 = CARTESIAN_POINT ( 'NONE',  ( 5.598026588600400366, 3.256227525579070470, -2.557016532341159998 ) ) ;
#7462 = DIRECTION ( 'NONE',  ( 0.000000000000000000, -1.000000000000000000, 0.000000000000000000 ) ) ;
#7463 = VERTEX_POINT ( 'NONE', #2712 ) ;
#7465 = EDGE_CURVE ( 'NONE', #3115, #3379, #242, .T. ) ;
#7464 = CARTESIAN_POINT ( 'NONE',  ( 0.7121612081819480577, 2.858180502873929552, -3.467907066330159882 ) ) ;
#7466 = CARTESIAN_POINT ( 'NONE',  ( 5.250000005291606264, 8.263201068284603323, -4.749998831476117012 ) ) ;
#7467 = ORIENTED_EDGE ( 'NONE', *, *, #8238, .F. ) ;
#7468 = CARTESIAN_POINT ( 'NONE',  ( 4.489027650724816354, 2.814658224277288401, -4.094758082782444575 ) ) ;
#7469 = CARTESIAN_POINT ( 'NONE',  ( 5.964804784933000370, 2.751330851011069889, -3.102098874738080436 ) ) ;
#7470 = EDGE_CURVE ( 'NONE', #1938, #3671, #10108, .T. ) ;
#7471 = CARTESIAN_POINT ( 'NONE',  ( 1.591726117840100097, 3.043560842147069678, -4.393519063066159802 ) ) ;
#7472 = EDGE_LOOP ( 'NONE', ( #2828, #735, #309, #10100, #3573 ) ) ;
#7473 = CARTESIAN_POINT ( 'NONE',  ( 1.005804518287199967, 2.770232445657069942, -3.105373265749479916 ) ) ;
#7474 = DIRECTION ( 'NONE',  ( 0.000000000000000000, -6.420460949484718661E-10, -1.000000000000000000 ) ) ;
#7475 = CARTESIAN_POINT ( 'NONE',  ( 6.499999999250079874, 6.220001019719070712, -3.967731649031922991 ) ) ;
#7476 = DIRECTION ( 'NONE',  ( 0.000000000000000000, -0.1394725270191719824, -0.9902259409886646768 ) ) ;
#7477 = DIRECTION ( 'NONE',  ( 0.000000000000000000, 0.000000000000000000, 1.000000000000000000 ) ) ;
#7478 = CARTESIAN_POINT ( 'NONE',  ( 0.9303520373050020442, 2.979184449012070246, -3.464154014142809768 ) ) ;
#7479 = ORIENTED_EDGE ( 'NONE', *, *, #7969, .F. ) ;
#7480 = ORIENTED_EDGE ( 'NONE', *, *, #2841, .T. ) ;
#7481 = CARTESIAN_POINT ( 'NONE',  ( 0.3532192635000019898, 4.400000001423070017, -3.449999999994080024 ) ) ;
#7482 = EDGE_CURVE ( 'NONE', #4283, #6415, #3044, .T. ) ;
#7483 = B_SPLINE_CURVE_WITH_KNOTS ( 'NONE', 3,
 ( #4129, #6397, #9550, #7239, #5557, #8920 ),
 .UNSPECIFIED., .F., .F.,
 ( 4, 2, 4 ),
 ( -0.001062052370411271278, -0.0005310269665740695701, -1.562736867861957979E-09 ),
 .UNSPECIFIED. ) ;
#7484 = DIRECTION ( 'NONE',  ( -1.000000000000000000, 0.000000000000000000, 1.229785504201000173E-14 ) ) ;
#7485 = CARTESIAN_POINT ( 'NONE',  ( 2.596414580453000109, 2.666927422999070263, -3.037753258018080160 ) ) ;
#7486 = VERTEX_POINT ( 'NONE', #6665 ) ;
#7487 = CARTESIAN_POINT ( 'NONE',  ( 0.4500013660554578743, 8.261300779606854050, -3.508158433466280091 ) ) ;
#7488 = CARTESIAN_POINT ( 'NONE',  ( 5.253222577959999917, 7.070001019719070356, -3.449999998694359693 ) ) ;
#7489 = CARTESIAN_POINT ( 'NONE',  ( 2.898038283461000564, 8.119673277926999333, -2.754470859521001458 ) ) ;
#7490 = CARTESIAN_POINT ( 'NONE',  ( 5.523762168910002934, 8.118483946055000899, -4.764077609098001709 ) ) ;
#7491 = CARTESIAN_POINT ( 'NONE',  ( 2.354050190298379697, 2.986450091117350158, -2.682713448623410102 ) ) ;
#7492 = ORIENTED_EDGE ( 'NONE', *, *, #7113, .T. ) ;
#7493 = B_SPLINE_CURVE_WITH_KNOTS ( 'NONE', 3,
 ( #3863, #553, #4490, #6977 ),
 .UNSPECIFIED., .F., .F.,
 ( 4, 4 ),
 ( 0.000000000000000000, 0.0006419978188002623464 ),
 .UNSPECIFIED. ) ;
#7494 = EDGE_LOOP ( 'NONE', ( #932, #3746, #1805, #5782, #5851 ) ) ;
#7495 = CARTESIAN_POINT ( 'NONE',  ( 2.553222577959600059, 2.767681914086590034, -1.009946619339350038 ) ) ;
#7496 = CARTESIAN_POINT ( 'NONE',  ( 5.448611901589900164, 3.054182666236069821, -4.469479882896360223 ) ) ;
#7497 = CARTESIAN_POINT ( 'NONE',  ( 0.9561237961210009573, 2.730096049682069648, -4.102120161039159996 ) ) ;
#7498 = DIRECTION ( 'NONE',  ( 1.000000000000000000, 0.000000000000000000, 0.000000000000000000 ) ) ;
#7499 = CARTESIAN_POINT ( 'NONE',  ( 2.800433042658000193, 3.459249672018070321, -3.357305657884950278 ) ) ;
#7500 = CARTESIAN_POINT ( 'NONE',  ( 1.692407780131049977, 2.862505808540070085, -2.413748203795359704 ) ) ;
#7501 = DIRECTION ( 'NONE',  ( 0.000000000000000000, 0.1086719355941530296, -0.9940776682001363218 ) ) ;
#7502 = CARTESIAN_POINT ( 'NONE',  ( 4.938423293829436567, 2.690319803119143760, -4.402411584286724633 ) ) ;
#7503 = CARTESIAN_POINT ( 'NONE',  ( 6.653222577959999384, 4.600000002146000355, -1.949994380513780046 ) ) ;
#7504 = EDGE_CURVE ( 'NONE', #477, #9278, #5207, .T. ) ;
#7505 = CARTESIAN_POINT ( 'NONE',  ( 0.3000000002593339876, 0.7000000014231999579, -5.349999999994049737 ) ) ;
#7506 = CARTESIAN_POINT ( 'NONE',  ( 5.444946648329800354, 3.019931210655070419, -4.387843915508660153 ) ) ;
#7507 = DIRECTION ( 'NONE',  ( 0.000000000000000000, -1.000000000000000000, 0.000000000000000000 ) ) ;
#7508 = ORIENTED_EDGE ( 'NONE', *, *, #7599, .F. ) ;
#7509 = CARTESIAN_POINT ( 'NONE',  ( 5.250000000000000000, 8.263201068181439624, -2.150001168399835016 ) ) ;
#7510 = CARTESIAN_POINT ( 'NONE',  ( 5.849485913072999921, 3.238877477151070217, -2.796539684489660171 ) ) ;
#7511 = CARTESIAN_POINT ( 'NONE',  ( 2.053222577959999740, 7.270001019719069646, -4.560180164253359258 ) ) ;
#7512 = ORIENTED_EDGE ( 'NONE', *, *, #2602, .F. ) ;
#7513 = CARTESIAN_POINT ( 'NONE',  ( 4.730006552877028092, 3.319425720218427411, -4.071212353749812607 ) ) ;
#7514 = CARTESIAN_POINT ( 'NONE',  ( 4.309551367790700915, 2.838521603595069998, -3.866751149927880160 ) ) ;
#7515 = ORIENTED_EDGE ( 'NONE', *, *, #402, .F. ) ;
#7516 = DIRECTION ( 'NONE',  ( 0.000000000000000000, -1.000000000000000000, 0.000000000000000000 ) ) ;
#7517 = CARTESIAN_POINT ( 'NONE',  ( 1.362590236583000047, 3.667831560574069449, -4.223354359999480501 ) ) ;
#7518 = CARTESIAN_POINT ( 'NONE',  ( 0.7269357856700009446, 3.179059048038070046, -3.364189649299420104 ) ) ;
#7519 = EDGE_LOOP ( 'NONE', ( #6909, #5950, #10013, #10034, #4885 ) ) ;
#7520 = EDGE_CURVE ( 'NONE', #9938, #206, #4979, .T. ) ;
#7521 = DIRECTION ( 'NONE',  ( 1.000000000000000000, 0.000000000000000000, 0.000000000000000000 ) ) ;
#7522 = CARTESIAN_POINT ( 'NONE',  ( 6.499999999250079874, 7.050001019498999710, -2.932268348356790177 ) ) ;
#7523 = DIRECTION ( 'NONE',  ( 1.000000000000000000, 0.000000000000000000, 0.000000000000000000 ) ) ;
#7524 = CARTESIAN_POINT ( 'NONE',  ( 0.9532225779590010051, 2.121596968917629944, -5.275876460555529945 ) ) ;
#7525 = EDGE_CURVE ( 'NONE', #2581, #4041, #4934, .T. ) ;
#7526 = ADVANCED_FACE ( 'NONE', ( #5931 ), #291, .T. ) ;
#7527 = CARTESIAN_POINT ( 'NONE',  ( -0.4999999982212000038, 3.800001019718999729, -1.599999998520000188 ) ) ;
#7528 = CARTESIAN_POINT ( 'NONE',  ( 1.041148528952300145, 2.941363566433069732, -2.831640261345980125 ) ) ;
#7529 = ORIENTED_EDGE ( 'NONE', *, *, #3745, .F. ) ;
#7530 = ORIENTED_EDGE ( 'NONE', *, *, #6000, .F. ) ;
#7531 = VECTOR ( 'NONE', #6631, 1000.000000000000000 ) ;
#7532 = CARTESIAN_POINT ( 'NONE',  ( 1.041341383397074383, 2.943778187708006033, -3.827329589165045842 ) ) ;
#7533 = DIRECTION ( 'NONE',  ( 0.000000000000000000, 1.000000000000000000, 0.000000000000000000 ) ) ;
#7534 = CARTESIAN_POINT ( 'NONE',  ( 2.472907631857999888, 2.775343494561070212, -3.927121302932179869 ) ) ;
#7535 = ORIENTED_EDGE ( 'NONE', *, *, #445, .F. ) ;
#7536 = CARTESIAN_POINT ( 'NONE',  ( 0.6347011154877174599, 8.261576709872864299, -4.125787360491011135 ) ) ;
#7537 = CARTESIAN_POINT ( 'NONE',  ( 5.250000000000000000, 8.300001019718999729, -4.749999999579999965 ) ) ;
#7538 = CARTESIAN_POINT ( 'NONE',  ( 5.685731982930005479, 8.192101680759003912, -4.673543694103998725 ) ) ;
#7539 = VECTOR ( 'NONE', #9696, 1000.000000000000000 ) ;
#7540 = CARTESIAN_POINT ( 'NONE',  ( 0.8219503873795701576, 2.805267255658612680, -3.584396915132530115 ) ) ;
#7541 = ADVANCED_FACE ( 'NONE', ( #9034 ), #5138, .T. ) ;
#7542 = VERTEX_POINT ( 'NONE', #1495 ) ;
#7543 = EDGE_LOOP ( 'NONE', ( #5198, #9612 ) ) ;
#7544 = DIRECTION ( 'NONE',  ( 0.000000000000000000, 1.000000000000000000, 0.000000000000000000 ) ) ;
#7545 = CARTESIAN_POINT ( 'NONE',  ( 4.544468549702199489, 2.889711339293069781, -2.909037605912759616 ) ) ;
#7546 = CARTESIAN_POINT ( 'NONE',  ( 1.012336119841499960, 2.689116369761070047, -4.056131896465760001 ) ) ;
#7547 = VERTEX_POINT ( 'NONE', #6245 ) ;
#7548 = CARTESIAN_POINT ( 'NONE',  ( 1.753222577960000139, 2.370001019719070179, -3.449999998694359693 ) ) ;
#7549 = CARTESIAN_POINT ( 'NONE',  ( 2.441382921809999829, 3.301324851295070140, -2.998563627948479748 ) ) ;
#7550 = CARTESIAN_POINT ( 'NONE',  ( 1.037230609963299965, 2.807564114567069780, -3.981345539663660116 ) ) ;
#7551 = DIRECTION ( 'NONE',  ( 0.000000000000000000, 1.000000000000000000, 1.016134094949459909E-15 ) ) ;
#7552 = EDGE_CURVE ( 'NONE', #8154, #4283, #6924, .T. ) ;
#7553 = COORDINATED_UNIVERSAL_TIME_OFFSET ( 0, 0, .AHEAD. ) ;
#7554 = CARTESIAN_POINT ( 'NONE',  ( 5.941389116388998914, 3.543299541141069930, -2.998559564273580058 ) ) ;
#7555 = CIRCLE ( 'NONE', #2347, 1.350000000000000089 ) ;
#7556 = CARTESIAN_POINT ( 'NONE',  ( 4.751799483684799874, 3.558648084845069892, -4.240907181053479746 ) ) ;
#7557 = CARTESIAN_POINT ( 'NONE',  ( 5.852501174360246416, 0.6000000014230709722, -3.479413668526777581 ) ) ;
#7558 = B_SPLINE_CURVE_WITH_KNOTS ( 'NONE', 3,
 ( #2530, #5746, #7327, #8959, #1742, #4955, #3376, #9796, #5897, #6686 ),
 .UNSPECIFIED., .F., .F.,
 ( 4, 3, 3, 4 ),
 ( 0.000000000000000000, 0.3145124319736429808, 0.6592781632348879706, 1.000000000000000000 ),
 .UNSPECIFIED. ) ;
#7559 = CARTESIAN_POINT ( 'NONE',  ( 4.404981825294600029, 3.073470056703069719, -3.701053363801659835 ) ) ;
#7560 = DIRECTION ( 'NONE',  ( -1.000000000000000000, 1.211783628375599978E-23, 1.887379141862000293E-14 ) ) ;
#7561 = VECTOR ( 'NONE', #8736, 1000.000000000000000 ) ;
#7562 = ORIENTED_EDGE ( 'NONE', *, *, #770, .T. ) ;
#7563 = EDGE_CURVE ( 'NONE', #666, #368, #4226, .T. ) ;
#7564 = CARTESIAN_POINT ( 'NONE',  ( 6.053222577959600059, 2.042160668634469545, -4.549232072354529421 ) ) ;
#7565 = CARTESIAN_POINT ( 'NONE',  ( 4.103246692278219143, 7.270001019719069646, -3.457447303603035760 ) ) ;
#7566 = VERTEX_POINT ( 'NONE', #4712 ) ;
#7567 = DIRECTION ( 'NONE',  ( 0.000000000000000000, 1.000000000000000000, 0.000000000000000000 ) ) ;
#7568 = CARTESIAN_POINT ( 'NONE',  ( 4.558335533533199424, 2.742336779706070260, -3.974617776790080104 ) ) ;
#7569 = ORIENTED_EDGE ( 'NONE', *, *, #170, .F. ) ;
#7570 = VECTOR ( 'NONE', #3195, 1000.000000000000000 ) ;
#7571 = CARTESIAN_POINT ( 'NONE',  ( 0.5000001845447711313, 4.400000006456900259, -1.810144686843589978 ) ) ;
#7572 = CARTESIAN_POINT ( 'NONE',  ( 2.505026801094999644, 3.501097531926069983, -2.956812948438080291 ) ) ;
#7573 = CARTESIAN_POINT ( 'NONE',  ( 1.377105089444100150, 3.249947942516069777, -2.491269781933459715 ) ) ;
#7574 = EDGE_LOOP ( 'NONE', ( #4331, #6995, #6901, #6251, #1220, #92 ) ) ;
#7575 = CIRCLE ( 'NONE', #7080, 0.2000000000004606704 ) ;
#7576 = CARTESIAN_POINT ( 'NONE',  ( 1.044208525846800129, 2.778659931548069562, -4.065769778860979677 ) ) ;
#7577 = CARTESIAN_POINT ( 'NONE',  ( 4.653459645416199386, 3.144358951181069894, -2.799750360858159759 ) ) ;
#7578 = DIRECTION ( 'NONE',  ( 1.000000000000000000, 0.000000000000000000, 0.000000000000000000 ) ) ;
#7579 = CARTESIAN_POINT ( 'NONE',  ( 0.9532232392089610151, 2.902229363286453534, -3.238749584321863217 ) ) ;
#7580 = CARTESIAN_POINT ( 'NONE',  ( 2.777053351516045154, 2.668275510154105135, -3.596734982192179686 ) ) ;
#7581 = DIRECTION ( 'NONE',  ( 0.000000000000000000, 1.000000000000000000, 0.000000000000000000 ) ) ;
#7582 = EDGE_LOOP ( 'NONE', ( #965, #8639, #9777, #467 ) ) ;
#7583 = ORIENTED_EDGE ( 'NONE', *, *, #10139, .T. ) ;
#7584 = AXIS2_PLACEMENT_3D ( 'NONE', #9174, #7439, #429 ) ;
#7585 = CARTESIAN_POINT ( 'NONE',  ( 4.953222577959999207, 7.270001019719069646, -4.560180164253359258 ) ) ;
#7586 = CARTESIAN_POINT ( 'NONE',  ( 3.199999999741000245, 4.700001019498999177, -5.400000000000000355 ) ) ;
#7587 = CARTESIAN_POINT ( 'NONE',  ( 1.753222577959000050, 7.050001019498999710, -3.449999999580000143 ) ) ;
#7588 = ADVANCED_FACE ( 'NONE', ( #2286 ), #1444, .T. ) ;
#7589 = APPROVAL ( #3049, 'UNSPECIFIED' ) ;
#7590 = VERTEX_POINT ( 'NONE', #4660 ) ;
#7591 = EDGE_CURVE ( 'NONE', #7839, #1576, #5747, .T. ) ;
#7592 = CARTESIAN_POINT ( 'NONE',  ( 1.149204541313470607, 8.262333402611162114, -4.607423269921826936 ) ) ;
#7593 = CARTESIAN_POINT ( 'NONE',  ( 5.253222577959999917, 2.570001019719070356, -3.449999998694359693 ) ) ;
#7594 = VECTOR ( 'NONE', #760, 1000.000000000000000 ) ;
#7595 = CIRCLE ( 'NONE', #9267, 0.2000000000004636957 ) ;
#7596 = CARTESIAN_POINT ( 'NONE',  ( 4.017874336079999331, 8.116358936331009133, -3.982566034814002176 ) ) ;
#7597 = FACE_OUTER_BOUND ( 'NONE', #8039, .T. ) ;
#7598 = ORIENTED_EDGE ( 'NONE', *, *, #3268, .F. ) ;
#7599 = EDGE_CURVE ( 'NONE', #3379, #4458, #1395, .T. ) ;
#7600 = EDGE_LOOP ( 'NONE', ( #6265, #5058, #7213, #8381 ) ) ;
#7601 = CARTESIAN_POINT ( 'NONE',  ( 5.453224194961500793, -3.399999998570005122, -3.449999999994086686 ) ) ;
#7602 = AXIS2_PLACEMENT_3D ( 'NONE', #8148, #452, #2190 ) ;
#7603 = CARTESIAN_POINT ( 'NONE',  ( 4.428075486176699549, 2.807740992056070084, -2.820199634433859792 ) ) ;
#7604 = CARTESIAN_POINT ( 'NONE',  ( 1.823537329828619935, 2.586610837574069954, -4.312343414941260278 ) ) ;
#7605 = ORIENTED_EDGE ( 'NONE', *, *, #2079, .T. ) ;
#7606 = EDGE_CURVE ( 'NONE', #4381, #1101, #2337, .T. ) ;
#7607 = DIRECTION ( 'NONE',  ( 0.000000000000000000, -6.420456820245010354E-10, -1.000000000000000000 ) ) ;
#7608 = CARTESIAN_POINT ( 'NONE',  ( 1.007018593006799856, 3.218156481988069917, -2.948416918966979772 ) ) ;
#7609 = CARTESIAN_POINT ( 'NONE',  ( 1.368970597536899980, 2.958078921154069896, -2.727413791376859908 ) ) ;
#7610 = CYLINDRICAL_SURFACE ( 'NONE', #7277, 0.3999999999999999667 ) ;
#7611 = AXIS2_PLACEMENT_3D ( 'NONE', #1170, #6858, #4534 ) ;
#7612 = CARTESIAN_POINT ( 'NONE',  ( 6.224667607943000114, 3.490236286452070402, -3.364012072079650029 ) ) ;
#7613 = CARTESIAN_POINT ( 'NONE',  ( 5.083927267585000465, 3.134243257571069918, -4.371411723086479739 ) ) ;
#7614 = CARTESIAN_POINT ( 'NONE',  ( 5.253222577959999917, 7.070001019719070356, -3.449999998694359693 ) ) ;
#7615 = CARTESIAN_POINT ( 'NONE',  ( 4.653459645416199386, 3.144358951181069894, -2.799750360858159759 ) ) ;
#7616 = LINE ( 'NONE', #295, #1822 ) ;
#7617 = EDGE_CURVE ( 'NONE', #5127, #9874, #7864, .T. ) ;
#7618 = B_SPLINE_CURVE_WITH_KNOTS ( 'NONE', 3,
 ( #3770, #9446, #447, #5397, #560, #4661, #8606, #661, #6298, #7865 ),
 .UNSPECIFIED., .F., .F.,
 ( 4, 3, 3, 4 ),
 ( 0.000000000000000000, 0.2579693892927750198, 0.6319497403927299972, 1.000000000000000000 ),
 .UNSPECIFIED. ) ;
#7619 = PRODUCT_DEFINITION_FORMATION_WITH_SPECIFIED_SOURCE ( 'ANY', '', #3282, .NOT_KNOWN. ) ;
#7620 = VERTEX_POINT ( 'NONE', #5555 ) ;
#7621 = FACE_OUTER_BOUND ( 'NONE', #5859, .T. ) ;
#7622 = DIRECTION ( 'NONE',  ( 0.000000000000000000, 0.000000000000000000, 1.000000000000000000 ) ) ;
#7623 = ORIENTED_EDGE ( 'NONE', *, *, #7861, .T. ) ;
#7624 = DIRECTION ( 'NONE',  ( -0.9998966258754281577, 0.000000000000000000, 0.01437837135889047553 ) ) ;
#7625 = VERTEX_POINT ( 'NONE', #8960 ) ;
#7626 = DIRECTION ( 'NONE',  ( 1.000000000000000000, 0.000000000000000000, 0.000000000000000000 ) ) ;
#7627 = CARTESIAN_POINT ( 'NONE',  ( 1.329524530099199797, 3.625629551359069946, -4.288816190901179937 ) ) ;
#7628 = ORIENTED_EDGE ( 'NONE', *, *, #4516, .F. ) ;
#7629 = ORIENTED_EDGE ( 'NONE', *, *, #9549, .F. ) ;
#7630 = CARTESIAN_POINT ( 'NONE',  ( 1.416113958212581236, 3.138471425372669099, -4.308795395390295546 ) ) ;
#7631 = CARTESIAN_POINT ( 'NONE',  ( 5.879286958875099778, 2.878153421700070158, -2.725877963101159818 ) ) ;
#7632 = CARTESIAN_POINT ( 'NONE',  ( 5.253222577959999917, 2.670001019719070001, -2.649999998694359871 ) ) ;
#7633 = CARTESIAN_POINT ( 'NONE',  ( 6.653222577959999384, 2.240976201065830065, -4.527497685406180139 ) ) ;
#7634 = CARTESIAN_POINT ( 'NONE',  ( 6.131242439317000859, 2.667625372062070177, -3.872004034872379652 ) ) ;
#7635 = CARTESIAN_POINT ( 'NONE',  ( 1.062527056525699898, 2.896914994458070325, -3.971447457125480085 ) ) ;
#7636 = EDGE_LOOP ( 'NONE', ( #1843, #5361, #6483, #786 ) ) ;
#7637 = VERTEX_POINT ( 'NONE', #8763 ) ;
#7638 = LINE ( 'NONE', #4428, #482 ) ;
#7639 = CARTESIAN_POINT ( 'NONE',  ( 5.253222577960001693, 3.154531003513296294, -2.649999998694360759 ) ) ;
#7640 = LINE ( 'NONE', #9956, #10399 ) ;
#7641 = ORIENTED_EDGE ( 'NONE', *, *, #4895, .T. ) ;
#7642 = CARTESIAN_POINT ( 'NONE',  ( 7.000000000000000000, 1.019498654399000089E-06, -6.899999999160000286 ) ) ;
#7643 = CARTESIAN_POINT ( 'NONE',  ( 1.753222577964000051, -3.399999998570370163, -3.449999999993940136 ) ) ;
#7644 = CARTESIAN_POINT ( 'NONE',  ( 3.956744462640003235, 8.116270335096997357, -3.809502985058001112 ) ) ;
#7645 = CARTESIAN_POINT ( 'NONE',  ( 3.953222577960399331, 0.7000000014231969603, -1.549999999994079891 ) ) ;
#7646 = ORIENTED_EDGE ( 'NONE', *, *, #2000, .F. ) ;
#7647 = EDGE_CURVE ( 'NONE', #7310, #6726, #1551, .T. ) ;
#7648 = EDGE_CURVE ( 'NONE', #9938, #6829, #4213, .T. ) ;
#7649 = EDGE_LOOP ( 'NONE', ( #1955, #9674, #7227, #3689 ) ) ;
#7650 = CARTESIAN_POINT ( 'NONE',  ( 1.300000000840999981, 0.7000000014231949619, -1.549999999994079891 ) ) ;
#7651 = B_SPLINE_CURVE_WITH_KNOTS ( 'NONE', 3,
 ( #6336, #5647, #7229, #3280, #2326, #8855, #754 ),
 .UNSPECIFIED., .F., .F.,
 ( 4, 3, 4 ),
 ( 0.000000000000000000, 0.01744644664429499670, 1.000000000000000000 ),
 .UNSPECIFIED. ) ;
#7652 = CARTESIAN_POINT ( 'NONE',  ( 5.841232641636000089, 3.040226145880069897, -2.880768432064260143 ) ) ;
#7653 = CARTESIAN_POINT ( 'NONE',  ( 3.832037597630001624, 8.080115381356003823, -3.426864450837002529 ) ) ;
#7654 = ORIENTED_EDGE ( 'NONE', *, *, #6178, .T. ) ;
#7655 = CARTESIAN_POINT ( 'NONE',  ( 3.500000000000000000, 4.700001019498999177, -5.400000000000000355 ) ) ;
#7656 = CARTESIAN_POINT ( 'NONE',  ( 1.943699462307000081, 3.553271963244069909, -4.483911433677080893 ) ) ;
#7657 = CARTESIAN_POINT ( 'NONE',  ( 1.934831351319600046, 3.095167839854069847, -4.397577316610160381 ) ) ;
#7658 = DIRECTION ( 'NONE',  ( 1.000000000000000000, 0.000000000000000000, 0.000000000000000000 ) ) ;
#7659 = CARTESIAN_POINT ( 'NONE',  ( 4.207071632684500351, 3.259989694785069947, -3.345552573725580014 ) ) ;
#7660 = EDGE_CURVE ( 'NONE', #5328, #1531, #9894, .T. ) ;
#7661 = EDGE_CURVE ( 'NONE', #2837, #6338, #219, .T. ) ;
#7662 = CARTESIAN_POINT ( 'NONE',  ( 4.916113958209119339, 3.138471425372491463, -4.308795395389700467 ) ) ;
#7663 = CARTESIAN_POINT ( 'NONE',  ( 5.415853781560400648, 2.937971850813069885, -4.245532269038360340 ) ) ;
#7664 = CARTESIAN_POINT ( 'NONE',  ( 4.153222577959000184, 4.227894506827680310, -1.466112852112469778 ) ) ;
#7665 = ORIENTED_EDGE ( 'NONE', *, *, #8815, .F. ) ;
#7666 = CARTESIAN_POINT ( 'NONE',  ( 4.690286280003796548, 3.015777841006833437, -2.855974519477000761 ) ) ;
#7667 = LINE ( 'NONE', #1196, #348 ) ;
#7668 = ORIENTED_EDGE ( 'NONE', *, *, #6954, .F. ) ;
#7669 = AXIS2_PLACEMENT_3D ( 'NONE', #5254, #5301, #8458 ) ;
#7670 = EDGE_CURVE ( 'NONE', #8309, #8857, #1195, .T. ) ;
#7671 = DIRECTION ( 'NONE',  ( 1.000000000000000000, 0.000000000000000000, 0.000000000000000000 ) ) ;
#7672 = VERTEX_POINT ( 'NONE', #3476 ) ;
#7673 = FACE_BOUND ( 'NONE', #10002, .T. ) ;
#7674 = FACE_OUTER_BOUND ( 'NONE', #4365, .T. ) ;
#7675 = VERTEX_POINT ( 'NONE', #8315 ) ;
#7676 = ORIENTED_EDGE ( 'NONE', *, *, #547, .F. ) ;
#7677 = CARTESIAN_POINT ( 'NONE',  ( 0.9749720122161998903, 8.117014326649002243, -2.354060955339002170 ) ) ;
#7678 = DIRECTION ( 'NONE',  ( -0.9999790310276359673, 0.000000000000000000, -0.006475917311892211148 ) ) ;
#7679 = CARTESIAN_POINT ( 'NONE',  ( 4.444060563851300216, 3.056120008275069910, -3.382343983173690116 ) ) ;
#7680 = CARTESIAN_POINT ( 'NONE',  ( 4.812705916448508425, 8.262570815238035493, -4.678558701212199189 ) ) ;
#7681 = ORIENTED_EDGE ( 'NONE', *, *, #8552, .F. ) ;
#7682 = ADVANCED_FACE ( 'NONE', ( #9211 ), #3537, .T. ) ;
#7683 = CARTESIAN_POINT ( 'NONE',  ( 1.057600384874650024, 2.897584499459190166, -2.758872645701769599 ) ) ;
#7684 = DIRECTION ( 'NONE',  ( 0.000000000000000000, 1.000000000000000000, 0.000000000000000000 ) ) ;
#7685 = ORIENTED_EDGE ( 'NONE', *, *, #4097, .F. ) ;
#7686 = ORIENTED_EDGE ( 'NONE', *, *, #4378, .T. ) ;
#7687 = CARTESIAN_POINT ( 'NONE',  ( 2.679550670390900002, 3.345899108403069810, -3.644613446233960108 ) ) ;
#7688 = CARTESIAN_POINT ( 'NONE',  ( 4.341917873078857681, 2.830846425259577526, -3.216224272495281422 ) ) ;
#7689 = CARTESIAN_POINT ( 'NONE',  ( 4.433899404232675145, 2.731137294137223837, -4.023308556859775287 ) ) ;
#7690 = EDGE_LOOP ( 'NONE', ( #3436, #4411, #3828, #7979 ) ) ;
#7691 = DIRECTION ( 'NONE',  ( 0.000000000000000000, 0.000000000000000000, 1.000000000000000000 ) ) ;
#7692 = LINE ( 'NONE', #10055, #6083 ) ;
#7693 = ADVANCED_FACE ( 'NONE', ( #8264 ), #3636, .T. ) ;
#7694 = CARTESIAN_POINT ( 'NONE',  ( 6.548872062809999228, 8.278340398868998307, -3.377337401707001252 ) ) ;
#7695 = CARTESIAN_POINT ( 'NONE',  ( 6.699999999740000156, 0.7000000014231999579, -5.400000000000000355 ) ) ;
#7696 = EDGE_LOOP ( 'NONE', ( #8829, #3491, #8478, #4623, #1747, #2636 ) ) ;
#7697 = ORIENTED_EDGE ( 'NONE', *, *, #8964, .T. ) ;
#7698 = CARTESIAN_POINT ( 'NONE',  ( 1.753222577960000139, 6.070001019719070356, -3.449999998694359693 ) ) ;
#7699 = CYLINDRICAL_SURFACE ( 'NONE', #4523, 0.1000000000000000472 ) ;
#7700 = CARTESIAN_POINT ( 'NONE',  ( 6.227414901661000535, 2.588681726119069992, -3.808428552154059954 ) ) ;
#7701 = CARTESIAN_POINT ( 'NONE',  ( 3.843050596820000386, 8.080133678873998804, -3.259870607366002648 ) ) ;
#7702 = ORIENTED_EDGE ( 'NONE', *, *, #9980, .F. ) ;
#7703 = DIRECTION ( 'NONE',  ( 0.000000000000000000, -1.000000000000000000, 0.000000000000000000 ) ) ;
#7704 = VECTOR ( 'NONE', #5843, 1000.000000000000000 ) ;
#7705 = CARTESIAN_POINT ( 'NONE',  ( 1.672497919946946077, 2.675153708664258279, -4.449999267959650062 ) ) ;
#7706 = CARTESIAN_POINT ( 'NONE',  ( 2.228396996102800287, 3.149755778849069987, -4.116325507567560216 ) ) ;
#7707 = CARTESIAN_POINT ( 'NONE',  ( 5.091726117840099874, 3.043560842147069678, -4.393519063066159802 ) ) ;
#7708 = DIRECTION ( 'NONE',  ( 0.000000000000000000, 0.000000000000000000, 1.000000000000000000 ) ) ;
#7709 = B_SPLINE_CURVE_WITH_KNOTS ( 'NONE', 3,
 ( #4250, #5830, #4145, #3308, #1089, #8244, #5779, #4941, #1038, #6519 ),
 .UNSPECIFIED., .F., .F.,
 ( 4, 2, 2, 2, 4 ),
 ( -0.005729205581682405603, -0.005238544971677147957, -0.004747884361671891179, -0.004257223751666632666, -0.003766563141661374153 ),
 .UNSPECIFIED. ) ;
#7710 = CARTESIAN_POINT ( 'NONE',  ( 4.422561663951699806, 3.313052949475070008, -3.794159110624980347 ) ) ;
#7711 = TOROIDAL_SURFACE ( 'NONE', #3510, 1.500000000000000000, 0.2000000000000000111 ) ;
#7712 = CARTESIAN_POINT ( 'NONE',  ( 4.153222577959000184, 4.583364638219899589, -1.549999999994079891 ) ) ;
#7713 = CARTESIAN_POINT ( 'NONE',  ( 5.375710303741600526, 2.665981379726070077, -4.448975779654060325 ) ) ;
#7714 = CARTESIAN_POINT ( 'NONE',  ( 1.817764429413970095, 2.545631157653069909, -4.241544293378059827 ) ) ;
#7715 = ORIENTED_EDGE ( 'NONE', *, *, #3127, .F. ) ;
#7716 = EDGE_CURVE ( 'NONE', #62, #7625, #5797, .T. ) ;
#7717 = CARTESIAN_POINT ( 'NONE',  ( 0.8032225779639999841, 2.250294765869069735, -1.549999999994079891 ) ) ;
#7718 = LINE ( 'NONE', #10031, #8079 ) ;
#7719 = ORIENTED_EDGE ( 'NONE', *, *, #6074, .T. ) ;
#7720 = CARTESIAN_POINT ( 'NONE',  ( 3.153222577959999828, 1.843345133688019999, -4.570966459657880065 ) ) ;
#7721 = ORIENTED_EDGE ( 'NONE', *, *, #925, .T. ) ;
#7722 = DIRECTION ( 'NONE',  ( -1.000000000000000000, -1.524706285834000035E-12, 2.257247884595999991E-13 ) ) ;
#7723 = CARTESIAN_POINT ( 'NONE',  ( 1.229566633615099880, 3.633633247149070211, -4.226412192689479319 ) ) ;
#7724 = EDGE_LOOP ( 'NONE', ( #3961, #7697, #5520, #3478 ) ) ;
#7725 = VERTEX_POINT ( 'NONE', #1898 ) ;
#7726 = ADVANCED_FACE ( 'NONE', ( #9949 ), #2786, .T. ) ;
#7727 = CARTESIAN_POINT ( 'NONE',  ( 0.4164680351577001449, 8.116224330369004036, -3.560319815589997994 ) ) ;
#7728 = DIRECTION ( 'NONE',  ( -0.000000000000000000, 1.000000000000000000, 0.000000000000000000 ) ) ;
#7729 = CARTESIAN_POINT ( 'NONE',  ( 6.059793459440300012, 2.843453324843070007, -3.356384216412509947 ) ) ;
#7730 = VECTOR ( 'NONE', #5220, 1000.000000000000000 ) ;
#7731 = ORIENTED_EDGE ( 'NONE', *, *, #9332, .T. ) ;
#7732 = CARTESIAN_POINT ( 'NONE',  ( 1.053294939847200684, 2.570001019719070356, -3.439935138743136722 ) ) ;
#7733 = FACE_OUTER_BOUND ( 'NONE', #4322, .T. ) ;
#7734 = VERTEX_POINT ( 'NONE', #4269 ) ;
#7735 = ORIENTED_EDGE ( 'NONE', *, *, #6633, .F. ) ;
#7736 = CARTESIAN_POINT ( 'NONE',  ( 2.124187459073699991, 3.297207205500070071, -2.489264348267960170 ) ) ;
#7737 = AXIS2_PLACEMENT_3D ( 'NONE', #4515, #7728, #3735 ) ;
#7738 = FACE_OUTER_BOUND ( 'NONE', #4149, .T. ) ;
#7739 = VECTOR ( 'NONE', #4123, 1000.000000000000000 ) ;
#7740 = CARTESIAN_POINT ( 'NONE',  ( 4.489006197660240893, 2.814629173895677017, -2.805074452469873414 ) ) ;
#7741 = ORIENTED_EDGE ( 'NONE', *, *, #6811, .F. ) ;
#7742 = EDGE_CURVE ( 'NONE', #8469, #9071, #266, .T. ) ;
#7743 = CARTESIAN_POINT ( 'NONE',  ( 2.553222577959600059, 1.922781433965179865, -5.297610847817890267 ) ) ;
#7744 = DIRECTION ( 'NONE',  ( 0.000000000000000000, 1.000000000000000000, 1.016134094949459909E-15 ) ) ;
#7745 = LINE ( 'NONE', #7067, #6428 ) ;
#7746 = DIRECTION ( 'NONE',  ( 0.000000000000000000, 0.000000000000000000, 1.000000000000000000 ) ) ;
#7747 = VECTOR ( 'NONE', #263, 1000.000000000000000 ) ;
#7748 = AXIS2_PLACEMENT_3D ( 'NONE', #10248, #7153, #7776 ) ;
#7749 = ORIENTED_EDGE ( 'NONE', *, *, #7146, .T. ) ;
#7750 = DIRECTION ( 'NONE',  ( 0.000000000000000000, 1.000000000000000000, 0.000000000000000000 ) ) ;
#7751 = CARTESIAN_POINT ( 'NONE',  ( 0.9663112539693100578, 2.782535971120610352, -3.943697975442179704 ) ) ;
#7752 = CARTESIAN_POINT ( 'NONE',  ( 5.994414497300299516, 2.665949140403069517, -3.166677960519560298 ) ) ;
#7753 = CARTESIAN_POINT ( 'NONE',  ( 6.663604395380003709, 8.083844509591999739, -3.528978378255999804 ) ) ;
#7754 = ORIENTED_EDGE ( 'NONE', *, *, #8921, .F. ) ;
#7755 = CARTESIAN_POINT ( 'NONE',  ( 4.953222577959998318, 7.270001019719036783, -2.286187434786547623 ) ) ;
#7756 = AXIS2_PLACEMENT_3D ( 'NONE', #8656, #7972, #1745 ) ;
#7757 = VECTOR ( 'NONE', #9371, 1000.000000000000000 ) ;
#7758 = CARTESIAN_POINT ( 'NONE',  ( 1.096095375992998777, 8.081152877946996327, -4.710180815996002579 ) ) ;
#7759 = CARTESIAN_POINT ( 'NONE',  ( 2.703563665340099842, 2.607901067709069931, -3.458894140785820248 ) ) ;
#7760 = CARTESIAN_POINT ( 'NONE',  ( 4.797884290493800385, 3.026210793719070313, -4.208424161394959562 ) ) ;
#7761 = DIRECTION ( 'NONE',  ( 1.653402746184828117E-12, -1.000000000000000000, 1.166811569252333346E-12 ) ) ;
#7762 = CARTESIAN_POINT ( 'NONE',  ( 4.635678526836500168, 3.239510176517069961, -4.204810483780479835 ) ) ;
#7763 = AXIS2_PLACEMENT_3D ( 'NONE', #5884, #4254, #3416 ) ;
#7764 = VECTOR ( 'NONE', #8567, 1000.000000000000000 ) ;
#7765 = CYLINDRICAL_SURFACE ( 'NONE', #9568, 0.4000000000000001887 ) ;
#7766 = EDGE_CURVE ( 'NONE', #5405, #4624, #10238, .T. ) ;
#7767 = CARTESIAN_POINT ( 'NONE',  ( 4.568548443562000294, 2.648136689840070002, -4.010143631892259641 ) ) ;
#7768 = CARTESIAN_POINT ( 'NONE',  ( 2.447683143740199796, 3.283053125945070150, -3.835269438832260125 ) ) ;
#7769 = CARTESIAN_POINT ( 'NONE',  ( 0.9561237961210009573, 2.730096049682069648, -4.102120161039159996 ) ) ;
#7770 = VERTEX_POINT ( 'NONE', #7732 ) ;
#7771 = CARTESIAN_POINT ( 'NONE',  ( 2.382041032677699732, 2.962395426598418258, -2.774835921214630297 ) ) ;
#7772 = CARTESIAN_POINT ( 'NONE',  ( 0.6532225779587970127, 3.583840959371079826, -1.175680949433590028 ) ) ;
#7773 = CARTESIAN_POINT ( 'NONE',  ( 5.479974363342949850, 3.172836704116919204, -2.682807958149924676 ) ) ;
#7774 = DIRECTION ( 'NONE',  ( 0.000000000000000000, -1.000000000000000000, 0.000000000000000000 ) ) ;
#7775 = ORIENTED_EDGE ( 'NONE', *, *, #6156, .T. ) ;
#7776 = DIRECTION ( 'NONE',  ( 0.000000000000000000, -0.9940776682207647097, -0.1086719354054549863 ) ) ;
#7777 = EDGE_CURVE ( 'NONE', #3833, #2404, #2379, .T. ) ;
#7778 = VECTOR ( 'NONE', #7799, 1000.000000000000000 ) ;
#7779 = CARTESIAN_POINT ( 'NONE',  ( 0.8522490270814020441, 3.270850940259070416, -3.823291015309979723 ) ) ;
#7780 = ORIENTED_EDGE ( 'NONE', *, *, #5145, .T. ) ;
#7781 = ORIENTED_EDGE ( 'NONE', *, *, #645, .T. ) ;
#7782 = CARTESIAN_POINT ( 'NONE',  ( 2.982178497523000349, 8.119786051354001444, -2.917561204101002836 ) ) ;
#7783 = CARTESIAN_POINT ( 'NONE',  ( 5.788527261009009273, 2.908618091801914662, -4.061615531293576886 ) ) ;
#7784 = LOCAL_TIME ( 3, 31, 50.00000000000000000, #6366 ) ;
#7785 = CARTESIAN_POINT ( 'NONE',  ( 6.038823212130899343, 2.867082956335070154, -3.655309874572560069 ) ) ;
#7786 = CARTESIAN_POINT ( 'NONE',  ( 4.856432655010349819, 3.341743398537950771, -2.712270382342707009 ) ) ;
#7787 = EDGE_LOOP ( 'NONE', ( #8330, #9016, #7257, #6722 ) ) ;
#7788 = LINE ( 'NONE', #2209, #190 ) ;
#7789 = CARTESIAN_POINT ( 'NONE',  ( 1.202143446721390063, 3.024337192555929921, -4.088272356302990573 ) ) ;
#7790 = ORIENTED_EDGE ( 'NONE', *, *, #7661, .F. ) ;
#7791 = EDGE_CURVE ( 'NONE', #5938, #2743, #9941, .T. ) ;
#7792 = ORIENTED_EDGE ( 'NONE', *, *, #9675, .F. ) ;
#7793 = CARTESIAN_POINT ( 'NONE',  ( 1.750847948581839786, 3.191618214166069833, -2.565390176209159989 ) ) ;
#7794 = DIRECTION ( 'NONE',  ( 0.000000000000000000, 9.578761693691410276E-16, -1.000000000000000000 ) ) ;
#7795 = DIRECTION ( 'NONE',  ( 0.9999790310276358563, 0.000000000000000000, 0.006475917311893248512 ) ) ;
#7796 = ORIENTED_EDGE ( 'NONE', *, *, #7024, .T. ) ;
#7797 = CARTESIAN_POINT ( 'NONE',  ( 6.097586773762625256, 2.670001019719069557, -3.526400157682104464 ) ) ;
#7798 = CARTESIAN_POINT ( 'NONE',  ( 6.092233917156908873, 2.695895453369320016, -3.994013685900920319 ) ) ;
#7799 = DIRECTION ( 'NONE',  ( 0.000000000000000000, 1.000000000000000000, 0.000000000000000000 ) ) ;
#7800 = CARTESIAN_POINT ( 'NONE',  ( 5.127404424023000118, 3.048462156238069820, -4.230351675170379799 ) ) ;
#7801 = EDGE_CURVE ( 'NONE', #793, #1125, #9472, .T. ) ;
#7802 = VERTEX_POINT ( 'NONE', #6272 ) ;
#7803 = DIRECTION ( 'NONE',  ( 0.6898151732040394002, -7.858215819253761442E-24, -0.7239855156130412528 ) ) ;
#7804 = DIRECTION ( 'NONE',  ( 0.000000000000000000, 1.000000000000000000, 0.000000000000000000 ) ) ;
#7805 = CARTESIAN_POINT ( 'NONE',  ( 5.833494579009400383, 2.739019655216070159, -4.027116674210160063 ) ) ;
#7806 = CARTESIAN_POINT ( 'NONE',  ( 6.501382525519997735, 8.193242861651999220, -3.102205700096997809 ) ) ;
#7807 = EDGE_LOOP ( 'NONE', ( #6629, #1365, #10046, #3054 ) ) ;
#7808 = FACE_OUTER_BOUND ( 'NONE', #3358, .T. ) ;
#7809 = CARTESIAN_POINT ( 'NONE',  ( 1.026411224632673980, 2.720854956697076332, -4.155627018670952744 ) ) ;
#7810 = CARTESIAN_POINT ( 'NONE',  ( 2.598114352877499478, 2.633656872470070187, -3.253425666723759768 ) ) ;
#7811 = CARTESIAN_POINT ( 'NONE',  ( 6.179358202205900596, 2.949042316178069889, -3.692037468866459893 ) ) ;
#7812 = DIRECTION ( 'NONE',  ( 0.000000000000000000, 1.000000000000000000, 0.000000000000000000 ) ) ;
#7813 = CARTESIAN_POINT ( 'NONE',  ( 2.853222577958900441, 4.227894506827680310, -1.466112852112469778 ) ) ;
#7814 = DIRECTION ( 'NONE',  ( 1.000000000000000000, -3.844432427318920070E-10, -2.494514039527170024E-09 ) ) ;
#7815 = CARTESIAN_POINT ( 'NONE',  ( 4.512336119841499738, 2.689116369761070047, -4.056131896465760001 ) ) ;
#7816 = CARTESIAN_POINT ( 'NONE',  ( 1.111227174643699911, 3.008860745290069971, -3.947154304378060363 ) ) ;
#7817 = CARTESIAN_POINT ( 'NONE',  ( 2.379286958875099778, 2.878153421700070158, -2.725877963101159818 ) ) ;
#7818 = ORIENTED_EDGE ( 'NONE', *, *, #593, .F. ) ;
#7819 = CARTESIAN_POINT ( 'NONE',  ( 1.753222577960000139, 2.670001019719070001, -3.449999998694359693 ) ) ;
#7820 = DIRECTION ( 'NONE',  ( 0.000000000000000000, -1.000000000000000000, 0.000000000000000000 ) ) ;
#7821 = EDGE_CURVE ( 'NONE', #6625, #5121, #5368, .T. ) ;
#7822 = DIRECTION ( 'NONE',  ( 1.929209452882073709E-24, -1.166811569252323451E-12, -1.000000000000000000 ) ) ;
#7823 = ORIENTED_EDGE ( 'NONE', *, *, #7465, .T. ) ;
#7824 = CARTESIAN_POINT ( 'NONE',  ( 5.216954137763391230, 3.204465735022913986, -4.380199991156540129 ) ) ;
#7825 = ORIENTED_EDGE ( 'NONE', *, *, #2590, .F. ) ;
#7826 = CARTESIAN_POINT ( 'NONE',  ( 6.653222577959999384, 2.714506812042659867, -1.454927519863410179 ) ) ;
#7827 = CARTESIAN_POINT ( 'NONE',  ( 2.089738642298999860, 3.108259109940069820, -2.734787710226580071 ) ) ;
#7828 = VERTEX_POINT ( 'NONE', #7835 ) ;
#7829 = ORIENTED_EDGE ( 'NONE', *, *, #7458, .T. ) ;
#7830 = EDGE_CURVE ( 'NONE', #10263, #568, #10103, .T. ) ;
#7831 = CARTESIAN_POINT ( 'NONE',  ( 2.720352884072000599, 8.083278183273002071, -2.413638976055000995 ) ) ;
#7832 = DIRECTION ( 'NONE',  ( 0.000000000000000000, 1.000000000000000000, 0.000000000000000000 ) ) ;
#7833 = CARTESIAN_POINT ( 'NONE',  ( 5.926787535062300272, 2.919133101621070203, -2.670937584812659527 ) ) ;
#7834 = ORIENTED_EDGE ( 'NONE', *, *, #1678, .F. ) ;
#7835 = CARTESIAN_POINT ( 'NONE',  ( 4.953222577959999207, 7.270001019719069646, -2.339819833135567517 ) ) ;
#7836 = B_SPLINE_CURVE_WITH_KNOTS ( 'NONE', 3,
 ( #859, #8973, #5703, #3286, #1643, #5012 ),
 .UNSPECIFIED., .F., .F.,
 ( 4, 2, 4 ),
 ( 6.602212607865012769E-17, 0.0001586563170653916490, 0.0003173126341307172700 ),
 .UNSPECIFIED. ) ;
#7837 = PLANE ( 'NONE',  #784 ) ;
#7838 = EDGE_LOOP ( 'NONE', ( #3810, #6569, #3805 ) ) ;
#7839 = VERTEX_POINT ( 'NONE', #6164 ) ;
#7840 = CIRCLE ( 'NONE', #7006, 0.1000000000000000472 ) ;
#7841 = CARTESIAN_POINT ( 'NONE',  ( 1.335267947815599987, 2.985231113798069824, -4.146156898168059435 ) ) ;
#7842 = CARTESIAN_POINT ( 'NONE',  ( 5.253222577959999917, 8.090000782891999975, -2.050000000499999864 ) ) ;
#7843 = CARTESIAN_POINT ( 'NONE',  ( 6.499999999250079874, 7.050001019498999710, -1.350000000000000089 ) ) ;
#7844 = ORIENTED_EDGE ( 'NONE', *, *, #10087, .T. ) ;
#7845 = EDGE_CURVE ( 'NONE', #1570, #4668, #4469, .T. ) ;
#7846 = CARTESIAN_POINT ( 'NONE',  ( 6.653222577039999308, 8.090000782891999975, -3.449999999580000143 ) ) ;
#7847 = EDGE_CURVE ( 'NONE', #6163, #1593, #9769, .T. ) ;
#7848 = CARTESIAN_POINT ( 'NONE',  ( 6.076858122067280377, 2.723929598070800484, -3.913508108018040055 ) ) ;
#7849 = DIRECTION ( 'NONE',  ( 0.000000000000000000, -1.000000000000000000, 0.000000000000000000 ) ) ;
#7850 = CARTESIAN_POINT ( 'NONE',  ( 4.507018593003800255, 3.218156481988069917, -2.948416918966979772 ) ) ;
#7851 = ORIENTED_EDGE ( 'NONE', *, *, #1631, .T. ) ;
#7852 = B_SPLINE_CURVE_WITH_KNOTS ( 'NONE', 3,
 ( #4294, #2561, #5871, #927, #5028, #9923 ),
 .UNSPECIFIED., .F., .F.,
 ( 4, 2, 4 ),
 ( -0.001062052370411267592, -0.0005310269665740642575, -1.562736860923064075E-09 ),
 .UNSPECIFIED. ) ;
#7853 = CARTESIAN_POINT ( 'NONE',  ( 4.677181825639032731, 3.005724475767944437, -4.005136965275434946 ) ) ;
#7854 = CARTESIAN_POINT ( 'NONE',  ( 0.9890276507278170648, 2.814658224277288845, -4.094758082782446351 ) ) ;
#7855 = LINE ( 'NONE', #4650, #8570 ) ;
#7856 = CARTESIAN_POINT ( 'NONE',  ( 6.580212378469997958, 8.119917740645002269, -3.270305185937998793 ) ) ;
#7857 = ORIENTED_EDGE ( 'NONE', *, *, #1099, .F. ) ;
#7858 = PLANE ( 'NONE',  #3204 ) ;
#7859 = LINE ( 'NONE', #2966, #7098 ) ;
#7860 = CYLINDRICAL_SURFACE ( 'NONE', #2551, 1.399999999080000057 ) ;
#7861 = EDGE_CURVE ( 'NONE', #9745, #1050, #1575, .T. ) ;
#7862 = CARTESIAN_POINT ( 'NONE',  ( 5.525330731447500199, 2.772564430366069921, -2.684965584881459755 ) ) ;
#7863 = CARTESIAN_POINT ( 'NONE',  ( 3.153222577962000006, 4.700001019498999177, -1.649999999997080025 ) ) ;
#7864 = LINE ( 'NONE', #659, #5739 ) ;
#7865 = CARTESIAN_POINT ( 'NONE',  ( 2.504187755497259804, 2.832146381480514563, -3.174225993809444812 ) ) ;
#7866 = CARTESIAN_POINT ( 'NONE',  ( 5.048445168330699673, 2.646703999307070010, -4.374134458034659723 ) ) ;
#7867 = VECTOR ( 'NONE', #9563, 1000.000000000000000 ) ;
#7868 = CARTESIAN_POINT ( 'NONE',  ( 2.609268572462700053, 3.304919428482070209, -3.629847790857759993 ) ) ;
#7869 = CARTESIAN_POINT ( 'NONE',  ( 1.858434352880000029, 2.584022019884069987, -4.308077935452759633 ) ) ;
#7870 = ORIENTED_EDGE ( 'NONE', *, *, #245, .T. ) ;
#7871 = CARTESIAN_POINT ( 'NONE',  ( 0.4499990058877118559, 8.189659232447217718, -3.449999956403592805 ) ) ;
#7872 = EDGE_CURVE ( 'NONE', #2982, #7329, #7788, .T. ) ;
#7873 = CARTESIAN_POINT ( 'NONE',  ( 1.095867617769129998, 2.936120290325340054, -3.905939534792789658 ) ) ;
#7874 = CARTESIAN_POINT ( 'NONE',  ( 2.595952478536000196, 3.025653165607069983, -2.850862189769479915 ) ) ;
#7875 = VECTOR ( 'NONE', #3002, 1000.000000000000000 ) ;
#7876 = VERTEX_POINT ( 'NONE', #10260 ) ;
#7877 = CARTESIAN_POINT ( 'NONE',  ( 3.853222577960270012, 0.7000000014231999579, -5.249999999991080024 ) ) ;
#7878 = ORIENTED_EDGE ( 'NONE', *, *, #8046, .F. ) ;
#7879 = CARTESIAN_POINT ( 'NONE',  ( 2.853222577958900441, 4.400000001843560327, -1.009946620387369931 ) ) ;
#7880 = CARTESIAN_POINT ( 'NONE',  ( 2.582234655016000247, 3.012499339455069869, -2.822485504236280196 ) ) ;
#7881 = B_SPLINE_CURVE_WITH_KNOTS ( 'NONE', 3,
 ( #5888, #9157, #8406, #1887 ),
 .UNSPECIFIED., .F., .F.,
 ( 4, 4 ),
 ( 0.000000000000000000, 0.0004413596398543844293 ),
 .UNSPECIFIED. ) ;
#7882 = ORIENTED_EDGE ( 'NONE', *, *, #7012, .F. ) ;
#7883 = VECTOR ( 'NONE', #7422, 1000.000000000000000 ) ;
#7884 = ORIENTED_EDGE ( 'NONE', *, *, #5566, .F. ) ;
#7885 = CARTESIAN_POINT ( 'NONE',  ( 1.484094605739998185, 8.276135387718996483, -2.172883085121999347 ) ) ;
#7886 = CARTESIAN_POINT ( 'NONE',  ( 0.6346515259546328114, 8.261576635442871464, -2.774301013464402388 ) ) ;
#7887 = CARTESIAN_POINT ( 'NONE',  ( 4.273873805029699824, 2.753725681174070239, -3.768597270595960058 ) ) ;
#7888 = ORIENTED_EDGE ( 'NONE', *, *, #7214, .F. ) ;
#7889 = DIRECTION ( 'NONE',  ( -0.9706197661653157560, 0.000000000000000000, 0.2406185145187039187 ) ) ;
#7890 = CARTESIAN_POINT ( 'NONE',  ( 1.249242767108380114, 3.055890778578099987, -4.209883025212159957 ) ) ;
#7891 = EDGE_LOOP ( 'NONE', ( #9101, #4880, #4389, #8833 ) ) ;
#7892 = AXIS2_PLACEMENT_3D ( 'NONE', #9228, #9074, #1860 ) ;
#7893 = ORIENTED_EDGE ( 'NONE', *, *, #6764, .F. ) ;
#7894 = CARTESIAN_POINT ( 'NONE',  ( 1.616232143551600053, 2.961601482305070476, -4.250346250277660332 ) ) ;
#7895 = CARTESIAN_POINT ( 'NONE',  ( 2.552134428391899856, 3.367601301879069808, -3.936686496238959609 ) ) ;
#7896 = CARTESIAN_POINT ( 'NONE',  ( 1.939411935062983927, 3.341743398537949883, -2.491866780720898955 ) ) ;
#7897 = ORIENTED_EDGE ( 'NONE', *, *, #4850, .F. ) ;
#7898 = TOROIDAL_SURFACE ( 'NONE', #6053, 1.149999999999999911, 0.2000000000000000111 ) ;
#7899 = DIRECTION ( 'NONE',  ( 3.302913498259999742E-14, -1.000000000000000000, 0.000000000000000000 ) ) ;
#7900 = CARTESIAN_POINT ( 'NONE',  ( 4.139212506879999864, 8.189855529872000162, -4.123111033928002378 ) ) ;
#7901 = CARTESIAN_POINT ( 'NONE',  ( 1.753222577963000184, 0.6000000014230709722, -3.449999999994080024 ) ) ;
#7902 = CARTESIAN_POINT ( 'NONE',  ( 5.718974837807000000, 3.354373458874069680, -2.593198746700080548 ) ) ;
#7903 = ORIENTED_EDGE ( 'NONE', *, *, #968, .F. ) ;
#7904 = CIRCLE ( 'NONE', #3372, 0.09999999999999999167 ) ;
#7905 = ADVANCED_FACE ( 'NONE', ( #3840 ), #10098, .F. ) ;
#7906 = CARTESIAN_POINT ( 'NONE',  ( 5.699999999160000108, 1.019498648082000104E-06, -4.000000000000000000 ) ) ;
#7907 = FACE_OUTER_BOUND ( 'NONE', #529, .T. ) ;
#7908 = EDGE_CURVE ( 'NONE', #9491, #9278, #3084, .T. ) ;
#7909 = DIRECTION ( 'NONE',  ( 1.000000000000000000, 0.000000000000000000, 0.000000000000000000 ) ) ;
#7910 = CARTESIAN_POINT ( 'NONE',  ( 6.258655179830000748, 8.192906678806000542, -2.631747415515001354 ) ) ;
#7911 = VERTEX_POINT ( 'NONE', #2893 ) ;
#7912 = CARTESIAN_POINT ( 'NONE',  ( 2.553222577959600059, 2.742401317444509878, -1.256882331665519992 ) ) ;
#7913 = CARTESIAN_POINT ( 'NONE',  ( 3.047196325990000343, 8.193304237778004762, -3.471165282256999607 ) ) ;
#7914 = CARTESIAN_POINT ( 'NONE',  ( 2.521289417827199841, 2.711637246974070159, -3.732590078369860009 ) ) ;
#7915 = AXIS2_PLACEMENT_3D ( 'NONE', #275, #1957, #2642 ) ;
#7916 = CARTESIAN_POINT ( 'NONE',  ( 4.299310711730700341, 3.138079368117070000, -3.370241093924180031 ) ) ;
#7917 = CARTESIAN_POINT ( 'NONE',  ( 5.388628077340389844, 3.192165165509054603, -2.611424004815225519 ) ) ;
#7918 = DIRECTION ( 'NONE',  ( -1.000000000000000000, 0.000000000000000000, 0.000000000000000000 ) ) ;
#7919 = DIRECTION ( 'NONE',  ( 0.000000000000000000, -1.000000000000000000, 0.000000000000000000 ) ) ;
#7920 = EDGE_CURVE ( 'NONE', #4156, #6338, #9311, .T. ) ;
#7921 = VECTOR ( 'NONE', #1002, 1000.000000000000114 ) ;
#7922 = CARTESIAN_POINT ( 'NONE',  ( 4.370028991821699904, 2.695395952824069852, -3.399907989019070431 ) ) ;
#7923 = VECTOR ( 'NONE', #7387, 1000.000000000000000 ) ;
#7924 = CARTESIAN_POINT ( 'NONE',  ( 1.153459645416200052, 3.144358951181069894, -2.799750360858159759 ) ) ;
#7925 = CARTESIAN_POINT ( 'NONE',  ( 1.085622404376600070, 2.783634895731070369, -2.763982989002160107 ) ) ;
#7926 = ORIENTED_EDGE ( 'NONE', *, *, #6557, .T. ) ;
#7927 = CARTESIAN_POINT ( 'NONE',  ( 0.6532225779590010717, 4.583364638219899589, -1.549999999994079891 ) ) ;
#7928 = DIRECTION ( 'NONE',  ( 0.000000000000000000, 0.000000000000000000, 1.000000000000000000 ) ) ;
#7929 = VECTOR ( 'NONE', #4134, 1000.000000000000000 ) ;
#7930 = CARTESIAN_POINT ( 'NONE',  ( 2.509496314418000029, 3.113479840378069685, -4.174549595703780369 ) ) ;
#7931 = AXIS2_PLACEMENT_3D ( 'NONE', #4420, #6212, #7832 ) ;
#7932 = LINE ( 'NONE', #1508, #2126 ) ;
#7933 = CARTESIAN_POINT ( 'NONE',  ( 0.000000000000000000, 0.000000000000000000, -6.299999999999999822 ) ) ;
#7934 = ORIENTED_EDGE ( 'NONE', *, *, #2924, .F. ) ;
#7935 = DIRECTION ( 'NONE',  ( 0.000000000000000000, -1.000000000000000000, -1.239088197940549937E-15 ) ) ;
#7936 = ADVANCED_FACE ( 'NONE', ( #581 ), #8519, .T. ) ;
#7937 = CARTESIAN_POINT ( 'NONE',  ( 6.499999999250079874, 7.050001019498999710, -1.350000000000000089 ) ) ;
#7938 = AXIS2_PLACEMENT_3D ( 'NONE', #6462, #3250, #9666 ) ;
#7939 = ORIENTED_EDGE ( 'NONE', *, *, #9415, .F. ) ;
#7940 = EDGE_LOOP ( 'NONE', ( #111, #6275, #4636, #995 ) ) ;
#7941 = CARTESIAN_POINT ( 'NONE',  ( 0.4931455922472997022, 8.274682792982998691, -3.100648005344000424 ) ) ;
#7942 = CARTESIAN_POINT ( 'NONE',  ( 4.453222577959000006, 2.121596968917629944, -5.275876460555529945 ) ) ;
#7943 = CARTESIAN_POINT ( 'NONE',  ( 4.854044812153500033, 2.583527378426070165, -4.157091965565160585 ) ) ;
#7944 = ORIENTED_EDGE ( 'NONE', *, *, #979, .F. ) ;
#7945 = DIRECTION ( 'NONE',  ( 0.000000000000000000, 0.000000000000000000, 1.000000000000000000 ) ) ;
#7946 = VECTOR ( 'NONE', #1119, 1000.000000000000000 ) ;
#7947 = LINE ( 'NONE', #6165, #4822 ) ;
#7948 = ORIENTED_EDGE ( 'NONE', *, *, #4609, .F. ) ;
#7949 = CARTESIAN_POINT ( 'NONE',  ( 2.679358202205899708, 2.949042316178069889, -3.692037468866459893 ) ) ;
#7950 = CARTESIAN_POINT ( 'NONE',  ( 2.562010499337699976, 3.245157060215070111, -3.377999744798930060 ) ) ;
#7951 = CARTESIAN_POINT ( 'NONE',  ( 4.153222577959000184, 3.583840959242610147, -1.375398428162210029 ) ) ;
#7952 = EDGE_LOOP ( 'NONE', ( #5269, #3590, #5957, #6327, #8937, #1312, #842, #9951, #3415, #2724, #6935, #3910, #8440, #9314, #6333, #7438, #551 ) ) ;
#7953 = LOCAL_TIME ( 3, 31, 50.00000000000000000, #3501 ) ;
#7954 = B_SPLINE_CURVE_WITH_KNOTS ( 'NONE', 3,
 ( #10179, #6188, #6142, #1129, #8496, #4447 ),
 .UNSPECIFIED., .F., .F.,
 ( 4, 2, 4 ),
 ( -0.0008646709672819412849, -0.0004323354836409706425, 0.000000000000000000 ),
 .UNSPECIFIED. ) ;
#7955 = CARTESIAN_POINT ( 'NONE',  ( 2.947054651808689751, 8.264882511190005943, -3.967334429270542362 ) ) ;
#7956 = CARTESIAN_POINT ( 'NONE',  ( 1.605516756040083148, 3.190533835389749662, -2.579680809143871656 ) ) ;
#7957 = DIRECTION ( 'NONE',  ( -0.000000000000000000, 0.9940776682001472020, 0.1086719355940540116 ) ) ;
#7958 = ADVANCED_FACE ( 'NONE', ( #2995 ), #1467, .F. ) ;
#7959 = CARTESIAN_POINT ( 'NONE',  ( 6.009980412084999557, 3.364006378779069717, -3.773539207623879843 ) ) ;
#7960 = ORIENTED_EDGE ( 'NONE', *, *, #6120, .T. ) ;
#7961 = CARTESIAN_POINT ( 'NONE',  ( 2.538595413049979932, 2.784803815010649775, -3.657184780057470164 ) ) ;
#7962 = CARTESIAN_POINT ( 'NONE',  ( 2.350776811338609829, 8.264053211054811499, -2.292566757837427804 ) ) ;
#7963 = CARTESIAN_POINT ( 'NONE',  ( 3.957234723970001866, 8.274630056814002543, -3.275329014316000542 ) ) ;
#7964 = ORIENTED_EDGE ( 'NONE', *, *, #10410, .T. ) ;
#7965 = CARTESIAN_POINT ( 'NONE',  ( 4.981165003965523752, 3.087505959821736479, -4.415952579023086244 ) ) ;
#7966 = CARTESIAN_POINT ( 'NONE',  ( 0.7414101225532998551, 8.190007478768004390, -4.268334377156001835 ) ) ;
#7967 = CARTESIAN_POINT ( 'NONE',  ( 2.693327580195699955, 2.542993619547070150, -3.090643051618059634 ) ) ;
#7969 = EDGE_CURVE ( 'NONE', #1570, #4684, #3896, .T. ) ;
#7968 = CARTESIAN_POINT ( 'NONE',  ( 4.412003410829000494, 2.671766321332069705, -3.723661577824560087 ) ) ;
#7970 = CARTESIAN_POINT ( 'NONE',  ( 1.128123105645173263, 3.330395806529448333, -3.968938950204734528 ) ) ;
#7971 = EDGE_CURVE ( 'NONE', #8718, #5694, #2420, .T. ) ;
#7972 = DIRECTION ( 'NONE',  ( 0.000000000000000000, 1.000000000000000000, 0.000000000000000000 ) ) ;
#7973 = DIRECTION ( 'NONE',  ( -1.000000000000000000, 0.000000000000000000, 0.000000000000000000 ) ) ;
#7974 = CARTESIAN_POINT ( 'NONE',  ( 2.853222577958900441, 3.583840959477559984, -1.009946619863359984 ) ) ;
#7975 = CARTESIAN_POINT ( 'NONE',  ( 2.538986474534600024, 3.263939748560070075, -3.615082135481559877 ) ) ;
#7976 = CARTESIAN_POINT ( 'NONE',  ( 1.747235404841920081, 2.592229306565069891, -4.316993260558160017 ) ) ;
#7977 = EDGE_CURVE ( 'NONE', #7281, #588, #6418, .T. ) ;
#7978 = CARTESIAN_POINT ( 'NONE',  ( 0.6032466922782189211, 7.070001019719070356, -3.457447303603035760 ) ) ;
#7979 = ORIENTED_EDGE ( 'NONE', *, *, #8063, .T. ) ;
#7980 = CARTESIAN_POINT ( 'NONE',  ( 0.5000002683003510473, 4.600000023083770095, -1.810144774748099872 ) ) ;
#7981 = CARTESIAN_POINT ( 'NONE',  ( 0.5000000007595999385, 4.700001019498999177, -5.700000000180000193 ) ) ;
#7982 = EDGE_CURVE ( 'NONE', #2312, #1882, #26, .T. ) ;
#7983 = B_SPLINE_SURFACE_WITH_KNOTS ( 'NONE', 3, 3, ( 
 ( #663, #2242, #3872, #2185 ),
 ( #7768, #4556, #4776, #3082 ),
 ( #5456, #4663, #2400, #6985 ),
 ( #7975, #7868, #3129, #720 ),
 ( #8709, #6300, #7091, #6195 ),
 ( #3027, #6347, #5559, #9501 ),
 ( #1556, #610, #9448, #4716 ),
 ( #8768, #10296, #7191, #5401 ),
 ( #3772, #2289, #766, #6399 ),
 ( #3975, #8659, #2973, #5508 ),
 ( #9609, #7924, #1500, #3927 ),
 ( #7142, #10183, #10345, #4612 ),
 ( #2341, #10392, #9394, #3182 ),
 ( #5614, #1342, #8608, #1399 ),
 ( #7816, #3821, #7034, #10236 ),
 ( #2496, #78, #5658, #1808 ),
 ( #5710, #8228, #3293, #5767 ),
 ( #6503, #4179, #7395, #7241 ),
 ( #5023, #6456, #1761, #9661 ),
 ( #8867, #8980, #179, #1651 ),
 ( #9707, #8923, #3243, #1709 ),
 ( #8024, #4026, #4871, #2554 ),
 ( #9027, #2447, #29, #4927 ),
 ( #6614, #5815, #7298, #3398 ),
 ( #9760, #1021, #8077, #4131 ),
 ( #9815, #2605, #870, #4082 ),
 ( #8133, #4973, #920, #7346 ),
 ( #8181, #4234, #126, #3344 ),
 ( #237, #6555, #7449, #970 ),
 ( #3445, #6659, #9863, #2651 ),
 ( #8818, #1602, #4821, #815 ),
 ( #4336, #2074, #7546, #7497 ),
 ( #4393, #1862, #8387, #1177 ),
 ( #393, #8334, #4442, #8284 ),
 ( #336, #1966, #3706, #6079 ),
 ( #9916, #7604, #8439, #4487 ),
 ( #5864, #6024, #2017, #3606 ) ),
 .UNSPECIFIED., .F., .F., .F.,
 ( 4, 1, 1, 1, 1, 1, 1, 1, 1, 1, 1, 1, 1, 1, 1, 1, 1, 1, 1, 1, 1, 1, 1, 1, 1, 1, 1, 1, 1, 1, 1, 1, 1, 1, 4 ),
 ( 4, 4 ),
 ( 0.000000000000000000, 0.01045846005544039982, 0.02269762908908700208, 0.05451778011859410161, 0.08633793114810110747, 0.1181580821775790047, 0.1499782332070860036, 0.1817983842365930025, 0.2136185352660999737, 0.2454386862957049775, 0.2772588373251139715, 0.3090789883546209982, 0.3408991393842260020, 0.3727192904136349960, 0.4045394414432399999, 0.4363595924727470265, 0.4681797435021559650, 0.4999998945317610244, 0.5318200455612690503, 0.5636401965906779887, 0.5954603476202829926, 0.6272804986498879964, 0.6591006496791990132, 0.6909208007088040171, 0.7227409517384090210, 0.7545611027678180704, 0.7863812537973249306, 0.8182014048267339801, 0.8500215558563389839, 0.8818417068858459551, 0.9136618579152550046, 0.9454820089448600084, 0.9773021599744649013, 0.9895415334842950772, 1.000000000000000000 ),
 ( 0.000000000000000000, 1.000000000000000000 ),
 .UNSPECIFIED. ) ;
#7984 = EDGE_CURVE ( 'NONE', #6632, #8934, #355, .T. ) ;
#7985 = CARTESIAN_POINT ( 'NONE',  ( 2.615479310092999832, 2.998769138932070089, -3.704779957431679982 ) ) ;
#7986 = PLANE ( 'NONE',  #1455 ) ;
#7987 = ORIENTED_EDGE ( 'NONE', *, *, #9451, .F. ) ;
#7988 = CARTESIAN_POINT ( 'NONE',  ( 6.499999999250099414, 3.341743398537949883, -1.549999999994089883 ) ) ;
#7989 = CARTESIAN_POINT ( 'NONE',  ( 2.782561530653999693, 3.040604348592070405, -3.235985081005379627 ) ) ;
#7990 = ORIENTED_EDGE ( 'NONE', *, *, #5434, .T. ) ;
#7991 = ORIENTED_EDGE ( 'NONE', *, *, #3291, .F. ) ;
#7992 = CARTESIAN_POINT ( 'NONE',  ( 1.908651434325297158, 3.324667614607429211, -2.507586442075644406 ) ) ;
#7993 = CARTESIAN_POINT ( 'NONE',  ( 6.553222577958000450, 0.8000000014230710388, -1.649999999994079980 ) ) ;
#7994 = ADVANCED_FACE ( 'NONE', ( #10318 ), #7999, .T. ) ;
#7995 = B_SPLINE_CURVE_WITH_KNOTS ( 'NONE', 3,
 ( #1982, #1199, #5355, #456 ),
 .UNSPECIFIED., .F., .F.,
 ( 4, 4 ),
 ( 1.552701214078115792E-13, 0.0001459344437299229657 ),
 .UNSPECIFIED. ) ;
#7996 = CARTESIAN_POINT ( 'NONE',  ( 5.253222577959999917, 6.070001019719070356, -3.449999998694359693 ) ) ;
#7997 = SHAPE_DEFINITION_REPRESENTATION ( #5889, #4297 ) ;
#7998 = ORIENTED_EDGE ( 'NONE', *, *, #2358, .F. ) ;
#7999 = PLANE ( 'NONE',  #3722 ) ;
#8000 = CARTESIAN_POINT ( 'NONE',  ( 4.724788387620269425, 2.789250674638430016, -2.867268285957739860 ) ) ;
#8001 = ORIENTED_EDGE ( 'NONE', *, *, #6547, .F. ) ;
#8002 = CARTESIAN_POINT ( 'NONE',  ( 0.8429386079294008960, 2.712746001253069750, -3.746129424210260073 ) ) ;
#8003 = CARTESIAN_POINT ( 'NONE',  ( 2.779034896136000299, 3.368096099978070246, -3.358679708905750072 ) ) ;
#8004 = CARTESIAN_POINT ( 'NONE',  ( 4.504060727236099737, 2.854713693532069829, -4.015587194228280588 ) ) ;
#8005 = ORIENTED_EDGE ( 'NONE', *, *, #7920, .F. ) ;
#8006 = CARTESIAN_POINT ( 'NONE',  ( 2.762760665170432173, 8.264627940462268896, -4.271519079366564497 ) ) ;
#8007 = ADVANCED_FACE ( 'NONE', ( #10413 ), #1523, .F. ) ;
#8008 = FACE_OUTER_BOUND ( 'NONE', #5564, .T. ) ;
#8009 = CARTESIAN_POINT ( 'NONE',  ( 5.576417126921000111, 3.144137736370069991, -4.406578996942180027 ) ) ;
#8010 = FACE_OUTER_BOUND ( 'NONE', #9525, .T. ) ;
#8011 = AXIS2_PLACEMENT_3D ( 'NONE', #3275, #3378, #6594 ) ;
#8012 = EDGE_LOOP ( 'NONE', ( #7535, #8317, #3271, #4253, #1559, #3479 ) ) ;
#8013 = CARTESIAN_POINT ( 'NONE',  ( 1.753222577959534734, 3.185429472045778088, -4.249999998694359071 ) ) ;
#8014 = CARTESIAN_POINT ( 'NONE',  ( 4.879223194033411204, 3.123578489290189886, -2.742805216422604886 ) ) ;
#8015 = ORIENTED_EDGE ( 'NONE', *, *, #3190, .F. ) ;
#8016 = EDGE_CURVE ( 'NONE', #1060, #10317, #5634, .T. ) ;
#8017 = CARTESIAN_POINT ( 'NONE',  ( 0.9532225779590139947, 2.767681913925589932, -1.260443083338310011 ) ) ;
#8018 = CARTESIAN_POINT ( 'NONE',  ( 1.842010818276998974, 8.118232374119996209, -4.789134949485004178 ) ) ;
#8019 = CARTESIAN_POINT ( 'NONE',  ( 5.250000005291606264, 8.263201068284603323, -4.749998831476117012 ) ) ;
#8020 = CARTESIAN_POINT ( 'NONE',  ( 5.367072328310800167, 2.625001699805070032, -4.378526857553459273 ) ) ;
#8021 = CARTESIAN_POINT ( 'NONE',  ( 5.205892849088606056, 3.341743398537950327, -2.450385039204315607 ) ) ;
#8022 = LINE ( 'NONE', #10389, #4867 ) ;
#8023 = CARTESIAN_POINT ( 'NONE',  ( 6.204073353207999908, 3.396374330518070028, -3.286378283762060093 ) ) ;
#8024 = CARTESIAN_POINT ( 'NONE',  ( 2.559793459440300012, 2.843453324843070007, -3.356384216412509947 ) ) ;
#8025 = CARTESIAN_POINT ( 'NONE',  ( 2.741636693787999679, 2.648375893640070089, -3.594989122663280412 ) ) ;
#8026 = LINE ( 'NONE', #7193, #5418 ) ;
#8027 = ORIENTED_EDGE ( 'NONE', *, *, #9671, .F. ) ;
#8028 = PLANE ( 'NONE',  #3563 ) ;
#8029 = DIRECTION ( 'NONE',  ( -0.9999790310276359673, 0.000000000000000000, -0.006475917311892407172 ) ) ;
#8030 = CARTESIAN_POINT ( 'NONE',  ( 2.231097728303000238, 3.133801991693069944, -4.352415712822380378 ) ) ;
#8031 = CARTESIAN_POINT ( 'NONE',  ( 1.753222577959999917, 3.154531003513295850, -2.649999998694358982 ) ) ;
#8032 = VERTEX_POINT ( 'NONE', #49 ) ;
#8033 = CIRCLE ( 'NONE', #8878, 0.1000000000000002554 ) ;
#8034 = CARTESIAN_POINT ( 'NONE',  ( 5.253222577959999917, 6.070001019719070356, -3.449999998694359693 ) ) ;
#8035 = DIRECTION ( 'NONE',  ( 1.000000000000000000, 1.653402746184873959E-12, 6.495468655328229965E-30 ) ) ;
#8036 = EDGE_CURVE ( 'NONE', #8512, #4300, #937, .T. ) ;
#8037 = ADVANCED_FACE ( 'NONE', ( #8102 ), #3263, .F. ) ;
#8038 = ORIENTED_EDGE ( 'NONE', *, *, #941, .T. ) ;
#8039 = EDGE_LOOP ( 'NONE', ( #10197, #2422, #3393, #4940 ) ) ;
#8040 = VECTOR ( 'NONE', #3151, 1000.000000000000000 ) ;
#8041 = CARTESIAN_POINT ( 'NONE',  ( 1.301961101278755306, 3.282329484256877539, -2.635809948405287262 ) ) ;
#8042 = CARTESIAN_POINT ( 'NONE',  ( 1.720320870368838628, 8.263158601191088692, -2.150001169913552612 ) ) ;
#8043 = CARTESIAN_POINT ( 'NONE',  ( 5.929691751705324698, 2.917295108410369320, -2.713547012138454839 ) ) ;
#8044 = ORIENTED_EDGE ( 'NONE', *, *, #2389, .F. ) ;
#8046 = EDGE_CURVE ( 'NONE', #2098, #3092, #3103, .T. ) ;
#8045 = CARTESIAN_POINT ( 'NONE',  ( 1.003669049470007124, 2.834483892434737307, -4.061600676261374332 ) ) ;
#8047 = CARTESIAN_POINT ( 'NONE',  ( 4.539153562276999843, 2.869673748465070062, -2.829913101840879630 ) ) ;
#8048 = EDGE_LOOP ( 'NONE', ( #2850, #5901, #8483, #2896, #4647, #931 ) ) ;
#8049 = VECTOR ( 'NONE', #1232, 1000.000000000000000 ) ;
#8050 = CARTESIAN_POINT ( 'NONE',  ( 1.012336119841499960, 2.689116369761070047, -4.056131896465760001 ) ) ;
#8051 = EDGE_CURVE ( 'NONE', #958, #8948, #6853, .T. ) ;
#8052 = CARTESIAN_POINT ( 'NONE',  ( 5.892443124445139624, 2.953072890850580112, -4.063892105876159455 ) ) ;
#8053 = CARTESIAN_POINT ( 'NONE',  ( 4.800000000839999892, 0.7000000014231999579, 0.000000000000000000 ) ) ;
#8054 = ORIENTED_EDGE ( 'NONE', *, *, #578, .F. ) ;
#8055 = DIRECTION ( 'NONE',  ( 0.000000000000000000, 1.000000000000000000, 1.239161620612150055E-15 ) ) ;
#8056 = CARTESIAN_POINT ( 'NONE',  ( 4.450000000840000247, 1.019498755346999938E-06, 0.000000000000000000 ) ) ;
#8057 = VECTOR ( 'NONE', #7814, 1000.000000000000000 ) ;
#8058 = CARTESIAN_POINT ( 'NONE',  ( 5.900706880074999994, 3.009002100463070040, -2.670022051673079932 ) ) ;
#8059 = CARTESIAN_POINT ( 'NONE',  ( 2.587865763211164793, 3.020050081984479995, -2.856657460457995512 ) ) ;
#8060 = EDGE_LOOP ( 'NONE', ( #5419, #1408, #7686 ) ) ;
#8061 = ORIENTED_EDGE ( 'NONE', *, *, #7845, .F. ) ;
#8062 = CARTESIAN_POINT ( 'NONE',  ( 1.753222577959999251, 2.985462208132676931, -2.649999998694359871 ) ) ;
#8063 = EDGE_CURVE ( 'NONE', #3380, #9173, #2582, .T. ) ;
#8064 = CARTESIAN_POINT ( 'NONE',  ( 5.253222577959999917, 7.070001019719070356, -3.449999998694359693 ) ) ;
#8065 = CIRCLE ( 'NONE', #157, 0.3499999999999999778 ) ;
#8066 = CARTESIAN_POINT ( 'NONE',  ( 6.548877298320002538, 8.278340395283001030, -3.522553410902001580 ) ) ;
#8067 = B_SPLINE_SURFACE_WITH_KNOTS ( 'NONE', 3, 3, ( 
 ( #3345, #1022, #180, #9028 ),
 ( #1810, #7192, #971, #816 ),
 ( #10393, #8134, #8025, #8183 ),
 ( #9708, #3399, #2402, #6615 ),
 ( #6400, #9816, #4823, #4872 ),
 ( #4027, #871, #8078, #30 ) ),
 .UNSPECIFIED., .F., .F., .F.,
 ( 4, 1, 1, 4 ),
 ( 4, 4 ),
 ( 0.000000000000000000, 0.3748559104692200106, 0.8197368806272330444, 1.000000000000000000 ),
 ( 0.000000000000000000, 1.000000000000000000 ),
 .UNSPECIFIED. ) ;
#8068 = ORIENTED_EDGE ( 'NONE', *, *, #5045, .T. ) ;
#8069 = CARTESIAN_POINT ( 'NONE',  ( 1.484263418175001847, 8.276135631594000230, -4.727152856611001930 ) ) ;
#8070 = CARTESIAN_POINT ( 'NONE',  ( 5.368496110472617211, 8.263370469400499019, -2.153035766586163469 ) ) ;
#8071 = CARTESIAN_POINT ( 'NONE',  ( 5.063981980907899860, 2.605724319386069965, -4.304018794803759818 ) ) ;
#8072 = CARTESIAN_POINT ( 'NONE',  ( 2.536572061456770832, 2.787752883676879012, -3.612368673953290088 ) ) ;
#8073 = AXIS2_PLACEMENT_3D ( 'NONE', #5754, #9747, #10333 ) ;
#8074 = ORIENTED_EDGE ( 'NONE', *, *, #3776, .F. ) ;
#8075 = CARTESIAN_POINT ( 'NONE',  ( 4.521684900071339719, 2.856390984161026214, -2.887788735320850897 ) ) ;
#8076 = CARTESIAN_POINT ( 'NONE',  ( 6.109638296838101112, 3.328006748658070002, -2.863428200986359862 ) ) ;
#8077 = CARTESIAN_POINT ( 'NONE',  ( 2.074007775465100067, 2.854523790208070455, -2.548109656976259796 ) ) ;
#8078 = CARTESIAN_POINT ( 'NONE',  ( 2.590134981308999773, 2.605980403171070048, -2.969541950356680005 ) ) ;
#8079 = VECTOR ( 'NONE', #2819, 1000.000000000000000 ) ;
#8080 = CIRCLE ( 'NONE', #8580, 1.399999999080000057 ) ;
#8081 = CYLINDRICAL_SURFACE ( 'NONE', #2042, 0.1000000000000002554 ) ;
#8082 = ORIENTED_EDGE ( 'NONE', *, *, #3279, .T. ) ;
#8083 = CARTESIAN_POINT ( 'NONE',  ( 0.7891580283013009955, 3.204697472822069848, -3.488263094392220154 ) ) ;
#8084 = DIRECTION ( 'NONE',  ( -1.000000000000000000, -1.595604738167999988E-13, 0.000000000000000000 ) ) ;
#8085 = CARTESIAN_POINT ( 'NONE',  ( 2.761454231159000017, 3.083171282423070370, -3.747912684367979974 ) ) ;
#8086 = CARTESIAN_POINT ( 'NONE',  ( 4.303222577960999828, 2.250294765869069735, -1.549999999994079891 ) ) ;
#8087 = EDGE_CURVE ( 'NONE', #506, #4746, #4048, .T. ) ;
#8088 = VECTOR ( 'NONE', #8791, 1000.000000000000000 ) ;
#8089 = ORIENTED_EDGE ( 'NONE', *, *, #9290, .F. ) ;
#8090 = AXIS2_PLACEMENT_3D ( 'NONE', #10054, #4278, #9958 ) ;
#8091 = CARTESIAN_POINT ( 'NONE',  ( 3.053222577963000006, 4.400000001423070017, -5.349999999994079936 ) ) ;
#8092 = CARTESIAN_POINT ( 'NONE',  ( 1.753222577963000184, -3.199999998576930071, -3.449999999994159960 ) ) ;
#8093 = EDGE_LOOP ( 'NONE', ( #8409, #1629, #6987, #5232 ) ) ;
#8094 = ORIENTED_EDGE ( 'NONE', *, *, #8724, .T. ) ;
#8095 = VECTOR ( 'NONE', #8055, 1000.000000000000000 ) ;
#8096 = CARTESIAN_POINT ( 'NONE',  ( 3.006858776805002798, 8.278279993588004260, -3.100655801875002116 ) ) ;
#8097 = CARTESIAN_POINT ( 'NONE',  ( 4.453222577959000006, 2.121596968917629944, -5.275876460555529945 ) ) ;
#8098 = CARTESIAN_POINT ( 'NONE',  ( 6.060413236652138380, 3.164167739765409326, -3.311832313196073407 ) ) ;
#8099 = ADVANCED_FACE ( 'NONE', ( #1732 ), #4945, .F. ) ;
#8100 = ORIENTED_EDGE ( 'NONE', *, *, #5354, .T. ) ;
#8101 = EDGE_CURVE ( 'NONE', #5672, #8799, #2310, .T. ) ;
#8102 = FACE_OUTER_BOUND ( 'NONE', #9003, .T. ) ;
#8103 = CARTESIAN_POINT ( 'NONE',  ( 4.523336866851360050, 2.706456474998620187, -3.772337596125859616 ) ) ;
#8104 = VERTEX_POINT ( 'NONE', #2620 ) ;
#8105 = VECTOR ( 'NONE', #1879, 1000.000000000000000 ) ;
#8106 = DIRECTION ( 'NONE',  ( 0.000000000000000000, -0.9883316665601868944, 0.1523171588310506808 ) ) ;
#8107 = CARTESIAN_POINT ( 'NONE',  ( 1.729315826921649979, 2.748934798873069685, -2.638366479894459715 ) ) ;
#8108 = FACE_OUTER_BOUND ( 'NONE', #7152, .T. ) ;
#8109 = DIRECTION ( 'NONE',  ( 0.000000000000000000, 0.000000000000000000, -1.000000000000000000 ) ) ;
#8110 = EDGE_LOOP ( 'NONE', ( #6702, #5673, #4427, #2517, #8589, #9486 ) ) ;
#8111 = CARTESIAN_POINT ( 'NONE',  ( 3.049999967471999973, 8.265024157077000666, -3.449999886680999772 ) ) ;
#8112 = CARTESIAN_POINT ( 'NONE',  ( 1.423457856497247542, 2.848833319879621406, -2.496418857359185672 ) ) ;
#8113 = CARTESIAN_POINT ( 'NONE',  ( 0.4532225779634010410, 4.400000001423070017, -1.549999999994079891 ) ) ;
#8114 = EDGE_CURVE ( 'NONE', #5470, #9825, #4987, .T. ) ;
#8115 = CARTESIAN_POINT ( 'NONE',  ( 0.9532225779590010051, 1.922781433965179865, -5.297610847817890267 ) ) ;
#8116 = EDGE_LOOP ( 'NONE', ( #6532, #9254 ) ) ;
#8117 = EDGE_LOOP ( 'NONE', ( #5535, #5962, #10353, #406 ) ) ;
#8118 = CARTESIAN_POINT ( 'NONE',  ( 2.562016069748660474, 2.748861334231500031, -3.830805112912970323 ) ) ;
#8119 = VECTOR ( 'NONE', #9909, 1000.000000000000000 ) ;
#8120 = CARTESIAN_POINT ( 'NONE',  ( 2.947056816355359210, 8.264882513886400162, -2.932662417153701018 ) ) ;
#8121 = CARTESIAN_POINT ( 'NONE',  ( 4.648937026489997848, 8.275649245589994152, -2.292219512584000363 ) ) ;
#8122 = ORIENTED_EDGE ( 'NONE', *, *, #5986, .F. ) ;
#8123 = LINE ( 'NONE', #8756, #5221 ) ;
#8124 = CARTESIAN_POINT ( 'NONE',  ( 3.052880099549998949, 8.278341595317000312, -3.471252970382002534 ) ) ;
#8125 = CARTESIAN_POINT ( 'NONE',  ( 6.003035679802877667, 8.264266500639580570, -2.385334807064368956 ) ) ;
#8126 = CARTESIAN_POINT ( 'NONE',  ( 6.660467125289998513, 8.083850427183005394, -3.333344885197999652 ) ) ;
#8127 = DIRECTION ( 'NONE',  ( 0.9578262854892138911, 0.000000000000000000, 0.2873478846728039215 ) ) ;
#8128 = EDGE_CURVE ( 'NONE', #3380, #1050, #2587, .T. ) ;
#8129 = AXIS2_PLACEMENT_3D ( 'NONE', #5475, #6952, #7162 ) ;
#8130 = VERTEX_POINT ( 'NONE', #987 ) ;
#8131 = PLANE ( 'NONE',  #7048 ) ;
#8132 = CARTESIAN_POINT ( 'NONE',  ( 4.289158028301300440, 3.204697472822069848, -3.488263094392220154 ) ) ;
#8133 = CARTESIAN_POINT ( 'NONE',  ( 1.436556906857899829, 2.725305167381070426, -2.702307980264760268 ) ) ;
#8134 = CARTESIAN_POINT ( 'NONE',  ( 2.696030095035000240, 2.622664428474069886, -3.588299152705079820 ) ) ;
#8135 = LINE ( 'NONE', #8870, #877 ) ;
#8136 = EDGE_LOOP ( 'NONE', ( #3839, #5039, #4276, #801, #1981 ) ) ;
#8137 = LINE ( 'NONE', #130, #3231 ) ;
#8138 = CARTESIAN_POINT ( 'NONE',  ( 5.929691751705324698, 2.917295108410369320, -2.713547012138454839 ) ) ;
#8139 = CARTESIAN_POINT ( 'NONE',  ( 5.790308219064194795, 3.033901181188319640, -4.293518069549592475 ) ) ;
#8140 = DIRECTION ( 'NONE',  ( 0.000000000000000000, 0.9906809373569971378, -0.1362030849777690344 ) ) ;
#8141 = VERTEX_POINT ( 'NONE', #8251 ) ;
#8142 = PLANE ( 'NONE',  #6748 ) ;
#8143 = CARTESIAN_POINT ( 'NONE',  ( 6.062010499337699976, 3.245157060215070111, -3.377999744798930060 ) ) ;
#8144 = ORIENTED_EDGE ( 'NONE', *, *, #328, .F. ) ;
#8145 = B_SPLINE_CURVE_WITH_KNOTS ( 'NONE', 3,
 ( #3637, #1949, #1841, #5115, #5057, #8316, #375, #6847, #4470, #1107 ),
 .UNSPECIFIED., .F., .F.,
 ( 4, 2, 2, 2, 4 ),
 ( 4.336808689942017736E-19, 0.0004317489706859756367, 0.0008634979413719508397, 0.001295246912057926043, 0.001726995882743900161 ),
 .UNSPECIFIED. ) ;
#8146 = EDGE_LOOP ( 'NONE', ( #8649, #5009, #409, #5883 ) ) ;
#8147 = EDGE_CURVE ( 'NONE', #7064, #3092, #5784, .T. ) ;
#8148 = CARTESIAN_POINT ( 'NONE',  ( 6.499999999249999938, 8.500001019718999018, -2.299999998061999840 ) ) ;
#8149 = CARTESIAN_POINT ( 'NONE',  ( 6.179550670390900002, 3.345899108403069810, -3.644613446233960108 ) ) ;
#8150 = DIRECTION ( 'NONE',  ( 0.000000000000000000, 0.000000000000000000, 1.000000000000000000 ) ) ;
#8151 = ORIENTED_EDGE ( 'NONE', *, *, #5466, .F. ) ;
#8152 = CARTESIAN_POINT ( 'NONE',  ( 6.699999999740000156, 0.7000000014231999579, 0.000000000000000000 ) ) ;
#8153 = DIRECTION ( 'NONE',  ( -0.9578262854888586197, 0.000000000000000000, -0.2873478846739878634 ) ) ;
#8154 = VERTEX_POINT ( 'NONE', #5100 ) ;
#8155 = B_SPLINE_CURVE_WITH_KNOTS ( 'NONE', 3,
 ( #5431, #2059, #7008, #7639 ),
 .UNSPECIFIED., .F., .F.,
 ( 4, 4 ),
 ( -0.0003888369857140963810, -1.004038586375610026E-09 ),
 .UNSPECIFIED. ) ;
#8156 = CARTESIAN_POINT ( 'NONE',  ( 5.253222577959999917, 0.6000000014230709722, -3.449999999994080024 ) ) ;
#8157 = CARTESIAN_POINT ( 'NONE',  ( 1.750847948581839786, 3.191618214166069833, -2.565390176209159989 ) ) ;
#8158 = CARTESIAN_POINT ( 'NONE',  ( 0.000000000000000000, 1.019498654400000011E-06, 9.095000000000001131E-13 ) ) ;
#8159 = EDGE_CURVE ( 'NONE', #4794, #9792, #147, .T. ) ;
#8160 = EDGE_LOOP ( 'NONE', ( #4652, #6813, #4257, #5576 ) ) ;
#8161 = CARTESIAN_POINT ( 'NONE',  ( 1.217029283202800016, 2.795920057380070212, -2.858711920186980393 ) ) ;
#8162 = CARTESIAN_POINT ( 'NONE',  ( 6.653222577959950534, 4.400000000915889942, -4.449994381876369864 ) ) ;
#8163 = CARTESIAN_POINT ( 'NONE',  ( 1.453222577960000095, 7.270001019719069646, -4.560180164253153201 ) ) ;
#8164 = CARTESIAN_POINT ( 'NONE',  ( 5.711670609426999334, 2.983645416504070003, -2.549845562347580419 ) ) ;
#8165 = CARTESIAN_POINT ( 'NONE',  ( 2.633096345995423082, 2.608794080091723089, -3.656731771736051240 ) ) ;
#8166 = ORIENTED_EDGE ( 'NONE', *, *, #9103, .T. ) ;
#8167 = VERTEX_POINT ( 'NONE', #5834 ) ;
#8168 = LINE ( 'NONE', #4164, #7379 ) ;
#8169 = CARTESIAN_POINT ( 'NONE',  ( 3.049999967471999973, 8.265024157077000666, -3.449999886680999772 ) ) ;
#8170 = DIRECTION ( 'NONE',  ( -0.000000000000000000, 1.000000000000000000, 0.000000000000000000 ) ) ;
#8171 = EDGE_CURVE ( 'NONE', #376, #10263, #8351, .T. ) ;
#8172 = ORIENTED_EDGE ( 'NONE', *, *, #4869, .F. ) ;
#8173 = EDGE_CURVE ( 'NONE', #6812, #570, #5040, .T. ) ;
#8174 = CARTESIAN_POINT ( 'NONE',  ( 5.482968911752060137, 3.055305597360807646, -4.426861275764735204 ) ) ;
#8175 = FACE_OUTER_BOUND ( 'NONE', #9206, .T. ) ;
#8176 = CARTESIAN_POINT ( 'NONE',  ( 0.3395364079831998394, 8.080141683042999290, -3.566696194812999821 ) ) ;
#8177 = CARTESIAN_POINT ( 'NONE',  ( 2.419736487920010060, 2.928247874115210259, -3.986808385492009332 ) ) ;
#8178 = ORIENTED_EDGE ( 'NONE', *, *, #901, .T. ) ;
#8179 = DIRECTION ( 'NONE',  ( 0.000000000000000000, -0.9940776682131343689, -0.1086719354752535421 ) ) ;
#8180 = CARTESIAN_POINT ( 'NONE',  ( 4.972667143375099741, 3.327829871168070053, -2.603677810706459983 ) ) ;
#8181 = CARTESIAN_POINT ( 'NONE',  ( 1.186926340120399992, 2.701675535888069746, -2.868081558503760231 ) ) ;
#8182 = ADVANCED_FACE ( 'NONE', ( #204 ), #8303, .T. ) ;
#8183 = CARTESIAN_POINT ( 'NONE',  ( 2.787243292541000006, 2.674087358807069936, -3.601679092621480116 ) ) ;
#8184 = CARTESIAN_POINT ( 'NONE',  ( 1.290925476093600199, 3.516453399184070072, -4.179192775169180862 ) ) ;
#8185 = CARTESIAN_POINT ( 'NONE',  ( 1.495703842439999987, 3.368815044786070079, -2.673170207406959875 ) ) ;
#8186 = DIRECTION ( 'NONE',  ( 0.000000000000000000, 1.000000000000000000, 0.000000000000000000 ) ) ;
#8187 = CARTESIAN_POINT ( 'NONE',  ( 4.753274265022286116, 2.570001019719070356, -3.442810813014914650 ) ) ;
#8188 = CARTESIAN_POINT ( 'NONE',  ( 6.499999999250080762, 6.144098154664061617, -3.914651779876389792 ) ) ;
#8189 = CARTESIAN_POINT ( 'NONE',  ( 2.625448816288212583, 2.626753779811827894, -2.961181410423392890 ) ) ;
#8190 = CARTESIAN_POINT ( 'NONE',  ( 5.947683143740199796, 3.283053125945070150, -3.835269438832260125 ) ) ;
#8191 = EDGE_CURVE ( 'NONE', #3327, #7542, #3056, .T. ) ;
#8192 = ORIENTED_EDGE ( 'NONE', *, *, #5796, .F. ) ;
#8193 = CARTESIAN_POINT ( 'NONE',  ( 4.358748148328375649, 8.261907400881108643, -2.498025405459431525 ) ) ;
#8194 = DIRECTION ( 'NONE',  ( 0.000000000000000000, 0.000000000000000000, -1.000000000000000000 ) ) ;
#8195 = CARTESIAN_POINT ( 'NONE',  ( 6.053222577959600059, 2.516840480107719991, -1.424464079161599894 ) ) ;
#8196 = EDGE_LOOP ( 'NONE', ( #1160, #4831, #5176, #4886, #7467 ) ) ;
#8197 = CARTESIAN_POINT ( 'NONE',  ( 0.9890276507278170648, 2.814658224277288845, -4.094758082782446351 ) ) ;
#8198 = FACE_OUTER_BOUND ( 'NONE', #7600, .T. ) ;
#8199 = ORIENTED_EDGE ( 'NONE', *, *, #7982, .T. ) ;
#8200 = CARTESIAN_POINT ( 'NONE',  ( 5.911987144363999747, 2.817545208567069803, -3.886733549692079848 ) ) ;
#8201 = CARTESIAN_POINT ( 'NONE',  ( 2.631936623468700276, 2.884433004764070052, -3.348010818746059769 ) ) ;
#8202 = CARTESIAN_POINT ( 'NONE',  ( 1.194484415034226199, 3.322328850928709887, -2.594271262405059897 ) ) ;
#8203 = AXIS2_PLACEMENT_3D ( 'NONE', #6203, #4564, #9300 ) ;
#8204 = ORIENTED_EDGE ( 'NONE', *, *, #3408, .T. ) ;
#8205 = CARTESIAN_POINT ( 'NONE',  ( 1.119323647060470162, 2.698315070173169961, -3.928573676839310469 ) ) ;
#8206 = CARTESIAN_POINT ( 'NONE',  ( 5.251042907655960157, 3.150638534245069788, -2.638017388498460125 ) ) ;
#8207 = CARTESIAN_POINT ( 'NONE',  ( 5.819636298568999777, 3.002797956565069981, -2.614189866185179678 ) ) ;
#8208 = DIRECTION ( 'NONE',  ( 0.000000000000000000, 1.000000000000000000, 0.000000000000000000 ) ) ;
#8209 = DIRECTION ( 'NONE',  ( -1.000000000000000000, 0.000000000000000000, 0.000000000000000000 ) ) ;
#8210 = VECTOR ( 'NONE', #1426, 1000.000000000000000 ) ;
#8211 = ORIENTED_EDGE ( 'NONE', *, *, #966, .F. ) ;
#8212 = CARTESIAN_POINT ( 'NONE',  ( 3.953222577957999473, 4.700001019498999177, -1.649999999994079980 ) ) ;
#8213 = CARTESIAN_POINT ( 'NONE',  ( 3.199999999740930079, 4.700001019498999177, -5.349999999994089706 ) ) ;
#8214 = LINE ( 'NONE', #957, #7539 ) ;
#8215 = VERTEX_POINT ( 'NONE', #9832 ) ;
#8216 = LINE ( 'NONE', #6015, #9430 ) ;
#8217 = TOROIDAL_SURFACE ( 'NONE', #10405, 1.149999999999999911, 0.2000000000000000111 ) ;
#8218 = LINE ( 'NONE', #6808, #8258 ) ;
#8219 = DIRECTION ( 'NONE',  ( 0.000000000000000000, 1.000000000000000000, 0.000000000000000000 ) ) ;
#8220 = CARTESIAN_POINT ( 'NONE',  ( 5.338944290589999753, 8.191607614523997327, -4.745765811335998841 ) ) ;
#8221 = CARTESIAN_POINT ( 'NONE',  ( 4.453222577959000006, 2.767681914086459916, -1.009946619339350038 ) ) ;
#8222 = ORIENTED_EDGE ( 'NONE', *, *, #1355, .F. ) ;
#8223 = ADVANCED_FACE ( 'NONE', ( #4357 ), #3514, .F. ) ;
#8224 = EDGE_CURVE ( 'NONE', #8402, #6879, #2883, .T. ) ;
#8225 = VECTOR ( 'NONE', #6657, 999.9999999999998863 ) ;
#8226 = CARTESIAN_POINT ( 'NONE',  ( 4.453222577959000006, 1.843345133684619830, -4.570966459631880419 ) ) ;
#8227 = CARTESIAN_POINT ( 'NONE',  ( 5.407270250779000698, 3.177138187091069987, -4.253772184038560944 ) ) ;
#8228 = CARTESIAN_POINT ( 'NONE',  ( 1.603979130695899924, 3.002581162226070077, -4.321932656671859441 ) ) ;
#8229 = DIRECTION ( 'NONE',  ( 0.000000000000000000, 1.000000000000000000, 0.000000000000000000 ) ) ;
#8230 = CARTESIAN_POINT ( 'NONE',  ( 1.758268682261000082, 3.280838009472069938, -2.550900167590380185 ) ) ;
#8231 = CARTESIAN_POINT ( 'NONE',  ( 2.571861142057299876, 3.439471784119069842, -3.904242632515160238 ) ) ;
#8232 = EDGE_CURVE ( 'NONE', #8360, #4337, #9593, .T. ) ;
#8233 = VECTOR ( 'NONE', #7484, 1000.000000000000000 ) ;
#8234 = CARTESIAN_POINT ( 'NONE',  ( 3.050001038089611871, 8.190395090239018572, -3.450000002785549302 ) ) ;
#8235 = PERSON_AND_ORGANIZATION_ROLE ( 'creator' ) ;
#8236 = CARTESIAN_POINT ( 'NONE',  ( 5.172497919946517086, 2.675153708664283592, -4.449999267959649174 ) ) ;
#8237 = LINE ( 'NONE', #5140, #7347 ) ;
#8238 = EDGE_CURVE ( 'NONE', #10065, #8402, #2721, .T. ) ;
#8239 = DIRECTION ( 'NONE',  ( 0.000000000000000000, -1.070816960479510155E-15, 1.000000000000000000 ) ) ;
#8240 = CIRCLE ( 'NONE', #7433, 0.1999999999999997335 ) ;
#8241 = CARTESIAN_POINT ( 'NONE',  ( 5.693325827109700477, 2.914342219320069649, -4.132370595680260550 ) ) ;
#8242 = TOROIDAL_SURFACE ( 'NONE', #852, 1.500000000000000000, 0.2000000000000000111 ) ;
#8243 = ORIENTED_EDGE ( 'NONE', *, *, #9875, .F. ) ;
#8244 = CARTESIAN_POINT ( 'NONE',  ( 4.555822063734973781, 3.250473448007192623, -3.875065622008211363 ) ) ;
#8245 = DIRECTION ( 'NONE',  ( 0.000000000000000000, -1.000000000000000000, 0.000000000000000000 ) ) ;
#8246 = VECTOR ( 'NONE', #6473, 1000.000000000000000 ) ;
#8247 = CARTESIAN_POINT ( 'NONE',  ( 5.253222577959999917, 2.370001019719070179, -3.449999998694359693 ) ) ;
#8248 = VECTOR ( 'NONE', #9351, 1000.000000000000000 ) ;
#8249 = ORIENTED_EDGE ( 'NONE', *, *, #1432, .T. ) ;
#8250 = EDGE_CURVE ( 'NONE', #5969, #5463, #6756, .T. ) ;
#8251 = CARTESIAN_POINT ( 'NONE',  ( 6.036572061456551452, 2.787752883675219895, -3.612368673954350129 ) ) ;
#8252 = CARTESIAN_POINT ( 'NONE',  ( 4.489027650724816354, 2.814658224277288401, -4.094758082782444575 ) ) ;
#8253 = VERTEX_POINT ( 'NONE', #4873 ) ;
#8254 = DIRECTION ( 'NONE',  ( 0.000000000000000000, -1.000000000000000000, 0.000000000000000000 ) ) ;
#8255 = CARTESIAN_POINT ( 'NONE',  ( 0.3532225779600010052, 4.600000002145890221, -4.449994381897779405 ) ) ;
#8256 = VECTOR ( 'NONE', #7055, 1000.000000000000114 ) ;
#8257 = CARTESIAN_POINT ( 'NONE',  ( 1.403629327723100007, 3.208968262595069731, -2.558880540515859892 ) ) ;
#8258 = VECTOR ( 'NONE', #1012, 1000.000000000000000 ) ;
#8259 = VERTEX_POINT ( 'NONE', #5769 ) ;
#8260 = CARTESIAN_POINT ( 'NONE',  ( 1.159326336683869973, 2.690616512483430256, -3.965791409305079895 ) ) ;
#8261 = CARTESIAN_POINT ( 'NONE',  ( 5.898439635628200506, 3.279857157072069818, -2.742890041725159822 ) ) ;
#8262 = DIRECTION ( 'NONE',  ( 1.000000000000000000, 1.823613310202444896E-12, -7.329147429826711011E-13 ) ) ;
#8263 = LINE ( 'NONE', #8314, #8539 ) ;
#8264 = FACE_OUTER_BOUND ( 'NONE', #6838, .T. ) ;
#8265 = VECTOR ( 'NONE', #4181, 999.9999999999998863 ) ;
#8266 = DIRECTION ( 'NONE',  ( -0.9998966258754281577, 0.000000000000000000, 0.01437837135889047553 ) ) ;
#8267 = VECTOR ( 'NONE', #8245, 1000.000000000000000 ) ;
#8268 = ORIENTED_EDGE ( 'NONE', *, *, #10186, .F. ) ;
#8269 = ORIENTED_EDGE ( 'NONE', *, *, #7617, .T. ) ;
#8270 = CARTESIAN_POINT ( 'NONE',  ( 0.000000000000000000, 8.500001019718999018, -1.400000001620999912 ) ) ;
#8271 = CARTESIAN_POINT ( 'NONE',  ( 0.9767267650277009494, 2.670001019719070001, -3.257505187079360098 ) ) ;
#8272 = DIRECTION ( 'NONE',  ( 0.9987976606670763147, 0.000000000000000000, -0.04902278088782890259 ) ) ;
#8273 = ORIENTED_EDGE ( 'NONE', *, *, #3035, .T. ) ;
#8274 = CARTESIAN_POINT ( 'NONE',  ( 0.8588047865328040098, 8.261907483187501455, -4.402020502551580172 ) ) ;
#8275 = CIRCLE ( 'NONE', #9125, 0.7999999999999999334 ) ;
#8276 = LINE ( 'NONE', #3388, #869 ) ;
#8277 = EDGE_CURVE ( 'NONE', #5777, #2686, #8135, .T. ) ;
#8278 = CARTESIAN_POINT ( 'NONE',  ( 2.039393634476001083, 8.082399575536003411, -2.060078327488997996 ) ) ;
#8279 = CARTESIAN_POINT ( 'NONE',  ( 3.919790438400000632, 8.116217784860001672, -3.629733434756000854 ) ) ;
#8280 = LINE ( 'NONE', #120, #5764 ) ;
#8281 = ORIENTED_EDGE ( 'NONE', *, *, #941, .F. ) ;
#8282 = FACE_OUTER_BOUND ( 'NONE', #2436, .T. ) ;
#8283 = CARTESIAN_POINT ( 'NONE',  ( 4.419648916890399626, 2.725593767330070083, -4.068604211696960071 ) ) ;
#8284 = CARTESIAN_POINT ( 'NONE',  ( 1.532908355753600071, 2.687683679229070144, -4.444250121265659992 ) ) ;
#8285 = CARTESIAN_POINT ( 'NONE',  ( 0.000000000000000000, 8.500001019718999018, -2.149043746758999784 ) ) ;
#8286 = ADVANCED_FACE ( 'NONE', ( #9764 ), #184, .T. ) ;
#8287 = CARTESIAN_POINT ( 'NONE',  ( 1.396976204523999732, 3.187597059519070353, -4.409398965313479302 ) ) ;
#8288 = CARTESIAN_POINT ( 'NONE',  ( 1.195236240553599893, 3.341432636544070078, -2.851308376997660154 ) ) ;
#8289 = DIRECTION ( 'NONE',  ( -0.000000000000000000, 0.1362030849785670350, 0.9906809373568875587 ) ) ;
#8290 = APPROVAL_DATE_TIME ( #525, #7589 ) ;
#8291 = DIRECTION ( 'NONE',  ( 0.000000000000000000, -1.000000000000000000, 0.000000000000000000 ) ) ;
#8292 = FACE_OUTER_BOUND ( 'NONE', #873, .T. ) ;
#8293 = DIRECTION ( 'NONE',  ( -0.8479983037706272375, -5.211237859084070237E-23, 0.5299989403783171849 ) ) ;
#8294 = CARTESIAN_POINT ( 'NONE',  ( 6.109090707168400414, 2.908062636256069755, -3.673673671719559941 ) ) ;
#8295 = CARTESIAN_POINT ( 'NONE',  ( 2.098346297473900002, 2.895503470129070056, -2.479681693023759959 ) ) ;
#8296 = EDGE_CURVE ( 'NONE', #5530, #1962, #8026, .T. ) ;
#8297 = VERTEX_POINT ( 'NONE', #2343 ) ;
#8298 = ADVANCED_FACE ( 'NONE', ( #5563 ), #8081, .T. ) ;
#8299 = CARTESIAN_POINT ( 'NONE',  ( 5.986681186449859915, 2.854064978475959968, -3.001550991019790171 ) ) ;
#8300 = CARTESIAN_POINT ( 'NONE',  ( 5.980457999283399495, 3.277434709168070004, -3.773227666880460074 ) ) ;
#8301 = LINE ( 'NONE', #1138, #4216 ) ;
#8302 = ORIENTED_EDGE ( 'NONE', *, *, #2951, .F. ) ;
#8303 = PLANE ( 'NONE',  #7763 ) ;
#8304 = CARTESIAN_POINT ( 'NONE',  ( 4.487089610975509402, 2.904157424728360137, -2.797450490804775036 ) ) ;
#8305 = VERTEX_POINT ( 'NONE', #4824 ) ;
#8306 = DIRECTION ( 'NONE',  ( 0.000000000000000000, 0.000000000000000000, -1.000000000000000000 ) ) ;
#8307 = CARTESIAN_POINT ( 'NONE',  ( 2.648855325144999995, 3.532438295668069994, -3.370722633055629913 ) ) ;
#8308 = CARTESIAN_POINT ( 'NONE',  ( 2.124187459073699991, 3.297207205500070071, -2.489264348267960170 ) ) ;
#8309 = VERTEX_POINT ( 'NONE', #4084 ) ;
#8310 = EDGE_CURVE ( 'NONE', #4970, #1092, #128, .T. ) ;
#8311 = CARTESIAN_POINT ( 'NONE',  ( 1.016620197683850035, 2.763563062915269875, -3.110360263616150256 ) ) ;
#8312 = CYLINDRICAL_SURFACE ( 'NONE', #1189, 0.4000000001000000305 ) ;
#8313 = DIRECTION ( 'NONE',  ( 1.000000000000000000, 0.000000000000000000, 0.000000000000000000 ) ) ;
#8314 = CARTESIAN_POINT ( 'NONE',  ( 0.5000000000000000000, 3.341743398537949883, -1.810144493156270018 ) ) ;
#8315 = CARTESIAN_POINT ( 'NONE',  ( 0.9500000008401999763, 1.019498761861000093E-06, 5.052748353025999962E-14 ) ) ;
#8316 = CARTESIAN_POINT ( 'NONE',  ( 6.153537100179205410, 3.031840522397293736, -3.698267311320888151 ) ) ;
#8317 = ORIENTED_EDGE ( 'NONE', *, *, #3164, .T. ) ;
#8318 = EDGE_LOOP ( 'NONE', ( #6080, #1735, #612, #1538 ) ) ;
#8319 = DIRECTION ( 'NONE',  ( -0.9578262854881952615, 0.000000000000000000, 0.2873478846761990391 ) ) ;
#8320 = CARTESIAN_POINT ( 'NONE',  ( 4.722630787878807190, 2.670001019719070001, -4.271386288205854420 ) ) ;
#8321 = DIRECTION ( 'NONE',  ( 1.000000000000000000, 0.000000000000000000, 0.000000000000000000 ) ) ;
#8322 = ORIENTED_EDGE ( 'NONE', *, *, #3023, .F. ) ;
#8323 = EDGE_CURVE ( 'NONE', #8167, #8857, #6459, .T. ) ;
#8324 = LINE ( 'NONE', #7642, #2871 ) ;
#8325 = CARTESIAN_POINT ( 'NONE',  ( 0.000000000000000000, 0.7000000014231999579, -6.299999999999999822 ) ) ;
#8326 = CARTESIAN_POINT ( 'NONE',  ( 2.014635173743999808, 8.191858939803999817, -2.178431446600999966 ) ) ;
#8327 = CARTESIAN_POINT ( 'NONE',  ( 6.547196325990005228, 8.193304237778001209, -3.471165282258001028 ) ) ;
#8328 = CARTESIAN_POINT ( 'NONE',  ( 6.499999999250079874, 7.050001019498999710, -2.813175016413310026 ) ) ;
#8329 = ORIENTED_EDGE ( 'NONE', *, *, #3815, .T. ) ;
#8330 = ORIENTED_EDGE ( 'NONE', *, *, #10234, .T. ) ;
#8331 = DIRECTION ( 'NONE',  ( 0.000000000000000000, 0.000000000000000000, -1.000000000000000000 ) ) ;
#8332 = ADVANCED_FACE ( 'NONE', ( #8927, #4778 ), #3245, .T. ) ;
#8333 = CARTESIAN_POINT ( 'NONE',  ( 4.800222999656400091, 2.876108573916070110, -2.598133869488159942 ) ) ;
#8334 = CARTESIAN_POINT ( 'NONE',  ( 1.563981980907900082, 2.605724319386069965, -4.304018794803759818 ) ) ;
#8335 = EDGE_LOOP ( 'NONE', ( #894, #7884, #1260, #7829, #5298, #6101, #6208 ) ) ;
#8336 = DIRECTION ( 'NONE',  ( 0.000000000000000000, 1.000000000000000000, 0.000000000000000000 ) ) ;
#8337 = CARTESIAN_POINT ( 'NONE',  ( 1.261526872094999918, 3.333886617051069923, -2.520765094988079991 ) ) ;
#8338 = CARTESIAN_POINT ( 'NONE',  ( 0.7376284682590010799, 2.752976175572070083, -3.664673764271360046 ) ) ;
#8339 = CARTESIAN_POINT ( 'NONE',  ( 0.5000000000000000000, 3.341743398537949883, -4.684838256930619949 ) ) ;
#8340 = DIRECTION ( 'NONE',  ( -1.000000000000000000, 0.000000000000000000, 0.000000000000000000 ) ) ;
#8341 = FACE_OUTER_BOUND ( 'NONE', #4320, .T. ) ;
#8342 = DIRECTION ( 'NONE',  ( -1.000000000000000000, 0.000000000000000000, 0.000000000000000000 ) ) ;
#8343 = EDGE_CURVE ( 'NONE', #4215, #254, #1711, .T. ) ;
#8344 = VECTOR ( 'NONE', #727, 1000.000000000000000 ) ;
#8345 = CARTESIAN_POINT ( 'NONE',  ( 6.045897527287600326, 3.262507108643070364, -3.057309300008559827 ) ) ;
#8346 = CARTESIAN_POINT ( 'NONE',  ( 1.747235404841920081, 2.592229306565069891, -4.316993260558160017 ) ) ;
#8347 = VERTEX_POINT ( 'NONE', #768 ) ;
#8348 = CARTESIAN_POINT ( 'NONE',  ( 4.237226529797995411, 8.261728541058007025, -2.628496317626848988 ) ) ;
#8349 = FACE_OUTER_BOUND ( 'NONE', #3030, .T. ) ;
#8350 = ORIENTED_EDGE ( 'NONE', *, *, #3625, .F. ) ;
#8351 = LINE ( 'NONE', #9043, #1036 ) ;
#8352 = CARTESIAN_POINT ( 'NONE',  ( 7.000000000000000000, 1.019498654399000089E-06, -5.849999999902000702 ) ) ;
#8353 = ORIENTED_EDGE ( 'NONE', *, *, #8769, .F. ) ;
#8354 = EDGE_CURVE ( 'NONE', #9353, #1962, #6403, .T. ) ;
#8355 = PRODUCT_RELATED_PRODUCT_CATEGORY ( 'detail', '', ( #3282 ) ) ;
#8356 = CARTESIAN_POINT ( 'NONE',  ( 6.272637120696270330, 3.046225085317400438, -3.238048513839529630 ) ) ;
#8357 = ADVANCED_FACE ( 'NONE', ( #2449, #5616, #3978 ), #5661, .F. ) ;
#8358 = LINE ( 'NONE', #3578, #9072 ) ;
#8359 = CARTESIAN_POINT ( 'NONE',  ( 2.587323101496899813, 3.013651627591070081, -4.054073100872559898 ) ) ;
#8360 = VERTEX_POINT ( 'NONE', #817 ) ;
#8361 = LINE ( 'NONE', #2831, #4749 ) ;
#8362 = EDGE_CURVE ( 'NONE', #7486, #9381, #4028, .T. ) ;
#8363 = CARTESIAN_POINT ( 'NONE',  ( 6.110976808975199681, 3.303486788564069965, -3.025069062547359966 ) ) ;
#8364 = CARTESIAN_POINT ( 'NONE',  ( 4.496951942928456347, 8.262110774220037257, -4.514655968384945872 ) ) ;
#8365 = CARTESIAN_POINT ( 'NONE',  ( 1.543497511290392366, 2.968717308263345789, -2.670926014138309768 ) ) ;
#8366 = CARTESIAN_POINT ( 'NONE',  ( 2.748869926302794919, 2.645228285635815357, -3.224632182333964980 ) ) ;
#8367 = CARTESIAN_POINT ( 'NONE',  ( 1.753222577960000139, 2.370001019719070179, -3.449999998694359693 ) ) ;
#8368 = EDGE_LOOP ( 'NONE', ( #4742, #8965, #739, #5970 ) ) ;
#8369 = ADVANCED_FACE ( 'NONE', ( #6558 ), #8825, .T. ) ;
#8370 = ORIENTED_EDGE ( 'NONE', *, *, #5734, .T. ) ;
#8371 = VECTOR ( 'NONE', #3473, 1000.000000000000114 ) ;
#8372 = CARTESIAN_POINT ( 'NONE',  ( 6.053222577959600059, 1.922781433965179865, -5.297610847817890267 ) ) ;
#8373 = CARTESIAN_POINT ( 'NONE',  ( 3.853219263496999947, 0.8000000014230710388, -3.449999999994080024 ) ) ;
#8374 = CARTESIAN_POINT ( 'NONE',  ( 6.399999999740000334, 4.700001019498999177, -6.299999999999999822 ) ) ;
#8375 = ORIENTED_EDGE ( 'NONE', *, *, #8838, .F. ) ;
#8376 = DIRECTION ( 'NONE',  ( 0.000000000000000000, 0.000000000000000000, 1.000000000000000000 ) ) ;
#8377 = CARTESIAN_POINT ( 'NONE',  ( 0.8584917085640998424, 8.275223400568002319, -4.402336832920004106 ) ) ;
#8378 = CARTESIAN_POINT ( 'NONE',  ( 3.882137807890002179, 8.080186182428997554, -3.830252541004000477 ) ) ;
#8379 = VECTOR ( 'NONE', #8501, 1000.000000000000000 ) ;
#8380 = CARTESIAN_POINT ( 'NONE',  ( 0.9645367403507645321, 2.779893339836472244, -3.928832296923860490 ) ) ;
#8381 = ORIENTED_EDGE ( 'NONE', *, *, #2012, .F. ) ;
#8382 = EDGE_CURVE ( 'NONE', #2071, #8948, #8939, .T. ) ;
#8383 = ORIENTED_EDGE ( 'NONE', *, *, #4175, .T. ) ;
#8384 = DIRECTION ( 'NONE',  ( 0.000000000000000000, -6.420460951089835756E-10, -1.000000000000000000 ) ) ;
#8385 = CARTESIAN_POINT ( 'NONE',  ( 4.435465277060700373, 3.286667820060069634, -3.482456254733450329 ) ) ;
#8386 = AXIS2_PLACEMENT_3D ( 'NONE', #2183, #2240, #9498 ) ;
#8387 = CARTESIAN_POINT ( 'NONE',  ( 1.282636464303799961, 2.665486738268069811, -4.283582650811659676 ) ) ;
#8388 = ORIENTED_EDGE ( 'NONE', *, *, #5330, .F. ) ;
#8389 = DIRECTION ( 'NONE',  ( -0.9706197661653157560, 0.000000000000000000, 0.2406185145187040020 ) ) ;
#8390 = CARTESIAN_POINT ( 'NONE',  ( 1.305278252208800005, 3.594041468547070295, -4.358024526248179598 ) ) ;
#8391 = CARTESIAN_POINT ( 'NONE',  ( 2.103468211981800007, 2.930873390401069756, -2.550993593912859847 ) ) ;
#8392 = DIRECTION ( 'NONE',  ( 0.000000000000000000, -0.9883316596420829159, 0.1523172037201509788 ) ) ;
#8393 = CARTESIAN_POINT ( 'NONE',  ( 4.753877385710100434, 3.631640853269069602, -4.242795625929380421 ) ) ;
#8394 = AXIS2_PLACEMENT_3D ( 'NONE', #3973, #4868, #3126 ) ;
#8395 = CARTESIAN_POINT ( 'NONE',  ( 6.499999999250078986, 6.107907714195061288, -3.072071533531104404 ) ) ;
#8396 = CARTESIAN_POINT ( 'NONE',  ( 2.100764514341639799, 3.246900977519133313, -4.191189147297195383 ) ) ;
#8397 = CARTESIAN_POINT ( 'NONE',  ( 5.849485913072999921, 3.238877477151070217, -2.796539684489660171 ) ) ;
#8398 = CARTESIAN_POINT ( 'NONE',  ( 1.579518793485000128, 2.564744639465069920, -4.233903131572859913 ) ) ;
#8399 = ORIENTED_EDGE ( 'NONE', *, *, #4238, .F. ) ;
#8400 = LINE ( 'NONE', #7981, #374 ) ;
#8401 = CARTESIAN_POINT ( 'NONE',  ( 4.647268487049838193, 2.982916545431075761, -3.974097153855235209 ) ) ;
#8402 = VERTEX_POINT ( 'NONE', #2405 ) ;
#8403 = CARTESIAN_POINT ( 'NONE',  ( 2.399031580300869937, 2.947391972044400177, -2.755294174202959745 ) ) ;
#8404 = VERTEX_POINT ( 'NONE', #7927 ) ;
#8405 = VECTOR ( 'NONE', #3120, 1000.000000000000000 ) ;
#8406 = CARTESIAN_POINT ( 'NONE',  ( 2.600930145873844967, 2.683561631058561492, -3.094932730475484561 ) ) ;
#8407 = CARTESIAN_POINT ( 'NONE',  ( 0.9890276507278170648, 2.814658224277288845, -4.094758082782446351 ) ) ;
#8408 = EDGE_LOOP ( 'NONE', ( #6517, #8532, #624, #1522 ) ) ;
#8409 = ORIENTED_EDGE ( 'NONE', *, *, #8545, .F. ) ;
#8410 = ADVANCED_FACE ( 'NONE', ( #1450 ), #7195, .T. ) ;
#8411 = CARTESIAN_POINT ( 'NONE',  ( 5.253222577959999917, 7.070001019719070356, -3.449999998694359693 ) ) ;
#8412 = ADVANCED_FACE ( 'NONE', ( #8611 ), #9613, .F. ) ;
#8413 = CARTESIAN_POINT ( 'NONE',  ( 4.299310711730700341, 3.138079368117070000, -3.370241093924180031 ) ) ;
#8414 = DIRECTION ( 'NONE',  ( 0.000000000000000000, -1.000000000000000000, 0.000000000000000000 ) ) ;
#8415 = CARTESIAN_POINT ( 'NONE',  ( 0.9741497980448253768, 2.868748615965327708, -3.659727406414865047 ) ) ;
#8416 = CARTESIAN_POINT ( 'NONE',  ( 6.213921473199000012, 2.624893384952069919, -3.229067979264780064 ) ) ;
#8417 = CARTESIAN_POINT ( 'NONE',  ( 1.004060727239099782, 2.854713693532069829, -4.015587194228280588 ) ) ;
#8418 = ORIENTED_EDGE ( 'NONE', *, *, #4062, .T. ) ;
#8419 = ORIENTED_EDGE ( 'NONE', *, *, #6365, .F. ) ;
#8420 = AXIS2_PLACEMENT_3D ( 'NONE', #6642, #9055, #9847 ) ;
#8421 = AXIS2_PLACEMENT_3D ( 'NONE', #8879, #825, #7254 ) ;
#8422 = CARTESIAN_POINT ( 'NONE',  ( 2.219531159596630054, 3.077983524695939721, -4.252439695705800382 ) ) ;
#8423 = LINE ( 'NONE', #2161, #3 ) ;
#8424 = CARTESIAN_POINT ( 'NONE',  ( 2.464804784936000193, 2.751330851011069889, -3.102098874738080436 ) ) ;
#8425 = VERTEX_POINT ( 'NONE', #10348 ) ;
#8426 = DIRECTION ( 'NONE',  ( 0.000000000000000000, -1.000000000000000000, 0.000000000000000000 ) ) ;
#8427 = EDGE_CURVE ( 'NONE', #3516, #9401, #8712, .T. ) ;
#8428 = CARTESIAN_POINT ( 'NONE',  ( 4.153222577958950446, 3.583840959371200174, -1.175680949433600020 ) ) ;
#8429 = ADVANCED_FACE ( 'NONE', ( #2245 ), #10299, .T. ) ;
#8430 = AXIS2_PLACEMENT_3D ( 'NONE', #6606, #6449, #9653 ) ;
#8431 = AXIS2_PLACEMENT_3D ( 'NONE', #4757, #5538, #8743 ) ;
#8432 = CARTESIAN_POINT ( 'NONE',  ( 5.158536522849999528, 8.117977360427003575, -4.789173170722005324 ) ) ;
#8433 = FACE_OUTER_BOUND ( 'NONE', #7288, .T. ) ;
#8434 = ORIENTED_EDGE ( 'NONE', *, *, #3139, .F. ) ;
#8435 = VERTEX_POINT ( 'NONE', #9557 ) ;
#8436 = CARTESIAN_POINT ( 'NONE',  ( 0.6532225779600010496, 4.600000002145530509, -1.664153645446080132 ) ) ;
#8437 = AXIS2_PLACEMENT_3D ( 'NONE', #725, #5461, #5620 ) ;
#8438 = CARTESIAN_POINT ( 'NONE',  ( 5.200986154456639809, 2.944476155777069781, -2.559919137672959533 ) ) ;
#8439 = CARTESIAN_POINT ( 'NONE',  ( 1.829310230243279989, 2.627590517496070088, -4.383142536504459841 ) ) ;
#8440 = ORIENTED_EDGE ( 'NONE', *, *, #9868, .T. ) ;
#8441 = LINE ( 'NONE', #8285, #11 ) ;
#8442 = CARTESIAN_POINT ( 'NONE',  ( 0.8522802749190019345, 3.197669640165070160, -3.823278068717979927 ) ) ;
#8443 = CARTESIAN_POINT ( 'NONE',  ( 1.288764838922700218, 2.739196532705070464, -4.295673426082459834 ) ) ;
#8444 = EDGE_CURVE ( 'NONE', #9474, #9971, #2105, .T. ) ;
#8445 = DIRECTION ( 'NONE',  ( 0.000000000000000000, 0.000000000000000000, -1.000000000000000000 ) ) ;
#8446 = VECTOR ( 'NONE', #7083, 1000.000000000000000 ) ;
#8447 = CARTESIAN_POINT ( 'NONE',  ( 6.148855325141999728, 3.532438295668069994, -3.370722633055629913 ) ) ;
#8448 = CARTESIAN_POINT ( 'NONE',  ( 5.052885760876999477, 3.535989847133070185, -4.384908473196679424 ) ) ;
#8449 = CARTESIAN_POINT ( 'NONE',  ( 2.160217142888040343, 3.108690256364880167, -2.761269794977180059 ) ) ;
#8450 = CARTESIAN_POINT ( 'NONE',  ( 5.116232143551600053, 2.961601482305070476, -4.250346250277660332 ) ) ;
#8451 = CARTESIAN_POINT ( 'NONE',  ( 1.905974270365116352, 3.166714952878226352, -2.660936441351362536 ) ) ;
#8452 = AXIS2_PLACEMENT_3D ( 'NONE', #9947, #6844, #8313 ) ;
#8453 = B_SPLINE_CURVE_WITH_KNOTS ( 'NONE', 3,
 ( #9140, #4088, #84, #3299, #8544, #9289, #5186, #6928, #343, #4549 ),
 .UNSPECIFIED., .F., .F.,
 ( 4, 2, 2, 2, 4 ),
 ( -0.005729205581680084543, -0.005238544971675405428, -0.004747884361670726312, -0.004257223751666046330, -0.003766563141661367214 ),
 .UNSPECIFIED. ) ;
#8454 = ORIENTED_EDGE ( 'NONE', *, *, #8147, .T. ) ;
#8455 = ADVANCED_FACE ( 'NONE', ( #8773 ), #7431, .T. ) ;
#8456 = LINE ( 'NONE', #407, #7105 ) ;
#8457 = DIRECTION ( 'NONE',  ( 0.000000000000000000, -1.000000000000000000, 0.000000000000000000 ) ) ;
#8458 = DIRECTION ( 'NONE',  ( -0.9998966258754281577, 0.000000000000000000, 0.01437837135889036277 ) ) ;
#8459 = PLANE ( 'NONE',  #5352 ) ;
#8460 = VERTEX_POINT ( 'NONE', #4030 ) ;
#8461 = DIRECTION ( 'NONE',  ( 3.375932300522000393E-13, 0.000000000000000000, -1.000000000000000000 ) ) ;
#8462 = DIRECTION ( 'NONE',  ( -0.9998966258754280467, 0.000000000000000000, 0.01437837135889035237 ) ) ;
#8463 = EDGE_CURVE ( 'NONE', #2699, #6992, #9504, .T. ) ;
#8464 = ORIENTED_EDGE ( 'NONE', *, *, #1920, .F. ) ;
#8465 = EDGE_LOOP ( 'NONE', ( #2188, #6581, #3650, #9168 ) ) ;
#8466 = CARTESIAN_POINT ( 'NONE',  ( 1.460742467373320030, 3.154687979960059785, -4.363014567973579894 ) ) ;
#8467 = CARTESIAN_POINT ( 'NONE',  ( 4.908232969089899811, 2.766284847302070027, -2.635431194644559660 ) ) ;
#8468 = DIRECTION ( 'NONE',  ( 0.000000000000000000, 1.000000000000000000, 0.000000000000000000 ) ) ;
#8469 = VERTEX_POINT ( 'NONE', #6198 ) ;
#8470 = DIRECTION ( 'NONE',  ( 0.000000000000000000, 1.000000000000000000, 0.000000000000000000 ) ) ;
#8471 = B_SPLINE_CURVE_WITH_KNOTS ( 'NONE', 3,
 ( #2439, #1802, #8070, #2488, #4966, #4919, #8125, #913, #9019, #961, #171, #4125, #7339, #3439, #3335 ),
 .UNSPECIFIED., .F., .F.,
 ( 4, 1, 1, 1, 1, 1, 1, 1, 1, 1, 1, 1, 4 ),
 ( 0.4997732531532929623, 0.5215242587074799818, 0.5650668326422749743, 0.6086170324851128965, 0.6522039479908638970, 0.6957730462280180550, 0.7393269861157319989, 0.7828934299334739944, 0.8264753259974290112, 0.8700598623753739158, 0.9136491876456329653, 0.9572201475647630353, 1.000000000000000000 ),
 .UNSPECIFIED. ) ;
#8472 = CARTESIAN_POINT ( 'NONE',  ( 1.750000000000000222, 8.500001019718999018, -4.749999999579999965 ) ) ;
#8473 = ORIENTED_EDGE ( 'NONE', *, *, #7273, .T. ) ;
#8474 = ORIENTED_EDGE ( 'NONE', *, *, #3324, .F. ) ;
#8475 = CARTESIAN_POINT ( 'NONE',  ( 2.545897527287600326, 3.262507108643070364, -3.057309300008559827 ) ) ;
#8476 = DIRECTION ( 'NONE',  ( 0.000000000000000000, 0.1086719355948549681, -0.9940776682000596054 ) ) ;
#8477 = CARTESIAN_POINT ( 'NONE',  ( 2.628766859468999684, 2.620492841811069784, -2.947372953530279727 ) ) ;
#8478 = ORIENTED_EDGE ( 'NONE', *, *, #9006, .T. ) ;
#8479 = CARTESIAN_POINT ( 'NONE',  ( 2.899999999739999890, 4.700001019498999177, -6.299999999999999822 ) ) ;
#8480 = DIRECTION ( 'NONE',  ( 0.000000000000000000, -1.000000000000000000, 0.000000000000000000 ) ) ;
#8481 = CARTESIAN_POINT ( 'NONE',  ( 4.362438194329999241, 8.190186318730003023, -4.398236682565999089 ) ) ;
#8482 = DIRECTION ( 'NONE',  ( 0.000000000000000000, 1.000000000000000000, 1.284980352575411910E-15 ) ) ;
#8483 = ORIENTED_EDGE ( 'NONE', *, *, #6762, .T. ) ;
#8484 = ORIENTED_EDGE ( 'NONE', *, *, #8171, .T. ) ;
#8485 = LINE ( 'NONE', #4537, #8902 ) ;
#8486 = CARTESIAN_POINT ( 'NONE',  ( 5.553222577959999740, 7.249137257069752316, -2.233290949345360321 ) ) ;
#8487 = EDGE_CURVE ( 'NONE', #3887, #8841, #5565, .T. ) ;
#8488 = CARTESIAN_POINT ( 'NONE',  ( 4.859251336935300536, 2.821166879943069805, -4.167333313842160436 ) ) ;
#8489 = FACE_OUTER_BOUND ( 'NONE', #3950, .T. ) ;
#8490 = ORIENTED_EDGE ( 'NONE', *, *, #7647, .F. ) ;
#8491 = FACE_OUTER_BOUND ( 'NONE', #4844, .T. ) ;
#8492 = DIRECTION ( 'NONE',  ( -1.000000000000000000, 0.000000000000000000, 0.000000000000000000 ) ) ;
#8493 = CARTESIAN_POINT ( 'NONE',  ( 0.9196489168904010691, 2.725593767330070083, -4.068604211696960071 ) ) ;
#8494 = B_SPLINE_CURVE_WITH_KNOTS ( 'NONE', 3,
 ( #5219, #4218, #3532, #1161, #8422, #2687, #5118 ),
 .UNSPECIFIED., .F., .F.,
 ( 4, 3, 4 ),
 ( 0.000000000000000000, 0.8868874633052640233, 1.000000000000000000 ),
 .UNSPECIFIED. ) ;
#8495 = CARTESIAN_POINT ( 'NONE',  ( 5.732690552048100407, 2.955321899241070138, -4.193404752797559532 ) ) ;
#8496 = CARTESIAN_POINT ( 'NONE',  ( 1.898693119839410581, 2.942987015711453491, -4.249999919766003664 ) ) ;
#8497 = CARTESIAN_POINT ( 'NONE',  ( 4.797100942593900186, 3.364873231485070004, -2.587995025265880322 ) ) ;
#8498 = CARTESIAN_POINT ( 'NONE',  ( 4.931413320627210162, 3.144128532234089946, -4.327767303244770325 ) ) ;
#8499 = EDGE_CURVE ( 'NONE', #2264, #10147, #5460, .T. ) ;
#8500 = CARTESIAN_POINT ( 'NONE',  ( 5.367072328310800167, 2.625001699805070032, -4.378526857553459273 ) ) ;
#8501 = DIRECTION ( 'NONE',  ( -1.000000000000000000, -1.994539074859000059E-13, -5.318682461807000356E-14 ) ) ;
#8502 = ORIENTED_EDGE ( 'NONE', *, *, #4659, .F. ) ;
#8503 = CARTESIAN_POINT ( 'NONE',  ( 5.967988079841487270, 3.118616418273158608, -3.866712583907070400 ) ) ;
#8504 = CARTESIAN_POINT ( 'NONE',  ( 6.553222577960000628, 4.400000001423070017, -5.349999999994079936 ) ) ;
#8505 = EDGE_LOOP ( 'NONE', ( #3490, #5481, #1612, #9059 ) ) ;
#8506 = VECTOR ( 'NONE', #10400, 1000.000000000000000 ) ;
#8507 = DIRECTION ( 'NONE',  ( 0.000000000000000000, 1.000000000000000000, 0.000000000000000000 ) ) ;
#8508 = ORIENTED_EDGE ( 'NONE', *, *, #3870, .F. ) ;
#8509 = LINE ( 'NONE', #8618, #4217 ) ;
#8510 = ADVANCED_FACE ( 'NONE', ( #1503 ), #4780, .T. ) ;
#8511 = LINE ( 'NONE', #6791, #10416 ) ;
#8512 = VERTEX_POINT ( 'NONE', #9452 ) ;
#8513 = EDGE_LOOP ( 'NONE', ( #8995, #5256 ) ) ;
#8514 = CARTESIAN_POINT ( 'NONE',  ( 2.637649325519998644, 8.192737584602008738, -2.501846080034999531 ) ) ;
#8515 = DIRECTION ( 'NONE',  ( -1.000000000000000000, 0.000000000000000000, -1.299374603640319867E-12 ) ) ;
#8516 = CARTESIAN_POINT ( 'NONE',  ( 4.327947662742199775, 3.202688679531069837, -2.997789508462860297 ) ) ;
#8517 = CARTESIAN_POINT ( 'NONE',  ( 5.479746326467303419, 3.341743398537950771, -2.560866044068317304 ) ) ;
#8518 = ORIENTED_EDGE ( 'NONE', *, *, #4264, .T. ) ;
#8519 = PLANE ( 'NONE',  #9266 ) ;
#8520 = DIRECTION ( 'NONE',  ( 0.000000000000000000, -1.000000000000000000, 0.000000000000000000 ) ) ;
#8521 = VERTEX_POINT ( 'NONE', #7980 ) ;
#8522 = ORIENTED_EDGE ( 'NONE', *, *, #4967, .F. ) ;
#8523 = CARTESIAN_POINT ( 'NONE',  ( 2.612749237946800029, 3.408580981800070298, -3.973612233847759523 ) ) ;
#8524 = CARTESIAN_POINT ( 'NONE',  ( 3.853222577959049655, 0.8000000014230710388, -1.649999999987080024 ) ) ;
#8525 = CARTESIAN_POINT ( 'NONE',  ( 0.9645367403507645321, 2.779893339836472244, -3.928832296923860490 ) ) ;
#8526 = VERTEX_POINT ( 'NONE', #771 ) ;
#8527 = LINE ( 'NONE', #478, #5230 ) ;
#8528 = CARTESIAN_POINT ( 'NONE',  ( 1.979974363312276830, 3.172836704125195695, -2.682807958132412463 ) ) ;
#8529 = LINE ( 'NONE', #10114, #5077 ) ;
#8530 = DIRECTION ( 'NONE',  ( 1.000000000000000000, 1.824712256293103155E-12, 1.788933584601081559E-13 ) ) ;
#8531 = ORIENTED_EDGE ( 'NONE', *, *, #3139, .T. ) ;
#8532 = ORIENTED_EDGE ( 'NONE', *, *, #9031, .F. ) ;
#8533 = CARTESIAN_POINT ( 'NONE',  ( 4.953222577960006312, 7.070001019719070356, -4.766244656803269031 ) ) ;
#8534 = DIRECTION ( 'NONE',  ( 0.000000000000000000, 1.000000000000000000, 0.000000000000000000 ) ) ;
#8535 = CARTESIAN_POINT ( 'NONE',  ( 6.236864240862999509, 2.551686525233070046, -3.221143820277259984 ) ) ;
#8536 = CARTESIAN_POINT ( 'NONE',  ( 5.700252578159997974, 8.118726242624997980, -2.185473228128002710 ) ) ;
#8537 = ORIENTED_EDGE ( 'NONE', *, *, #4773, .F. ) ;
#8538 = DIRECTION ( 'NONE',  ( 1.000000000000000000, 0.000000000000000000, 0.000000000000000000 ) ) ;
#8539 = VECTOR ( 'NONE', #3635, 1000.000000000000000 ) ;
#8540 = CARTESIAN_POINT ( 'NONE',  ( 2.039588587553000654, 8.082399826529000464, -4.839880962889002269 ) ) ;
#8541 = CARTESIAN_POINT ( 'NONE',  ( 1.705275341619439944, 2.985461329396069896, -2.633004604611760335 ) ) ;
#8543 = ADVANCED_FACE ( 'NONE', ( #3980 ), #8028, .T. ) ;
#8542 = CARTESIAN_POINT ( 'NONE',  ( 4.265699263310000156, 3.155429416546070343, -3.742276749706060279 ) ) ;
#8544 = CARTESIAN_POINT ( 'NONE',  ( 0.9446973549752384347, 3.276533118730780902, -3.565478244099699712 ) ) ;
#8545 = EDGE_CURVE ( 'NONE', #5260, #9883, #5663, .T. ) ;
#8546 = CARTESIAN_POINT ( 'NONE',  ( 5.767195658961000504, 3.637321832367069963, -4.092807075279680795 ) ) ;
#8547 = CIRCLE ( 'NONE', #5531, 0.2000000000000000666 ) ;
#8548 = DIRECTION ( 'NONE',  ( 0.000000000000000000, -1.118440135825760132E-15, 1.000000000000000000 ) ) ;
#8549 = CARTESIAN_POINT ( 'NONE',  ( 4.851585093554000139, 2.848244207144070117, -2.501677623403959938 ) ) ;
#8550 = CARTESIAN_POINT ( 'NONE',  ( 1.246932290379000108, 2.706466418189069856, -4.346827993434859927 ) ) ;
#8551 = CARTESIAN_POINT ( 'NONE',  ( 0.8700289918217009033, 2.695395952824069852, -3.399907989019070431 ) ) ;
#8552 = EDGE_CURVE ( 'NONE', #7329, #4798, #8137, .T. ) ;
#8553 = VERTEX_POINT ( 'NONE', #7398 ) ;
#8554 = CIRCLE ( 'NONE', #6880, 1.300000000000000044 ) ;
#8555 = LINE ( 'NONE', #1978, #883 ) ;
#8556 = ADVANCED_FACE ( 'NONE', ( #9030 ), #6388, .F. ) ;
#8557 = DIRECTION ( 'NONE',  ( -1.000000000000000000, 0.000000000000000000, 0.000000000000000000 ) ) ;
#8558 = EDGE_LOOP ( 'NONE', ( #7170, #752, #4958, #5206 ) ) ;
#8559 = DIRECTION ( 'NONE',  ( -1.824712256292910092E-12, 1.000000000000000000, -1.090236451181999875E-12 ) ) ;
#8560 = EDGE_LOOP ( 'NONE', ( #6376, #7054, #4360, #5919, #6130 ) ) ;
#8561 = CARTESIAN_POINT ( 'NONE',  ( 2.456927170448720332, 2.718175995416308055, -3.849149298167086286 ) ) ;
#8562 = CARTESIAN_POINT ( 'NONE',  ( 2.688491616676000007, 3.114147121550069564, -3.726353662420479829 ) ) ;
#8563 = CIRCLE ( 'NONE', #4031, 0.6999999999999998446 ) ;
#8564 = VERTEX_POINT ( 'NONE', #7136 ) ;
#8565 = ORIENTED_EDGE ( 'NONE', *, *, #6417, .T. ) ;
#8566 = CARTESIAN_POINT ( 'NONE',  ( 0.8327169978109004722, 8.116810973905998594, -2.470023334370998747 ) ) ;
#8567 = DIRECTION ( 'NONE',  ( 0.000000000000000000, -5.191266089835999642E-14, 1.000000000000000000 ) ) ;
#8568 = EDGE_CURVE ( 'NONE', #4665, #3887, #10339, .T. ) ;
#8569 = CARTESIAN_POINT ( 'NONE',  ( 4.496381521892300448, 3.090820105132070061, -4.036089537339960565 ) ) ;
#8570 = VECTOR ( 'NONE', #1386, 1000.000000000000000 ) ;
#8571 = ORIENTED_EDGE ( 'NONE', *, *, #5860, .F. ) ;
#8572 = CARTESIAN_POINT ( 'NONE',  ( 2.553222577959600059, 2.767727922370520233, -1.260449563590779976 ) ) ;
#8573 = CARTESIAN_POINT ( 'NONE',  ( 1.753222577963000184, 0.6000000014230709722, -3.849999999994080380 ) ) ;
#8574 = ORIENTED_EDGE ( 'NONE', *, *, #3929, .F. ) ;
#8575 = EDGE_LOOP ( 'NONE', ( #6258, #6151, #864, #850 ) ) ;
#8576 = EDGE_CURVE ( 'NONE', #890, #570, #3969, .T. ) ;
#8577 = CARTESIAN_POINT ( 'NONE',  ( 2.634029751305899669, 3.405992165708069841, -3.938649899445959335 ) ) ;
#8578 = VECTOR ( 'NONE', #2067, 1000.000000000000227 ) ;
#8579 = CARTESIAN_POINT ( 'NONE',  ( 5.253222577959999917, 6.220001019719070712, -3.449999998694359693 ) ) ;
#8580 = AXIS2_PLACEMENT_3D ( 'NONE', #9233, #8336, #3656 ) ;
#8581 = CARTESIAN_POINT ( 'NONE',  ( 4.103246692278219143, 7.070001019719070356, -3.457447303603035760 ) ) ;
#8582 = ORIENTED_EDGE ( 'NONE', *, *, #9980, .T. ) ;
#8583 = B_SPLINE_CURVE_WITH_KNOTS ( 'NONE', 3,
 ( #2285, #7029, #8021, #810 ),
 .UNSPECIFIED., .F., .F.,
 ( 4, 4 ),
 ( 9.697399036122160616E-19, 0.0006765895831639226520 ),
 .UNSPECIFIED. ) ;
#8584 = LINE ( 'NONE', #3753, #3724 ) ;
#8585 = CARTESIAN_POINT ( 'NONE',  ( 5.515872672040001312, 8.276896246957001324, -4.727123893553002887 ) ) ;
#8586 = CARTESIAN_POINT ( 'NONE',  ( 1.753222577960000139, 2.570001019719070356, -2.749999998694359959 ) ) ;
#8587 = AXIS2_PLACEMENT_3D ( 'NONE', #3135, #8714, #2408 ) ;
#8588 = AXIS2_PLACEMENT_3D ( 'NONE', #2299, #731, #10354 ) ;
#8589 = ORIENTED_EDGE ( 'NONE', *, *, #7086, .F. ) ;
#8590 = ADVANCED_FACE ( 'NONE', ( #4656 ), #7860, .F. ) ;
#8591 = CARTESIAN_POINT ( 'NONE',  ( 3.500000000000000000, 0.000000000000000000, -4.000000000000000000 ) ) ;
#8592 = CARTESIAN_POINT ( 'NONE',  ( 1.135184163551332004, 2.971955657759785652, -2.804416982642925493 ) ) ;
#8593 = CARTESIAN_POINT ( 'NONE',  ( 4.537230609963300410, 2.807564114567069780, -3.981345539663660116 ) ) ;
#8594 = CARTESIAN_POINT ( 'NONE',  ( 5.161232908890003301, 8.191352347840005876, -2.154221938061000152 ) ) ;
#8595 = ORIENTED_EDGE ( 'NONE', *, *, #5133, .T. ) ;
#8596 = EDGE_CURVE ( 'NONE', #7547, #5127, #2283, .T. ) ;
#8597 = CARTESIAN_POINT ( 'NONE',  ( 2.142730437526999880E-14, 4.700001019498999177, -5.849999999899000436 ) ) ;
#8598 = VECTOR ( 'NONE', #6846, 1000.000000000000000 ) ;
#8599 = VECTOR ( 'NONE', #1613, 1000.000000000000000 ) ;
#8600 = CARTESIAN_POINT ( 'NONE',  ( 0.3395235220730999370, 8.080141610856003354, -3.333458495347999762 ) ) ;
#8601 = CARTESIAN_POINT ( 'NONE',  ( 2.736864240862999953, 2.551686525233070046, -3.221143820277259984 ) ) ;
#8602 = CARTESIAN_POINT ( 'NONE',  ( 5.910857914071899977, 2.890712587828069946, -3.926273309137260359 ) ) ;
#8603 = DIRECTION ( 'NONE',  ( 0.000000000000000000, -1.000000000000000000, 0.000000000000000000 ) ) ;
#8604 = DIRECTION ( 'NONE',  ( 0.000000000000000000, 0.000000000000000000, 1.000000000000000000 ) ) ;
#8605 = VECTOR ( 'NONE', #2967, 1000.000000000000000 ) ;
#8606 = CARTESIAN_POINT ( 'NONE',  ( 2.486681186452590175, 2.854064978476280157, -3.001550991024549919 ) ) ;
#8607 = CARTESIAN_POINT ( 'NONE',  ( 4.534970436504700331, 2.824614575652069970, -2.711933704251360044 ) ) ;
#8608 = CARTESIAN_POINT ( 'NONE',  ( 0.8353405443023009802, 3.114449736625069853, -3.721665056753860057 ) ) ;
#8609 = CARTESIAN_POINT ( 'NONE',  ( 1.246932290379000108, 2.706466418189069856, -4.346827993434859927 ) ) ;
#8610 = EDGE_LOOP ( 'NONE', ( #1571, #6167, #9296, #3302 ) ) ;
#8611 = FACE_OUTER_BOUND ( 'NONE', #1792, .T. ) ;
#8612 = AXIS2_PLACEMENT_3D ( 'NONE', #6304, #1562, #9615 ) ;
#8613 = CARTESIAN_POINT ( 'NONE',  ( 4.705894899735880266, 3.026744524843670181, -2.866539571194159475 ) ) ;
#8614 = CARTESIAN_POINT ( 'NONE',  ( 0.9500000008406001006, -1324.615064622000091, -0.3499999999999999778 ) ) ;
#8615 = ORIENTED_EDGE ( 'NONE', *, *, #2335, .T. ) ;
#8616 = DIRECTION ( 'NONE',  ( -3.656131713971999577E-14, -2.284321894503000260E-14, 1.000000000000000000 ) ) ;
#8617 = ORIENTED_EDGE ( 'NONE', *, *, #9415, .T. ) ;
#8618 = CARTESIAN_POINT ( 'NONE',  ( 3.153222577962000006, 4.400000001423070017, -1.649999999997080025 ) ) ;
#8619 = AXIS2_PLACEMENT_3D ( 'NONE', #74, #1646, #6550 ) ;
#8620 = CARTESIAN_POINT ( 'NONE',  ( 2.708046380627000538, 3.082806357808069997, -3.251477891954379640 ) ) ;
#8621 = EDGE_CURVE ( 'NONE', #9250, #4337, #8847, .T. ) ;
#8622 = ADVANCED_FACE ( 'NONE', ( #10385 ), #603, .T. ) ;
#8623 = ORIENTED_EDGE ( 'NONE', *, *, #849, .F. ) ;
#8624 = EDGE_LOOP ( 'NONE', ( #9318, #10143, #7005, #1689, #9750 ) ) ;
#8625 = CARTESIAN_POINT ( 'NONE',  ( 0.7076085288102000881, 8.116632100385999138, -2.604319952319001708 ) ) ;
#8626 = CARTESIAN_POINT ( 'NONE',  ( 1.426214893939279804, 3.142256929374960261, -4.321519923348120074 ) ) ;
#8627 = AXIS2_PLACEMENT_3D ( 'NONE', #6054, #371, #6003 ) ;
#8628 = CARTESIAN_POINT ( 'NONE',  ( 6.099299166489899449, 2.901783053193069950, -3.002268228768260272 ) ) ;
#8629 = CARTESIAN_POINT ( 'NONE',  ( 3.957898886971671804, 8.261314471402997128, -3.625680122075048306 ) ) ;
#8630 = ORIENTED_EDGE ( 'NONE', *, *, #6488, .T. ) ;
#8631 = CARTESIAN_POINT ( 'NONE',  ( 0.3000000002593999349, 0.7000000014231999579, 0.000000000000000000 ) ) ;
#8632 = CARTESIAN_POINT ( 'NONE',  ( 0.4532225779634010410, 4.400000001423070017, -1.549999999994079891 ) ) ;
#8633 = ORIENTED_EDGE ( 'NONE', *, *, #4398, .F. ) ;
#8634 = ORIENTED_EDGE ( 'NONE', *, *, #6683, .T. ) ;
#8635 = CARTESIAN_POINT ( 'NONE',  ( 2.538986474534600024, 3.263939748560070075, -3.615082135481559877 ) ) ;
#8636 = ADVANCED_FACE ( 'NONE', ( #9599 ), #5921, .F. ) ;
#8637 = DIRECTION ( 'NONE',  ( -1.000000000000000000, 0.000000000000000000, 0.000000000000000000 ) ) ;
#8638 = CARTESIAN_POINT ( 'NONE',  ( 4.416714297306636894, 2.700962564797101173, -3.201474499052891609 ) ) ;
#8639 = ORIENTED_EDGE ( 'NONE', *, *, #5019, .F. ) ;
#8640 = CARTESIAN_POINT ( 'NONE',  ( 3.952807423890000393, 8.189575146150001927, -3.471200135408003096 ) ) ;
#8641 = CARTESIAN_POINT ( 'NONE',  ( 4.330572617905531274, 3.223047436257504117, -3.327589675133296510 ) ) ;
#8642 = CARTESIAN_POINT ( 'NONE',  ( 5.402338202167999981, 3.426687906262070094, -4.259401882744180412 ) ) ;
#8643 = VERTEX_POINT ( 'NONE', #2235 ) ;
#8644 = CARTESIAN_POINT ( 'NONE',  ( 4.705894899735880266, 3.026744524843670181, -2.866539571194159475 ) ) ;
#8645 = FACE_OUTER_BOUND ( 'NONE', #9149, .T. ) ;
#8646 = ADVANCED_FACE ( 'NONE', ( #3235 ), #5760, .F. ) ;
#8647 = CARTESIAN_POINT ( 'NONE',  ( 5.937312667716599712, 2.657049307979070019, -4.130370234789860540 ) ) ;
#8648 = CARTESIAN_POINT ( 'NONE',  ( 4.017868152369999279, 8.116358932774996759, -2.917456518354000217 ) ) ;
#8649 = ORIENTED_EDGE ( 'NONE', *, *, #6762, .F. ) ;
#8650 = DIRECTION ( 'NONE',  ( 0.000000000000000000, 3.945093871065000393E-14, 1.000000000000000000 ) ) ;
#8651 = CARTESIAN_POINT ( 'NONE',  ( 1.653294001126000223, 8.081893241874000822, -4.866433590765995909 ) ) ;
#8652 = CARTESIAN_POINT ( 'NONE',  ( 2.039993606597299891, 2.766402063458070160, -4.216513604673160387 ) ) ;
#8653 = EDGE_CURVE ( 'NONE', #5328, #10006, #7836, .T. ) ;
#8654 = CARTESIAN_POINT ( 'NONE',  ( 5.831786382687999648, 2.837173741779070113, -2.780818341389759585 ) ) ;
#8655 = CARTESIAN_POINT ( 'NONE',  ( 3.800000000259999844, 0.7000000014231999579, 0.000000000000000000 ) ) ;
#8656 = CARTESIAN_POINT ( 'NONE',  ( 5.253222577959999917, 2.570001019719070356, -3.449999998694359693 ) ) ;
#8657 = LINE ( 'NONE', #6501, #3519 ) ;
#8658 = CARTESIAN_POINT ( 'NONE',  ( 4.225007115639999533, 2.777355312667070031, -3.391682796559720270 ) ) ;
#8659 = CARTESIAN_POINT ( 'NONE',  ( 1.430153566002100307, 3.167988582673070042, -2.626491299098160148 ) ) ;
#8660 = CARTESIAN_POINT ( 'NONE',  ( 1.747726956803030030, 2.551249626644069846, -4.245812382749360125 ) ) ;
#8661 = ORIENTED_EDGE ( 'NONE', *, *, #9702, .T. ) ;
#8662 = DIRECTION ( 'NONE',  ( -0.2873478846758040217, 0.000000000000000000, -0.9578262854883138333 ) ) ;
#8663 = DIRECTION ( 'NONE',  ( 0.000000000000000000, -1.000000000000000000, 2.146964169970999940E-10 ) ) ;
#8664 = CARTESIAN_POINT ( 'NONE',  ( 2.076417126923999934, 3.144137736370069991, -4.406578996942180027 ) ) ;
#8665 = VERTEX_POINT ( 'NONE', #6496 ) ;
#8666 = DIRECTION ( 'NONE',  ( -1.000000000000000000, 0.000000000000000000, 0.000000000000000000 ) ) ;
#8667 = ORIENTED_EDGE ( 'NONE', *, *, #4645, .F. ) ;
#8668 = DIRECTION ( 'NONE',  ( 0.000000000000000000, -6.420450109068106765E-10, -1.000000000000000000 ) ) ;
#8669 = CARTESIAN_POINT ( 'NONE',  ( 2.446807260312999777, 3.145487885292070462, -4.135594493788980586 ) ) ;
#8670 = ORIENTED_EDGE ( 'NONE', *, *, #257, .T. ) ;
#8671 = ORIENTED_EDGE ( 'NONE', *, *, #9875, .T. ) ;
#8672 = CARTESIAN_POINT ( 'NONE',  ( 0.4532225779638019980, 0.8000000014230710388, -5.349999999994079936 ) ) ;
#8673 = CARTESIAN_POINT ( 'NONE',  ( 0.4579024309340480881, 8.261314478932458627, -3.274284732246699470 ) ) ;
#8674 = CARTESIAN_POINT ( 'NONE',  ( 5.426552230328175241, 3.260832025295112402, -4.249999998694319991 ) ) ;
#8675 = CARTESIAN_POINT ( 'NONE',  ( 1.979974363312276830, 3.172836704125195695, -2.682807958132412463 ) ) ;
#8676 = ORIENTED_EDGE ( 'NONE', *, *, #8232, .T. ) ;
#8677 = APPROVAL ( #5870, 'UNSPECIFIED' ) ;
#8678 = ADVANCED_FACE ( 'NONE', ( #9809 ), #72, .F. ) ;
#8679 = DIRECTION ( 'NONE',  ( -1.000000000000000000, 0.000000000000000000, 0.000000000000000000 ) ) ;
#8680 = LINE ( 'NONE', #3841, #9858 ) ;
#8681 = ORIENTED_EDGE ( 'NONE', *, *, #1221, .T. ) ;
#8682 = ORIENTED_EDGE ( 'NONE', *, *, #8250, .T. ) ;
#8683 = VECTOR ( 'NONE', #6464, 1000.000000000000000 ) ;
#8684 = CARTESIAN_POINT ( 'NONE',  ( 0.9584505671494010226, 3.120729319688070103, -3.061570317180360323 ) ) ;
#8685 = DIRECTION ( 'NONE',  ( 1.000000000000000000, 0.000000000000000000, 0.000000000000000000 ) ) ;
#8686 = CARTESIAN_POINT ( 'NONE',  ( 4.442701178627578074, 2.751923349949919384, -2.998124129914087721 ) ) ;
#8687 = ORIENTED_EDGE ( 'NONE', *, *, #2321, .F. ) ;
#8688 = CARTESIAN_POINT ( 'NONE',  ( 2.015797757572989291, 8.263580333602808636, -4.726684941135427920 ) ) ;
#8689 = DIRECTION ( 'NONE',  ( -0.9578262854886138156, 0.000000000000000000, 0.2873478846748039328 ) ) ;
#8690 = CARTESIAN_POINT ( 'NONE',  ( 2.553222577959600059, 2.767681914086459916, -1.009946619339350038 ) ) ;
#8691 = ADVANCED_FACE ( 'NONE', ( #7442 ), #8915, .F. ) ;
#8692 = CARTESIAN_POINT ( 'NONE',  ( 5.443699462303999148, 3.553271963244069909, -4.483911433677080893 ) ) ;
#8693 = VERTEX_POINT ( 'NONE', #4225 ) ;
#8694 = CARTESIAN_POINT ( 'NONE',  ( 6.105270957151000211, 2.724339160738070031, -3.859523406233180243 ) ) ;
#8695 = CARTESIAN_POINT ( 'NONE',  ( 2.231664628574777876, 3.071022006922608849, -2.722788617557998503 ) ) ;
#8696 = CYLINDRICAL_SURFACE ( 'NONE', #5556, 0.9500000000000002887 ) ;
#8697 = CARTESIAN_POINT ( 'NONE',  ( 6.000064521299998788, 8.192545343672001934, -2.389659105718002774 ) ) ;
#8698 = ORIENTED_EDGE ( 'NONE', *, *, #1094, .F. ) ;
#8699 = DIRECTION ( 'NONE',  ( 1.000000000000000000, 0.000000000000000000, 0.000000000000000000 ) ) ;
#8700 = CARTESIAN_POINT ( 'NONE',  ( 1.274122564003001390, 8.081390305451000344, -4.787604490365000132 ) ) ;
#8701 = CARTESIAN_POINT ( 'NONE',  ( 4.737947167594408704, 3.341743398537952991, -2.617611317742364108 ) ) ;
#8702 = CARTESIAN_POINT ( 'NONE',  ( 4.653459645416199386, 3.144358951181069894, -2.799750360858159759 ) ) ;
#8703 = LINE ( 'NONE', #3238, #5601 ) ;
#8704 = EDGE_CURVE ( 'NONE', #8521, #5699, #1699, .T. ) ;
#8705 = CARTESIAN_POINT ( 'NONE',  ( 5.517983090110999633, 3.219030658249069532, -4.309269991733679639 ) ) ;
#8706 = DIRECTION ( 'NONE',  ( 0.000000000000000000, 0.000000000000000000, 1.000000000000000000 ) ) ;
#8707 = CARTESIAN_POINT ( 'NONE',  ( 5.227177504424340704, 2.789914478794070174, -2.565770491838959888 ) ) ;
#8708 = CIRCLE ( 'NONE', #1645, 0.4000000000000001887 ) ;
#8709 = CARTESIAN_POINT ( 'NONE',  ( 2.562010499337699976, 3.245157060215070111, -3.377999744798930060 ) ) ;
#8710 = CARTESIAN_POINT ( 'NONE',  ( 1.727177504424340038, 2.789914478794070174, -2.565770491838959888 ) ) ;
#8711 = ORIENTED_EDGE ( 'NONE', *, *, #2375, .F. ) ;
#8712 = LINE ( 'NONE', #8822, #5748 ) ;
#8713 = DIRECTION ( 'NONE',  ( -1.000000000000000000, 0.000000000000000000, 0.000000000000000000 ) ) ;
#8714 = DIRECTION ( 'NONE',  ( 0.000000000000000000, -1.000000000000000000, 0.000000000000000000 ) ) ;
#8715 = AXIS2_PLACEMENT_3D ( 'NONE', #5648, #8170, #2386 ) ;
#8716 = LINE ( 'NONE', #8827, #6839 ) ;
#8717 = DIRECTION ( 'NONE',  ( 0.000000000000000000, -0.9940776682001363218, -0.1086719355941530296 ) ) ;
#8718 = VERTEX_POINT ( 'NONE', #8019 ) ;
#8719 = DIRECTION ( 'NONE',  ( 0.000000000000000000, -0.1523172038323520050, -0.9883316596247910812 ) ) ;
#8720 = CARTESIAN_POINT ( 'NONE',  ( 2.040394171982999882, 3.176828649033069940, -4.382004290274180036 ) ) ;
#8721 = ORIENTED_EDGE ( 'NONE', *, *, #6446, .F. ) ;
#8722 = AXIS2_PLACEMENT_3D ( 'NONE', #546, #7073, #487 ) ;
#8723 = ORIENTED_EDGE ( 'NONE', *, *, #5213, .F. ) ;
#8724 = EDGE_CURVE ( 'NONE', #1967, #3783, #8471, .T. ) ;
#8725 = CARTESIAN_POINT ( 'NONE',  ( 3.042764011140001390, 8.278330006660002738, -3.275336191048002554 ) ) ;
#8726 = CARTESIAN_POINT ( 'NONE',  ( 2.553222577959600059, 2.318420117542019820, -1.398893285062399849 ) ) ;
#8727 = B_SPLINE_CURVE_WITH_KNOTS ( 'NONE', 3,
 ( #8533, #10219, #6231, #9432, #2226, #5443 ),
 .UNSPECIFIED., .F., .F.,
 ( 4, 2, 4 ),
 ( 1.497298509278716473E-17, 0.0001586537901964170892, 0.0003173075803928192165 ),
 .UNSPECIFIED. ) ;
#8728 = CARTESIAN_POINT ( 'NONE',  ( 4.297518053730800425, 2.736375632746069986, -3.395795392789389577 ) ) ;
#8729 = CARTESIAN_POINT ( 'NONE',  ( 7.500000000759999175, 1.019498654400000011E-06, -6.399999999722000510 ) ) ;
#8730 = ORIENTED_EDGE ( 'NONE', *, *, #6488, .F. ) ;
#8731 = DIRECTION ( 'NONE',  ( -0.000000000000000000, 1.000000000000000000, 0.000000000000000000 ) ) ;
#8732 = CARTESIAN_POINT ( 'NONE',  ( 6.653222577959950534, 4.600000001878890465, -4.449994381919780473 ) ) ;
#8733 = ORIENTED_EDGE ( 'NONE', *, *, #10273, .T. ) ;
#8734 = AXIS2_PLACEMENT_3D ( 'NONE', #10061, #10169, #4484 ) ;
#8735 = CARTESIAN_POINT ( 'NONE',  ( 2.704079787497100540, 2.925412684685070097, -3.339637421079659774 ) ) ;
#8736 = DIRECTION ( 'NONE',  ( 0.000000000000000000, 3.945093871065000393E-14, 1.000000000000000000 ) ) ;
#8737 = CARTESIAN_POINT ( 'NONE',  ( 4.545318644139779707, 2.884065251544890351, -2.799343210302060125 ) ) ;
#8738 = EDGE_CURVE ( 'NONE', #8253, #981, #6548, .T. ) ;
#8739 = ORIENTED_EDGE ( 'NONE', *, *, #10336, .F. ) ;
#8740 = ADVANCED_FACE ( 'NONE', ( #1013 ), #5619, .T. ) ;
#8741 = AXIS2_PLACEMENT_3D ( 'NONE', #2791, #9955, #7436 ) ;
#8742 = DIRECTION ( 'NONE',  ( 0.000000000000000000, -1.000000000000000000, 0.000000000000000000 ) ) ;
#8743 = DIRECTION ( 'NONE',  ( 0.000000000000000000, -1.000000000000000000, 1.166601537591698076E-12 ) ) ;
#8744 = CARTESIAN_POINT ( 'NONE',  ( 3.800000000259999844, 0.7000000014231999579, 0.000000000000000000 ) ) ;
#8745 = CARTESIAN_POINT ( 'NONE',  ( 4.974333617076999836, 3.061013002539070271, -4.201069485774279855 ) ) ;
#8746 = EDGE_CURVE ( 'NONE', #8404, #10141, #10407, .T. ) ;
#8747 = ORIENTED_EDGE ( 'NONE', *, *, #7845, .T. ) ;
#8748 = VECTOR ( 'NONE', #9534, 1000.000000000000000 ) ;
#8749 = VECTOR ( 'NONE', #10018, 1000.000000000000000 ) ;
#8750 = CARTESIAN_POINT ( 'NONE',  ( 2.553194820221169614, 3.102352876003766191, -3.661361479370631944 ) ) ;
#8751 = CARTESIAN_POINT ( 'NONE',  ( 3.800000000259999844, 0.7000000014231999579, -5.400000000000000355 ) ) ;
#8752 = CARTESIAN_POINT ( 'NONE',  ( 3.951128272349998305, 8.274623138768999908, -3.522665444261002143 ) ) ;
#8753 = EDGE_CURVE ( 'NONE', #6136, #5778, #4201, .T. ) ;
#8754 = ORIENTED_EDGE ( 'NONE', *, *, #6291, .F. ) ;
#8755 = ADVANCED_FACE ( 'NONE', ( #7159 ), #3991, .T. ) ;
#8756 = CARTESIAN_POINT ( 'NONE',  ( 4.453222577959000006, 1.922781433965179865, -5.297610847817890267 ) ) ;
#8757 = CARTESIAN_POINT ( 'NONE',  ( 1.000042224880000274, 8.190389618051998610, -4.510416744104001729 ) ) ;
#8758 = CARTESIAN_POINT ( 'NONE',  ( 2.385403623363000047, 2.698034481598070133, -4.078743454500060039 ) ) ;
#8759 = VECTOR ( 'NONE', #985, 1000.000000000000114 ) ;
#8760 = VECTOR ( 'NONE', #8719, 999.9999999999998863 ) ;
#8761 = CARTESIAN_POINT ( 'NONE',  ( 4.448341160409199802, 2.719025584317070532, -3.082976728882460105 ) ) ;
#8762 = CARTESIAN_POINT ( 'NONE',  ( 1.230006552867779268, 3.319425720218418974, -4.071212353742655665 ) ) ;
#8763 = CARTESIAN_POINT ( 'NONE',  ( 0.5000000000000000000, 0.8000000014230710388, -5.349999999994079936 ) ) ;
#8764 = CARTESIAN_POINT ( 'NONE',  ( 4.453222577959000006, 2.240976201065830065, -4.527497685406180139 ) ) ;
#8765 = AXIS2_PLACEMENT_3D ( 'NONE', #6714, #1081, #1870 ) ;
#8766 = CARTESIAN_POINT ( 'NONE',  ( 5.674093578491700818, 3.423579861271070168, -2.748110882146860057 ) ) ;
#8767 = AXIS2_PLACEMENT_3D ( 'NONE', #6433, #2318, #7275 ) ;
#8768 = CARTESIAN_POINT ( 'NONE',  ( 2.045704847653799785, 3.174268165737069936, -2.692520900487360258 ) ) ;
#8769 = EDGE_CURVE ( 'NONE', #42, #4394, #9466, .T. ) ;
#8770 = CARTESIAN_POINT ( 'NONE',  ( 1.012336119841499960, 2.689116369761070047, -4.056131896465760001 ) ) ;
#8771 = DIRECTION ( 'NONE',  ( -1.229785504201000173E-14, 0.000000000000000000, -1.000000000000000000 ) ) ;
#8772 = ORIENTED_EDGE ( 'NONE', *, *, #6749, .F. ) ;
#8773 = FACE_OUTER_BOUND ( 'NONE', #8368, .T. ) ;
#8774 = CYLINDRICAL_SURFACE ( 'NONE', #7938, 0.7999999999999999334 ) ;
#8775 = VECTOR ( 'NONE', #6303, 1000.000000000000000 ) ;
#8776 = CARTESIAN_POINT ( 'NONE',  ( 2.083333516412999575, 3.143677221761070228, -4.404238492003480054 ) ) ;
#8777 = AXIS2_PLACEMENT_3D ( 'NONE', #5581, #8787, #1573 ) ;
#8778 = LINE ( 'NONE', #1659, #8344 ) ;
#8779 = VERTEX_POINT ( 'NONE', #5472 ) ;
#8780 = LINE ( 'NONE', #881, #5411 ) ;
#8781 = CARTESIAN_POINT ( 'NONE',  ( 0.9225616639547019604, 3.313052949475070008, -3.794159110624980347 ) ) ;
#8782 = EDGE_CURVE ( 'NONE', #2013, #10404, #8834, .T. ) ;
#8783 = VECTOR ( 'NONE', #8186, 1000.000000000000000 ) ;
#8784 = ORIENTED_EDGE ( 'NONE', *, *, #10085, .T. ) ;
#8785 = ORIENTED_EDGE ( 'NONE', *, *, #10009, .T. ) ;
#8786 = CARTESIAN_POINT ( 'NONE',  ( 0.8584350523667999555, 8.275223318145997098, -2.497709090604998572 ) ) ;
#8787 = DIRECTION ( 'NONE',  ( 0.000000000000000000, 1.000000000000000000, 0.000000000000000000 ) ) ;
#8788 = CARTESIAN_POINT ( 'NONE',  ( 5.349796377449239415, 2.543042339962069853, -4.237629013352059992 ) ) ;
#8789 = DATE_AND_TIME ( #344, #4594 ) ;
#8790 = ORIENTED_EDGE ( 'NONE', *, *, #3764, .T. ) ;
#8791 = DIRECTION ( 'NONE',  ( 0.000000000000000000, 0.000000000000000000, 1.000000000000000000 ) ) ;
#8792 = VECTOR ( 'NONE', #7294, 1000.000000000000000 ) ;
#8793 = CARTESIAN_POINT ( 'NONE',  ( 5.253222577959999917, 8.500001019718999018, -2.050000000499999864 ) ) ;
#8794 = VERTEX_POINT ( 'NONE', #7409 ) ;
#8795 = EDGE_CURVE ( 'NONE', #270, #3442, #297, .T. ) ;
#8796 = CARTESIAN_POINT ( 'NONE',  ( 0.7250071156400009764, 2.777355312667070031, -3.391682796559720270 ) ) ;
#8797 = CARTESIAN_POINT ( 'NONE',  ( -0.4999999982212999794, 8.500001019718999018, -2.299999998059000017 ) ) ;
#8798 = CARTESIAN_POINT ( 'NONE',  ( 4.575027799860200695, 2.906782743273070402, -2.702110153050879759 ) ) ;
#8799 = VERTEX_POINT ( 'NONE', #9724 ) ;
#8800 = CIRCLE ( 'NONE', #5101, 1.300000000000000044 ) ;
#8801 = LINE ( 'NONE', #696, #8095 ) ;
#8802 = CARTESIAN_POINT ( 'NONE',  ( 4.453222577959000006, 2.516840480107719991, -1.424464079161599894 ) ) ;
#8803 = CARTESIAN_POINT ( 'NONE',  ( 2.199999999159000019, 1.019498458601000007E-06, -0.3499999999999999778 ) ) ;
#8804 = FACE_OUTER_BOUND ( 'NONE', #3258, .T. ) ;
#8805 = ORIENTED_EDGE ( 'NONE', *, *, #4097, .T. ) ;
#8806 = PLANE ( 'NONE',  #10048 ) ;
#8807 = DIRECTION ( 'NONE',  ( 0.000000000000000000, 0.000000000000000000, 1.000000000000000000 ) ) ;
#8808 = DIRECTION ( 'NONE',  ( 0.000000000000000000, 1.000000000000000000, 0.000000000000000000 ) ) ;
#8809 = ORIENTED_EDGE ( 'NONE', *, *, #10087, .F. ) ;
#8810 = CARTESIAN_POINT ( 'NONE',  ( 3.500000000000000000, 0.7000000014231999579, -6.299999999999999822 ) ) ;
#8811 = CARTESIAN_POINT ( 'NONE',  ( 2.015872672047002823, 8.276896246957997860, -4.727123893553005551 ) ) ;
#8812 = CARTESIAN_POINT ( 'NONE',  ( 2.658706407049699738, 2.629666899737070018, -3.783149060892660120 ) ) ;
#8813 = CARTESIAN_POINT ( 'NONE',  ( 5.375710303741600526, 2.665981379726070077, -4.448975779654060325 ) ) ;
#8814 = DIRECTION ( 'NONE',  ( 0.000000000000000000, -1.000000000000000000, 0.000000000000000000 ) ) ;
#8815 = EDGE_CURVE ( 'NONE', #6992, #4794, #1823, .T. ) ;
#8816 = DIRECTION ( 'NONE',  ( 0.000000000000000000, -0.9883316665601868944, 0.1523171588310506808 ) ) ;
#8817 = CARTESIAN_POINT ( 'NONE',  ( 6.260495664974000007, 3.377155106445070221, -3.625795005733859711 ) ) ;
#8818 = CARTESIAN_POINT ( 'NONE',  ( 0.9810682137286010907, 2.630786641411070104, -3.701193731438859658 ) ) ;
#8819 = CARTESIAN_POINT ( 'NONE',  ( 6.499999999250099414, 4.400000001423070017, -5.349999999994079936 ) ) ;
#8820 = DIRECTION ( 'NONE',  ( -1.000000000000000000, 0.000000000000000000, 0.000000000000000000 ) ) ;
#8821 = ORIENTED_EDGE ( 'NONE', *, *, #8596, .F. ) ;
#8822 = CARTESIAN_POINT ( 'NONE',  ( 0.000000000000000000, 4.700001019498999177, -6.899999999161000375 ) ) ;
#8823 = EDGE_CURVE ( 'NONE', #6726, #5471, #9039, .T. ) ;
#8824 = CARTESIAN_POINT ( 'NONE',  ( 1.753222577964000051, 2.250294765869069735, -5.349999999994079936 ) ) ;
#8825 = B_SPLINE_SURFACE_WITH_KNOTS ( 'NONE', 3, 3, ( 
 ( #81, #8184, #4929, #7349 ),
 ( #3346, #2556, #8983, #1763 ),
 ( #9186, #1077, #2020, #8390 ),
 ( #5239, #288, #10019, #339 ),
 ( #1180, #1811, #6028, #7656 ),
 ( #4237, #3497, #2708, #6709 ),
 ( #9079, #3557, #1969, #4396 ),
 ( #1921, #5135, #2759, #7499 ),
 ( #7549, #6819, #9919, #7451 ),
 ( #5184, #5976, #5867, #6770 ),
 ( #5925, #8230, #9137, #5080 ),
 ( #239, #5817, #6661, #8337 ),
 ( #3400, #7608, #2607, #1127 ),
 ( #2807, #4340, #9973, #3447 ),
 ( #9234, #6616, #8442, #396 ),
 ( #3609, #1236, #9029, #4445 ),
 ( #5025, #9817, #1024, #8287 ),
 ( #9865, #2653, #1866, #4290 ),
 ( #3876, #6252, #4615, #5511 ) ),
 .UNSPECIFIED., .F., .F., .F.,
 ( 4, 1, 1, 1, 1, 1, 1, 1, 1, 1, 1, 1, 1, 1, 1, 1, 4 ),
 ( 4, 4 ),
 ( 0.000000000000000000, 0.009802480272871940889, 0.03811689700591269769, 0.1117219161296520019, 0.1853269352534799852, 0.2589319543772100052, 0.3325369735009390260, 0.4061419926246689904, 0.4797470117486929975, 0.5533520308724230174, 0.6269570499962500154, 0.7005620691199799799, 0.7741670882437100554, 0.8477721073675380525, 0.9213771264912670178, 0.9901944016066730470, 1.000000000000000000 ),
 ( 0.000000000000000000, 1.000000000000000000 ),
 .UNSPECIFIED. ) ;
#8826 = CARTESIAN_POINT ( 'NONE',  ( 3.853222577959999562, 2.378362817929559725, -1.009946619089389985 ) ) ;
#8827 = CARTESIAN_POINT ( 'NONE',  ( 6.353222577958899997, 3.583840959371150436, -1.175680949433560052 ) ) ;
#8828 = EDGE_CURVE ( 'NONE', #10311, #1967, #5827, .T. ) ;
#8829 = ORIENTED_EDGE ( 'NONE', *, *, #8087, .T. ) ;
#8830 = DIRECTION ( 'NONE',  ( 0.000000000000000000, -1.000000000000000000, 0.000000000000000000 ) ) ;
#8831 = CARTESIAN_POINT ( 'NONE',  ( 4.613738416309257850, 2.843771928369986490, -3.941853618609833187 ) ) ;
#8832 = ORIENTED_EDGE ( 'NONE', *, *, #9859, .T. ) ;
#8833 = ORIENTED_EDGE ( 'NONE', *, *, #10029, .F. ) ;
#8834 = LINE ( 'NONE', #8672, #10112 ) ;
#8835 = CARTESIAN_POINT ( 'NONE',  ( 0.4532225779638019980, 0.8000000014230710388, -5.349999999994079936 ) ) ;
#8836 = CARTESIAN_POINT ( 'NONE',  ( 5.375710303741600526, 2.665981379726070077, -4.448975779654060325 ) ) ;
#8837 = EDGE_LOOP ( 'NONE', ( #8772, #1502, #10206 ) ) ;
#8838 = EDGE_CURVE ( 'NONE', #9305, #1730, #1185, .T. ) ;
#8839 = CARTESIAN_POINT ( 'NONE',  ( 4.153222577958800343, 3.583840959242849955, -1.375398428162210029 ) ) ;
#8840 = DIRECTION ( 'NONE',  ( 0.000000000000000000, -1.000000000000000000, 2.134424667687999921E-10 ) ) ;
#8841 = VERTEX_POINT ( 'NONE', #9826 ) ;
#8842 = CARTESIAN_POINT ( 'NONE',  ( 2.232690552048099963, 2.955321899241070138, -4.193404752797559532 ) ) ;
#8843 = CARTESIAN_POINT ( 'NONE',  ( 5.845607615847949745, 2.992979064132930134, -4.181897110571529907 ) ) ;
#8844 = CARTESIAN_POINT ( 'NONE',  ( 4.541148528949299212, 2.941363566433069732, -2.831640261345980125 ) ) ;
#8845 = VERTEX_POINT ( 'NONE', #2616 ) ;
#8846 = CARTESIAN_POINT ( 'NONE',  ( 1.868617152246416335, 8.263370645081007382, -4.746955782360730680 ) ) ;
#8847 = B_SPLINE_CURVE_WITH_KNOTS ( 'NONE', 3,
 ( #6186, #1548, #8701, #9385, #1491, #4769, #2177, #7184, #4605, #10227 ),
 .UNSPECIFIED., .F., .F.,
 ( 4, 2, 2, 2, 4 ),
 ( 1.322964994894056052E-14, 0.0004087285182752529761, 0.0008174570365372763004, 0.001226185554799299679, 0.001634914073061322949 ),
 .UNSPECIFIED. ) ;
#8848 = CARTESIAN_POINT ( 'NONE',  ( 2.329807900864715897, 2.908627256310109210, -2.621828251117445774 ) ) ;
#8849 = CARTESIAN_POINT ( 'NONE',  ( 6.115479310089999565, 2.998769138932070089, -3.704779957431679982 ) ) ;
#8850 = DIRECTION ( 'NONE',  ( 1.000000000000000000, 0.000000000000000000, 2.625060662668999909E-13 ) ) ;
#8851 = CLOSED_SHELL ( 'NONE', ( #90, #7588, #8590, #9204, #3094, #5811, #3657, #6500, #193, #4675, #3729, #626, #3024, #6981, #6876, #5416, #4286, #5942, #664, #1718, #5406, #3236, #4747, #4321, #8636, #6790, #9802, #1930, #2253, #9789, #3646, #5287, #9614, #5689, #4542, #7905, #8872, #9389, #7292, #9261, #3997, #914, #6828, #2064, #1773, #146, #4332, #8646, #2046, #6559, #10117, #2907, #9426, #6125, #492, #8369, #1485, #4224, #1908, #1664, #8556, #7401, #3382, #4142, #7331, #212, #3521, #9217, #8182, #4911, #450, #1679, #1027, #5480, #8740, #5610, #510, #7526, #907, #6734, #5248, #5665, #8007, #3374, #5006, #3086, #1729, #3304, #1452, #8332, #8622, #8286, #10101, #2761, #6311, #7958, #8357, #8950, #9845, #2645, #4384, #9964, #5110, #5155, #10039, #4122, #3154, #9714, #728, #6192, #9342, #1287, #7238, #413, #6254, #8678, #2466, #8410, #2191, #4784, #5774, #5367, #580, #2087, #2701, #235, #2317, #1672, #2413, #5537, #7154, #10126, #5454, #9319, #1184, #9465, #4035, #4132, #6919, #964, #4953, #3475, #5468, #5379, #9510, #10314, #5281, #9047, #195, #7158, #3409, #777, #2121, #282, #3509, #7682, #3248, #6570, #3553, #10148, #7541, #6865, #799, #6127, #4450, #1154, #7994, #8298, #1619, #9831, #7375, #7936, #1243, #9917, #310, #7693, #2456, #4569, #227, #3615, #5017, #8755, #8691, #9061, #3201, #8510, #3921, #4247, #2306, #1693, #6588, #6368, #10379, #7356, #9512, #8099, #10289, #652, #3923, #1567, #341, #2096, #3178, #2921, #4881, #3945, #3785, #8429, #8223, #7726, #8543, #9240, #8899, #6711, #1799, #8455, #8037, #3801, #5032, #2526, #6930, #2487, #4503, #6968, #298, #5829, #8412, #4440, #7425 ) ) ;
#8852 = B_SPLINE_CURVE_WITH_KNOTS ( 'NONE', 3,
 ( #681, #5677, #889, #8043 ),
 .UNSPECIFIED., .F., .F.,
 ( 4, 4 ),
 ( 0.000000000000000000, 1.000000000000000000 ),
 .UNSPECIFIED. ) ;
#8853 = ORIENTED_EDGE ( 'NONE', *, *, #9013, .T. ) ;
#8854 = CARTESIAN_POINT ( 'NONE',  ( 2.156033903047250622, 3.152098699093512923, -4.149103973367836318 ) ) ;
#8855 = CARTESIAN_POINT ( 'NONE',  ( 5.854050190295379430, 2.986450091117350158, -2.682713448623410102 ) ) ;
#8856 = CARTESIAN_POINT ( 'NONE',  ( 6.042453356549691179, 2.779235064965132285, -3.300901210071518932 ) ) ;
#8857 = VERTEX_POINT ( 'NONE', #7564 ) ;
#8858 = FACE_OUTER_BOUND ( 'NONE', #10415, .T. ) ;
#8859 = CARTESIAN_POINT ( 'NONE',  ( 1.312541681841999486, 8.275886728791997271, -4.678972520051003947 ) ) ;
#8860 = EDGE_CURVE ( 'NONE', #6649, #3979, #7709, .T. ) ;
#8861 = DIRECTION ( 'NONE',  ( -0.9987976606670762036, 0.000000000000000000, 0.04902278088782893728 ) ) ;
#8862 = CARTESIAN_POINT ( 'NONE',  ( 5.227177504424340704, 2.789914478794070174, -2.565770491838959888 ) ) ;
#8863 = CARTESIAN_POINT ( 'NONE',  ( 1.021684900075131353, 2.856390984161979674, -2.887788735317690758 ) ) ;
#8864 = ORIENTED_EDGE ( 'NONE', *, *, #8354, .F. ) ;
#8865 = CARTESIAN_POINT ( 'NONE',  ( 5.679504344884686695, 0.7000000014231969603, -3.470922673804176739 ) ) ;
#8866 = CARTESIAN_POINT ( 'NONE',  ( 6.053038916544652537, 2.781320862227347757, -3.532924148047969837 ) ) ;
#8867 = CARTESIAN_POINT ( 'NONE',  ( 2.410857914071899977, 2.890712587828069946, -3.926273309137260359 ) ) ;
#8868 = LINE ( 'NONE', #7242, #3712 ) ;
#8869 = EDGE_CURVE ( 'NONE', #2686, #2260, #9150, .T. ) ;
#8870 = CARTESIAN_POINT ( 'NONE',  ( 2.199999999159000019, 1.019498648082000104E-06, -4.000000000000000000 ) ) ;
#8871 = ORIENTED_EDGE ( 'NONE', *, *, #1261, .F. ) ;
#8872 = ADVANCED_FACE ( 'NONE', ( #5095 ), #7460, .T. ) ;
#8873 = CARTESIAN_POINT ( 'NONE',  ( 0.8623116526810010729, 3.245682646441069963, -3.485359674562840127 ) ) ;
#8874 = CARTESIAN_POINT ( 'NONE',  ( 1.553220960963500152, -3.399999998570734761, -3.449999999993499156 ) ) ;
#8875 = CARTESIAN_POINT ( 'NONE',  ( 2.260089687204000164, 2.882398885227070107, -2.839413509099580235 ) ) ;
#8876 = CARTESIAN_POINT ( 'NONE',  ( 2.142747053669688206, 3.044594944335668796, -4.374743251302310121 ) ) ;
#8877 = ORIENTED_EDGE ( 'NONE', *, *, #9635, .F. ) ;
#8878 = AXIS2_PLACEMENT_3D ( 'NONE', #619, #10082, #4457 ) ;
#8879 = CARTESIAN_POINT ( 'NONE',  ( 2.899999999739999890, 4.700001019498999177, -6.299999999999999822 ) ) ;
#8880 = FACE_OUTER_BOUND ( 'NONE', #4912, .T. ) ;
#8881 = B_SPLINE_CURVE_WITH_KNOTS ( 'NONE', 3,
 ( #7854, #2170, #1384, #9539, #3704, #7751, #1484 ),
 .UNSPECIFIED., .F., .F.,
 ( 4, 3, 4 ),
 ( 0.000000000000000000, 0.7337306860339549708, 1.000000000000000000 ),
 .UNSPECIFIED. ) ;
#8882 = ORIENTED_EDGE ( 'NONE', *, *, #10230, .T. ) ;
#8883 = ORIENTED_EDGE ( 'NONE', *, *, #4568, .F. ) ;
#8884 = EDGE_CURVE ( 'NONE', #890, #4766, #8992, .T. ) ;
#8885 = VECTOR ( 'NONE', #2594, 1000.000000000000000 ) ;
#8886 = CARTESIAN_POINT ( 'NONE',  ( 1.196564493809082474, 3.155384678658819997, -4.196110702114402180 ) ) ;
#8887 = DIRECTION ( 'NONE',  ( 0.000000000000000000, -1.000000000000000000, -1.118440135825760132E-15 ) ) ;
#8888 = CARTESIAN_POINT ( 'NONE',  ( 4.818340638228700179, 2.624507058347070210, -4.220337308188359948 ) ) ;
#8889 = VERTEX_POINT ( 'NONE', #4301 ) ;
#8890 = CARTESIAN_POINT ( 'NONE',  ( 6.353222577958899997, 4.254481236146950174, -1.267883465059739923 ) ) ;
#8891 = CARTESIAN_POINT ( 'NONE',  ( 4.348796913752400073, 2.782405276087070334, -3.465556825782770023 ) ) ;
#8892 = ORIENTED_EDGE ( 'NONE', *, *, #2854, .T. ) ;
#8893 = CARTESIAN_POINT ( 'NONE',  ( 6.287257402031000808, 2.662887905668070321, -3.601682172170079799 ) ) ;
#8894 = CIRCLE ( 'NONE', #5539, 0.09999999999999999167 ) ;
#8895 = CARTESIAN_POINT ( 'NONE',  ( 2.426787535062300272, 2.919133101621070203, -2.670937584812659527 ) ) ;
#8896 = CARTESIAN_POINT ( 'NONE',  ( 5.029708093186993523, 3.173626382941698854, -4.424692264220847271 ) ) ;
#8897 = CARTESIAN_POINT ( 'NONE',  ( 5.837927048509610195, 2.999040839061089869, -2.638953792440410062 ) ) ;
#8898 = ORIENTED_EDGE ( 'NONE', *, *, #6842, .F. ) ;
#8899 = ADVANCED_FACE ( 'NONE', ( #933 ), #1726, .F. ) ;
#8900 = CARTESIAN_POINT ( 'NONE',  ( 6.549999967470000684, 8.265024157077000666, -3.449999886680999772 ) ) ;
#8901 = DIRECTION ( 'NONE',  ( 1.000000000000000000, 0.000000000000000000, 0.000000000000000000 ) ) ;
#8902 = VECTOR ( 'NONE', #1327, 1000.000000000000000 ) ;
#8903 = CARTESIAN_POINT ( 'NONE',  ( 0.6532225779590010717, 4.200000002145519495, -1.664155840000459907 ) ) ;
#8904 = CARTESIAN_POINT ( 'NONE',  ( 5.253222577959998141, 2.754533156597670285, -2.649999998694358538 ) ) ;
#8905 = ORIENTED_EDGE ( 'NONE', *, *, #2358, .T. ) ;
#8906 = ORIENTED_EDGE ( 'NONE', *, *, #1295, .T. ) ;
#8907 = CARTESIAN_POINT ( 'NONE',  ( 6.049413660200979592, 2.768487543030570208, -3.372078836214149611 ) ) ;
#8908 = CARTESIAN_POINT ( 'NONE',  ( 2.553222577959600059, 2.240976201065830065, -4.527497685406180139 ) ) ;
#8909 = AXIS2_PLACEMENT_3D ( 'NONE', #5776, #4038, #5626 ) ;
#8910 = PLANE ( 'NONE',  #9897 ) ;
#8911 = B_SPLINE_SURFACE_WITH_KNOTS ( 'NONE', 3, 3, ( 
 ( #7317, #8000, #893, #9575, #3998, #8947, #5585 ),
 ( #3264, #1578, #4797, #788, #4049, #8047, #3207 ),
 ( #6425, #7365, #2574, #5635, #5680, #834, #7266 ),
 ( #51, #9681, #148, #2468, #8891, #1673, #4893 ),
 ( #8103, #6580, #1780, #9786, #4988, #5785, #7514 ),
 ( #7416, #2670, #253, #2621, #7568, #5151, #360 ),
 ( #3574, #9044, #2038, #1143, #5835, #9100, #5255 ) ),
 .UNSPECIFIED., .F., .F., .F.,
 ( 4, 1, 1, 1, 4 ),
 ( 4, 3, 4 ),
 ( 0.000000000000000000, 0.2317760420278809907, 0.5495235957880429956, 0.8672711495482050559, 1.000000000000000000 ),
 ( 0.000000000000000000, 0.07575106478788419528, 1.000000000000000000 ),
 .UNSPECIFIED. ) ;
#8912 = EDGE_LOOP ( 'NONE', ( #6469, #5751, #260, #2732, #3739 ) ) ;
#8913 = CARTESIAN_POINT ( 'NONE',  ( 1.750000005291602045, 8.263201068284223183, -4.749998831476114347 ) ) ;
#8914 = CARTESIAN_POINT ( 'NONE',  ( 1.151693033721998827, 8.190612252872002230, -4.602804809184001478 ) ) ;
#8915 = PLANE ( 'NONE',  #7268 ) ;
#8916 = CARTESIAN_POINT ( 'NONE',  ( 4.636274372248500697, 2.742655215809069791, -2.816032273752960169 ) ) ;
#8917 = LINE ( 'NONE', #6608, #5258 ) ;
#8918 = AXIS2_PLACEMENT_3D ( 'NONE', #127, #8229, #4180 ) ;
#8919 = ORIENTED_EDGE ( 'NONE', *, *, #6954, .T. ) ;
#8920 = CARTESIAN_POINT ( 'NONE',  ( 5.253222577959998141, 2.754533156597670285, -2.649999998694358538 ) ) ;
#8921 = EDGE_CURVE ( 'NONE', #7423, #9556, #1194, .T. ) ;
#8922 = CARTESIAN_POINT ( 'NONE',  ( 5.749392787808000449, 3.341609514033069939, -2.622533934728259908 ) ) ;
#8923 = CARTESIAN_POINT ( 'NONE',  ( 2.609090707168399970, 2.908062636256069755, -3.673673671719559941 ) ) ;
#8924 = CYLINDRICAL_SURFACE ( 'NONE', #1017, 0.7999999999999999334 ) ;
#8925 = AXIS2_PLACEMENT_3D ( 'NONE', #2723, #4985, #202 ) ;
#8926 = CIRCLE ( 'NONE', #10084, 0.3999999999999999667 ) ;
#8927 = FACE_BOUND ( 'NONE', #1931, .T. ) ;
#8928 = ORIENTED_EDGE ( 'NONE', *, *, #6656, .F. ) ;
#8929 = CARTESIAN_POINT ( 'NONE',  ( 1.023484409025599895, 3.259285411817069988, -3.820489696423160275 ) ) ;
#8930 = PLANE ( 'NONE',  #5084 ) ;
#8931 = DIRECTION ( 'NONE',  ( 0.01437837135889048767, 0.000000000000000000, 0.9998966258754281577 ) ) ;
#8932 = DIRECTION ( 'NONE',  ( 0.000000000000000000, 1.000000000000000000, 0.000000000000000000 ) ) ;
#8933 = AXIS2_PLACEMENT_3D ( 'NONE', #8187, #8931, #3300 ) ;
#8934 = VERTEX_POINT ( 'NONE', #7717 ) ;
#8935 = DIRECTION ( 'NONE',  ( 0.000000000000000000, -1.000000000000000000, 0.000000000000000000 ) ) ;
#8936 = DIRECTION ( 'NONE',  ( -1.000000000000000000, 2.215321940999000197E-13, 0.000000000000000000 ) ) ;
#8937 = ORIENTED_EDGE ( 'NONE', *, *, #1797, .F. ) ;
#8938 = EDGE_LOOP ( 'NONE', ( #3941, #7781, #10210, #8790 ) ) ;
#8939 = CIRCLE ( 'NONE', #2213, 0.8000000000000002665 ) ;
#8940 = VECTOR ( 'NONE', #8935, 1000.000000000000000 ) ;
#8941 = DIRECTION ( 'NONE',  ( 0.000000000000000000, -1.000000000000000000, 2.140302828409000018E-10 ) ) ;
#8942 = LINE ( 'NONE', #9878, #5049 ) ;
#8943 = B_SPLINE_CURVE_WITH_KNOTS ( 'NONE', 3,
 ( #4577, #7786, #7111, #9359, #8517, #1306 ),
 .UNSPECIFIED., .F., .F.,
 ( 4, 2, 4 ),
 ( 4.651881838858949021E-16, 0.0004810189130027324391, 0.0009620378260049997554 ),
 .UNSPECIFIED. ) ;
#8944 = DIRECTION ( 'NONE',  ( 0.000000000000000000, 1.000000000000000000, 0.000000000000000000 ) ) ;
#8945 = VERTEX_POINT ( 'NONE', #2818 ) ;
#8946 = CARTESIAN_POINT ( 'NONE',  ( 0.3532192635000019898, 0.8000000014230710388, -3.449999999994080024 ) ) ;
#8947 = CARTESIAN_POINT ( 'NONE',  ( 4.622359406031899098, 2.877294093703069766, -2.754314549997579853 ) ) ;
#8948 = VERTEX_POINT ( 'NONE', #2139 ) ;
#8949 = EDGE_CURVE ( 'NONE', #880, #5786, #5085, .T. ) ;
#8950 = ADVANCED_FACE ( 'NONE', ( #7621 ), #10030, .F. ) ;
#8951 = CIRCLE ( 'NONE', #9445, 0.1000000000000002554 ) ;
#8952 = DIRECTION ( 'NONE',  ( -0.000000000000000000, 1.000000000000000000, 0.000000000000000000 ) ) ;
#8953 = CARTESIAN_POINT ( 'NONE',  ( 2.469679643213599896, 2.931692267749069991, -3.968873239715660084 ) ) ;
#8954 = DIRECTION ( 'NONE',  ( -1.000000000000000000, 0.000000000000000000, 0.000000000000000000 ) ) ;
#8955 = EDGE_LOOP ( 'NONE', ( #695, #6215, #10168, #8595, #3700, #6785, #8784, #2055 ) ) ;
#8956 = CARTESIAN_POINT ( 'NONE',  ( 1.159483347669489905, 2.778295638029370185, -2.934405695328149655 ) ) ;
#8957 = CIRCLE ( 'NONE', #9794, 0.3999999999999999667 ) ;
#8958 = CARTESIAN_POINT ( 'NONE',  ( 1.253274265022286116, 2.570001019719070356, -3.442810813014914650 ) ) ;
#8959 = CARTESIAN_POINT ( 'NONE',  ( 4.768091085560180353, 3.067085703062280011, -4.249041503591469926 ) ) ;
#8960 = CARTESIAN_POINT ( 'NONE',  ( 0.4532225779634010410, 0.8000000014230710388, -1.549999999994079891 ) ) ;
#8961 = CARTESIAN_POINT ( 'NONE',  ( 2.751759540254639980, 3.077565849059400005, -3.745048093296740266 ) ) ;
#8962 = ORIENTED_EDGE ( 'NONE', *, *, #4609, .T. ) ;
#8963 = EDGE_CURVE ( 'NONE', #368, #835, #8555, .T. ) ;
#8964 = EDGE_CURVE ( 'NONE', #4312, #2043, #6972, .T. ) ;
#8965 = ORIENTED_EDGE ( 'NONE', *, *, #7777, .T. ) ;
#8966 = CARTESIAN_POINT ( 'NONE',  ( 2.142730437526999880E-14, 4.700001019498999177, -5.849999999899000436 ) ) ;
#8967 = AXIS2_PLACEMENT_3D ( 'NONE', #2736, #8414, #6113 ) ;
#8968 = CARTESIAN_POINT ( 'NONE',  ( 1.868496110474758387, 8.263370469400831198, -2.153035766585942312 ) ) ;
#8969 = CARTESIAN_POINT ( 'NONE',  ( 4.812421996420000347, 8.275886553913002430, -2.221072685694998938 ) ) ;
#8970 = ORIENTED_EDGE ( 'NONE', *, *, #6120, .F. ) ;
#8971 = CARTESIAN_POINT ( 'NONE',  ( 7.000000000000000000, 4.700001019498999177, -5.849999999902000702 ) ) ;
#8972 = CARTESIAN_POINT ( 'NONE',  ( 3.006845511609000265, 8.278279974713001366, -3.799385146840999816 ) ) ;
#8973 = CARTESIAN_POINT ( 'NONE',  ( 5.553222577960000628, 7.270001019719036783, -4.613812562602173095 ) ) ;
#8974 = CARTESIAN_POINT ( 'NONE',  ( 5.032908355753599849, 2.687683679229070144, -4.444250121265659992 ) ) ;
#8975 = FACE_OUTER_BOUND ( 'NONE', #6276, .T. ) ;
#8976 = ORIENTED_EDGE ( 'NONE', *, *, #589, .T. ) ;
#8977 = EDGE_CURVE ( 'NONE', #3379, #981, #8951, .T. ) ;
#8978 = CARTESIAN_POINT ( 'NONE',  ( 1.353222577962963857, -3.199999998577660154, -3.449999999993615507 ) ) ;
#8979 = FACE_OUTER_BOUND ( 'NONE', #4614, .T. ) ;
#8980 = CARTESIAN_POINT ( 'NONE',  ( 2.469679643213599896, 2.931692267749069991, -3.968873239715660084 ) ) ;
#8981 = B_SPLINE_CURVE_WITH_KNOTS ( 'NONE', 3,
 ( #930, #3986, #3256, #7309, #2459, #6567, #9772, #9622, #6414, #7405, #8831, #4141, #1614, #2412 ),
 .UNSPECIFIED., .F., .F.,
 ( 4, 2, 2, 2, 2, 2, 4 ),
 ( -0.001255451925782282525, -0.0009415886233306847413, -0.0006277253208790870660, 1.284024106441503110E-09, 0.0003138645864757029242, 0.0006277278889272987564, 0.001255454493830491071 ),
 .UNSPECIFIED. ) ;
#8982 = CARTESIAN_POINT ( 'NONE',  ( 5.253222577959999917, 6.070001019719070356, -3.449999998694359693 ) ) ;
#8983 = CARTESIAN_POINT ( 'NONE',  ( 1.269089154259299912, 3.557256797394070080, -4.251866588505180289 ) ) ;
#8984 = CARTESIAN_POINT ( 'NONE',  ( 2.428432696956200232, 3.450962269513070169, -2.987538597531560036 ) ) ;
#8985 = CARTESIAN_POINT ( 'NONE',  ( 4.981330689395838007, 3.341743398537950327, -2.487834211394013728 ) ) ;
#8986 = CARTESIAN_POINT ( 'NONE',  ( 3.153222577959999828, 4.200000002145519495, -1.664155840000459907 ) ) ;
#8987 = CARTESIAN_POINT ( 'NONE',  ( 3.153222577959999828, 2.742401317446509612, -1.256882331665819974 ) ) ;
#8988 = CARTESIAN_POINT ( 'NONE',  ( 5.253222577959999917, 2.670001019719070001, -3.449999998694359693 ) ) ;
#8989 = CARTESIAN_POINT ( 'NONE',  ( 3.153222577961570128, 4.700001019498999177, -1.227935698142620033E-14 ) ) ;
#8990 = VERTEX_POINT ( 'NONE', #4559 ) ;
#8991 = ORIENTED_EDGE ( 'NONE', *, *, #3934, .T. ) ;
#8992 = LINE ( 'NONE', #5147, #548 ) ;
#8993 = CARTESIAN_POINT ( 'NONE',  ( 5.844206083794051487, 2.806213796121065585, -2.886771186922535648 ) ) ;
#8994 = CARTESIAN_POINT ( 'NONE',  ( 2.549413660202479726, 2.768487543031410425, -3.372078836214109643 ) ) ;
#8995 = ORIENTED_EDGE ( 'NONE', *, *, #5927, .F. ) ;
#8996 = B_SPLINE_CURVE_WITH_KNOTS ( 'NONE', 3,
 ( #4819, #866, #2339, #8075 ),
 .UNSPECIFIED., .F., .F.,
 ( 4, 4 ),
 ( 0.000000000000000000, 1.000000000000000000 ),
 .UNSPECIFIED. ) ;
#8997 = DIRECTION ( 'NONE',  ( -3.233524559221000034E-14, 1.000000000000000000, 0.000000000000000000 ) ) ;
#8998 = CARTESIAN_POINT ( 'NONE',  ( 7.000000000000000000, 8.500001019718999018, -1.749999998238999988 ) ) ;
#8999 = ORIENTED_EDGE ( 'NONE', *, *, #2937, .T. ) ;
#9000 = LINE ( 'NONE', #1782, #9407 ) ;
#9001 = CARTESIAN_POINT ( 'NONE',  ( 2.609090707168399970, 2.908062636256069755, -3.673673671719559941 ) ) ;
#9002 = CARTESIAN_POINT ( 'NONE',  ( 0.7913010822612670525, 3.234269667769220202, -3.848542944382800091 ) ) ;
#9003 = EDGE_LOOP ( 'NONE', ( #9966, #6302, #1096, #4982, #7964 ) ) ;
#9004 = EDGE_CURVE ( 'NONE', #3651, #2823, #8456, .T. ) ;
#9005 = CARTESIAN_POINT ( 'NONE',  ( 1.017938707124339981, 2.709791166369429849, -3.774721571869500192 ) ) ;
#9006 = EDGE_CURVE ( 'NONE', #5879, #2821, #354, .T. ) ;
#9007 = CARTESIAN_POINT ( 'NONE',  ( 5.571865718127099854, 3.215247845658069981, -2.624768716414260350 ) ) ;
#9008 = CARTESIAN_POINT ( 'NONE',  ( 6.009496314414999318, 3.113479840378069685, -4.174549595703780369 ) ) ;
#9009 = CARTESIAN_POINT ( 'NONE',  ( 3.053222577960999828, 0.8000000014230710388, -1.549999999994079891 ) ) ;
#9010 = CARTESIAN_POINT ( 'NONE',  ( 1.300000000840999981, 0.7000000014231999579, 0.000000000000000000 ) ) ;
#9011 = ORIENTED_EDGE ( 'NONE', *, *, #4249, .F. ) ;
#9012 = CARTESIAN_POINT ( 'NONE',  ( 1.066344350011730446, 3.011402528345919816, -2.997442009183741707 ) ) ;
#9013 = EDGE_CURVE ( 'NONE', #3320, #8934, #6937, .T. ) ;
#9014 = CARTESIAN_POINT ( 'NONE',  ( 4.476726765027699173, 2.670001019719070001, -3.257505187079360098 ) ) ;
#9015 = FACE_OUTER_BOUND ( 'NONE', #154, .T. ) ;
#9016 = ORIENTED_EDGE ( 'NONE', *, *, #4047, .F. ) ;
#9017 = CYLINDRICAL_SURFACE ( 'NONE', #1191, 0.1000000000000002554 ) ;
#9018 = CARTESIAN_POINT ( 'NONE',  ( 0.4471244853043998546, 8.274612505001996965, -3.471284028968998125 ) ) ;
#9019 = CARTESIAN_POINT ( 'NONE',  ( 6.262694971513787401, 8.264627850294587574, -2.628399759756981258 ) ) ;
#9020 = EDGE_CURVE ( 'NONE', #3979, #3442, #4828, .T. ) ;
#9021 = CARTESIAN_POINT ( 'NONE',  ( 6.482176273970002178, 8.119786044218997745, -3.982435548149002802 ) ) ;
#9022 = DIRECTION ( 'NONE',  ( 0.000000000000000000, -1.000000000000000000, 0.000000000000000000 ) ) ;
#9023 = VECTOR ( 'NONE', #1634, 1000.000000000000000 ) ;
#9024 = EDGE_LOOP ( 'NONE', ( #3546, #3575, #5991, #9722 ) ) ;
#9025 = DIRECTION ( 'NONE',  ( 1.000000000000000000, 0.000000000000000000, 0.000000000000000000 ) ) ;
#9026 = CARTESIAN_POINT ( 'NONE',  ( 6.068232168272800209, 3.094990962364069453, -3.524429691229050032 ) ) ;
#9027 = CARTESIAN_POINT ( 'NONE',  ( 2.470912608561499635, 2.819823693350069771, -3.070208580262759668 ) ) ;
#9028 = CARTESIAN_POINT ( 'NONE',  ( 2.594738831331999673, 2.702139394404069694, -4.007886753320979878 ) ) ;
#9029 = CARTESIAN_POINT ( 'NONE',  ( 1.129554798421099848, 3.167008411395069611, -4.196512431821180833 ) ) ;
#9030 = FACE_OUTER_BOUND ( 'NONE', #7952, .T. ) ;
#9031 = EDGE_CURVE ( 'NONE', #1307, #565, #8400, .T. ) ;
#9032 = DIRECTION ( 'NONE',  ( 0.000000000000000000, -0.9940776682001363218, -0.1086719355941530296 ) ) ;
#9033 = PERSON_AND_ORGANIZATION_ROLE ( 'classification_officer' ) ;
#9034 = FACE_OUTER_BOUND ( 'NONE', #9581, .T. ) ;
#9035 = DIRECTION ( 'NONE',  ( 0.000000000000000000, -0.9883316081965690669, 0.1523175375312487700 ) ) ;
#9036 = CARTESIAN_POINT ( 'NONE',  ( 2.560413236652307134, 3.164167739767214993, -3.311832313197319078 ) ) ;
#9037 = DIRECTION ( 'NONE',  ( -1.824712256292910092E-12, 1.000000000000000000, -1.090236451181999875E-12 ) ) ;
#9038 = ORIENTED_EDGE ( 'NONE', *, *, #7504, .F. ) ;
#9039 = LINE ( 'NONE', #6724, #41 ) ;
#9040 = CARTESIAN_POINT ( 'NONE',  ( 5.545704847653801117, 3.174268165737069936, -2.692520900487360258 ) ) ;
#9041 = FACE_OUTER_BOUND ( 'NONE', #4419, .T. ) ;
#9042 = VERTEX_POINT ( 'NONE', #1506 ) ;
#9043 = CARTESIAN_POINT ( 'NONE',  ( 5.253222577959999917, 6.070001019719070356, -2.649999998694359871 ) ) ;
#9044 = CARTESIAN_POINT ( 'NONE',  ( 4.659326336680869929, 2.690616512483430256, -3.965791409305079895 ) ) ;
#9045 = ORIENTED_EDGE ( 'NONE', *, *, #6059, .F. ) ;
#9046 = DIRECTION ( 'NONE',  ( -1.000000000000000000, 0.000000000000000000, 0.000000000000000000 ) ) ;
#9047 = ADVANCED_FACE ( 'NONE', ( #4781 ), #7148, .F. ) ;
#9048 = CARTESIAN_POINT ( 'NONE',  ( 2.071865718127100298, 3.215247845658069981, -2.624768716414260350 ) ) ;
#9049 = VECTOR ( 'NONE', #2682, 1000.000000000000000 ) ;
#9050 = ORIENTED_EDGE ( 'NONE', *, *, #5513, .T. ) ;
#9051 = CARTESIAN_POINT ( 'NONE',  ( 1.169694344618799953, 2.836607075541070166, -2.806513235092280123 ) ) ;
#9052 = CARTESIAN_POINT ( 'NONE',  ( 6.134351964937100554, 3.286136740136069712, -3.371559732834539691 ) ) ;
#9053 = DIRECTION ( 'NONE',  ( -1.000000000000000000, 1.211783628375599978E-23, 1.887379141862000293E-14 ) ) ;
#9054 = LINE ( 'NONE', #3527, #9049 ) ;
#9055 = DIRECTION ( 'NONE',  ( 1.000000000000000000, 0.000000000000000000, 0.000000000000000000 ) ) ;
#9056 = LINE ( 'NONE', #8472, #9348 ) ;
#9057 = ORIENTED_EDGE ( 'NONE', *, *, #6242, .T. ) ;
#9058 = VECTOR ( 'NONE', #6827, 1000.000000000000000 ) ;
#9059 = ORIENTED_EDGE ( 'NONE', *, *, #9390, .F. ) ;
#9060 = CARTESIAN_POINT ( 'NONE',  ( 2.430904809282099954, 3.285641942036070073, -3.862835021021460147 ) ) ;
#9061 = ADVANCED_FACE ( 'NONE', ( #3981 ), #10242, .F. ) ;
#9062 = FACE_OUTER_BOUND ( 'NONE', #6793, .T. ) ;
#9063 = CARTESIAN_POINT ( 'NONE',  ( 6.053222577959600059, 2.043309874169090268, -4.497034213565268779 ) ) ;
#9064 = VERTEX_POINT ( 'NONE', #8874 ) ;
#9065 = CARTESIAN_POINT ( 'NONE',  ( 1.753222577959000050, 8.090000782891999975, -2.050000000499999864 ) ) ;
#9066 = AXIS2_PLACEMENT_3D ( 'NONE', #8158, #943, #2580 ) ;
#9067 = CARTESIAN_POINT ( 'NONE',  ( 0.6343159355972003421, 8.274892630139003558, -4.126010123675003527 ) ) ;
#9068 = CARTESIAN_POINT ( 'NONE',  ( 3.080212378476997692, 8.119917740644996940, -3.270305185938001902 ) ) ;
#9069 = CARTESIAN_POINT ( 'NONE',  ( 6.025262645020004193, 8.119170122135006551, -4.545771058250000607 ) ) ;
#9070 = LINE ( 'NONE', #4969, #3410 ) ;
#9071 = VERTEX_POINT ( 'NONE', #4829 ) ;
#9072 = VECTOR ( 'NONE', #4461, 1000.000000000000000 ) ;
#9073 = EDGE_CURVE ( 'NONE', #6649, #4337, #8275, .T. ) ;
#9074 = DIRECTION ( 'NONE',  ( -1.000000000000000000, 0.000000000000000000, 0.000000000000000000 ) ) ;
#9075 = EDGE_CURVE ( 'NONE', #2264, #5969, #2053, .T. ) ;
#9076 = CARTESIAN_POINT ( 'NONE',  ( 4.523484409025599007, 3.259285411817069988, -3.820489696423160275 ) ) ;
#9077 = CARTESIAN_POINT ( 'NONE',  ( 4.430283548400000271, 8.080930198808001563, -2.290818454941001114 ) ) ;
#9078 = CARTESIAN_POINT ( 'NONE',  ( 6.053222577959600059, 2.121596968917629944, -5.275876460555529945 ) ) ;
#9079 = CARTESIAN_POINT ( 'NONE',  ( 2.509980412087999824, 3.364006378779069717, -3.773539207623879843 ) ) ;
#9080 = CARTESIAN_POINT ( 'NONE',  ( 2.633979781355800132, 3.398486610501070260, -3.938710755032059918 ) ) ;
#9081 = AXIS2_PLACEMENT_3D ( 'NONE', #10208, #7794, #475 ) ;
#9082 = CARTESIAN_POINT ( 'NONE',  ( 4.450000000841000336, 1.019498755346999938E-06, 0.000000000000000000 ) ) ;
#9083 = COORDINATED_UNIVERSAL_TIME_OFFSET ( 0, 0, .AHEAD. ) ;
#9084 = CARTESIAN_POINT ( 'NONE',  ( 3.800000000259999844, 0.7000000014231999579, -5.349994381111779163 ) ) ;
#9085 = CARTESIAN_POINT ( 'NONE',  ( 6.499999999250099414, 4.400000001222220902, -4.695150507577319665 ) ) ;
#9086 = FACE_OUTER_BOUND ( 'NONE', #10401, .T. ) ;
#9087 = EDGE_CURVE ( 'NONE', #7060, #4665, #615, .T. ) ;
#9088 = VECTOR ( 'NONE', #6472, 1000.000000000000114 ) ;
#9089 = CARTESIAN_POINT ( 'NONE',  ( 4.956677804281099498, 3.127008902752069996, -2.694102057680560325 ) ) ;
#9090 = TOROIDAL_SURFACE ( 'NONE', #6240, 1.500000000000000000, 0.2000000000000000111 ) ;
#9091 = CARTESIAN_POINT ( 'NONE',  ( 2.272055276986600258, 2.996301579162070183, -4.254438909914960654 ) ) ;
#9092 = EDGE_LOOP ( 'NONE', ( #5572, #6975, #1829, #9436, #7492, #5149 ) ) ;
#9093 = CARTESIAN_POINT ( 'NONE',  ( 4.984201371683959714, 8.262819474841517575, -2.173315359859741669 ) ) ;
#9094 = CARTESIAN_POINT ( 'NONE',  ( 6.045897527287600326, 3.262507108643070364, -3.057309300008559827 ) ) ;
#9095 = CIRCLE ( 'NONE', #8925, 0.6999999999999994005 ) ;
#9096 = CARTESIAN_POINT ( 'NONE',  ( 5.253222577959999917, 7.270001019719069646, -3.449999998694359693 ) ) ;
#9097 = CIRCLE ( 'NONE', #20, 0.1000000000000002554 ) ;
#9098 = EDGE_LOOP ( 'NONE', ( #899, #5307, #9620, #5517, #4939 ) ) ;
#9099 = CARTESIAN_POINT ( 'NONE',  ( 4.972459288926559751, 3.296980465509944835, -4.212123200354231045 ) ) ;
#9100 = CARTESIAN_POINT ( 'NONE',  ( 4.544208525843799862, 2.778659931548069562, -4.065769778860979677 ) ) ;
#9101 = ORIENTED_EDGE ( 'NONE', *, *, #2629, .F. ) ;
#9102 = CARTESIAN_POINT ( 'NONE',  ( 16.99999999925010030, 0.7000000014231999579, -6.299999999999999822 ) ) ;
#9103 = EDGE_CURVE ( 'NONE', #3882, #958, #9833, .T. ) ;
#9104 = CARTESIAN_POINT ( 'NONE',  ( 0.4532225779610020155, 4.400000001423070017, -1.649999999994079980 ) ) ;
#9105 = AXIS2_PLACEMENT_3D ( 'NONE', #9361, #8470, #6056 ) ;
#9106 = CARTESIAN_POINT ( 'NONE',  ( 2.470912608561499635, 2.819823693350069771, -3.070208580262759668 ) ) ;
#9107 = VECTOR ( 'NONE', #900, 1000.000000000000000 ) ;
#9108 = ORIENTED_EDGE ( 'NONE', *, *, #9549, .T. ) ;
#9109 = CARTESIAN_POINT ( 'NONE',  ( 1.416113958212581236, 3.138471425372669099, -4.308795395390295546 ) ) ;
#9110 = CARTESIAN_POINT ( 'NONE',  ( 6.279034896135999411, 3.368096099978070246, -3.358679708905750072 ) ) ;
#9111 = CARTESIAN_POINT ( 'NONE',  ( 0.9532225779590010051, 2.042160668637170051, -4.549232072371530045 ) ) ;
#9112 = CARTESIAN_POINT ( 'NONE',  ( 1.040246797708284099, 2.918937141196844998, -3.031538981243933062 ) ) ;
#9113 = EDGE_CURVE ( 'NONE', #3105, #4436, #3063, .T. ) ;
#9114 = CARTESIAN_POINT ( 'NONE',  ( 6.162205008884999557, 2.635924898605070066, -3.005581741463979828 ) ) ;
#9115 = VECTOR ( 'NONE', #554, 1000.000000000000000 ) ;
#9116 = CARTESIAN_POINT ( 'NONE',  ( 6.353222577958899997, 4.254481236157950264, -1.267883465060539727 ) ) ;
#9117 = VECTOR ( 'NONE', #8689, 1000.000000000000000 ) ;
#9118 = EDGE_LOOP ( 'NONE', ( #7628, #4508, #3673, #145, #7903 ) ) ;
#9119 = ORIENTED_EDGE ( 'NONE', *, *, #8964, .F. ) ;
#9120 = CARTESIAN_POINT ( 'NONE',  ( 4.217158136093349441, 3.265610431511089651, -3.346559607486740084 ) ) ;
#9121 = CARTESIAN_POINT ( 'NONE',  ( 1.753222577963000184, 0.6000000014230709722, -3.449999999994080024 ) ) ;
#9122 = CARTESIAN_POINT ( 'NONE',  ( 2.685505327423000299, 2.681607211428069792, -3.235605352240079835 ) ) ;
#9123 = ORIENTED_EDGE ( 'NONE', *, *, #3500, .F. ) ;
#9124 = CYLINDRICAL_SURFACE ( 'NONE', #7584, 0.3499999999999999778 ) ;
#9125 = AXIS2_PLACEMENT_3D ( 'NONE', #1656, #2453, #9505 ) ;
#9126 = CARTESIAN_POINT ( 'NONE',  ( 1.324738561781369395, 3.098175328139909368, -4.353481558307039201 ) ) ;
#9127 = CARTESIAN_POINT ( 'NONE',  ( 1.299926156533999677, 8.117474255168996677, -2.185411140556000831 ) ) ;
#9128 = CARTESIAN_POINT ( 'NONE',  ( 3.913500764980003321, 8.116211255570002336, -3.375305273624000790 ) ) ;
#9129 = CARTESIAN_POINT ( 'NONE',  ( 2.553259119268199928, 2.767919354422269773, -1.063504403453399805 ) ) ;
#9130 = ORIENTED_EDGE ( 'NONE', *, *, #257, .F. ) ;
#9131 = AXIS2_PLACEMENT_3D ( 'NONE', #8690, #5540, #4695 ) ;
#9132 = EDGE_LOOP ( 'NONE', ( #1421, #2671, #1136, #8805, #7479, #1719, #9310, #1064 ) ) ;
#9133 = LINE ( 'NONE', #9813, #6721 ) ;
#9134 = CARTESIAN_POINT ( 'NONE',  ( 6.094076144810100182, 3.026623380504069871, -3.153456810910160169 ) ) ;
#9135 = FACE_OUTER_BOUND ( 'NONE', #4922, .T. ) ;
#9136 = DIRECTION ( 'NONE',  ( 0.000000000000000000, 1.000000000000000000, 0.000000000000000000 ) ) ;
#9137 = CARTESIAN_POINT ( 'NONE',  ( 1.758695753592000033, 3.323032695132070113, -2.474805870065079905 ) ) ;
#9138 = CARTESIAN_POINT ( 'NONE',  ( 1.265849200716099965, 2.835123400298070084, -2.533493908543859696 ) ) ;
#9139 = APPROVAL_PERSON_ORGANIZATION ( #5821, #8677, #1814 ) ;
#9140 = CARTESIAN_POINT ( 'NONE',  ( 1.246023899314039118, 3.341743398537011522, -2.831332478632258898 ) ) ;
#9141 = EDGE_CURVE ( 'NONE', #856, #5510, #3742, .T. ) ;
#9142 = APPROVAL_ROLE ( '' ) ;
#9143 = CARTESIAN_POINT ( 'NONE',  ( 2.267313963283000167, 2.959676251502070254, -2.667253722542179961 ) ) ;
#9144 = CARTESIAN_POINT ( 'NONE',  ( 3.500000000000000000, 0.7000000014231999579, -5.400000000000000355 ) ) ;
#9145 = DIRECTION ( 'NONE',  ( -0.04902278088782913851, -0.000000000000000000, -0.9987976606670762036 ) ) ;
#9146 = CARTESIAN_POINT ( 'NONE',  ( 5.980818245599899718, 3.221527428722069875, -3.089549537469860052 ) ) ;
#9147 = CARTESIAN_POINT ( 'NONE',  ( 1.563981980907900082, 2.605724319386069965, -4.304018794803759818 ) ) ;
#9148 = EDGE_CURVE ( 'NONE', #7245, #3387, #3176, .T. ) ;
#9149 = EDGE_LOOP ( 'NONE', ( #1, #2793, #3223, #5251 ) ) ;
#9150 = LINE ( 'NONE', #2514, #8105 ) ;
#9151 = EDGE_CURVE ( 'NONE', #570, #779, #3877, .T. ) ;
#9152 = CARTESIAN_POINT ( 'NONE',  ( 1.753222577963000184, 0.6000000014230709722, -3.049999999994080113 ) ) ;
#9153 = VERTEX_POINT ( 'NONE', #6351 ) ;
#9154 = CARTESIAN_POINT ( 'NONE',  ( 0.8158280192226929906, 2.886392424425495040, -3.023055398099399937 ) ) ;
#9155 = CARTESIAN_POINT ( 'NONE',  ( 4.853222577959962258, -3.199999998577660154, -3.449999999993616395 ) ) ;
#9156 = VERTEX_POINT ( 'NONE', #1607 ) ;
#9157 = CARTESIAN_POINT ( 'NONE',  ( 2.569434967200954656, 2.737772392764882490, -3.229100657229723392 ) ) ;
#9158 = CARTESIAN_POINT ( 'NONE',  ( 2.800479890747000322, 3.448034277237069567, -3.357301511103670144 ) ) ;
#9159 = CARTESIAN_POINT ( 'NONE',  ( 1.750652989507710089, 3.232597894087070323, -2.492762963919860297 ) ) ;
#9160 = VERTEX_POINT ( 'NONE', #9558 ) ;
#9161 = CARTESIAN_POINT ( 'NONE',  ( 0.9398227384011019758, 2.810919463819070430, -3.074949749716580083 ) ) ;
#9162 = EDGE_CURVE ( 'NONE', #3320, #2212, #5758, .T. ) ;
#9163 = CARTESIAN_POINT ( 'NONE',  ( 4.903629327723099784, 3.208968262595069731, -2.558880540515859892 ) ) ;
#9164 = DIRECTION ( 'NONE',  ( 0.04902278088782901361, 0.000000000000000000, 0.9987976606670762036 ) ) ;
#9165 = CARTESIAN_POINT ( 'NONE',  ( 2.853222577958900441, 3.583840959242920121, -1.375398428162289965 ) ) ;
#9166 = CARTESIAN_POINT ( 'NONE',  ( 3.853219263496999947, 4.400000001423070017, -3.449999999994080024 ) ) ;
#9167 = CARTESIAN_POINT ( 'NONE',  ( 1.124124104571500027, 2.948984044198069476, -2.756251867200779859 ) ) ;
#9168 = ORIENTED_EDGE ( 'NONE', *, *, #269, .T. ) ;
#9169 = ORIENTED_EDGE ( 'NONE', *, *, #5228, .F. ) ;
#9170 = DIRECTION ( 'NONE',  ( 0.000000000000000000, 1.000000000000000000, 0.000000000000000000 ) ) ;
#9171 = DIRECTION ( 'NONE',  ( 1.000000000000000000, 0.000000000000000000, -1.268826314690000202E-13 ) ) ;
#9172 = CARTESIAN_POINT ( 'NONE',  ( 2.538774884715000013, 2.766540874744070067, -3.827563134079880136 ) ) ;
#9173 = VERTEX_POINT ( 'NONE', #7873 ) ;
#9174 = CARTESIAN_POINT ( 'NONE',  ( 6.049999999159999753, 2340.735856753000007, -0.3499999999999999778 ) ) ;
#9175 = CARTESIAN_POINT ( 'NONE',  ( 0.4572341598116999029, 8.274630053774002292, -3.624650103308999061 ) ) ;
#9176 = CARTESIAN_POINT ( 'NONE',  ( 3.946797247510000606, 8.080274797234002548, -4.013303012561997285 ) ) ;
#9177 = PLANE ( 'NONE',  #4087 ) ;
#9178 = ORIENTED_EDGE ( 'NONE', *, *, #4850, .T. ) ;
#9179 = ORIENTED_EDGE ( 'NONE', *, *, #10029, .T. ) ;
#9180 = CARTESIAN_POINT ( 'NONE',  ( 0.9500000008401999763, 1.019498761861000093E-06, 5.052748353025999962E-14 ) ) ;
#9181 = CARTESIAN_POINT ( 'NONE',  ( 4.240618913035000048, 2.780358583814070084, -3.221636165444360156 ) ) ;
#9182 = CARTESIAN_POINT ( 'NONE',  ( 4.147486149470000605, 8.080547964966998009, -2.555514343814000888 ) ) ;
#9183 = ORIENTED_EDGE ( 'NONE', *, *, #9702, .F. ) ;
#9184 = EDGE_CURVE ( 'NONE', #4684, #5260, #3188, .T. ) ;
#9185 = CARTESIAN_POINT ( 'NONE',  ( 1.753222577960000139, 2.670001019719070001, -3.449999998694359693 ) ) ;
#9186 = CARTESIAN_POINT ( 'NONE',  ( 1.402547492243999994, 3.467457411567069769, -4.160850791648179836 ) ) ;
#9187 = CARTESIAN_POINT ( 'NONE',  ( 2.313411781935799993, 3.067785431611069757, -4.235539670344560470 ) ) ;
#9188 = FACE_OUTER_BOUND ( 'NONE', #6445, .T. ) ;
#9189 = CARTESIAN_POINT ( 'NONE',  ( 5.862254209612000722, 3.552917813936069535, -4.211693279992379857 ) ) ;
#9190 = CARTESIAN_POINT ( 'NONE',  ( 4.769089154256300311, 3.557256797394070080, -4.251866588505180289 ) ) ;
#9191 = CARTESIAN_POINT ( 'NONE',  ( 2.570820201814906447, 3.177813782054419001, -3.492759509322644007 ) ) ;
#9192 = AXIS2_PLACEMENT_3D ( 'NONE', #1925, #3503, #134 ) ;
#9193 = CARTESIAN_POINT ( 'NONE',  ( 4.496381521892300448, 3.090820105132070061, -4.036089537339960565 ) ) ;
#9194 = LINE ( 'NONE', #2768, #8379 ) ;
#9195 = EDGE_CURVE ( 'NONE', #5313, #2356, #7247, .T. ) ;
#9196 = VERTEX_POINT ( 'NONE', #3088 ) ;
#9197 = CARTESIAN_POINT ( 'NONE',  ( 4.622982219484216060, 2.961137287491866221, -2.789969217365134480 ) ) ;
#9198 = CARTESIAN_POINT ( 'NONE',  ( 0.5000000000000000000, 4.700001019498999177, -5.349999999994049737 ) ) ;
#9199 = ORIENTED_EDGE ( 'NONE', *, *, #7284, .F. ) ;
#9200 = CARTESIAN_POINT ( 'NONE',  ( 5.368617152244013369, 8.263370645081266730, -4.746955782360816833 ) ) ;
#9201 = ORIENTED_EDGE ( 'NONE', *, *, #44, .F. ) ;
#9202 = DIRECTION ( 'NONE',  ( -1.000000000000000000, 0.000000000000000000, 3.466042557132008154E-10 ) ) ;
#9203 = CARTESIAN_POINT ( 'NONE',  ( 1.537240885364000054, 3.566969318986070281, -4.457904183487079841 ) ) ;
#9204 = ADVANCED_FACE ( 'NONE', ( #34 ), #8774, .T. ) ;
#9205 = ORIENTED_EDGE ( 'NONE', *, *, #3226, .T. ) ;
#9206 = EDGE_LOOP ( 'NONE', ( #8711, #2571, #3009, #5627 ) ) ;
#9207 = DIRECTION ( 'NONE',  ( 0.000000000000000000, 3.945093871065000393E-14, 1.000000000000000000 ) ) ;
#9208 = DIRECTION ( 'NONE',  ( 1.224646779855258597E-16, 1.166811569252323653E-12, 1.000000000000000000 ) ) ;
#9209 = CARTESIAN_POINT ( 'NONE',  ( 5.253222577959999917, 2.370001019719070179, -3.449999998694359693 ) ) ;
#9210 = CARTESIAN_POINT ( 'NONE',  ( 1.350246498908830084, 2.952150143607373600, -2.751035652883961458 ) ) ;
#9211 = FACE_OUTER_BOUND ( 'NONE', #1752, .T. ) ;
#9212 = CARTESIAN_POINT ( 'NONE',  ( 5.253222700031310310, 2.670002976677069650, -4.449993869428159776 ) ) ;
#9213 = ORIENTED_EDGE ( 'NONE', *, *, #3489, .F. ) ;
#9214 = ORIENTED_EDGE ( 'NONE', *, *, #7411, .T. ) ;
#9215 = VECTOR ( 'NONE', #1994, 1000.000000000000000 ) ;
#9216 = CARTESIAN_POINT ( 'NONE',  ( 0.9532225779590010051, 2.121596968917629944, -5.275876460555529945 ) ) ;
#9217 = ADVANCED_FACE ( 'NONE', ( #4877 ), #6562, .T. ) ;
#9218 = CARTESIAN_POINT ( 'NONE',  ( 4.425477242949631851, 2.670001019719070889, -3.385946027559546767 ) ) ;
#9219 = DIRECTION ( 'NONE',  ( 0.000000000000000000, -0.9940776682000811437, -0.1086719355946580284 ) ) ;
#9220 = EDGE_LOOP ( 'NONE', ( #3239, #7508, #7384, #4674 ) ) ;
#9221 = CYLINDRICAL_SURFACE ( 'NONE', #10276, 1.350000000000000089 ) ;
#9222 = CARTESIAN_POINT ( 'NONE',  ( 2.526826451244453153, 2.802927811035284211, -3.235873834720045750 ) ) ;
#9223 = CARTESIAN_POINT ( 'NONE',  ( 6.590619414660006115, 8.119928732932008231, -3.471877979772999723 ) ) ;
#9224 = VECTOR ( 'NONE', #954, 1000.000000000000000 ) ;
#9225 = CARTESIAN_POINT ( 'NONE',  ( 6.653222577039999308, 8.090000782891999975, -3.449999999580000143 ) ) ;
#9226 = ORIENTED_EDGE ( 'NONE', *, *, #3568, .F. ) ;
#9227 = ORIENTED_EDGE ( 'NONE', *, *, #7202, .F. ) ;
#9228 = CARTESIAN_POINT ( 'NONE',  ( 5.250000000000000000, 8.300001019718999729, -1.949999999579999921 ) ) ;
#9229 = CARTESIAN_POINT ( 'NONE',  ( 5.023167229349000173, 3.122550248096069847, -4.386994692677159691 ) ) ;
#9230 = CIRCLE ( 'NONE', #2674, 1.150000000000000133 ) ;
#9231 = CARTESIAN_POINT ( 'NONE',  ( 5.253222577959999917, 7.270001019719069646, -3.449999998694359693 ) ) ;
#9232 = ORIENTED_EDGE ( 'NONE', *, *, #8296, .T. ) ;
#9233 = CARTESIAN_POINT ( 'NONE',  ( 5.253222577959999917, 8.090000782819998904, -3.449999999580000143 ) ) ;
#9234 = CARTESIAN_POINT ( 'NONE',  ( 0.9928811451600020321, 3.113280268844070164, -3.765024370199079762 ) ) ;
#9235 = CARTESIAN_POINT ( 'NONE',  ( 2.341232641636000089, 3.040226145880069897, -2.880768432064260143 ) ) ;
#9236 = FACE_OUTER_BOUND ( 'NONE', #6166, .T. ) ;
#9237 = CARTESIAN_POINT ( 'NONE',  ( 6.068664485794999841, 3.458895522710069947, -2.915066332602580079 ) ) ;
#9238 = VECTOR ( 'NONE', #2702, 1000.000000000000000 ) ;
#9239 = CARTESIAN_POINT ( 'NONE',  ( 6.079949511129999706, 3.406201064440069981, -3.803453330534479981 ) ) ;
#9240 = ADVANCED_FACE ( 'NONE', ( #1868 ), #6510, .F. ) ;
#9241 = CARTESIAN_POINT ( 'NONE',  ( 2.553237511134759608, 2.767722540079039728, -1.260448805499299940 ) ) ;
#9242 = CARTESIAN_POINT ( 'NONE',  ( 4.760500633171999674, 3.067190473640069914, -4.270691424621860577 ) ) ;
#9243 = CARTESIAN_POINT ( 'NONE',  ( 1.830385529895057539, 3.160673470433133403, -2.649999998694344772 ) ) ;
#9244 = CIRCLE ( 'NONE', #2852, 0.4000000000999998084 ) ;
#9245 = ORIENTED_EDGE ( 'NONE', *, *, #845, .T. ) ;
#9246 = CARTESIAN_POINT ( 'NONE',  ( 2.445955954831251500, 3.061483350971210715, -4.075945912544339578 ) ) ;
#9247 = DIRECTION ( 'NONE',  ( 0.000000000000000000, 1.000000000000000000, 0.000000000000000000 ) ) ;
#9248 = ORIENTED_EDGE ( 'NONE', *, *, #3291, .T. ) ;
#9249 = CARTESIAN_POINT ( 'NONE',  ( 6.365335747715783477, 8.264769797563175757, -4.125719741833389520 ) ) ;
#9250 = VERTEX_POINT ( 'NONE', #8985 ) ;
#9251 = VECTOR ( 'NONE', #8538, 1000.000000000000000 ) ;
#9252 = CARTESIAN_POINT ( 'NONE',  ( 4.923457856493156370, 2.848833319879350068, -2.496418857360573007 ) ) ;
#9253 = CARTESIAN_POINT ( 'NONE',  ( 1.758268797965000019, 3.438416004442069962, -2.550879551808379553 ) ) ;
#9254 = ORIENTED_EDGE ( 'NONE', *, *, #2550, .F. ) ;
#9255 = VERTEX_POINT ( 'NONE', #1026 ) ;
#9256 = CIRCLE ( 'NONE', #9933, 0.1999999987800000767 ) ;
#9257 = CARTESIAN_POINT ( 'NONE',  ( 1.529708093189995566, 3.173626382941699298, -4.424692264220848159 ) ) ;
#9258 = CARTESIAN_POINT ( 'NONE',  ( 5.222900859429720377, 2.871873838636070264, -2.420578515728360358 ) ) ;
#9259 = LINE ( 'NONE', #9111, #4924 ) ;
#9260 = CARTESIAN_POINT ( 'NONE',  ( 6.139111517477008562, 2.595098364416172476, -3.132775667929352359 ) ) ;
#9261 = ADVANCED_FACE ( 'NONE', ( #7400 ), #8930, .T. ) ;
#9262 = DIRECTION ( 'NONE',  ( 0.000000000000000000, -1.284980352575412502E-15, 1.000000000000000000 ) ) ;
#9263 = CARTESIAN_POINT ( 'NONE',  ( 1.152292351307099949, 3.025766168284069746, -2.928156719204880076 ) ) ;
#9264 = ORIENTED_EDGE ( 'NONE', *, *, #7647, .T. ) ;
#9265 = ORIENTED_EDGE ( 'NONE', *, *, #1359, .T. ) ;
#9266 = AXIS2_PLACEMENT_3D ( 'NONE', #1309, #3791, #7002 ) ;
#9267 = AXIS2_PLACEMENT_3D ( 'NONE', #5436, #10211, #7013 ) ;
#9268 = CARTESIAN_POINT ( 'NONE',  ( 1.023702019352999981, 3.079749639767070057, -3.093460721539159852 ) ) ;
#9269 = CARTESIAN_POINT ( 'NONE',  ( 0.3000000002593999349, 0.7000000014231999579, -5.400000000000000355 ) ) ;
#9270 = DIRECTION ( 'NONE',  ( 0.000000000000000000, 0.1086719355950529764, -0.9940776682000378450 ) ) ;
#9271 = ORIENTED_EDGE ( 'NONE', *, *, #9006, .F. ) ;
#9272 = FACE_OUTER_BOUND ( 'NONE', #3843, .T. ) ;
#9273 = DIRECTION ( 'NONE',  ( 1.000000000000000000, 1.823613310202444896E-12, -7.329147429826711011E-13 ) ) ;
#9274 = AXIS2_PLACEMENT_3D ( 'NONE', #9307, #5208, #8515 ) ;
#9275 = CARTESIAN_POINT ( 'NONE',  ( -0.4999999982212000038, 3.800001019718999729, -1.599999998520000188 ) ) ;
#9276 = LINE ( 'NONE', #2068, #5937 ) ;
#9277 = EDGE_CURVE ( 'NONE', #3115, #457, #4240, .T. ) ;
#9278 = VERTEX_POINT ( 'NONE', #4137 ) ;
#9279 = EDGE_LOOP ( 'NONE', ( #56, #10156, #2770, #5282 ) ) ;
#9280 = CARTESIAN_POINT ( 'NONE',  ( 3.953222577957999473, 0.7000000014231999579, -1.649999999994079980 ) ) ;
#9281 = VECTOR ( 'NONE', #4032, 1000.000000000000000 ) ;
#9282 = CARTESIAN_POINT ( 'NONE',  ( 5.194250964062359976, 2.793784471701069805, -4.266273658528959345 ) ) ;
#9283 = CARTESIAN_POINT ( 'NONE',  ( 3.053222577961999917, 4.400000001423070017, -5.249999999994080291 ) ) ;
#9284 = ORIENTED_EDGE ( 'NONE', *, *, #9290, .T. ) ;
#9285 = FACE_OUTER_BOUND ( 'NONE', #3276, .T. ) ;
#9286 = CARTESIAN_POINT ( 'NONE',  ( 0.4467972475039002078, 8.080274797234002548, -4.013303012562000838 ) ) ;
#9287 = CARTESIAN_POINT ( 'NONE',  ( 1.359251336935300092, 2.821166879943069805, -4.167333313842160436 ) ) ;
#9288 = DIRECTION ( 'NONE',  ( 1.000000000000000000, 0.000000000000000000, 0.000000000000000000 ) ) ;
#9289 = CARTESIAN_POINT ( 'NONE',  ( 1.055822063735509797, 3.250473448007119792, -3.875065622009008948 ) ) ;
#9290 = EDGE_CURVE ( 'NONE', #5681, #8990, #5869, .T. ) ;
#9291 = VECTOR ( 'NONE', #4330, 1000.000000000000000 ) ;
#9292 = CARTESIAN_POINT ( 'NONE',  ( 4.281936390205100196, 3.228648931044070025, -3.852422919994980433 ) ) ;
#9293 = LINE ( 'NONE', #10233, #4023 ) ;
#9294 = CARTESIAN_POINT ( 'NONE',  ( 5.800532190517800224, 3.197897797230070172, -2.850189327254259997 ) ) ;
#9295 = CARTESIAN_POINT ( 'NONE',  ( 1.875710303741599860, 2.665981379726070077, -4.448975779654060325 ) ) ;
#9296 = ORIENTED_EDGE ( 'NONE', *, *, #197, .T. ) ;
#9297 = CARTESIAN_POINT ( 'NONE',  ( 5.462181555885929463, 3.168802582963313963, -4.229319879466664212 ) ) ;
#9298 = CARTESIAN_POINT ( 'NONE',  ( 2.553222577959600059, 1.922781433965179865, -5.297610847817890267 ) ) ;
#9299 = CARTESIAN_POINT ( 'NONE',  ( 5.544996495805650127, 3.156854899890607857, -2.702025942023882799 ) ) ;
#9300 = DIRECTION ( 'NONE',  ( 0.000000000000000000, 1.000000000000000000, 0.000000000000000000 ) ) ;
#9301 = ORIENTED_EDGE ( 'NONE', *, *, #8382, .T. ) ;
#9302 = CARTESIAN_POINT ( 'NONE',  ( 2.509641911695268401, 2.708663470895678493, -3.737408858149374069 ) ) ;
#9303 = CARTESIAN_POINT ( 'NONE',  ( 1.584146449906000065, 3.693575346633069856, -4.239013803647080358 ) ) ;
#9304 = ORIENTED_EDGE ( 'NONE', *, *, #2513, .F. ) ;
#9305 = VERTEX_POINT ( 'NONE', #8138 ) ;
#9306 = CARTESIAN_POINT ( 'NONE',  ( 3.090614834014001833, 8.119928738464997409, -3.428080853117998483 ) ) ;
#9307 = CARTESIAN_POINT ( 'NONE',  ( 1.750000000000000000, 8.300001019718999729, -3.449999999580000143 ) ) ;
#9308 = CARTESIAN_POINT ( 'NONE',  ( 4.404981825294600029, 3.073470056703069719, -3.701053363801659835 ) ) ;
#9309 = CARTESIAN_POINT ( 'NONE',  ( 2.053222577959999740, 7.070001019719070356, -4.766244656803269031 ) ) ;
#9310 = ORIENTED_EDGE ( 'NONE', *, *, #79, .T. ) ;
#9311 = LINE ( 'NONE', #5267, #2875 ) ;
#9312 = CARTESIAN_POINT ( 'NONE',  ( 6.060871580393909497, 2.689244163020398481, -3.499770972255778823 ) ) ;
#9313 = VERTEX_POINT ( 'NONE', #6663 ) ;
#9314 = ORIENTED_EDGE ( 'NONE', *, *, #9526, .F. ) ;
#9315 = CARTESIAN_POINT ( 'NONE',  ( 2.610976808975199681, 3.303486788564069965, -3.025069062547359966 ) ) ;
#9316 = LINE ( 'NONE', #6221, #7065 ) ;
#9317 = CARTESIAN_POINT ( 'NONE',  ( 5.250000000000000000, 8.300001019718999729, -2.149999999579999876 ) ) ;
#9318 = ORIENTED_EDGE ( 'NONE', *, *, #10249, .T. ) ;
#9319 = ADVANCED_FACE ( 'NONE', ( #9766 ), #241, .T. ) ;
#9320 = FACE_OUTER_BOUND ( 'NONE', #9360, .T. ) ;
#9321 = DIRECTION ( 'NONE',  ( -0.000000000000000000, 1.000000000000000000, 0.000000000000000000 ) ) ;
#9322 = CARTESIAN_POINT ( 'NONE',  ( 3.993137327639998180, 8.274682781492002093, -3.799329709504000174 ) ) ;
#9323 = DIRECTION ( 'NONE',  ( 0.000000000000000000, 0.000000000000000000, 1.000000000000000000 ) ) ;
#9324 = ORIENTED_EDGE ( 'NONE', *, *, #1640, .F. ) ;
#9325 = EDGE_CURVE ( 'NONE', #986, #9538, #7352, .T. ) ;
#9326 = EDGE_LOOP ( 'NONE', ( #1206, #1469, #3297, #5790 ) ) ;
#9327 = DIRECTION ( 'NONE',  ( 1.000000000000000000, 0.000000000000000000, 0.000000000000000000 ) ) ;
#9328 = DIRECTION ( 'NONE',  ( 0.000000000000000000, -1.000000000000000000, 0.000000000000000000 ) ) ;
#9329 = CARTESIAN_POINT ( 'NONE',  ( 5.591300614407299641, 2.684431716221070019, -4.353652700471060122 ) ) ;
#9330 = CARTESIAN_POINT ( 'NONE',  ( 4.332716997810002191, 8.116810973906002147, -2.470023334371001411 ) ) ;
#9331 = EDGE_LOOP ( 'NONE', ( #1172, #9178, #1900, #8144, #6522, #3158, #5993, #6118, #1583, #1682, #9953, #8434, #6432, #4760, #3621, #3643, #1214, #2383, #2575, #5236, #9957, #2668, #10089, #4468 ) ) ;
#9332 = EDGE_CURVE ( 'NONE', #9935, #7417, #926, .T. ) ;
#9333 = CARTESIAN_POINT ( 'NONE',  ( 6.653222577959999384, 4.600000002146249933, -5.249994379465779737 ) ) ;
#9334 = CARTESIAN_POINT ( 'NONE',  ( 0.6475660289973002026, 8.080548071046997904, -4.344583839256000779 ) ) ;
#9335 = CARTESIAN_POINT ( 'NONE',  ( 1.300222999656400091, 2.876108573916070110, -2.598133869488159942 ) ) ;
#9336 = CARTESIAN_POINT ( 'NONE',  ( 4.877105089444100372, 3.249947942516069777, -2.491269781933459715 ) ) ;
#9337 = CARTESIAN_POINT ( 'NONE',  ( 4.916014376457646051, 3.139334971168781241, -2.700601915889551563 ) ) ;
#9338 = CARTESIAN_POINT ( 'NONE',  ( 5.814724934286999769, 3.595119823151070371, -4.152250177635980144 ) ) ;
#9339 = DIRECTION ( 'NONE',  ( 0.9998966258754281577, 0.000000000000000000, -0.01437837135889036277 ) ) ;
#9340 = CARTESIAN_POINT ( 'NONE',  ( 5.598346297473900002, 2.895503470129070056, -2.479681693023759959 ) ) ;
#9341 = CARTESIAN_POINT ( 'NONE',  ( 5.253222577959999917, 0.6000000014230709722, -3.449999999994080024 ) ) ;
#9342 = ADVANCED_FACE ( 'NONE', ( #4978 ), #5082, .F. ) ;
#9343 = CARTESIAN_POINT ( 'NONE',  ( 1.725039181927029874, 2.830894158715069775, -2.493174503783559981 ) ) ;
#9344 = ORIENTED_EDGE ( 'NONE', *, *, #7248, .T. ) ;
#9345 = CARTESIAN_POINT ( 'NONE',  ( 2.569337884341798883, 2.982340171005719132, -2.996680756801007650 ) ) ;
#9346 = DIRECTION ( 'NONE',  ( 0.9999790310276359673, 0.000000000000000000, 0.006475917311892408906 ) ) ;
#9347 = VERTEX_POINT ( 'NONE', #5027 ) ;
#9348 = VECTOR ( 'NONE', #7581, 1000.000000000000000 ) ;
#9349 = CARTESIAN_POINT ( 'NONE',  ( 1.300000000840999981, 0.7000000014231999579, -4.000000000000000000 ) ) ;
#9350 = ORIENTED_EDGE ( 'NONE', *, *, #3933, .T. ) ;
#9351 = DIRECTION ( 'NONE',  ( 0.000000000000000000, -1.118440135825760132E-15, 1.000000000000000000 ) ) ;
#9352 = CARTESIAN_POINT ( 'NONE',  ( 2.392679402883000073, 3.187689894507069965, -4.082090196534779558 ) ) ;
#9353 = VERTEX_POINT ( 'NONE', #132 ) ;
#9354 = ORIENTED_EDGE ( 'NONE', *, *, #9020, .F. ) ;
#9355 = CARTESIAN_POINT ( 'NONE',  ( 0.7413370549872002613, 8.190007372673996144, -2.631755433805000433 ) ) ;
#9356 = CARTESIAN_POINT ( 'NONE',  ( 0.4500000326078000268, 8.261302185252999308, -3.450000111213999965 ) ) ;
#9357 = B_SPLINE_CURVE_WITH_KNOTS ( 'NONE', 3,
 ( #3241, #2445, #6345, #5656, #3180, #9705 ),
 .UNSPECIFIED., .F., .F.,
 ( 4, 1, 1, 4 ),
 ( 0.000000000000000000, 0.1666666666666999919, 0.3333333333333000081, 0.4583137175213290448 ),
 .UNSPECIFIED. ) ;
#9358 = CARTESIAN_POINT ( 'NONE',  ( 6.204079787497099652, 2.925412684685070097, -3.339637421079659774 ) ) ;
#9359 = CARTESIAN_POINT ( 'NONE',  ( 5.313627654541082102, 3.341743398537952103, -2.553962088708457312 ) ) ;
#9360 = EDGE_LOOP ( 'NONE', ( #4690, #9514, #8151, #221, #7047, #2492 ) ) ;
#9361 = CARTESIAN_POINT ( 'NONE',  ( 6.049999999159999753, 1.019498085952000108E-06, -0.3499999999999999778 ) ) ;
#9362 = DIRECTION ( 'NONE',  ( 1.000000000000000000, 0.000000000000000000, 0.000000000000000000 ) ) ;
#9363 = ORIENTED_EDGE ( 'NONE', *, *, #5019, .T. ) ;
#9364 = EDGE_CURVE ( 'NONE', #4519, #4163, #6684, .T. ) ;
#9365 = ORIENTED_EDGE ( 'NONE', *, *, #5877, .T. ) ;
#9366 = CARTESIAN_POINT ( 'NONE',  ( 0.8931991149458009538, 3.161708999610070236, -3.029679912821559462 ) ) ;
#9367 = B_SPLINE_CURVE_WITH_KNOTS ( 'NONE', 3,
 ( #6036, #9243, #8451, #5193 ),
 .UNSPECIFIED., .F., .F.,
 ( 4, 4 ),
 ( -1.004038599575771476E-09, 0.0002298420577184875815 ),
 .UNSPECIFIED. ) ;
#9368 = DIRECTION ( 'NONE',  ( -1.000000000000000000, 0.000000000000000000, 0.000000000000000000 ) ) ;
#9369 = CARTESIAN_POINT ( 'NONE',  ( 4.571064215249698748, 2.911475503778947704, -2.718951483682324533 ) ) ;
#9370 = VERTEX_POINT ( 'NONE', #3499 ) ;
#9371 = DIRECTION ( 'NONE',  ( -1.000000000000000000, 0.000000000000000000, 0.000000000000000000 ) ) ;
#9372 = CARTESIAN_POINT ( 'NONE',  ( 4.496683664250000767, 8.275426690060998069, -4.515011160148998393 ) ) ;
#9373 = CARTESIAN_POINT ( 'NONE',  ( 1.453222577960000095, 7.070001019719070356, -2.133755340585360205 ) ) ;
#9374 = CIRCLE ( 'NONE', #2989, 0.1999999999999999833 ) ;
#9375 = ORIENTED_EDGE ( 'NONE', *, *, #4314, .F. ) ;
#9376 = CARTESIAN_POINT ( 'NONE',  ( 4.489006197660240893, 2.814629173895677017, -2.805074452469873414 ) ) ;
#9377 = CARTESIAN_POINT ( 'NONE',  ( 2.295280250663898514, 3.030470053538377506, -2.677165666971379476 ) ) ;
#9378 = B_SPLINE_CURVE_WITH_KNOTS ( 'NONE', 3,
 ( #7689, #5484, #2900, #8638, #8686, #7740 ),
 .UNSPECIFIED., .F., .F.,
 ( 4, 2, 4 ),
 ( 1.324566736844051992E-16, 0.0006235177923927297467, 0.001247035584785327004 ),
 .UNSPECIFIED. ) ;
#9379 = DIRECTION ( 'NONE',  ( 0.000000000000000000, -1.000000000000000000, 0.000000000000000000 ) ) ;
#9380 = CARTESIAN_POINT ( 'NONE',  ( 3.962875776110001969, 8.189593020919001987, -3.276077951999001758 ) ) ;
#9381 = VERTEX_POINT ( 'NONE', #4183 ) ;
#9382 = CARTESIAN_POINT ( 'NONE',  ( 4.953222577959998318, 7.175962597286799749, -2.156802334202430504 ) ) ;
#9383 = VECTOR ( 'NONE', #7560, 1000.000000000000000 ) ;
#9384 = CARTESIAN_POINT ( 'NONE',  ( 2.720411618630998785, 8.083278256022994768, -4.486313131072003912 ) ) ;
#9385 = CARTESIAN_POINT ( 'NONE',  ( 4.549202280394054831, 3.341743398537951659, -2.815456621634095935 ) ) ;
#9386 = CARTESIAN_POINT ( 'NONE',  ( 5.079473104984399967, 3.084540522068070167, -4.465105469460359799 ) ) ;
#9387 = LINE ( 'NONE', #2179, #9631 ) ;
#9388 = CARTESIAN_POINT ( 'NONE',  ( 6.073043042341000231, 3.574640304883070385, -3.377433194031610242 ) ) ;
#9389 = ADVANCED_FACE ( 'NONE', ( #2502 ), #1813, .T. ) ;
#9390 = EDGE_CURVE ( 'NONE', #939, #8435, #2609, .T. ) ;
#9391 = AXIS2_PLACEMENT_3D ( 'NONE', #6065, #2792, #7437 ) ;
#9392 = CARTESIAN_POINT ( 'NONE',  ( 4.453222577959000006, 1.845643536008249930, -4.466570813945359042 ) ) ;
#9393 = CARTESIAN_POINT ( 'NONE',  ( 5.879286958875099778, 2.878153421700070158, -2.725877963101159818 ) ) ;
#9394 = CARTESIAN_POINT ( 'NONE',  ( 0.7993107117307010068, 3.138079368117070000, -3.370241093924180031 ) ) ;
#9395 = CARTESIAN_POINT ( 'NONE',  ( 1.408232969089900033, 2.766284847302070027, -2.635431194644559660 ) ) ;
#9396 = ORIENTED_EDGE ( 'NONE', *, *, #1228, .F. ) ;
#9397 = CARTESIAN_POINT ( 'NONE',  ( 1.453222577960000317, 7.249312674301001458, -2.233532673920181288 ) ) ;
#9398 = AXIS2_PLACEMENT_3D ( 'NONE', #3505, #244, #9925 ) ;
#9399 = CARTESIAN_POINT ( 'NONE',  ( 6.053236446476000232, 3.077012944464701860, -3.344476891473365576 ) ) ;
#9400 = CARTESIAN_POINT ( 'NONE',  ( 6.653222577959999384, 2.240976201065830065, -4.527497685406180139 ) ) ;
#9401 = VERTEX_POINT ( 'NONE', #5928 ) ;
#9402 = EDGE_CURVE ( 'NONE', #3327, #7417, #8453, .T. ) ;
#9403 = CARTESIAN_POINT ( 'NONE',  ( 5.699999999160000108, 0.7000000014231999579, -4.000000000000000000 ) ) ;
#9404 = ORIENTED_EDGE ( 'NONE', *, *, #865, .T. ) ;
#9405 = CARTESIAN_POINT ( 'NONE',  ( 2.211529612171769799, 2.746989762239901989, -4.116635900460241970 ) ) ;
#9406 = CARTESIAN_POINT ( 'NONE',  ( 2.178482975992999560, 3.025847425720069594, -2.615008881770980231 ) ) ;
#9407 = VECTOR ( 'NONE', #4992, 1000.000000000000000 ) ;
#9408 = EDGE_LOOP ( 'NONE', ( #6990, #10161 ) ) ;
#9409 = ORIENTED_EDGE ( 'NONE', *, *, #4977, .F. ) ;
#9410 = CARTESIAN_POINT ( 'NONE',  ( 2.758655179832997906, 8.192906678806004095, -2.631747415514998245 ) ) ;
#9411 = DIRECTION ( 'NONE',  ( 0.000000000000000000, 0.000000000000000000, -1.000000000000000000 ) ) ;
#9412 = CARTESIAN_POINT ( 'NONE',  ( 4.936556906857899385, 2.725305167381070426, -2.702307980264760268 ) ) ;
#9413 = CIRCLE ( 'NONE', #4884, 0.4000000000000001887 ) ;
#9414 = VERTEX_POINT ( 'NONE', #2081 ) ;
#9415 = EDGE_CURVE ( 'NONE', #2356, #3895, #10021, .T. ) ;
#9416 = CARTESIAN_POINT ( 'NONE',  ( 1.045318644142779974, 2.884065251544890351, -2.799343210302060125 ) ) ;
#9417 = CARTESIAN_POINT ( 'NONE',  ( 5.253222577959999029, 2.785457036528154351, -4.249999998694360848 ) ) ;
#9418 = ORIENTED_EDGE ( 'NONE', *, *, #4119, .T. ) ;
#9419 = EDGE_LOOP ( 'NONE', ( #8970, #4558, #936, #9271 ) ) ;
#9420 = CARTESIAN_POINT ( 'NONE',  ( 2.706693430536500244, 3.327116420057069757, -3.365119720870149767 ) ) ;
#9421 = VECTOR ( 'NONE', #2773, 1000.000000000000114 ) ;
#9422 = CARTESIAN_POINT ( 'NONE',  ( 5.941940678868019354, 2.905164374810630168, -3.907127816925210606 ) ) ;
#9423 = PLANE ( 'NONE',  #3000 ) ;
#9424 = ORIENTED_EDGE ( 'NONE', *, *, #5004, .F. ) ;
#9425 = CARTESIAN_POINT ( 'NONE',  ( 0.9532225779590010051, 2.043309874169090268, -4.497034213565268779 ) ) ;
#9426 = ADVANCED_FACE ( 'NONE', ( #9188 ), #6095, .T. ) ;
#9427 = CARTESIAN_POINT ( 'NONE',  ( 4.052530028729998790, 8.274771323141994372, -3.967502726377001743 ) ) ;
#9428 = VECTOR ( 'NONE', #5528, 1000.000000000000000 ) ;
#9429 = CARTESIAN_POINT ( 'NONE',  ( 5.767191032393999883, 3.395347142520070083, -4.092801289003679344 ) ) ;
#9430 = VECTOR ( 'NONE', #2692, 1000.000000000000227 ) ;
#9431 = VERTEX_POINT ( 'NONE', #5979 ) ;
#9432 = CARTESIAN_POINT ( 'NONE',  ( 4.953222577959998318, 7.249137257069752316, -4.666709048043358621 ) ) ;
#9433 = DIRECTION ( 'NONE',  ( 0.000000000000000000, 0.000000000000000000, 1.000000000000000000 ) ) ;
#9434 = CARTESIAN_POINT ( 'NONE',  ( 0.9760734580492624879, 3.341743398537952103, -2.935747537171852883 ) ) ;
#9435 = CARTESIAN_POINT ( 'NONE',  ( 6.167408876090001435, 8.119362316588000894, -2.470150399047001955 ) ) ;
#9436 = ORIENTED_EDGE ( 'NONE', *, *, #2772, .F. ) ;
#9437 = CARTESIAN_POINT ( 'NONE',  ( 5.660217142885879404, 3.108690256364480486, -2.761269794976789704 ) ) ;
#9438 = AXIS2_PLACEMENT_3D ( 'NONE', #8152, #6320, #9522 ) ;
#9439 = VECTOR ( 'NONE', #6281, 1000.000000000000114 ) ;
#9440 = PLANE ( 'NONE',  #2877 ) ;
#9441 = B_SPLINE_CURVE_WITH_KNOTS ( 'NONE', 3,
 ( #8380, #1960, #7540, #2010, #6070, #1324 ),
 .UNSPECIFIED., .F., .F.,
 ( 4, 2, 4 ),
 ( 1.817454023025239628E-18, 0.0005521399936442016347, 0.001104279987288401318 ),
 .UNSPECIFIED. ) ;
#9442 = CARTESIAN_POINT ( 'NONE',  ( 6.163492445454100022, 2.942762733114069995, -2.968298053020959948 ) ) ;
#9443 = CARTESIAN_POINT ( 'NONE',  ( 5.984226815055849968, 2.857269622598530123, -3.776229595046709964 ) ) ;
#9444 = DIRECTION ( 'NONE',  ( 0.000000000000000000, -1.000000000000000000, 0.000000000000000000 ) ) ;
#9445 = AXIS2_PLACEMENT_3D ( 'NONE', #5989, #2771, #6149 ) ;
#9446 = CARTESIAN_POINT ( 'NONE',  ( 2.439770957312540123, 2.907072816977139595, -2.751850261684380072 ) ) ;
#9447 = CARTESIAN_POINT ( 'NONE',  ( 5.246252300919709732, 2.674188666407070425, -4.459355016176359321 ) ) ;
#9448 = CARTESIAN_POINT ( 'NONE',  ( 2.398439635628200506, 3.279857157072069818, -2.742890041725159822 ) ) ;
#9449 = CARTESIAN_POINT ( 'NONE',  ( 1.579518793485000128, 2.564744639465069920, -4.233903131572859913 ) ) ;
#9450 = EDGE_LOOP ( 'NONE', ( #3143, #3798 ) ) ;
#9451 = EDGE_CURVE ( 'NONE', #4041, #361, #4343, .T. ) ;
#9452 = CARTESIAN_POINT ( 'NONE',  ( 0.5000000000000000000, 4.400000001423070017, -5.349999999994079936 ) ) ;
#9453 = CIRCLE ( 'NONE', #10130, 0.4000000000000004663 ) ;
#9454 = CARTESIAN_POINT ( 'NONE',  ( 1.379223194034570721, 3.123578489289940308, -2.742805216422638637 ) ) ;
#9455 = CARTESIAN_POINT ( 'NONE',  ( 2.633507520334000152, 2.967428375190070078, -3.266975632621180292 ) ) ;
#9456 = ORIENTED_EDGE ( 'NONE', *, *, #4977, .T. ) ;
#9457 = CARTESIAN_POINT ( 'NONE',  ( 0.4532225779637020224, 0.8000000014230710388, -5.249999999994080291 ) ) ;
#9458 = ORIENTED_EDGE ( 'NONE', *, *, #8087, .F. ) ;
#9459 = CARTESIAN_POINT ( 'NONE',  ( 3.853222577959049655, 4.700001019498999177, -1.649999999987080024 ) ) ;
#9460 = EDGE_CURVE ( 'NONE', #5598, #9370, #7954, .T. ) ;
#9461 = AXIS2_PLACEMENT_3D ( 'NONE', #6296, #4022, #22 ) ;
#9462 = CARTESIAN_POINT ( 'NONE',  ( 0.7070716326875019497, 3.259989694785069947, -3.345552573725580014 ) ) ;
#9463 = ORIENTED_EDGE ( 'NONE', *, *, #9013, .F. ) ;
#9464 = ORIENTED_EDGE ( 'NONE', *, *, #10326, .T. ) ;
#9465 = ADVANCED_FACE ( 'NONE', ( #2130 ), #2920, .T. ) ;
#9466 = LINE ( 'NONE', #2257, #198 ) ;
#9467 = DIRECTION ( 'NONE',  ( 0.000000000000000000, -1.000000000000000000, 0.000000000000000000 ) ) ;
#9468 = AXIS2_PLACEMENT_3D ( 'NONE', #5365, #3738, #4628 ) ;
#9469 = CARTESIAN_POINT ( 'NONE',  ( 4.553804348268000624, 3.049840425211069572, -3.991621920859059980 ) ) ;
#9470 = APPROVAL_ROLE ( '' ) ;
#9471 = ORIENTED_EDGE ( 'NONE', *, *, #5189, .T. ) ;
#9472 = LINE ( 'NONE', #4520, #3889 ) ;
#9473 = FACE_OUTER_BOUND ( 'NONE', #8624, .T. ) ;
#9474 = VERTEX_POINT ( 'NONE', #3611 ) ;
#9475 = ORIENTED_EDGE ( 'NONE', *, *, #2387, .T. ) ;
#9476 = CARTESIAN_POINT ( 'NONE',  ( 1.750458030433579948, 3.273577574008069924, -2.420135751630359877 ) ) ;
#9477 = PLANE ( 'NONE',  #10076 ) ;
#9478 = DIRECTION ( 'NONE',  ( -1.000000000000000000, 0.000000000000000000, 0.000000000000000000 ) ) ;
#9479 = EDGE_LOOP ( 'NONE', ( #7944, #7825, #7775, #4104 ) ) ;
#9480 = EDGE_CURVE ( 'NONE', #472, #4300, #9977, .T. ) ;
#9481 = CARTESIAN_POINT ( 'NONE',  ( 2.350842653297279483, 8.264053304025773983, -4.607393376978504484 ) ) ;
#9482 = CARTESIAN_POINT ( 'NONE',  ( 2.553222577959600059, 2.767681913925760018, -1.260443083338330217 ) ) ;
#9483 = DIRECTION ( 'NONE',  ( -3.302913498259999742E-14, -1.000000000000000000, 0.000000000000000000 ) ) ;
#9484 = CARTESIAN_POINT ( 'NONE',  ( 4.282837480498000282, 3.229010403906070081, -3.353117015395239875 ) ) ;
#9485 = B_SPLINE_CURVE_WITH_KNOTS ( 'NONE', 3,
 ( #9689, #4805, #3906, #1685, #5642, #7124 ),
 .UNSPECIFIED., .F., .F.,
 ( 4, 2, 4 ),
 ( 1.497298509278716473E-17, 0.0001586537901964180379, 0.0003173075803928211138 ),
 .UNSPECIFIED. ) ;
#9486 = ORIENTED_EDGE ( 'NONE', *, *, #2892, .T. ) ;
#9487 = CARTESIAN_POINT ( 'NONE',  ( 6.033828119344999408, 2.733141780556069822, -3.967509056172380255 ) ) ;
#9488 = CARTESIAN_POINT ( 'NONE',  ( 2.324338971406874954, 3.009651925668877848, -2.652252135105376940 ) ) ;
#9489 = DIRECTION ( 'NONE',  ( 0.000000000000000000, 1.000000000000000000, 1.289246159208000155E-14 ) ) ;
#9490 = CARTESIAN_POINT ( 'NONE',  ( 5.514635173740002116, 8.191858939803996265, -2.178431446601000854 ) ) ;
#9491 = VERTEX_POINT ( 'NONE', #1183 ) ;
#9492 = CARTESIAN_POINT ( 'NONE',  ( 5.253222577959999917, -3.199999998576930071, -3.449999999994159960 ) ) ;
#9493 = CARTESIAN_POINT ( 'NONE',  ( 1.847353813158001401, 8.082148256739005276, -4.866388415577999282 ) ) ;
#9494 = CARTESIAN_POINT ( 'NONE',  ( 2.627023219230599782, 2.583978793165070176, -3.115988021251959950 ) ) ;
#9495 = CARTESIAN_POINT ( 'NONE',  ( 5.574007775465100067, 2.854523790208070455, -2.548109656976259796 ) ) ;
#9496 = CARTESIAN_POINT ( 'NONE',  ( 5.972417464278359844, 2.871288748571480198, -3.801452104169039892 ) ) ;
#9497 = CARTESIAN_POINT ( 'NONE',  ( 5.620857713050000370, 3.066057100724070228, -2.668648989945279659 ) ) ;
#9498 = DIRECTION ( 'NONE',  ( -0.9553506161960760856, 0.000000000000000000, 0.2954745338159918133 ) ) ;
#9499 = EDGE_CURVE ( 'NONE', #2788, #1173, #5594, .T. ) ;
#9500 = CARTESIAN_POINT ( 'NONE',  ( 5.323537329828619491, 2.586610837574069954, -4.312343414941260278 ) ) ;
#9501 = CARTESIAN_POINT ( 'NONE',  ( 2.676056090662899845, 3.344466468485069566, -2.992828825086159661 ) ) ;
#9502 = CARTESIAN_POINT ( 'NONE',  ( 1.746252300919710176, 2.674188666407070425, -4.459355016176359321 ) ) ;
#9503 = VERTEX_POINT ( 'NONE', #2023 ) ;
#9504 = LINE ( 'NONE', #5459, #3395 ) ;
#9505 = DIRECTION ( 'NONE',  ( 0.000000000000000000, -1.084202172485504434E-15, 1.000000000000000000 ) ) ;
#9506 = DIRECTION ( 'NONE',  ( 0.000000000000000000, -6.420456820245010354E-10, -1.000000000000000000 ) ) ;
#9507 = DIRECTION ( 'NONE',  ( 0.7239873362170419213, 1.321176065914419655E-07, 0.6898132624104399424 ) ) ;
#9508 = LINE ( 'NONE', #6307, #5014 ) ;
#9509 = ORIENTED_EDGE ( 'NONE', *, *, #9075, .T. ) ;
#9510 = ADVANCED_FACE ( 'NONE', ( #6772 ), #7610, .T. ) ;
#9511 = PLANE ( 'NONE',  #8588 ) ;
#9512 = ADVANCED_FACE ( 'NONE', ( #9236 ), #5241, .F. ) ;
#9513 = CARTESIAN_POINT ( 'NONE',  ( 1.135678526839499991, 3.239510176517069961, -4.204810483780479835 ) ) ;
#9514 = ORIENTED_EDGE ( 'NONE', *, *, #9726, .T. ) ;
#9515 = ORIENTED_EDGE ( 'NONE', *, *, #123, .T. ) ;
#9516 = CARTESIAN_POINT ( 'NONE',  ( 2.350968926338000919, 8.277369126119998199, -2.292165086038000954 ) ) ;
#9517 = DIRECTION ( 'NONE',  ( 1.000000000000000000, 1.823613310202444896E-12, -7.329147429826711011E-13 ) ) ;
#9518 = EDGE_CURVE ( 'NONE', #2686, #3015, #1238, .T. ) ;
#9519 = CARTESIAN_POINT ( 'NONE',  ( 4.624760767282499963, 2.607157009919069957, -3.964155367318859646 ) ) ;
#9520 = FACE_OUTER_BOUND ( 'NONE', #6597, .T. ) ;
#9521 = ORIENTED_EDGE ( 'NONE', *, *, #1228, .T. ) ;
#9522 = DIRECTION ( 'NONE',  ( 0.000000000000000000, 1.000000000000000000, 0.000000000000000000 ) ) ;
#9523 = DIRECTION ( 'NONE',  ( 0.000000000000000000, -1.000000000000000000, 0.000000000000000000 ) ) ;
#9524 = B_SPLINE_CURVE_WITH_KNOTS ( 'NONE', 3,
 ( #1973, #4346, #2612, #8188, #2659, #6716, #2765, #9924, #4139, #4295, #292, #5873, #8395, #7455, #2713, #3353, #5932, #7354 ),
 .UNSPECIFIED., .F., .F.,
 ( 4, 2, 2, 2, 2, 2, 2, 2, 4 ),
 ( 8.673617379884034509E-19, 7.202853020192004265E-05, 0.0001440570604038392179, 0.0002881141208076760506, 0.0005762282416153498244, 0.0008643423624230235983, 0.001008399422826859997, 0.001080427953028778847, 0.001152456483230697480 ),
 .UNSPECIFIED. ) ;
#9525 = EDGE_LOOP ( 'NONE', ( #7665, #1325, #6426, #2799 ) ) ;
#9526 = EDGE_CURVE ( 'NONE', #10224, #9745, #1162, .T. ) ;
#9527 = EDGE_CURVE ( 'NONE', #10157, #2264, #3661, .T. ) ;
#9528 = AXIS2_PLACEMENT_3D ( 'NONE', #5088, #5981, #9035 ) ;
#9529 = CARTESIAN_POINT ( 'NONE',  ( 1.579473104984400189, 3.084540522068070167, -4.465105469460359799 ) ) ;
#9530 = DIRECTION ( 'NONE',  ( 3.108623677746999906E-14, 1.000000000000000000, 1.289246159208000155E-14 ) ) ;
#9531 = CARTESIAN_POINT ( 'NONE',  ( 0.9617780900123299448, 2.775785117949559844, -3.936772674366760150 ) ) ;
#9532 = ORIENTED_EDGE ( 'NONE', *, *, #5724, .T. ) ;
#9533 = CARTESIAN_POINT ( 'NONE',  ( 3.049998634176017909, 8.265022853860761742, -3.508184025253481053 ) ) ;
#9534 = DIRECTION ( 'NONE',  ( -1.000000000000000000, 0.000000000000000000, 0.000000000000000000 ) ) ;
#9535 = FACE_OUTER_BOUND ( 'NONE', #9889, .T. ) ;
#9536 = CARTESIAN_POINT ( 'NONE',  ( 5.258695753589000432, 3.323032695132070113, -2.474805870065079905 ) ) ;
#9537 = EDGE_CURVE ( 'NONE', #1739, #4483, #795, .T. ) ;
#9538 = VERTEX_POINT ( 'NONE', #3020 ) ;
#9539 = CARTESIAN_POINT ( 'NONE',  ( 0.9701799590682009811, 2.788202059919569820, -3.973320569778120426 ) ) ;
#9540 = CARTESIAN_POINT ( 'NONE',  ( 4.503669049467084129, 2.834483892434841223, -4.061600676261201137 ) ) ;
#9541 = CARTESIAN_POINT ( 'NONE',  ( 6.025230104050001145, 8.119170083060003762, -2.354205657172999899 ) ) ;
#9542 = ORIENTED_EDGE ( 'NONE', *, *, #1001, .T. ) ;
#9543 = CARTESIAN_POINT ( 'NONE',  ( 5.837927048509610195, 2.999040839061089869, -2.638953792440410062 ) ) ;
#9544 = CARTESIAN_POINT ( 'NONE',  ( 3.045997392285002547, 8.278338939220001080, -3.342849129550999887 ) ) ;
#9545 = CARTESIAN_POINT ( 'NONE',  ( 1.694250964062360199, 2.793784471701069805, -4.266273658528959345 ) ) ;
#9546 = CARTESIAN_POINT ( 'NONE',  ( 5.784285806500800042, 2.796194061858070068, -2.835758719678360240 ) ) ;
#9547 = CARTESIAN_POINT ( 'NONE',  ( 4.800000000839999892, 1.019498995447000036E-06, -0.3499999999999999778 ) ) ;
#9548 = CARTESIAN_POINT ( 'NONE',  ( 1.753222577959000272, 8.500001019718999018, -4.849999998660000422 ) ) ;
#9549 = EDGE_CURVE ( 'NONE', #9935, #7542, #4058, .T. ) ;
#9550 = CARTESIAN_POINT ( 'NONE',  ( 4.619864171610826631, 2.698059650300437262, -2.929721761033603489 ) ) ;
#9551 = CARTESIAN_POINT ( 'NONE',  ( 5.784285806500800042, 2.796194061858070068, -2.835758719678360240 ) ) ;
#9552 = AXIS2_PLACEMENT_3D ( 'NONE', #5478, #3949, #4521 ) ;
#9553 = DIRECTION ( 'NONE',  ( 0.5299989403887171990, 2.836261030368681247E-10, -0.8479983037641273258 ) ) ;
#9554 = CARTESIAN_POINT ( 'NONE',  ( 1.849796377449239859, 2.543042339962069853, -4.237629013352059992 ) ) ;
#9555 = CARTESIAN_POINT ( 'NONE',  ( 0.5000000007595999385, 1.019498654400000011E-06, -5.700000000180000193 ) ) ;
#9556 = VERTEX_POINT ( 'NONE', #9547 ) ;
#9557 = CARTESIAN_POINT ( 'NONE',  ( 5.699999999160000108, 1.019498648082000104E-06, -4.000000000000000000 ) ) ;
#9558 = CARTESIAN_POINT ( 'NONE',  ( 6.092233917156908873, 2.695895453369320016, -3.994013685900920319 ) ) ;
#9559 = EDGE_CURVE ( 'NONE', #7725, #2071, #4658, .T. ) ;
#9560 = CARTESIAN_POINT ( 'NONE',  ( 0.000000000000000000, 4.700001019498999177, -6.899999999161000375 ) ) ;
#9561 = AXIS2_PLACEMENT_3D ( 'NONE', #378, #1794, #1110 ) ;
#9562 = CARTESIAN_POINT ( 'NONE',  ( 3.800000000259999844, 4.700001019498999177, 0.000000000000000000 ) ) ;
#9563 = DIRECTION ( 'NONE',  ( 0.000000000000000000, 0.000000000000000000, -1.000000000000000000 ) ) ;
#9564 = ORIENTED_EDGE ( 'NONE', *, *, #8746, .F. ) ;
#9565 = CARTESIAN_POINT ( 'NONE',  ( 4.453222577959000006, 2.713752781398320213, -1.459820166552729948 ) ) ;
#9566 = CARTESIAN_POINT ( 'NONE',  ( 1.995572008245000362, 3.261232667464070367, -4.236535693193080654 ) ) ;
#9567 = ORIENTED_EDGE ( 'NONE', *, *, #2814, .F. ) ;
#9568 = AXIS2_PLACEMENT_3D ( 'NONE', #7031, #6874, #608 ) ;
#9569 = ORIENTED_EDGE ( 'NONE', *, *, #5902, .F. ) ;
#9570 = CARTESIAN_POINT ( 'NONE',  ( 2.947462771242999935, 8.278198434414994367, -2.932479862598001752 ) ) ;
#9571 = DIRECTION ( 'NONE',  ( 0.000000000000000000, 6.420450109068106765E-10, 1.000000000000000000 ) ) ;
#9572 = CARTESIAN_POINT ( 'NONE',  ( 4.456123796121000069, 2.730096049682069648, -4.102120161039159996 ) ) ;
#9573 = EDGE_LOOP ( 'NONE', ( #4874, #7939, #2901, #3363 ) ) ;
#9574 = CARTESIAN_POINT ( 'NONE',  ( 2.258301591915234940, 2.670001019719070445, -4.252089475279311692 ) ) ;
#9575 = CARTESIAN_POINT ( 'NONE',  ( 4.717029283199799750, 2.795920057380070212, -2.858711920186980393 ) ) ;
#9576 = ORIENTED_EDGE ( 'NONE', *, *, #5490, .F. ) ;
#9577 = AXIS2_PLACEMENT_3D ( 'NONE', #8255, #1048, #1676 ) ;
#9578 = CARTESIAN_POINT ( 'NONE',  ( 2.559793459440300012, 2.843453324843070007, -3.356384216412509947 ) ) ;
#9579 = CARTESIAN_POINT ( 'NONE',  ( 2.480457999283399939, 3.277434709168070004, -3.773227666880460074 ) ) ;
#9580 = CARTESIAN_POINT ( 'NONE',  ( 4.562527056522699631, 2.896914994458070325, -3.971447457125480085 ) ) ;
#9581 = EDGE_LOOP ( 'NONE', ( #3508, #8222, #646, #1427, #9657, #5201, #8676 ) ) ;
#9582 = VECTOR ( 'NONE', #2216, 1000.000000000000000 ) ;
#9583 = FACE_OUTER_BOUND ( 'NONE', #4162, .T. ) ;
#9584 = EDGE_CURVE ( 'NONE', #6670, #8141, #6950, .T. ) ;
#9585 = CARTESIAN_POINT ( 'NONE',  ( 1.076481722400555840, 2.823227067152003222, -2.701430983421716281 ) ) ;
#9586 = LINE ( 'NONE', #3907, #7115 ) ;
#9587 = CARTESIAN_POINT ( 'NONE',  ( 4.443864462617701072, 3.260351167648070092, -2.905966002143579807 ) ) ;
#9588 = ORIENTED_EDGE ( 'NONE', *, *, #197, .F. ) ;
#9589 = AXIS2_PLACEMENT_3D ( 'NONE', #10374, #8901, #2319 ) ;
#9590 = AXIS2_PLACEMENT_3D ( 'NONE', #3183, #2606, #3244 ) ;
#9591 = CARTESIAN_POINT ( 'NONE',  ( 2.452224180627291084, 3.052091574456731848, -3.047087629444180212 ) ) ;
#9592 = EDGE_CURVE ( 'NONE', #1781, #9431, #2063, .T. ) ;
#9593 = B_SPLINE_CURVE_WITH_KNOTS ( 'NONE', 3,
 ( #9881, #2669, #9099, #7513, #1884, #1093 ),
 .UNSPECIFIED., .F., .F.,
 ( 4, 2, 4 ),
 ( 0.002084699672354353803, 0.002505027278177964119, 0.002925354884001574000 ),
 .UNSPECIFIED. ) ;
#9594 = CARTESIAN_POINT ( 'NONE',  ( 4.574228128184436137, 2.915397989338067930, -3.934891214545815252 ) ) ;
#9595 = CARTESIAN_POINT ( 'NONE',  ( 5.339041355800000055, 8.276644397247004292, -2.148536268486998857 ) ) ;
#9596 = ORIENTED_EDGE ( 'NONE', *, *, #876, .T. ) ;
#9597 = DIRECTION ( 'NONE',  ( 1.000000000000000000, 1.653402746184873959E-12, 6.495468655328229965E-30 ) ) ;
#9598 = CARTESIAN_POINT ( 'NONE',  ( 0.4197904384017002721, 8.116217784861005313, -3.629733434755001653 ) ) ;
#9599 = FACE_OUTER_BOUND ( 'NONE', #5042, .T. ) ;
#9600 = EDGE_CURVE ( 'NONE', #7414, #579, #8957, .T. ) ;
#9601 = VECTOR ( 'NONE', #7362, 1000.000000000000114 ) ;
#9602 = CIRCLE ( 'NONE', #8090, 0.3499999999999999778 ) ;
#9603 = CARTESIAN_POINT ( 'NONE',  ( 4.854044812153500033, 2.583527378426070165, -4.157091965565160585 ) ) ;
#9604 = CARTESIAN_POINT ( 'NONE',  ( 1.472459288920573872, 3.296980465510036762, -4.212123200352539953 ) ) ;
#9605 = CARTESIAN_POINT ( 'NONE',  ( 5.713350536756249376, 3.081428487404361594, -4.249661890463607428 ) ) ;
#9606 = AXIS2_PLACEMENT_3D ( 'NONE', #8946, #8731, #3206 ) ;
#9607 = CARTESIAN_POINT ( 'NONE',  ( 5.947623863460299809, 3.521442131357069627, -3.835306387481459911 ) ) ;
#9608 = VECTOR ( 'NONE', #8830, 1000.000000000000000 ) ;
#9609 = CARTESIAN_POINT ( 'NONE',  ( 1.202700687871200103, 3.103379271260070293, -2.853136404385760105 ) ) ;
#9610 = DIRECTION ( 'NONE',  ( -1.000000000000000000, 0.000000000000000000, 0.000000000000000000 ) ) ;
#9611 = DIRECTION ( 'NONE',  ( -1.195868801595999954E-13, 0.000000000000000000, -1.000000000000000000 ) ) ;
#9612 = ORIENTED_EDGE ( 'NONE', *, *, #6964, .T. ) ;
#9613 = CYLINDRICAL_SURFACE ( 'NONE', #6089, 1.399999999080000057 ) ;
#9614 = ADVANCED_FACE ( 'NONE', ( #7186 ), #3582, .T. ) ;
#9615 = DIRECTION ( 'NONE',  ( 0.000000000000000000, 0.1362030850301675089, 0.9906809373497933446 ) ) ;
#9616 = AXIS2_PLACEMENT_3D ( 'NONE', #3824, #8662, #3133 ) ;
#9617 = CARTESIAN_POINT ( 'NONE',  ( 2.161909474662000008, 3.049399848202070107, -4.221761153395580557 ) ) ;
#9618 = VECTOR ( 'NONE', #6267, 1000.000000000000000 ) ;
#9619 = FACE_OUTER_BOUND ( 'NONE', #1565, .T. ) ;
#9620 = ORIENTED_EDGE ( 'NONE', *, *, #979, .T. ) ;
#9621 = CARTESIAN_POINT ( 'NONE',  ( 6.653222577959999384, 1.922781433965179865, -5.297610847817890267 ) ) ;
#9622 = CARTESIAN_POINT ( 'NONE',  ( 4.453222247341399154, 2.877027806406239563, -3.555621449658594724 ) ) ;
#9623 = AXIS2_PLACEMENT_3D ( 'NONE', #8824, #4666, #2348 ) ;
#9624 = VERTEX_POINT ( 'NONE', #1599 ) ;
#9625 = VERTEX_POINT ( 'NONE', #4818 ) ;
#9626 = CARTESIAN_POINT ( 'NONE',  ( 1.839041355803997746, 8.276644397247004292, -2.148536268486998857 ) ) ;
#9627 = DIRECTION ( 'NONE',  ( -1.127570259384924006E-12, 0.000000000000000000, 1.000000000000000000 ) ) ;
#9628 = CARTESIAN_POINT ( 'NONE',  ( 4.342938607929400341, 2.712746001253069750, -3.746129424210260073 ) ) ;
#9629 = VERTEX_POINT ( 'NONE', #4607 ) ;
#9630 = CARTESIAN_POINT ( 'NONE',  ( 0.5000000000000000000, 4.400000001423070017, -1.549999999994089883 ) ) ;
#9631 = VECTOR ( 'NONE', #7812, 1000.000000000000000 ) ;
#9632 = CARTESIAN_POINT ( 'NONE',  ( 3.800000000259999844, 0.7000000014231999579, -5.400000000000000355 ) ) ;
#9633 = ORIENTED_EDGE ( 'NONE', *, *, #5753, .T. ) ;
#9634 = CARTESIAN_POINT ( 'NONE',  ( 2.074007775465100067, 2.854523790208070455, -2.548109656976259796 ) ) ;
#9635 = EDGE_CURVE ( 'NONE', #8553, #9250, #8583, .T. ) ;
#9636 = CARTESIAN_POINT ( 'NONE',  ( 2.398439635628200506, 3.279857157072069818, -2.742890041725159822 ) ) ;
#9637 = CARTESIAN_POINT ( 'NONE',  ( 4.953222577960029405, 7.050001019498999710, -4.766244656803180213 ) ) ;
#9638 = VERTEX_POINT ( 'NONE', #8655 ) ;
#9639 = LINE ( 'NONE', #1684, #2381 ) ;
#9640 = B_SPLINE_CURVE_WITH_KNOTS ( 'NONE', 3,
 ( #3576, #1939, #9884, #8356, #3517, #3628, #6045, #9991 ),
 .UNSPECIFIED., .F., .F.,
 ( 4, 1, 1, 1, 1, 4 ),
 ( 0.01946394725626159755, 0.1308335276388229995, 0.3511391140916959586, 0.5714447005445689731, 0.7917502869974409885, 0.9902888900944899486 ),
 .UNSPECIFIED. ) ;
#9641 = DIRECTION ( 'NONE',  ( 0.2873478846735930681, 0.000000000000000000, 0.9578262854889771916 ) ) ;
#9642 = CARTESIAN_POINT ( 'NONE',  ( 5.737629154779999574, 2.918395813075070233, -2.735201062294379870 ) ) ;
#9643 = PLANE ( 'NONE',  #5659 ) ;
#9644 = EDGE_LOOP ( 'NONE', ( #8044, #5308, #3262, #387, #8962, #9783 ) ) ;
#9645 = ORIENTED_EDGE ( 'NONE', *, *, #3474, .T. ) ;
#9646 = CARTESIAN_POINT ( 'NONE',  ( 0.9500000008406001006, 1.019498995447000036E-06, -0.3499999999999999778 ) ) ;
#9647 = EDGE_CURVE ( 'NONE', #3830, #9883, #2238, .T. ) ;
#9648 = CARTESIAN_POINT ( 'NONE',  ( 7.000000000000000000, 8.500001019718999018, -5.500000000078999918 ) ) ;
#9649 = CARTESIAN_POINT ( 'NONE',  ( 6.003281846789997545, 8.277582417042999907, -2.384963823907998215 ) ) ;
#9650 = EDGE_LOOP ( 'NONE', ( #8166, #9693, #1388, #6460 ) ) ;
#9651 = CARTESIAN_POINT ( 'NONE',  ( 4.953222577959999207, 7.070001019719070356, -2.133755340585360205 ) ) ;
#9652 = CARTESIAN_POINT ( 'NONE',  ( 0.7076840502360004503, 8.116632204889999258, -4.295772871548001248 ) ) ;
#9653 = DIRECTION ( 'NONE',  ( 0.000000000000000000, 1.162443566441900040E-15, -1.000000000000000000 ) ) ;
#9654 = APPLICATION_CONTEXT ( 'configuration controlled 3d designs of mechanical parts and assemblies' ) ;
#9655 = CARTESIAN_POINT ( 'NONE',  ( 5.335083130657930717, 2.668570197417070133, -4.453941658067360088 ) ) ;
#9656 = CARTESIAN_POINT ( 'NONE',  ( 2.459468929120030012, 2.885681333438499863, -3.825787294212910084 ) ) ;
#9657 = ORIENTED_EDGE ( 'NONE', *, *, #4555, .T. ) ;
#9658 = CARTESIAN_POINT ( 'NONE',  ( 2.553222577959600059, 2.714506812042659867, -1.454927519863410179 ) ) ;
#9659 = EDGE_CURVE ( 'NONE', #7486, #10259, #8703, .T. ) ;
#9660 = CARTESIAN_POINT ( 'NONE',  ( 4.595405342337899768, 3.259462289307069938, -2.744194782378059916 ) ) ;
#9661 = CARTESIAN_POINT ( 'NONE',  ( 2.311420001925099665, 3.037281259083069784, -4.315473067032260523 ) ) ;
#9662 = LINE ( 'NONE', #2448, #1520 ) ;
#9663 = DIRECTION ( 'NONE',  ( 0.000000000000000000, 0.000000000000000000, 1.000000000000000000 ) ) ;
#9664 = ORIENTED_EDGE ( 'NONE', *, *, #4826, .T. ) ;
#9665 = CARTESIAN_POINT ( 'NONE',  ( 2.552064207089199677, 3.442062790722069998, -3.936768545579560019 ) ) ;
#9666 = DIRECTION ( 'NONE',  ( 0.000000000000000000, 0.000000000000000000, 1.000000000000000000 ) ) ;
#9667 = CARTESIAN_POINT ( 'NONE',  ( 2.473939417028000243, 2.941251022117070235, -2.937607229242880091 ) ) ;
#9668 = CARTESIAN_POINT ( 'NONE',  ( 1.481165003968514249, 3.087505959821537083, -4.415952579023938007 ) ) ;
#9669 = VERTEX_POINT ( 'NONE', #7863 ) ;
#9670 = PLANE ( 'NONE',  #5914 ) ;
#9671 = EDGE_CURVE ( 'NONE', #1886, #2086, #9387, .T. ) ;
#9672 = FACE_OUTER_BOUND ( 'NONE', #7371, .T. ) ;
#9673 = ORIENTED_EDGE ( 'NONE', *, *, #6109, .F. ) ;
#9674 = ORIENTED_EDGE ( 'NONE', *, *, #5498, .T. ) ;
#9675 = EDGE_CURVE ( 'NONE', #5382, #6477, #3817, .T. ) ;
#9676 = CARTESIAN_POINT ( 'NONE',  ( 0.4540024715871001093, 8.274630156708997930, -3.557147774973002274 ) ) ;
#9677 = CARTESIAN_POINT ( 'NONE',  ( 4.753274265022286116, 2.370001019719070179, -3.442810813014915094 ) ) ;
#9678 = CYLINDRICAL_SURFACE ( 'NONE', #1690, 0.7999999999999999334 ) ;
#9679 = ORIENTED_EDGE ( 'NONE', *, *, #5189, .F. ) ;
#9680 = CARTESIAN_POINT ( 'NONE',  ( 2.361338644122522812, 2.670001019719070001, -4.156190148474687263 ) ) ;
#9681 = CARTESIAN_POINT ( 'NONE',  ( 4.434188611344489495, 2.735048875183269779, -3.464088022081359686 ) ) ;
#9682 = ORIENTED_EDGE ( 'NONE', *, *, #6438, .T. ) ;
#9683 = CARTESIAN_POINT ( 'NONE',  ( 6.096414580450000287, 2.666927422999070263, -3.037753258018080160 ) ) ;
#9684 = CARTESIAN_POINT ( 'NONE',  ( 2.469679643213599896, 2.931692267749069991, -3.968873239715660084 ) ) ;
#9685 = CARTESIAN_POINT ( 'NONE',  ( 0.9532225779590010051, 2.742401317444509878, -1.256882331665519992 ) ) ;
#9686 = PLANE ( 'NONE',  #4861 ) ;
#9687 = ORIENTED_EDGE ( 'NONE', *, *, #5434, .F. ) ;
#9688 = LINE ( 'NONE', #7172, #367 ) ;
#9689 = CARTESIAN_POINT ( 'NONE',  ( 2.053222577959993078, 7.070001019719070356, -2.133755340585450799 ) ) ;
#9690 = CARTESIAN_POINT ( 'NONE',  ( 6.282534509845000059, 3.051830518681069915, -3.235990699033880258 ) ) ;
#9691 = EDGE_CURVE ( 'NONE', #1882, #5636, #3866, .T. ) ;
#9692 = DIRECTION ( 'NONE',  ( 1.000000000000000000, 0.000000000000000000, 0.000000000000000000 ) ) ;
#9693 = ORIENTED_EDGE ( 'NONE', *, *, #8051, .T. ) ;
#9694 = CARTESIAN_POINT ( 'NONE',  ( 2.553236446475999344, 3.077012944464702304, -3.344476891473365132 ) ) ;
#9695 = DIRECTION ( 'NONE',  ( -0.9999790310276358563, 0.000000000000000000, -0.006475917311892209413 ) ) ;
#9696 = DIRECTION ( 'NONE',  ( 0.000000000000000000, 1.000000000000000000, 0.000000000000000000 ) ) ;
#9697 = ORIENTED_EDGE ( 'NONE', *, *, #1920, .T. ) ;
#9698 = DIRECTION ( 'NONE',  ( -0.000000000000000000, 0.3457053591620070088, 0.9383431166938178691 ) ) ;
#9699 = CARTESIAN_POINT ( 'NONE',  ( 1.300049342337998848, 8.117474425519002779, -4.714635370461998320 ) ) ;
#9700 = CARTESIAN_POINT ( 'NONE',  ( 4.153222577959000184, 3.583840959477559984, -1.009946619863359984 ) ) ;
#9702 = EDGE_CURVE ( 'NONE', #5598, #5171, #9967, .T. ) ;
#9701 = CARTESIAN_POINT ( 'NONE',  ( 5.598346297473900002, 2.895503470129070056, -2.479681693023759959 ) ) ;
#9703 = DIRECTION ( 'NONE',  ( 0.000000000000000000, 0.000000000000000000, -1.000000000000000000 ) ) ;
#9704 = ORIENTED_EDGE ( 'NONE', *, *, #8977, .F. ) ;
#9705 = CARTESIAN_POINT ( 'NONE',  ( 2.213350536760428700, 3.081428487403710559, -4.249661890461887914 ) ) ;
#9706 = CARTESIAN_POINT ( 'NONE',  ( 4.496417088700900067, 3.314050228302069634, -3.138510251883060320 ) ) ;
#9707 = CARTESIAN_POINT ( 'NONE',  ( 2.538823212130900231, 2.867082956335070154, -3.655309874572560069 ) ) ;
#9708 = CARTESIAN_POINT ( 'NONE',  ( 2.625265901945999847, 2.573470454618069780, -3.249456109826279970 ) ) ;
#9709 = CARTESIAN_POINT ( 'NONE',  ( 3.053222577961999917, 4.400000001423070017, -5.349999999994079936 ) ) ;
#9710 = VERTEX_POINT ( 'NONE', #1804 ) ;
#9711 = CARTESIAN_POINT ( 'NONE',  ( 0.9287159939765010641, 3.273065054684070052, -3.110645500432560162 ) ) ;
#9712 = CARTESIAN_POINT ( 'NONE',  ( 7.000000000000000000, 8.500001019718999018, -2.149999998344000129 ) ) ;
#9713 = EDGE_CURVE ( 'NONE', #2200, #7547, #9070, .T. ) ;
#9714 = ADVANCED_FACE ( 'NONE', ( #8975 ), #6654, .F. ) ;
#9715 = CARTESIAN_POINT ( 'NONE',  ( 4.650332127138116611, 2.710686245701711350, -4.263605151889954925 ) ) ;
#9716 = CYLINDRICAL_SURFACE ( 'NONE', #4654, 1.300000000000000044 ) ;
#9717 = VERTEX_POINT ( 'NONE', #3392 ) ;
#9718 = AXIS2_PLACEMENT_3D ( 'NONE', #1589, #4913, #112 ) ;
#9719 = CARTESIAN_POINT ( 'NONE',  ( 3.500000000000000000, 4.700001019498999177, -6.299999999999999822 ) ) ;
#9720 = CARTESIAN_POINT ( 'NONE',  ( 6.179550670390900002, 3.345899108403069810, -3.644613446233960108 ) ) ;
#9721 = ORIENTED_EDGE ( 'NONE', *, *, #5439, .T. ) ;
#9722 = ORIENTED_EDGE ( 'NONE', *, *, #10356, .T. ) ;
#9723 = AXIS2_PLACEMENT_3D ( 'NONE', #7481, #6803, #2790 ) ;
#9724 = CARTESIAN_POINT ( 'NONE',  ( 6.499999999250099414, 4.400000001423070017, -1.549999999994079891 ) ) ;
#9725 = LINE ( 'NONE', #10069, #8267 ) ;
#9726 = EDGE_CURVE ( 'NONE', #2312, #4206, #8917, .T. ) ;
#9727 = CARTESIAN_POINT ( 'NONE',  ( 4.481068213728600647, 2.630786641411070104, -3.701193731438859658 ) ) ;
#9728 = ORIENTED_EDGE ( 'NONE', *, *, #8173, .T. ) ;
#9729 = DIRECTION ( 'NONE',  ( 0.000000000000000000, -1.000000000000000000, 0.000000000000000000 ) ) ;
#9730 = CARTESIAN_POINT ( 'NONE',  ( 0.3532225779600010052, 4.600000002413000111, -1.949994380535080118 ) ) ;
#9731 = ORIENTED_EDGE ( 'NONE', *, *, #3051, .T. ) ;
#9732 = PLANE ( 'NONE',  #6386 ) ;
#9733 = CIRCLE ( 'NONE', #6038, 1.350000000000000089 ) ;
#9734 = CARTESIAN_POINT ( 'NONE',  ( 1.318340638228699957, 2.624507058347070210, -4.220337308188359948 ) ) ;
#9735 = CARTESIAN_POINT ( 'NONE',  ( 5.553222577960000628, 7.270001019719069646, -4.766244656803360513 ) ) ;
#9736 = DIRECTION ( 'NONE',  ( 0.000000000000000000, -0.1523172038323520050, -0.9883316596247910812 ) ) ;
#9737 = ORIENTED_EDGE ( 'NONE', *, *, #7716, .T. ) ;
#9738 = CARTESIAN_POINT ( 'NONE',  ( 0.7754312549531019449, 2.823092294248069845, -3.466818772251149650 ) ) ;
#9739 = EDGE_CURVE ( 'NONE', #3092, #2821, #2600, .T. ) ;
#9740 = CARTESIAN_POINT ( 'NONE',  ( 1.456885599341307236, 3.154219295496202946, -2.663152584203097639 ) ) ;
#9741 = VECTOR ( 'NONE', #1230, 1000.000000000000000 ) ;
#9742 = LINE ( 'NONE', #158, #1053 ) ;
#9743 = DIRECTION ( 'NONE',  ( 0.000000000000000000, -0.9902259409886784436, 0.1394725270190740607 ) ) ;
#9744 = CARTESIAN_POINT ( 'NONE',  ( 2.643367921679950161, 2.582470732833480831, -3.308558082898028552 ) ) ;
#9745 = VERTEX_POINT ( 'NONE', #8863 ) ;
#9746 = CARTESIAN_POINT ( 'NONE',  ( 2.532318011926390611, 3.068810098544968223, -3.240352860390597556 ) ) ;
#9747 = DIRECTION ( 'NONE',  ( 0.000000000000000000, -1.000000000000000000, 0.000000000000000000 ) ) ;
#9748 = AXIS2_PLACEMENT_3D ( 'NONE', #3407, #3355, #8035 ) ;
#9749 = CARTESIAN_POINT ( 'NONE',  ( 1.246023899314039118, 3.341743398537011522, -2.831332478632258898 ) ) ;
#9750 = ORIENTED_EDGE ( 'NONE', *, *, #8963, .F. ) ;
#9751 = DIRECTION ( 'NONE',  ( -0.5299989403682949796, -3.649820532986380815E-10, 0.8479983037768911158 ) ) ;
#9752 = CARTESIAN_POINT ( 'NONE',  ( 2.763099931070000626, 8.277943859678000393, -4.271807307184003477 ) ) ;
#9753 = CARTESIAN_POINT ( 'NONE',  ( 3.853222577959999562, 0.7000000014231999579, 0.000000000000000000 ) ) ;
#9754 = CARTESIAN_POINT ( 'NONE',  ( 6.220411618630000028, 8.083278256023003649, -4.486313131071003824 ) ) ;
#9755 = CARTESIAN_POINT ( 'NONE',  ( 2.310395068106750216, 3.020133608612020293, -4.257225074505879725 ) ) ;
#9756 = VECTOR ( 'NONE', #3170, 1000.000000000000000 ) ;
#9757 = ORIENTED_EDGE ( 'NONE', *, *, #2782, .T. ) ;
#9758 = CARTESIAN_POINT ( 'NONE',  ( 5.636489325471000456, 3.119982468754070037, -4.348518965547079951 ) ) ;
#9759 = CARTESIAN_POINT ( 'NONE',  ( 5.367199543120600325, 3.273241932173069912, -2.418241617608360094 ) ) ;
#9760 = CARTESIAN_POINT ( 'NONE',  ( 2.025330731447500199, 2.772564430366069921, -2.684965584881459755 ) ) ;
#9761 = FACE_OUTER_BOUND ( 'NONE', #7891, .T. ) ;
#9762 = AXIS2_PLACEMENT_3D ( 'NONE', #3459, #5148, #2570 ) ;
#9763 = AXIS2_PLACEMENT_3D ( 'NONE', #4017, #9698, #4813 ) ;
#9764 = FACE_OUTER_BOUND ( 'NONE', #4522, .T. ) ;
#9765 = CARTESIAN_POINT ( 'NONE',  ( 2.776224310816000074, 3.355389156900070002, -3.273962599066659873 ) ) ;
#9766 = FACE_OUTER_BOUND ( 'NONE', #4562, .T. ) ;
#9767 = CARTESIAN_POINT ( 'NONE',  ( 5.719531159592730063, 3.077983524696439765, -4.252439695707639800 ) ) ;
#9768 = CARTESIAN_POINT ( 'NONE',  ( 1.753222577963000184, 0.7000000014231969603, -3.449999999994080024 ) ) ;
#9769 = CIRCLE ( 'NONE', #9105, 0.3499999999999996447 ) ;
#9770 = AXIS2_PLACEMENT_3D ( 'NONE', #7643, #2220, #9273 ) ;
#9771 = FACE_BOUND ( 'NONE', #1670, .T. ) ;
#9772 = CARTESIAN_POINT ( 'NONE',  ( 4.453223239208963236, 2.902229363286457531, -3.238749584321860997 ) ) ;
#9773 = EDGE_CURVE ( 'NONE', #10382, #7064, #4228, .T. ) ;
#9774 = EDGE_CURVE ( 'NONE', #268, #3531, #9811, .T. ) ;
#9775 = B_SPLINE_CURVE_WITH_KNOTS ( 'NONE', 3,
 ( #5237, #2916, #4489, #4603, #6292, #552 ),
 .UNSPECIFIED., .F., .F.,
 ( 4, 1, 1, 4 ),
 ( 0.009336224776044449794, 0.1802631193727669834, 0.6251440895307799339, 0.9907996972049680773 ),
 .UNSPECIFIED. ) ;
#9776 = VERTEX_POINT ( 'NONE', #863 ) ;
#9777 = ORIENTED_EDGE ( 'NONE', *, *, #312, .F. ) ;
#9778 = VECTOR ( 'NONE', #1779, 1000.000000000000000 ) ;
#9779 = VECTOR ( 'NONE', #1618, 1000.000000000000000 ) ;
#9780 = CARTESIAN_POINT ( 'NONE',  ( 5.968887886142110411, 2.875301786886049982, -2.886207801834430153 ) ) ;
#9781 = CARTESIAN_POINT ( 'NONE',  ( 5.947683143740199796, 3.283053125945070150, -3.835269438832260125 ) ) ;
#9782 = CYLINDRICAL_SURFACE ( 'NONE', #9762, 0.7999999999999999334 ) ;
#9783 = ORIENTED_EDGE ( 'NONE', *, *, #4815, .T. ) ;
#9785 = EDGE_CURVE ( 'NONE', #5598, #6147, #1776, .T. ) ;
#9784 = CARTESIAN_POINT ( 'NONE',  ( 2.053222577959999740, 6.670001019719070001, -2.133755340585360205 ) ) ;
#9786 = CARTESIAN_POINT ( 'NONE',  ( 4.507142387661300376, 2.716460549111070044, -3.779489523356780456 ) ) ;
#9787 = ORIENTED_EDGE ( 'NONE', *, *, #10221, .F. ) ;
#9788 = CARTESIAN_POINT ( 'NONE',  ( 6.128766859466000305, 2.620492841811069784, -2.947372953530279727 ) ) ;
#9789 = ADVANCED_FACE ( 'NONE', ( #1854 ), #963, .F. ) ;
#9790 = CARTESIAN_POINT ( 'NONE',  ( 1.335267947815599987, 2.985231113798069824, -4.146156898168059435 ) ) ;
#9791 = CARTESIAN_POINT ( 'NONE',  ( 4.596720440126699891, 2.983564867358070138, -2.879898490275379697 ) ) ;
#9792 = VERTEX_POINT ( 'NONE', #5858 ) ;
#9793 = CARTESIAN_POINT ( 'NONE',  ( 1.220908835413030191, 2.792585366009249892, -2.862990103072360348 ) ) ;
#9794 = AXIS2_PLACEMENT_3D ( 'NONE', #2237, #8814, #4771 ) ;
#9795 = CARTESIAN_POINT ( 'NONE',  ( 6.176056090662900289, 3.344466468485069566, -2.992828825086159661 ) ) ;
#9796 = CARTESIAN_POINT ( 'NONE',  ( 4.702143446719289521, 3.024337192556560083, -4.088272356302169896 ) ) ;
#9797 = CARTESIAN_POINT ( 'NONE',  ( 5.683095854557000060, 2.981653082293069801, -2.536371549382780088 ) ) ;
#9798 = CARTESIAN_POINT ( 'NONE',  ( 2.502224334718969878, 3.107874407014280305, -4.167582660721150134 ) ) ;
#9799 = ORIENTED_EDGE ( 'NONE', *, *, #1171, .T. ) ;
#9800 = VERTEX_POINT ( 'NONE', #4173 ) ;
#9801 = CARTESIAN_POINT ( 'NONE',  ( 1.857591097613841447, 3.177137825983118891, -4.249999998694425685 ) ) ;
#9802 = ADVANCED_FACE ( 'NONE', ( #5015 ), #4932, .T. ) ;
#9803 =( GEOMETRIC_REPRESENTATION_CONTEXT ( 3 ) GLOBAL_UNCERTAINTY_ASSIGNED_CONTEXT ( ( #9876 ) ) GLOBAL_UNIT_ASSIGNED_CONTEXT ( ( #2153, #4741, #1417 ) ) REPRESENTATION_CONTEXT ( 'NONE', 'WORKASPACE' ) );
#9804 = CYLINDRICAL_SURFACE ( 'NONE', #342, 1.399999999080000057 ) ;
#9805 = FACE_OUTER_BOUND ( 'NONE', #5231, .T. ) ;
#9806 = EDGE_LOOP ( 'NONE', ( #2752, #5577 ) ) ;
#9807 = CARTESIAN_POINT ( 'NONE',  ( 5.231670929970722916, 3.071367091395201143, -4.453179094497082602 ) ) ;
#9808 = FACE_OUTER_BOUND ( 'NONE', #8048, .T. ) ;
#9809 = FACE_OUTER_BOUND ( 'NONE', #7001, .T. ) ;
#9810 = CARTESIAN_POINT ( 'NONE',  ( 6.540342289089998040, 8.193305340768999301, -3.343299277194003327 ) ) ;
#9811 = LINE ( 'NONE', #4076, #50 ) ;
#9812 = ORIENTED_EDGE ( 'NONE', *, *, #1872, .F. ) ;
#9813 = CARTESIAN_POINT ( 'NONE',  ( 3.153222577962000006, 0.8000000014230710388, -5.249999999992080113 ) ) ;
#9814 = CARTESIAN_POINT ( 'NONE',  ( 5.728396996102799399, 3.149755778849069987, -4.116325507567560216 ) ) ;
#9815 = CARTESIAN_POINT ( 'NONE',  ( 1.729315826921649979, 2.748934798873069685, -2.638366479894459715 ) ) ;
#9816 = CARTESIAN_POINT ( 'NONE',  ( 2.582021708077000266, 2.584501968271069927, -3.044784834612180191 ) ) ;
#9817 = CARTESIAN_POINT ( 'NONE',  ( 1.448547812895000009, 3.103207688199070002, -4.270512645620679670 ) ) ;
#9818 = DIRECTION ( 'NONE',  ( 1.000000000000000000, 0.000000000000000000, 0.000000000000000000 ) ) ;
#9819 = DIRECTION ( 'NONE',  ( -1.000000000000000000, 0.000000000000000000, 0.000000000000000000 ) ) ;
#9820 = CARTESIAN_POINT ( 'NONE',  ( 2.227193719831999541, 2.917475179757070158, -2.728340082105579878 ) ) ;
#9821 = DIRECTION ( 'NONE',  ( 0.000000000000000000, 1.000000000000000000, 1.016134094949459909E-15 ) ) ;
#9822 = EDGE_CURVE ( 'NONE', #62, #7637, #8280, .T. ) ;
#9823 = CARTESIAN_POINT ( 'NONE',  ( 0.5000000000000000000, 4.700001019498989407, -1.549999999994079891 ) ) ;
#9824 = CARTESIAN_POINT ( 'NONE',  ( 6.175599178412799262, 3.400373748932069784, -3.859960279797260085 ) ) ;
#9825 = VERTEX_POINT ( 'NONE', #916 ) ;
#9826 = CARTESIAN_POINT ( 'NONE',  ( 6.699999999740000156, 4.700001019498999177, 5.156985949383999805E-14 ) ) ;
#9827 = DIRECTION ( 'NONE',  ( 0.000000000000000000, -1.000000000000000000, 0.000000000000000000 ) ) ;
#9828 = DIRECTION ( 'NONE',  ( -1.000000000000000000, -1.196670403710999979E-13, 5.318682461804000160E-14 ) ) ;
#9829 = EDGE_CURVE ( 'NONE', #880, #10298, #5302, .T. ) ;
#9830 = EDGE_LOOP ( 'NONE', ( #6526, #9679, #5713, #513, #7011 ) ) ;
#9831 = ADVANCED_FACE ( 'NONE', ( #5654 ), #4921, .T. ) ;
#9832 = CARTESIAN_POINT ( 'NONE',  ( 0.5000000000000000000, 0.7000000014231949619, -1.549999999994079891 ) ) ;
#9833 = B_SPLINE_CURVE_WITH_KNOTS ( 'NONE', 3,
 ( #3826, #6406, #7039, #10349, #6253, #820, #3134, #10397 ),
 .UNSPECIFIED., .F., .F.,
 ( 4, 2, 2, 4 ),
 ( 0.000000000000000000, 0.0004096898891397185308, 0.0008193797782794370616, 0.001638759556558873690 ),
 .UNSPECIFIED. ) ;
#9834 = DIRECTION ( 'NONE',  ( 0.000000000000000000, 1.000000000000000000, 0.000000000000000000 ) ) ;
#9835 = VERTEX_POINT ( 'NONE', #173 ) ;
#9836 = CARTESIAN_POINT ( 'NONE',  ( 6.038774884711999746, 2.766540874744070067, -3.827563134079880136 ) ) ;
#9837 = CARTESIAN_POINT ( 'NONE',  ( 0.9049818252946010277, 3.073470056703069719, -3.701053363801659835 ) ) ;
#9838 = CARTESIAN_POINT ( 'NONE',  ( 0.7171581360963499296, 3.265610431511089651, -3.346559607486740084 ) ) ;
#9839 = ORIENTED_EDGE ( 'NONE', *, *, #5133, .F. ) ;
#9840 = EDGE_CURVE ( 'NONE', #6915, #2776, #4589, .T. ) ;
#9841 = CARTESIAN_POINT ( 'NONE',  ( 1.128563476138199961, 2.691645687431370337, -3.921597897642369990 ) ) ;
#9842 = CARTESIAN_POINT ( 'NONE',  ( 6.052134428391900300, 3.367601301879069808, -3.936686496238959609 ) ) ;
#9843 = CARTESIAN_POINT ( 'NONE',  ( 5.696625582884999872, 2.876194741330070137, -2.795706660348979966 ) ) ;
#9844 = CARTESIAN_POINT ( 'NONE',  ( 6.118338417087868741, 2.646743887717298183, -3.828100007742245126 ) ) ;
#9845 = ADVANCED_FACE ( 'NONE', ( #5175 ), #2751, .T. ) ;
#9846 = EDGE_CURVE ( 'NONE', #5699, #6371, #2696, .T. ) ;
#9847 = DIRECTION ( 'NONE',  ( 0.000000000000000000, -0.9883316081965690669, 0.1523175375312487700 ) ) ;
#9848 = FACE_OUTER_BOUND ( 'NONE', #519, .T. ) ;
#9849 = ORIENTED_EDGE ( 'NONE', *, *, #2826, .T. ) ;
#9850 = DIRECTION ( 'NONE',  ( 0.000000000000000000, -1.000000000000000000, -1.239088197940549937E-15 ) ) ;
#9851 = CARTESIAN_POINT ( 'NONE',  ( 3.053222577960999828, 4.400000001423070017, -1.549999999994079891 ) ) ;
#9852 = CARTESIAN_POINT ( 'NONE',  ( 2.411987144366999569, 2.817545208567069803, -3.886733549692079848 ) ) ;
#9853 = ORIENTED_EDGE ( 'NONE', *, *, #10369, .F. ) ;
#9854 = CARTESIAN_POINT ( 'NONE',  ( 1.484370127556740471, 8.262819718601461361, -4.726720567441274667 ) ) ;
#9855 = DIRECTION ( 'NONE',  ( 0.000000000000000000, 1.000000000000000000, 0.000000000000000000 ) ) ;
#9856 = CARTESIAN_POINT ( 'NONE',  ( 0.5357835806450003124, 8.080396037205005655, -2.714260380884002011 ) ) ;
#9857 = CARTESIAN_POINT ( 'NONE',  ( 6.580210643780005420, 8.119917736203998260, -3.629728456470000975 ) ) ;
#9858 = VECTOR ( 'NONE', #7165, 1000.000000000000000 ) ;
#9859 = EDGE_CURVE ( 'NONE', #4091, #5313, #4386, .T. ) ;
#9860 = ORIENTED_EDGE ( 'NONE', *, *, #10412, .T. ) ;
#9861 = CARTESIAN_POINT ( 'NONE',  ( 6.699999999740000156, 0.7000000014231999579, -5.400000000000000355 ) ) ;
#9862 = CARTESIAN_POINT ( 'NONE',  ( 4.698926172386599376, 3.190917829957069962, -4.148375311769059159 ) ) ;
#9863 = CARTESIAN_POINT ( 'NONE',  ( 0.7975180537308010909, 2.736375632746069986, -3.395795392789389577 ) ) ;
#9864 = PLANE ( 'NONE',  #2363 ) ;
#9865 = CARTESIAN_POINT ( 'NONE',  ( 1.610347458853999880, 3.049853886251070012, -4.227616399369080291 ) ) ;
#9866 = CARTESIAN_POINT ( 'NONE',  ( 2.618412390886099672, 3.459125453682069917, -3.600997827599659917 ) ) ;
#9867 = DIRECTION ( 'NONE',  ( 1.000000000000000000, 0.000000000000000000, 0.000000000000000000 ) ) ;
#9868 = EDGE_CURVE ( 'NONE', #4248, #9745, #9441, .T. ) ;
#9869 = CARTESIAN_POINT ( 'NONE',  ( 4.729566633612100723, 3.633633247149070211, -4.226412192689479319 ) ) ;
#9870 = PLANE ( 'NONE',  #9192 ) ;
#9871 = DIRECTION ( 'NONE',  ( -1.000000000000000000, 0.000000000000000000, 6.048113398993137935E-11 ) ) ;
#9872 = EDGE_CURVE ( 'NONE', #2098, #2374, #3699, .T. ) ;
#9873 = CARTESIAN_POINT ( 'NONE',  ( 6.176056090662900289, 3.344466468485069566, -2.992828825086159661 ) ) ;
#9874 = VERTEX_POINT ( 'NONE', #7645 ) ;
#9875 = EDGE_CURVE ( 'NONE', #3205, #9710, #4435, .T. ) ;
#9876 = UNCERTAINTY_MEASURE_WITH_UNIT (LENGTH_MEASURE( 1.000000000000000082E-05 ), #2153, 'distance_accuracy_value', 'NONE');
#9877 = CARTESIAN_POINT ( 'NONE',  ( 3.950000032610000211, 8.261302185252999308, -3.450000111213999965 ) ) ;
#9878 = CARTESIAN_POINT ( 'NONE',  ( 6.053222577959600059, 2.767681914086590034, -1.009946619339350038 ) ) ;
#9879 = LINE ( 'NONE', #144, #5060 ) ;
#9880 = EDGE_LOOP ( 'NONE', ( #6013, #9737, #10097, #6314, #1332, #8630 ) ) ;
#9881 = CARTESIAN_POINT ( 'NONE',  ( 5.253222577960192652, 3.274676319215107601, -4.249999998694357295 ) ) ;
#9882 = CARTESIAN_POINT ( 'NONE',  ( 6.262760665171694718, 8.264627940462537126, -4.271519079366418836 ) ) ;
#9883 = VERTEX_POINT ( 'NONE', #9129 ) ;
#9884 = CARTESIAN_POINT ( 'NONE',  ( 6.087865763208170300, 3.020050081984479995, -2.856657460457995512 ) ) ;
#9885 = CARTESIAN_POINT ( 'NONE',  ( 1.943707983496000047, 3.542056568462069954, -4.483957686819080024 ) ) ;
#9886 = CARTESIAN_POINT ( 'NONE',  ( 2.045704847653799785, 3.174268165737069936, -2.692520900487360258 ) ) ;
#9887 = AXIS2_PLACEMENT_3D ( 'NONE', #7633, #10043, #2632 ) ;
#9888 = EDGE_CURVE ( 'NONE', #8130, #10109, #5093, .T. ) ;
#9889 = EDGE_LOOP ( 'NONE', ( #4307, #6073, #2484, #4070 ) ) ;
#9890 = FACE_OUTER_BOUND ( 'NONE', #7696, .T. ) ;
#9891 = CARTESIAN_POINT ( 'NONE',  ( 7.500000000759999175, 1.019498654400000011E-06, -6.399999999722000510 ) ) ;
#9892 = DIRECTION ( 'NONE',  ( 0.000000000000000000, 1.000000000000000000, 0.000000000000000000 ) ) ;
#9893 = CARTESIAN_POINT ( 'NONE',  ( 0.000000000000000000, 3.800001019718999729, -2.149043746758999784 ) ) ;
#9894 = LINE ( 'NONE', #6743, #2714 ) ;
#9895 = CARTESIAN_POINT ( 'NONE',  ( 1.014493870003400078, 2.953926911574070058, -3.776240536961980254 ) ) ;
#9896 = VERTEX_POINT ( 'NONE', #10011 ) ;
#9897 = AXIS2_PLACEMENT_3D ( 'NONE', #1695, #6387, #909 ) ;
#9898 = ORIENTED_EDGE ( 'NONE', *, *, #3929, .T. ) ;
#9899 = CARTESIAN_POINT ( 'NONE',  ( 1.001899349548286411, 2.951113851370497976, -3.740879552098299143 ) ) ;
#9900 = CARTESIAN_POINT ( 'NONE',  ( 1.453222577960000095, 7.270001019719069646, -4.560180164253153201 ) ) ;
#9901 = FACE_OUTER_BOUND ( 'NONE', #8196, .T. ) ;
#9902 = ORIENTED_EDGE ( 'NONE', *, *, #8782, .F. ) ;
#9903 = EDGE_CURVE ( 'NONE', #3693, #361, #6913, .T. ) ;
#9904 = FACE_OUTER_BOUND ( 'NONE', #1252, .T. ) ;
#9905 = VECTOR ( 'NONE', #2868, 1000.000000000000227 ) ;
#9906 = CARTESIAN_POINT ( 'NONE',  ( 3.053222577960999828, 4.400000001423070017, -1.649999999994079980 ) ) ;
#9907 = CARTESIAN_POINT ( 'NONE',  ( 0.4567951554545002790, 8.189586321039000083, -3.522368414977002260 ) ) ;
#9908 = CARTESIAN_POINT ( 'NONE',  ( 3.832042224419998533, 8.080115392191000723, -3.473184629815998736 ) ) ;
#9909 = DIRECTION ( 'NONE',  ( 0.000000000000000000, -1.000000000000000000, 0.000000000000000000 ) ) ;
#9910 = VERTEX_POINT ( 'NONE', #9225 ) ;
#9911 = EDGE_CURVE ( 'NONE', #6025, #827, #6610, .T. ) ;
#9912 = ORIENTED_EDGE ( 'NONE', *, *, #7035, .T. ) ;
#9913 = AXIS2_PLACEMENT_3D ( 'NONE', #3492, #6611, #8179 ) ;
#9914 = CARTESIAN_POINT ( 'NONE',  ( 1.300000000840999981, 0.7000000014231000378, -0.3500000000010000112 ) ) ;
#9915 = CARTESIAN_POINT ( 'NONE',  ( 5.855919174852200371, 3.026800257993070176, -4.295146751732960233 ) ) ;
#9916 = CARTESIAN_POINT ( 'NONE',  ( 1.817764429413970095, 2.545631157653069909, -4.241544293378059827 ) ) ;
#9917 = ADVANCED_FACE ( 'NONE', ( #7597 ), #9177, .T. ) ;
#9918 = DIRECTION ( 'NONE',  ( 0.000000000000000000, -1.000000000000000000, 0.000000000000000000 ) ) ;
#9919 = CARTESIAN_POINT ( 'NONE',  ( 2.568636204395000178, 3.385714222616070135, -2.915084885333979692 ) ) ;
#9920 = CARTESIAN_POINT ( 'NONE',  ( 1.921050801049299928, 3.136153013473069961, -4.325674750324360218 ) ) ;
#9921 = DIRECTION ( 'NONE',  ( -0.000000000000000000, 0.9940776682001472020, 0.1086719355940540116 ) ) ;
#9922 = SECURITY_CLASSIFICATION_LEVEL ( 'unclassified' ) ;
#9923 = CARTESIAN_POINT ( 'NONE',  ( 1.753222577960000361, 2.754533156597672949, -2.649999998694358538 ) ) ;
#9924 = CARTESIAN_POINT ( 'NONE',  ( 6.499999999250078986, 6.079444165746215489, -3.638792277978740497 ) ) ;
#9925 = DIRECTION ( 'NONE',  ( 0.000000000000000000, 0.000000000000000000, -1.000000000000000000 ) ) ;
#9926 = VECTOR ( 'NONE', #7462, 1000.000000000000000 ) ;
#9927 = CARTESIAN_POINT ( 'NONE',  ( 5.103979130695900146, 3.002581162226070077, -4.321932656671859441 ) ) ;
#9928 = CIRCLE ( 'NONE', #5050, 0.1999999999999999833 ) ;
#9929 = LINE ( 'NONE', #7664, #3171 ) ;
#9930 = EDGE_CURVE ( 'NONE', #7734, #10090, #5916, .T. ) ;
#9931 = ORIENTED_EDGE ( 'NONE', *, *, #5927, .T. ) ;
#9932 = CARTESIAN_POINT ( 'NONE',  ( 3.950001365227302053, 8.261300776086986986, -3.391824460217142789 ) ) ;
#9933 = AXIS2_PLACEMENT_3D ( 'NONE', #5300, #8557, #408 ) ;
#9934 = CARTESIAN_POINT ( 'NONE',  ( 1.750000000000000000, 8.500001019718999018, -3.449999999580000143 ) ) ;
#9935 = VERTEX_POINT ( 'NONE', #6701 ) ;
#9936 = DIRECTION ( 'NONE',  ( 0.000000000000000000, -1.000000000000000000, -1.084202172485504040E-15 ) ) ;
#9937 = CARTESIAN_POINT ( 'NONE',  ( 6.447054651804139169, 8.264882511190286607, -3.967334429270552576 ) ) ;
#9938 = VERTEX_POINT ( 'NONE', #8328 ) ;
#9939 = CARTESIAN_POINT ( 'NONE',  ( 4.475657460117790087, 2.796175769918790355, -4.014090910385820443 ) ) ;
#9940 = CARTESIAN_POINT ( 'NONE',  ( 1.331815915967899944, 3.716044871700070029, -4.119054921429079918 ) ) ;
#9941 = CIRCLE ( 'NONE', #2544, 1.350000000000000089 ) ;
#9942 = CARTESIAN_POINT ( 'NONE',  ( 2.311420001925099665, 3.037281259083069784, -4.315473067032260523 ) ) ;
#9943 = VECTOR ( 'NONE', #5688, 1000.000000000000000 ) ;
#9944 = ORIENTED_EDGE ( 'NONE', *, *, #4196, .F. ) ;
#9945 = CARTESIAN_POINT ( 'NONE',  ( 4.453222577959000006, 1.922781433965179865, -5.297610847817890267 ) ) ;
#9946 = CARTESIAN_POINT ( 'NONE',  ( 3.153222577959999828, 2.240976201065830065, -4.527497685406180139 ) ) ;
#9947 = CARTESIAN_POINT ( 'NONE',  ( 3.500000000000000000, 0.000000000000000000, -5.400000000000000355 ) ) ;
#9948 = CARTESIAN_POINT ( 'NONE',  ( 6.133096345992422371, 2.608794080091722645, -3.656731771736051240 ) ) ;
#9949 = FACE_OUTER_BOUND ( 'NONE', #4011, .T. ) ;
#9950 = CARTESIAN_POINT ( 'NONE',  ( 0.9855766177748022105, 2.899162265508070213, -2.783382032416579666 ) ) ;
#9951 = ORIENTED_EDGE ( 'NONE', *, *, #1094, .T. ) ;
#9952 = EDGE_CURVE ( 'NONE', #9370, #1461, #1270, .T. ) ;
#9953 = ORIENTED_EDGE ( 'NONE', *, *, #5820, .T. ) ;
#9954 = CARTESIAN_POINT ( 'NONE',  ( 6.499999999250079874, 7.270001019719069646, -2.932268348356790177 ) ) ;
#9955 = DIRECTION ( 'NONE',  ( 0.000000000000000000, 1.000000000000000000, 0.000000000000000000 ) ) ;
#9956 = CARTESIAN_POINT ( 'NONE',  ( 0.5000000000000000000, 3.341743398537949883, -5.349999999994049737 ) ) ;
#9957 = ORIENTED_EDGE ( 'NONE', *, *, #6148, .F. ) ;
#9958 = DIRECTION ( 'NONE',  ( 0.000000000000000000, 0.000000000000000000, 1.000000000000000000 ) ) ;
#9959 = VECTOR ( 'NONE', #7708, 1000.000000000000000 ) ;
#9960 = CARTESIAN_POINT ( 'NONE',  ( 0.7369475619984997561, 8.275044568631997777, -4.271865737523001805 ) ) ;
#9961 = CARTESIAN_POINT ( 'NONE',  ( 4.332775309139998754, 8.116811051776004149, -4.430023923168002753 ) ) ;
#9962 = CARTESIAN_POINT ( 'NONE',  ( 0.3532225779620510320, 0.8000000014230710388, -1.649999999987080024 ) ) ;
#9963 = ORIENTED_EDGE ( 'NONE', *, *, #8782, .T. ) ;
#9964 = ADVANCED_FACE ( 'NONE', ( #8433 ), #1226, .F. ) ;
#9965 = VECTOR ( 'NONE', #2797, 1000.000000000000000 ) ;
#9966 = ORIENTED_EDGE ( 'NONE', *, *, #7971, .F. ) ;
#9967 = B_SPLINE_CURVE_WITH_KNOTS ( 'NONE', 3,
 ( #3078, #714, #3922, #7138, #10341, #3124, #8072 ),
 .UNSPECIFIED., .F., .F.,
 ( 4, 3, 4 ),
 ( 0.000000000000000000, 0.3767433033269419473, 1.000000000000000000 ),
 .UNSPECIFIED. ) ;
#9968 = DIRECTION ( 'NONE',  ( -1.000000000000000000, 0.000000000000000000, 3.466042557132008154E-10 ) ) ;
#9969 = CARTESIAN_POINT ( 'NONE',  ( 6.141139992354499810, 3.054005788746069872, -3.531087903591560107 ) ) ;
#9970 = CARTESIAN_POINT ( 'NONE',  ( 6.553269144679997993, 8.083701910499001997, -2.886856900289002326 ) ) ;
#9971 = VERTEX_POINT ( 'NONE', #2849 ) ;
#9972 = DIRECTION ( 'NONE',  ( 0.000000000000000000, -1.000000000000000000, 0.000000000000000000 ) ) ;
#9973 = CARTESIAN_POINT ( 'NONE',  ( 0.7828374805010019921, 3.229010403906070081, -3.353117015395239875 ) ) ;
#9974 = CARTESIAN_POINT ( 'NONE',  ( 1.696696967293849889, 2.903490982158070111, -2.486833670734259538 ) ) ;
#9975 = EDGE_CURVE ( 'NONE', #2884, #5678, #9276, .T. ) ;
#9976 = CC_DESIGN_APPROVAL ( #10218, ( #5263 ) ) ;
#9977 = LINE ( 'NONE', #8339, #10121 ) ;
#9978 = CARTESIAN_POINT ( 'NONE',  ( 4.380671299455899614, 3.291330458527069958, -2.863488848285479893 ) ) ;
#9979 = CARTESIAN_POINT ( 'NONE',  ( 4.806866035447999508, 3.515062111733070260, -4.189297021186079384 ) ) ;
#9980 = EDGE_CURVE ( 'NONE', #2897, #9984, #4481, .T. ) ;
#9981 = FACE_OUTER_BOUND ( 'NONE', #5331, .T. ) ;
#9982 = CARTESIAN_POINT ( 'NONE',  ( 4.702700687871200103, 3.103379271260070293, -2.853136404385760105 ) ) ;
#9983 = CARTESIAN_POINT ( 'NONE',  ( 4.453222577959000006, 1.922781433965179865, -5.297610847817890267 ) ) ;
#9984 = VERTEX_POINT ( 'NONE', #10272 ) ;
#9985 = CARTESIAN_POINT ( 'NONE',  ( 5.253222577959999917, 2.985462208132676931, -2.649999998694359871 ) ) ;
#9986 = DIRECTION ( 'NONE',  ( 1.000000000000000000, 0.000000000000000000, 0.000000000000000000 ) ) ;
#9987 = EDGE_LOOP ( 'NONE', ( #1357, #2316, #9205, #3326 ) ) ;
#9988 = EDGE_CURVE ( 'NONE', #10147, #10109, #2167, .T. ) ;
#9989 = CARTESIAN_POINT ( 'NONE',  ( 5.515797757566301307, 8.263580333602364547, -4.726684941135434137 ) ) ;
#9990 = ORIENTED_EDGE ( 'NONE', *, *, #4354, .T. ) ;
#9991 = CARTESIAN_POINT ( 'NONE',  ( 5.593786658656000554, 3.137151270124070024, -4.390217711898079855 ) ) ;
#9992 = CARTESIAN_POINT ( 'NONE',  ( 1.902339544458000020, 3.668662596109069529, -4.259409168701379755 ) ) ;
#9993 = CARTESIAN_POINT ( 'NONE',  ( 1.124760767282499963, 2.607157009919069957, -3.964155367318859646 ) ) ;
#9994 = ORIENTED_EDGE ( 'NONE', *, *, #7504, .T. ) ;
#9995 = CARTESIAN_POINT ( 'NONE',  ( 4.953222577960006312, 7.070001019719070356, -4.766244656803269031 ) ) ;
#9996 = CARTESIAN_POINT ( 'NONE',  ( 6.179550670390900002, 3.345899108403069810, -3.644613446233960108 ) ) ;
#9997 = CARTESIAN_POINT ( 'NONE',  ( 2.337927048512609574, 2.999040839061089869, -2.638953792440410062 ) ) ;
#9998 = CARTESIAN_POINT ( 'NONE',  ( 4.826940811035314027, 0.7000000014231969603, -3.429077326183982866 ) ) ;
#9999 = CARTESIAN_POINT ( 'NONE',  ( 6.128751111488000447, 2.631691868338069451, -2.947373046516979844 ) ) ;
#10000 = CARTESIAN_POINT ( 'NONE',  ( 3.800000000259999844, 4.700001019498999177, -5.400000000000000355 ) ) ;
#10001 = ORIENTED_EDGE ( 'NONE', *, *, #953, .T. ) ;
#10002 = EDGE_LOOP ( 'NONE', ( #3548, #5987 ) ) ;
#10003 = CARTESIAN_POINT ( 'NONE',  ( 4.291301082258269339, 3.234269667769220202, -3.848542944382800091 ) ) ;
#10004 = FACE_OUTER_BOUND ( 'NONE', #6322, .T. ) ;
#10005 = PLANE ( 'NONE',  #9391 ) ;
#10006 = VERTEX_POINT ( 'NONE', #1586 ) ;
#10007 = CARTESIAN_POINT ( 'NONE',  ( 5.652741642226830621, 0.6000000014230709722, -3.469609112349211877 ) ) ;
#10008 = CARTESIAN_POINT ( 'NONE',  ( 0.4539906625984003741, 8.274630115171005329, -3.342994158249001035 ) ) ;
#10009 = EDGE_CURVE ( 'NONE', #9638, #6848, #1534, .T. ) ;
#10010 = CARTESIAN_POINT ( 'NONE',  ( 5.153294001129992807, 8.081893241873999045, -4.866433590765999462 ) ) ;
#10011 = CARTESIAN_POINT ( 'NONE',  ( 2.553222577959600059, 2.042160668634469545, -4.549232072354529421 ) ) ;
#10012 = ORIENTED_EDGE ( 'NONE', *, *, #9004, .F. ) ;
#10013 = ORIENTED_EDGE ( 'NONE', *, *, #2444, .F. ) ;
#10014 = LINE ( 'NONE', #4971, #8225 ) ;
#10015 = CARTESIAN_POINT ( 'NONE',  ( 4.327645159970699318, 3.136329890962069822, -3.919917720438660158 ) ) ;
#10016 = DIRECTION ( 'NONE',  ( 0.000000000000000000, 0.000000000000000000, -1.000000000000000000 ) ) ;
#10017 = ORIENTED_EDGE ( 'NONE', *, *, #3433, .F. ) ;
#10018 = DIRECTION ( 'NONE',  ( 0.000000000000000000, 1.070816960479510155E-15, -1.000000000000000000 ) ) ;
#10019 = CARTESIAN_POINT ( 'NONE',  ( 1.552885760879999966, 3.535989847133070185, -4.384908473196679424 ) ) ;
#10020 = CARTESIAN_POINT ( 'NONE',  ( 1.244440027810099991, 3.231903003575069988, -4.091030987124359974 ) ) ;
#10021 = LINE ( 'NONE', #1923, #1888 ) ;
#10022 = CARTESIAN_POINT ( 'NONE',  ( 5.258268797962000640, 3.438416004442069962, -2.550879551808379553 ) ) ;
#10023 = CARTESIAN_POINT ( 'NONE',  ( 5.909754114292000260, 3.521931199502069898, -4.271099649570979651 ) ) ;
#10024 = DIRECTION ( 'NONE',  ( 0.000000000000000000, -1.000000000000000000, 0.000000000000000000 ) ) ;
#10025 = CARTESIAN_POINT ( 'NONE',  ( 4.438958695516600272, 3.131799785053070106, -4.080557153820959293 ) ) ;
#10026 = FACE_OUTER_BOUND ( 'NONE', #9573, .T. ) ;
#10027 = EDGE_CURVE ( 'NONE', #4996, #1227, #1380, .T. ) ;
#10028 = EDGE_LOOP ( 'NONE', ( #2946, #9853, #9265, #7818 ) ) ;
#10029 = EDGE_CURVE ( 'NONE', #1233, #3947, #9586, .T. ) ;
#10030 = PLANE ( 'NONE',  #4756 ) ;
#10031 = CARTESIAN_POINT ( 'NONE',  ( 0.000000000000000000, 3.800001019718999729, -1.749043746659000087 ) ) ;
#10032 = ORIENTED_EDGE ( 'NONE', *, *, #6140, .F. ) ;
#10033 = CARTESIAN_POINT ( 'NONE',  ( 2.429691751707383940, 2.917295108410549620, -2.713547012140346215 ) ) ;
#10034 = ORIENTED_EDGE ( 'NONE', *, *, #7525, .F. ) ;
#10035 = CARTESIAN_POINT ( 'NONE',  ( 4.489006197660240893, 2.814629173895677017, -2.805074452469873414 ) ) ;
#10036 = CARTESIAN_POINT ( 'NONE',  ( 1.188700139559400126, 3.591431237934069820, -4.287003969790579738 ) ) ;
#10037 = ORIENTED_EDGE ( 'NONE', *, *, #1171, .F. ) ;
#10038 = ORIENTED_EDGE ( 'NONE', *, *, #3745, .T. ) ;
#10039 = ADVANCED_FACE ( 'NONE', ( #4806 ), #3852, .T. ) ;
#10040 = CARTESIAN_POINT ( 'NONE',  ( 5.253222577961000006, 2.250294765869069735, -1.549999999994079891 ) ) ;
#10041 = CARTESIAN_POINT ( 'NONE',  ( 4.797884290493800385, 3.026210793719070313, -4.208424161394959562 ) ) ;
#10042 = CARTESIAN_POINT ( 'NONE',  ( 5.250000005291606264, 8.263201068284603323, -4.749998831476117012 ) ) ;
#10043 = DIRECTION ( 'NONE',  ( 1.000000000000000000, 0.000000000000000000, 0.000000000000000000 ) ) ;
#10044 = CARTESIAN_POINT ( 'NONE',  ( 6.258249258825999917, 2.650604850119070210, -3.218873913983979929 ) ) ;
#10045 = CYLINDRICAL_SURFACE ( 'NONE', #7176, 0.9499999999999998446 ) ;
#10046 = ORIENTED_EDGE ( 'NONE', *, *, #8704, .T. ) ;
#10047 = ORIENTED_EDGE ( 'NONE', *, *, #5865, .T. ) ;
#10048 = AXIS2_PLACEMENT_3D ( 'NONE', #3962, #5696, #3278 ) ;
#10049 = CARTESIAN_POINT ( 'NONE',  ( 0.7993107117307010068, 3.138079368117070000, -3.370241093924180031 ) ) ;
#10050 = FACE_BOUND ( 'NONE', #775, .T. ) ;
#10051 = CARTESIAN_POINT ( 'NONE',  ( 5.253222577961000006, 2.250294765869069735, -5.349999999994079936 ) ) ;
#10052 = ORIENTED_EDGE ( 'NONE', *, *, #5055, .F. ) ;
#10053 = EDGE_CURVE ( 'NONE', #6308, #8553, #403, .T. ) ;
#10054 = CARTESIAN_POINT ( 'NONE',  ( 2.549999999158999664, 0.7000000014235999712, -0.3499999999999999778 ) ) ;
#10055 = CARTESIAN_POINT ( 'NONE',  ( 4.800000000839999892, 1.019498648065999864E-06, -4.000000000000000000 ) ) ;
#10056 = CARTESIAN_POINT ( 'NONE',  ( 6.049063372551099604, 2.769079335479809778, -3.745360157368149867 ) ) ;
#10057 = AXIS2_PLACEMENT_3D ( 'NONE', #1692, #906, #4067 ) ;
#10058 = CARTESIAN_POINT ( 'NONE',  ( 4.153222577959000184, 3.583840959242920121, -1.375398428162259989 ) ) ;
#10059 = ORIENTED_EDGE ( 'NONE', *, *, #2769, .F. ) ;
#10060 = VERTEX_POINT ( 'NONE', #2320 ) ;
#10061 = CARTESIAN_POINT ( 'NONE',  ( 0.000000000000000000, 8.500001019718999018, -2.149043746758999784 ) ) ;
#10062 = CARTESIAN_POINT ( 'NONE',  ( 6.207935472438700586, 2.545584625790069833, -3.128916302331759880 ) ) ;
#10063 = CIRCLE ( 'NONE', #10232, 0.2000000000000000666 ) ;
#10064 = CARTESIAN_POINT ( 'NONE',  ( 5.539393634479997885, 8.082399575536003411, -2.060078327489002437 ) ) ;
#10065 = VERTEX_POINT ( 'NONE', #8586 ) ;
#10066 = CARTESIAN_POINT ( 'NONE',  ( 1.537206757384907752, 2.971730695300054848, -4.250000115898957986 ) ) ;
#10067 = CARTESIAN_POINT ( 'NONE',  ( 2.570010656833000784, 8.083085994033998745, -4.608971011254004324 ) ) ;
#10068 = CARTESIAN_POINT ( 'NONE',  ( 1.540623926169500058, 3.163535421715069962, -4.315895140356059478 ) ) ;
#10069 = CARTESIAN_POINT ( 'NONE',  ( 0.5000000007595999385, 4.700001019498999177, -5.700000000180000193 ) ) ;
#10070 = CARTESIAN_POINT ( 'NONE',  ( 0.9993210202391769048, 2.828597410211020069, -2.832843408476199976 ) ) ;
#10071 = CARTESIAN_POINT ( 'NONE',  ( 6.300479890744000500, 3.448034277237069567, -3.357301511103670144 ) ) ;
#10072 = AXIS2_PLACEMENT_3D ( 'NONE', #1122, #4334, #9968 ) ;
#10073 = DIRECTION ( 'NONE',  ( 0.000000000000000000, -1.000000000000000000, 0.000000000000000000 ) ) ;
#10074 = CARTESIAN_POINT ( 'NONE',  ( 5.772055276986598926, 2.996301579162070183, -4.254438909914960654 ) ) ;
#10075 = CARTESIAN_POINT ( 'NONE',  ( 0.000000000000000000, 8.500001019718999018, -2.149043746758999784 ) ) ;
#10076 = AXIS2_PLACEMENT_3D ( 'NONE', #637, #3641, #3846 ) ;
#10077 = ORIENTED_EDGE ( 'NONE', *, *, #4309, .T. ) ;
#10078 = DIRECTION ( 'NONE',  ( 0.000000000000000000, -1.000000000000000000, 0.000000000000000000 ) ) ;
#10079 = CARTESIAN_POINT ( 'NONE',  ( 6.353222183138599100, 4.399999984901520556, -1.664157252011770005 ) ) ;
#10080 = ORIENTED_EDGE ( 'NONE', *, *, #5199, .T. ) ;
#10081 = AXIS2_PLACEMENT_3D ( 'NONE', #10040, #5310, #6160 ) ;
#10082 = DIRECTION ( 'NONE',  ( 0.000000000000000000, 1.000000000000000000, 0.000000000000000000 ) ) ;
#10083 = ORIENTED_EDGE ( 'NONE', *, *, #7661, .T. ) ;
#10084 = AXIS2_PLACEMENT_3D ( 'NONE', #1557, #3977, #2137 ) ;
#10085 = EDGE_CURVE ( 'NONE', #6371, #2581, #7068, .T. ) ;
#10086 = FACE_OUTER_BOUND ( 'NONE', #8938, .T. ) ;
#10087 = EDGE_CURVE ( 'NONE', #9503, #5382, #6381, .T. ) ;
#10088 = CARTESIAN_POINT ( 'NONE',  ( 1.395655943066999916, 3.710033569790069929, -4.157892529097879653 ) ) ;
#10089 = ORIENTED_EDGE ( 'NONE', *, *, #8296, .F. ) ;
#10090 = VERTEX_POINT ( 'NONE', #6227 ) ;
#10091 = VECTOR ( 'NONE', #1777, 1000.000000000000000 ) ;
#10092 = AXIS2_PLACEMENT_3D ( 'NONE', #7879, #1298, #3728 ) ;
#10093 = CARTESIAN_POINT ( 'NONE',  ( 0.5577641868548999238, 8.189734215740006817, -2.934737462506002981 ) ) ;
#10094 = PLANE ( 'NONE',  #7737 ) ;
#10095 = CARTESIAN_POINT ( 'NONE',  ( 5.444946648329800354, 3.019931210655070419, -4.387843915508660153 ) ) ;
#10096 = CARTESIAN_POINT ( 'NONE',  ( 4.358804786538465592, 8.261907483187062695, -4.402020502552591807 ) ) ;
#10097 = ORIENTED_EDGE ( 'NONE', *, *, #4697, .F. ) ;
#10098 = PLANE ( 'NONE',  #6082 ) ;
#10099 = CARTESIAN_POINT ( 'NONE',  ( 1.173220409279900123, 2.991185345124069972, -2.810393581350679959 ) ) ;
#10100 = ORIENTED_EDGE ( 'NONE', *, *, #5865, .F. ) ;
#10101 = ADVANCED_FACE ( 'NONE', ( #643 ), #215, .F. ) ;
#10102 = ORIENTED_EDGE ( 'NONE', *, *, #6365, .T. ) ;
#10103 = CIRCLE ( 'NONE', #5409, 0.8000000000000004885 ) ;
#10104 = VECTOR ( 'NONE', #4692, 1000.000000000000000 ) ;
#10105 = CARTESIAN_POINT ( 'NONE',  ( 0.9440605638513009934, 3.056120008275069910, -3.382343983173690116 ) ) ;
#10106 = DIRECTION ( 'NONE',  ( 0.000000000000000000, 1.000000000000000000, 1.016134094949459909E-15 ) ) ;
#10107 = DIRECTION ( 'NONE',  ( 0.000000000000000000, -0.9883316596420829159, 0.1523172037201509788 ) ) ;
#10108 = B_SPLINE_CURVE_WITH_KNOTS ( 'NONE', 3,
 ( #8139, #188, #5087, #3450, #9767, #1029, #5822 ),
 .UNSPECIFIED., .F., .F.,
 ( 4, 3, 4 ),
 ( 0.000000000000000000, 0.8868874633013349440, 1.000000000000000000 ),
 .UNSPECIFIED. ) ;
#10109 = VERTEX_POINT ( 'NONE', #5488 ) ;
#10110 = PLANE ( 'NONE',  #3045 ) ;
#10111 = CARTESIAN_POINT ( 'NONE',  ( 5.861338644122528585, 2.670001019719071778, -4.156190148474686374 ) ) ;
#10112 = VECTOR ( 'NONE', #1617, 1000.000000000000000 ) ;
#10113 = AXIS2_PLACEMENT_3D ( 'NONE', #6999, #1363, #7678 ) ;
#10114 = CARTESIAN_POINT ( 'NONE',  ( 2.553222577959600059, 2.516840480107719991, -1.424464079161599894 ) ) ;
#10115 = DIRECTION ( 'NONE',  ( 1.421085471171000048E-13, 0.000000000000000000, -1.000000000000000000 ) ) ;
#10116 = ORIENTED_EDGE ( 'NONE', *, *, #9647, .F. ) ;
#10117 = ADVANCED_FACE ( 'NONE', ( #2223 ), #698, .F. ) ;
#10118 = EDGE_LOOP ( 'NONE', ( #3185, #4582, #2157, #24 ) ) ;
#10119 = CARTESIAN_POINT ( 'NONE',  ( 4.595867617767220636, 2.936120290326039939, -3.905939534792199908 ) ) ;
#10120 = LINE ( 'NONE', #1435, #7386 ) ;
#10121 = VECTOR ( 'NONE', #1971, 1000.000000000000000 ) ;
#10122 = CARTESIAN_POINT ( 'NONE',  ( 4.824008087929000155, 2.780181706324070134, -4.231503369962259953 ) ) ;
#10123 = CARTESIAN_POINT ( 'NONE',  ( 6.220352884069997756, 8.083278183273000295, -2.413638976052999929 ) ) ;
#10124 = ORIENTED_EDGE ( 'NONE', *, *, #7284, .T. ) ;
#10125 = DIRECTION ( 'NONE',  ( 1.000000000000000000, 1.824712256293103155E-12, 1.788933584601081559E-13 ) ) ;
#10126 = ADVANCED_FACE ( 'NONE', ( #9535 ), #3113, .T. ) ;
#10127 = CARTESIAN_POINT ( 'NONE',  ( 2.964322254442999238, 8.083589188901001421, -4.185559978181998098 ) ) ;
#10128 = CARTESIAN_POINT ( 'NONE',  ( 2.462961162417799610, 3.122373370607069987, -3.857494235665160254 ) ) ;
#10129 = CARTESIAN_POINT ( 'NONE',  ( 5.772055276986598926, 2.996301579162070183, -4.254438909914960654 ) ) ;
#10130 = AXIS2_PLACEMENT_3D ( 'NONE', #8903, #1838, #60 ) ;
#10131 = CARTESIAN_POINT ( 'NONE',  ( 4.895655943063999871, 3.710033569790069929, -4.157892529097879653 ) ) ;
#10132 = CARTESIAN_POINT ( 'NONE',  ( 5.253222577959999917, 2.570001019719070356, -3.449999998694359693 ) ) ;
#10133 = CARTESIAN_POINT ( 'NONE',  ( 5.926787535062300272, 2.919133101621070203, -2.670937584812659527 ) ) ;
#10134 = CARTESIAN_POINT ( 'NONE',  ( 2.053222577959999740, 7.270001019719069646, -4.560180164253153201 ) ) ;
#10135 = AXIS2_PLACEMENT_3D ( 'NONE', #4680, #10201, #6270 ) ;
#10136 = B_SPLINE_CURVE_WITH_KNOTS ( 'NONE', 3,
 ( #8907, #5646, #1539, #4809 ),
 .UNSPECIFIED., .F., .F.,
 ( 4, 4 ),
 ( 0.000000000000000000, 0.0004413596398540490856 ),
 .UNSPECIFIED. ) ;
#10137 = ORIENTED_EDGE ( 'NONE', *, *, #2550, .T. ) ;
#10138 = CARTESIAN_POINT ( 'NONE',  ( 2.488199458345599080, 2.972380253567126651, -2.873552380155039554 ) ) ;
#10139 = EDGE_CURVE ( 'NONE', #8665, #4215, #2378, .T. ) ;
#10140 = CARTESIAN_POINT ( 'NONE',  ( 17.50000000000000000, 8.500001019718999018, -5.500000000078999918 ) ) ;
#10141 = VERTEX_POINT ( 'NONE', #10375 ) ;
#10142 = CARTESIAN_POINT ( 'NONE',  ( 1.753222700031320080, 2.670002976677069650, -4.449993869428159776 ) ) ;
#10143 = ORIENTED_EDGE ( 'NONE', *, *, #6446, .T. ) ;
#10144 = LINE ( 'NONE', #6261, #8248 ) ;
#10145 = FACE_OUTER_BOUND ( 'NONE', #5725, .T. ) ;
#10146 = ORIENTED_EDGE ( 'NONE', *, *, #2703, .F. ) ;
#10147 = VERTEX_POINT ( 'NONE', #2585 ) ;
#10148 = ADVANCED_FACE ( 'NONE', ( #1686 ), #4120, .T. ) ;
#10149 = CARTESIAN_POINT ( 'NONE',  ( 3.043277656333997605, 8.119867550509001219, -3.090585063999998106 ) ) ;
#10150 = CARTESIAN_POINT ( 'NONE',  ( 6.203222577961001072, 2.250294765869069735, -1.549999999994079891 ) ) ;
#10151 = CARTESIAN_POINT ( 'NONE',  ( 6.109090707168400414, 2.908062636256069755, -3.673673671719559941 ) ) ;
#10152 = CARTESIAN_POINT ( 'NONE',  ( 5.250000000000000000, 8.300001019718999729, -3.449999999580000143 ) ) ;
#10153 = EDGE_LOOP ( 'NONE', ( #8419, #625, #3676, #3762 ) ) ;
#10154 = DIRECTION ( 'NONE',  ( 0.000000000000000000, 1.000000000000000000, 0.000000000000000000 ) ) ;
#10155 = CARTESIAN_POINT ( 'NONE',  ( 1.285284881989199990, 3.077297927195010274, -4.284762616183289907 ) ) ;
#10156 = ORIENTED_EDGE ( 'NONE', *, *, #1040, .T. ) ;
#10157 = VERTEX_POINT ( 'NONE', #8163 ) ;
#10158 = CARTESIAN_POINT ( 'NONE',  ( 2.045704847653799785, 3.174268165737069936, -2.692520900487360258 ) ) ;
#10159 = CARTESIAN_POINT ( 'NONE',  ( 4.408148630122822098, 2.843507561929848215, -3.035418100237479599 ) ) ;
#10160 = CARTESIAN_POINT ( 'NONE',  ( 0.9410419724644520922, 2.743307747718110257, -3.999675475030630700 ) ) ;
#10161 = ORIENTED_EDGE ( 'NONE', *, *, #445, .T. ) ;
#10162 = LINE ( 'NONE', #1097, #5731 ) ;
#10163 = EDGE_CURVE ( 'NONE', #7911, #8794, #2478, .T. ) ;
#10164 = DIRECTION ( 'NONE',  ( 0.000000000000000000, -1.016134094949460501E-15, 1.000000000000000000 ) ) ;
#10165 = EDGE_CURVE ( 'NONE', #8404, #9414, #9453, .T. ) ;
#10166 = CARTESIAN_POINT ( 'NONE',  ( 4.984263418170002957, 8.276135631593996678, -4.727152856610999265 ) ) ;
#10167 = CARTESIAN_POINT ( 'NONE',  ( 4.330568411652713223, 3.206295191729159555, -3.571871139594255951 ) ) ;
#10168 = ORIENTED_EDGE ( 'NONE', *, *, #2058, .T. ) ;
#10169 = DIRECTION ( 'NONE',  ( 0.2890271499030919733, 0.000000000000000000, -0.9573209005442718800 ) ) ;
#10170 = CARTESIAN_POINT ( 'NONE',  ( 1.086932955130448297, 2.927847719411945882, -2.743731612977716949 ) ) ;
#10171 = CARTESIAN_POINT ( 'NONE',  ( 6.203563665340099398, 2.607901067709069931, -3.458894140785820248 ) ) ;
#10172 = CARTESIAN_POINT ( 'NONE',  ( 3.956795155460000935, 8.189586321038996530, -3.522368414977000484 ) ) ;
#10173 = ORIENTED_EDGE ( 'NONE', *, *, #5783, .T. ) ;
#10174 = DIRECTION ( 'NONE',  ( -1.000000000000000000, 0.000000000000000000, 1.781189284539538762E-13 ) ) ;
#10175 = CARTESIAN_POINT ( 'NONE',  ( 1.593413921002949873, 2.680159722548582479, -4.440340465395044234 ) ) ;
#10176 = CARTESIAN_POINT ( 'NONE',  ( 2.573266199914799657, 2.627554973027069973, -3.174207518212960100 ) ) ;
#10177 = EDGE_CURVE ( 'NONE', #9071, #9042, #9742, .T. ) ;
#10178 = CARTESIAN_POINT ( 'NONE',  ( 4.474623106286899521, 3.032490376782070118, -3.680441670849360136 ) ) ;
#10179 = CARTESIAN_POINT ( 'NONE',  ( 2.459468929120030012, 2.885681333438499863, -3.825787294212910084 ) ) ;
#10180 = CARTESIAN_POINT ( 'NONE',  ( 5.065776848835000123, 3.208169412775069951, -4.407059883254278887 ) ) ;
#10181 = LINE ( 'NONE', #1445, #5371 ) ;
#10182 = CARTESIAN_POINT ( 'NONE',  ( 6.035105887525699764, 2.860803373271070260, -3.036238404515459788 ) ) ;
#10183 = CARTESIAN_POINT ( 'NONE',  ( 0.9584505671494010226, 3.120729319688070103, -3.061570317180360323 ) ) ;
#10184 = CARTESIAN_POINT ( 'NONE',  ( 1.436556906857899829, 2.725305167381070426, -2.702307980264760268 ) ) ;
#10185 = VERTEX_POINT ( 'NONE', #3274 ) ;
#10186 = EDGE_CURVE ( 'NONE', #584, #7625, #6486, .T. ) ;
#10187 = CARTESIAN_POINT ( 'NONE',  ( 4.571064215249698748, 2.911475503778947704, -2.718951483682324533 ) ) ;
#10188 = FACE_OUTER_BOUND ( 'NONE', #6902, .T. ) ;
#10189 = EDGE_LOOP ( 'NONE', ( #6319, #7282 ) ) ;
#10190 = AXIS2_PLACEMENT_3D ( 'NONE', #2479, #2634, #5749 ) ;
#10191 = CARTESIAN_POINT ( 'NONE',  ( 0.6532225779590010717, 4.200000001423520146, -1.664158040310059983 ) ) ;
#10192 = ORIENTED_EDGE ( 'NONE', *, *, #5143, .T. ) ;
#10193 = CARTESIAN_POINT ( 'NONE',  ( 1.750000000000000222, 8.300001019718999729, -4.949999999580000143 ) ) ;
#10194 = CARTESIAN_POINT ( 'NONE',  ( 2.559016080571999918, 3.167210376239069980, -3.282463513852480030 ) ) ;
#10195 = EDGE_CURVE ( 'NONE', #537, #3198, #7558, .T. ) ;
#10196 = ORIENTED_EDGE ( 'NONE', *, *, #7189, .F. ) ;
#10197 = ORIENTED_EDGE ( 'NONE', *, *, #1001, .F. ) ;
#10198 = CARTESIAN_POINT ( 'NONE',  ( 1.661232908886001169, 8.191352347839996995, -2.154221938060001396 ) ) ;
#10199 = CARTESIAN_POINT ( 'NONE',  ( 5.253223012018873206, 2.954554108147587232, -4.249999998694242720 ) ) ;
#10200 = CARTESIAN_POINT ( 'NONE',  ( 4.835267947815599321, 2.985231113798069824, -4.146156898168059435 ) ) ;
#10201 = DIRECTION ( 'NONE',  ( 0.000000000000000000, 0.000000000000000000, 1.000000000000000000 ) ) ;
#10202 = ORIENTED_EDGE ( 'NONE', *, *, #9184, .T. ) ;
#10203 = CARTESIAN_POINT ( 'NONE',  ( 4.441041972461700738, 2.743307747718509937, -3.999675475026350124 ) ) ;
#10204 = CARTESIAN_POINT ( 'NONE',  ( 1.324738561781369395, 3.098175328139909368, -4.353481558307039201 ) ) ;
#10205 = ORIENTED_EDGE ( 'NONE', *, *, #4833, .F. ) ;
#10206 = ORIENTED_EDGE ( 'NONE', *, *, #1608, .T. ) ;
#10207 = CARTESIAN_POINT ( 'NONE',  ( 1.053804348267999957, 3.049840425211069572, -3.991621920859059980 ) ) ;
#10208 = CARTESIAN_POINT ( 'NONE',  ( 6.499999999250099414, 4.700001019498989407, -1.549999999994079891 ) ) ;
#10209 = DIRECTION ( 'NONE',  ( -1.000000000000000000, 0.000000000000000000, 0.000000000000000000 ) ) ;
#10210 = ORIENTED_EDGE ( 'NONE', *, *, #2131, .F. ) ;
#10211 = DIRECTION ( 'NONE',  ( 1.929209452882036608E-24, -1.166811569252333346E-12, -1.000000000000000000 ) ) ;
#10212 = CARTESIAN_POINT ( 'NONE',  ( 4.500042224879999608, 8.190389618051998610, -4.510416744104000841 ) ) ;
#10213 = CARTESIAN_POINT ( 'NONE',  ( 4.520992995851128349, 3.256964743781980864, -2.875332560313154318 ) ) ;
#10214 = CARTESIAN_POINT ( 'NONE',  ( 4.832706651793199804, 3.249497245730069928, -2.655284748178980081 ) ) ;
#10215 = CIRCLE ( 'NONE', #473, 0.1000000000000002554 ) ;
#10216 = ORIENTED_EDGE ( 'NONE', *, *, #1075, .F. ) ;
#10217 = EDGE_CURVE ( 'NONE', #2092, #9896, #9259, .T. ) ;
#10218 = APPROVAL ( #4793, 'UNSPECIFIED' ) ;
#10219 = CARTESIAN_POINT ( 'NONE',  ( 4.953222577959998318, 7.123654220544582749, -4.766244656803179325 ) ) ;
#10220 = CARTESIAN_POINT ( 'NONE',  ( 1.148117854541389704, 2.982863666575708450, -2.818232491801659023 ) ) ;
#10221 = EDGE_CURVE ( 'NONE', #1294, #1173, #383, .T. ) ;
#10222 = CARTESIAN_POINT ( 'NONE',  ( 6.193327580195699511, 2.542993619547070150, -3.090643051618059634 ) ) ;
#10223 = CARTESIAN_POINT ( 'NONE',  ( 4.651644044050000204, 8.190612184174995036, -2.297225805455998859 ) ) ;
#10224 = VERTEX_POINT ( 'NONE', #1896 ) ;
#10225 = VECTOR ( 'NONE', #427, 1000.000000000000000 ) ;
#10226 = CARTESIAN_POINT ( 'NONE',  ( 1.362180948023260729, 2.695482832378833571, -4.373776421069837106 ) ) ;
#10227 = CARTESIAN_POINT ( 'NONE',  ( 4.558054147937456335, 3.341743398535563347, -3.845905105885459196 ) ) ;
#10228 = CARTESIAN_POINT ( 'NONE',  ( 6.276222951525999960, 2.966392364606069698, -3.331264023413159858 ) ) ;
#10229 = DIRECTION ( 'NONE',  ( 0.000000000000000000, 0.000000000000000000, 1.000000000000000000 ) ) ;
#10230 = EDGE_CURVE ( 'NONE', #1101, #4191, #4267, .T. ) ;
#10231 = CARTESIAN_POINT ( 'NONE',  ( 6.022221421146000786, 3.054701348671069905, -2.867912073077879764 ) ) ;
#10232 = AXIS2_PLACEMENT_3D ( 'NONE', #7557, #9145, #1188 ) ;
#10233 = CARTESIAN_POINT ( 'NONE',  ( 2.199999999159000019, 0.7000000014231999579, -4.000000000000000000 ) ) ;
#10234 = EDGE_CURVE ( 'NONE', #1647, #5681, #3526, .T. ) ;
#10235 = CARTESIAN_POINT ( 'NONE',  ( 5.063981980907899860, 2.605724319386069965, -4.304018794803759818 ) ) ;
#10236 = CARTESIAN_POINT ( 'NONE',  ( 0.9389586955166009385, 3.131799785053070106, -4.080557153820959293 ) ) ;
#10237 = CARTESIAN_POINT ( 'NONE',  ( 1.034970436504700109, 2.824614575652069970, -2.711933704251360044 ) ) ;
#10238 = B_SPLINE_CURVE_WITH_KNOTS ( 'NONE', 3,
 ( #1948, #5163, #8366, #7580, #6006, #1211 ),
 .UNSPECIFIED., .F., .F.,
 ( 4, 1, 1, 4 ),
 ( 0.009336224776045230420, 0.1802631193727669834, 0.6251440895307799339, 0.9907996972049680773 ),
 .UNSPECIFIED. ) ;
#10239 = ORIENTED_EDGE ( 'NONE', *, *, #10186, .T. ) ;
#10240 = DIRECTION ( 'NONE',  ( 0.000000000000000000, 1.000000000000000000, 0.000000000000000000 ) ) ;
#10241 = CIRCLE ( 'NONE', #10072, 0.4000000000000001887 ) ;
#10242 = CYLINDRICAL_SURFACE ( 'NONE', #1385, 0.2000000000000000944 ) ;
#10243 = EDGE_CURVE ( 'NONE', #6493, #3947, #2050, .T. ) ;
#10244 = CARTESIAN_POINT ( 'NONE',  ( 2.353834482453000199, 2.966801028717070299, -2.726485870815179791 ) ) ;
#10245 = ORIENTED_EDGE ( 'NONE', *, *, #9559, .T. ) ;
#10246 = PLANE ( 'NONE',  #5522 ) ;
#10247 = ORIENTED_EDGE ( 'NONE', *, *, #2739, .F. ) ;
#10248 = CARTESIAN_POINT ( 'NONE',  ( 4.453222577959000006, 2.240976201065830065, -4.527497685406180139 ) ) ;
#10249 = EDGE_CURVE ( 'NONE', #368, #666, #1568, .T. ) ;
#10250 = CARTESIAN_POINT ( 'NONE',  ( 2.211670609430000045, 2.983645416504070003, -2.549845562347580419 ) ) ;
#10251 = VECTOR ( 'NONE', #1581, 1000.000000000000000 ) ;
#10252 = ORIENTED_EDGE ( 'NONE', *, *, #2145, .F. ) ;
#10253 = ORIENTED_EDGE ( 'NONE', *, *, #4563, .T. ) ;
#10254 = CARTESIAN_POINT ( 'NONE',  ( 2.525230104054998037, 8.119170083060001986, -2.354205657174001320 ) ) ;
#10255 = CARTESIAN_POINT ( 'NONE',  ( 4.303222577960999828, 2.250294765869069735, -1.549999999994079891 ) ) ;
#10256 = CARTESIAN_POINT ( 'NONE',  ( 5.225039181927029652, 2.830894158715069775, -2.493174503783559981 ) ) ;
#10257 = VECTOR ( 'NONE', #9751, 1000.000000000000114 ) ;
#10258 = PERSON_AND_ORGANIZATION ( #3295, #5944 ) ;
#10259 = VERTEX_POINT ( 'NONE', #3683 ) ;
#10260 = CARTESIAN_POINT ( 'NONE',  ( 7.000000000000000000, 8.500001019718999018, -1.400000001620999912 ) ) ;
#10261 = CARTESIAN_POINT ( 'NONE',  ( 1.188839509905790015, 3.014615851261290391, -4.047002462863900085 ) ) ;
#10262 = VERTEX_POINT ( 'NONE', #6797 ) ;
#10263 = VERTEX_POINT ( 'NONE', #7632 ) ;
#10264 = CARTESIAN_POINT ( 'NONE',  ( 1.750652989507710089, 3.232597894087070323, -2.492762963919860297 ) ) ;
#10265 = AXIS2_PLACEMENT_3D ( 'NONE', #1348, #4410, #7622 ) ;
#10266 = LINE ( 'NONE', #3059, #9582 ) ;
#10267 = CIRCLE ( 'NONE', #1865, 1.350000000000000089 ) ;
#10268 = CARTESIAN_POINT ( 'NONE',  ( 3.153222577959999828, 2.318420117541789782, -1.398893285064799930 ) ) ;
#10269 = ORIENTED_EDGE ( 'NONE', *, *, #10410, .F. ) ;
#10270 = DIRECTION ( 'NONE',  ( 1.000000000000000000, 0.000000000000000000, 0.000000000000000000 ) ) ;
#10271 = CARTESIAN_POINT ( 'NONE',  ( 4.648986231759999477, 8.275649317259004434, -4.607811241007000902 ) ) ;
#10272 = CARTESIAN_POINT ( 'NONE',  ( 6.699999999740000156, 0.7000000014231999579, 0.000000000000000000 ) ) ;
#10273 = EDGE_CURVE ( 'NONE', #7566, #6264, #732, .T. ) ;
#10274 = AXIS2_PLACEMENT_3D ( 'NONE', #1840, #8208, #5056 ) ;
#10275 = CARTESIAN_POINT ( 'NONE',  ( 4.380710332231499748, 3.302545853309070356, -2.863515085320180287 ) ) ;
#10276 = AXIS2_PLACEMENT_3D ( 'NONE', #1800, #8426, #2794 ) ;
#10277 = ORIENTED_EDGE ( 'NONE', *, *, #8884, .F. ) ;
#10278 = CARTESIAN_POINT ( 'NONE',  ( 3.053222577960999828, 4.700001019498999177, -1.549999999994079891 ) ) ;
#10279 = CARTESIAN_POINT ( 'NONE',  ( 1.205894899738159998, 3.026744524843079986, -2.866539571193429836 ) ) ;
#10280 = CARTESIAN_POINT ( 'NONE',  ( 0.9735980756782912637, 3.341743398537953880, -3.736095094847607712 ) ) ;
#10281 = CARTESIAN_POINT ( 'NONE',  ( 6.543277656330008796, 8.119867550508002907, -3.090585064000002546 ) ) ;
#10282 = VERTEX_POINT ( 'NONE', #7475 ) ;
#10283 = DIRECTION ( 'NONE',  ( 6.380943337820032240E-13, -0.9902259409882563368, 0.1394725270220710800 ) ) ;
#10284 = AXIS2_PLACEMENT_3D ( 'NONE', #723, #3186, #6405 ) ;
#10285 = CIRCLE ( 'NONE', #5750, 0.7000000000000000666 ) ;
#10286 = CARTESIAN_POINT ( 'NONE',  ( 3.053266796489997770, 8.083701904938999760, -4.013139665522000854 ) ) ;
#10287 = CARTESIAN_POINT ( 'NONE',  ( 2.505931563652899818, 2.668540146646070088, -3.196853126153559543 ) ) ;
#10289 = ADVANCED_FACE ( 'NONE', ( #1256 ), #5265, .T. ) ;
#10288 = CARTESIAN_POINT ( 'NONE',  ( 6.059793459440300012, 2.843453324843070007, -3.356384216412509947 ) ) ;
#10290 = CARTESIAN_POINT ( 'NONE',  ( 6.353222577958899997, 4.227894506827680310, -1.466112852112469778 ) ) ;
#10291 = EDGE_CURVE ( 'NONE', #9064, #9255, #564, .T. ) ;
#10292 = CARTESIAN_POINT ( 'NONE',  ( 5.540394171980000060, 3.176828649033069940, -4.382004290274180036 ) ) ;
#10293 = VECTOR ( 'NONE', #8663, 1000.000000000000000 ) ;
#10294 = CARTESIAN_POINT ( 'NONE',  ( 6.499999999249999938, 4.750001019718999906, -1.599999998521000055 ) ) ;
#10295 = CARTESIAN_POINT ( 'NONE',  ( 4.686926340120399992, 2.701675535888069746, -2.868081558503760231 ) ) ;
#10296 = CARTESIAN_POINT ( 'NONE',  ( 2.071865718127100298, 3.215247845658069981, -2.624768716414260350 ) ) ;
#10297 = CARTESIAN_POINT ( 'NONE',  ( 0.9483411604092010228, 2.719025584317070532, -3.082976728882460105 ) ) ;
#10298 = VERTEX_POINT ( 'NONE', #9997 ) ;
#10299 = PLANE ( 'NONE',  #9616 ) ;
#10300 = AXIS2_PLACEMENT_3D ( 'NONE', #5227, #5327, #386 ) ;
#10301 = DIRECTION ( 'NONE',  ( 0.9578262854881952615, 0.000000000000000000, -0.2873478846761990391 ) ) ;
#10302 = EDGE_CURVE ( 'NONE', #6415, #6066, #2909, .T. ) ;
#10303 = EDGE_CURVE ( 'NONE', #3833, #5694, #7122, .T. ) ;
#10304 = CARTESIAN_POINT ( 'NONE',  ( 2.400000645806000144, 3.029077696887069848, -4.069647047061879519 ) ) ;
#10305 = FACE_OUTER_BOUND ( 'NONE', #8513, .T. ) ;
#10306 = DIRECTION ( 'NONE',  ( 1.750986508564085117E-13, 0.000000000000000000, -1.000000000000000000 ) ) ;
#10307 = VERTEX_POINT ( 'NONE', #9309 ) ;
#10308 = DIRECTION ( 'NONE',  ( 0.000000000000000000, 1.000000000000000000, 0.000000000000000000 ) ) ;
#10309 = CARTESIAN_POINT ( 'NONE',  ( 2.183095854559999882, 2.981653082293069801, -2.536371549382780088 ) ) ;
#10310 = ORIENTED_EDGE ( 'NONE', *, *, #8795, .T. ) ;
#10311 = VERTEX_POINT ( 'NONE', #1055 ) ;
#10312 = CARTESIAN_POINT ( 'NONE',  ( 3.001382525513002442, 8.193242861652004549, -3.102205700097002250 ) ) ;
#10313 = PLANE ( 'NONE',  #1546 ) ;
#10314 = ADVANCED_FACE ( 'NONE', ( #1104 ), #2681, .F. ) ;
#10315 = CARTESIAN_POINT ( 'NONE',  ( 4.370028991821699904, 2.695395952824069852, -3.399907989019070431 ) ) ;
#10316 = DIRECTION ( 'NONE',  ( 0.000000000000000000, 1.000000000000000000, 0.000000000000000000 ) ) ;
#10317 = VERTEX_POINT ( 'NONE', #314 ) ;
#10318 = FACE_OUTER_BOUND ( 'NONE', #4524, .T. ) ;
#10319 = CARTESIAN_POINT ( 'NONE',  ( 5.253222577959999917, 2.370001019719070179, -3.449999998694359693 ) ) ;
#10320 = EDGE_LOOP ( 'NONE', ( #5356, #4565, #2830, #3879 ) ) ;
#10321 = CARTESIAN_POINT ( 'NONE',  ( 1.722900859429719933, 2.871873838636070264, -2.420578515728360358 ) ) ;
#10322 = CARTESIAN_POINT ( 'NONE',  ( 2.679550670390900002, 3.345899108403069810, -3.644613446233960108 ) ) ;
#10323 = CARTESIAN_POINT ( 'NONE',  ( 5.790308219064194795, 3.033901181188319640, -4.293518069549592475 ) ) ;
#10324 = VERTEX_POINT ( 'NONE', #5953 ) ;
#10325 = CARTESIAN_POINT ( 'NONE',  ( 6.499999999250099414, 0.8000000014230710388, -1.549999999994079891 ) ) ;
#10326 = EDGE_CURVE ( 'NONE', #8032, #678, #6897, .T. ) ;
#10327 = PLANE ( 'NONE',  #710 ) ;
#10328 = DIRECTION ( 'NONE',  ( 0.000000000000000000, -1.000000000000000000, 2.130333029133999934E-10 ) ) ;
#10329 = CARTESIAN_POINT ( 'NONE',  ( 5.862233086993000164, 3.479736513841069634, -4.211666862715280679 ) ) ;
#10330 = ORIENTED_EDGE ( 'NONE', *, *, #6699, .F. ) ;
#10331 = FACE_OUTER_BOUND ( 'NONE', #8575, .T. ) ;
#10332 = CARTESIAN_POINT ( 'NONE',  ( 5.553222577960000628, 7.270001019719069646, -2.339819833135567517 ) ) ;
#10333 = DIRECTION ( 'NONE',  ( 0.000000000000000000, 0.000000000000000000, 1.000000000000000000 ) ) ;
#10334 = CARTESIAN_POINT ( 'NONE',  ( 5.685594450260003541, 8.192101491125004742, -2.226405087722002296 ) ) ;
#10335 = ORIENTED_EDGE ( 'NONE', *, *, #5242, .F. ) ;
#10336 = EDGE_CURVE ( 'NONE', #8718, #10311, #1406, .T. ) ;
#10337 = CARTESIAN_POINT ( 'NONE',  ( 1.753222577959000050, 8.500001019718999018, -2.050000000499999864 ) ) ;
#10338 = CARTESIAN_POINT ( 'NONE',  ( 2.503313472596999656, 8.277582460683003518, -4.515013547535000171 ) ) ;
#10339 = LINE ( 'NONE', #2332, #9115 ) ;
#10340 = CARTESIAN_POINT ( 'NONE',  ( 5.693325827109700477, 2.914342219320069649, -4.132370595680260550 ) ) ;
#10341 = CARTESIAN_POINT ( 'NONE',  ( 2.512295726083889846, 2.822214599355239883, -3.706875579685710242 ) ) ;
#10342 = CARTESIAN_POINT ( 'NONE',  ( 6.282561530651000758, 3.040604348592070405, -3.235985081005379627 ) ) ;
#10343 = CARTESIAN_POINT ( 'NONE',  ( 5.753170890897714607, 2.570001019719070356, -3.457189184373805180 ) ) ;
#10344 = CARTESIAN_POINT ( 'NONE',  ( 5.329310230243280877, 2.627590517496070088, -4.383142536504459841 ) ) ;
#10345 = CARTESIAN_POINT ( 'NONE',  ( 0.8931991149458009538, 3.161708999610070236, -3.029679912821559462 ) ) ;
#10346 = CARTESIAN_POINT ( 'NONE',  ( 1.722900859429719933, 2.871873838636070264, -2.420578515728360358 ) ) ;
#10347 = ORIENTED_EDGE ( 'NONE', *, *, #3547, .T. ) ;
#10348 = CARTESIAN_POINT ( 'NONE',  ( 6.553222577960000628, 4.400000001423070017, -5.349999999994079936 ) ) ;
#10349 = CARTESIAN_POINT ( 'NONE',  ( 0.9418832281145775864, 2.670001019719068669, -3.796644147684181014 ) ) ;
#10350 = CARTESIAN_POINT ( 'NONE',  ( 2.782534509847999882, 3.051830518681069915, -3.235990699033880258 ) ) ;
#10351 = CARTESIAN_POINT ( 'NONE',  ( 1.646293367679906527, 3.076762022454368584, -4.447791836801703091 ) ) ;
#10352 = CARTESIAN_POINT ( 'NONE',  ( 1.071064215252698126, 2.911475503778946816, -2.718951483682325865 ) ) ;
#10353 = ORIENTED_EDGE ( 'NONE', *, *, #9773, .F. ) ;
#10354 = DIRECTION ( 'NONE',  ( -1.000000000000000000, 0.000000000000000000, 0.000000000000000000 ) ) ;
#10355 = CARTESIAN_POINT ( 'NONE',  ( 1.332697009636000018, 3.407075240700070395, -2.655266525868479999 ) ) ;
#10356 = EDGE_CURVE ( 'NONE', #6649, #8553, #8943, .T. ) ;
#10357 = VERTEX_POINT ( 'NONE', #1521 ) ;
#10358 = ORIENTED_EDGE ( 'NONE', *, *, #3361, .T. ) ;
#10359 = CARTESIAN_POINT ( 'NONE',  ( 0.4471202323884004848, 8.274612492246996354, -3.428761095782001167 ) ) ;
#10360 = CARTESIAN_POINT ( 'NONE',  ( 4.453222577959000006, 2.714506812042659867, -1.454927519863410179 ) ) ;
#10361 = AXIS2_PLACEMENT_3D ( 'NONE', #4854, #3686, #1058 ) ;
#10362 = CARTESIAN_POINT ( 'NONE',  ( 5.079518793484999684, 2.564744639465069920, -4.233903131572859913 ) ) ;
#10363 = LINE ( 'NONE', #8729, #7453 ) ;
#10364 = VERTEX_POINT ( 'NONE', #8675 ) ;
#10365 = CARTESIAN_POINT ( 'NONE',  ( 2.022849094609711518, 2.670001019719071778, -4.391267842312443825 ) ) ;
#10366 = CARTESIAN_POINT ( 'NONE',  ( 3.153222577962000006, 0.7000000014231999579, -1.649999999997080025 ) ) ;
#10367 = EDGE_LOOP ( 'NONE', ( #5099, #6037 ) ) ;
#10368 = CARTESIAN_POINT ( 'NONE',  ( 1.408232969089900033, 2.766284847302070027, -2.635431194644559660 ) ) ;
#10369 = EDGE_CURVE ( 'NONE', #6860, #2356, #10363, .T. ) ;
#10370 = PLANE ( 'NONE',  #5894 ) ;
#10371 = CARTESIAN_POINT ( 'NONE',  ( 0.9532225779590010051, 2.042160668637170051, -4.549232072371530045 ) ) ;
#10372 = VERTEX_POINT ( 'NONE', #2102 ) ;
#10373 = DIRECTION ( 'NONE',  ( 0.000000000000000000, 6.447695762250949225E-10, 1.000000000000000000 ) ) ;
#10374 = CARTESIAN_POINT ( 'NONE',  ( 3.153222577959999828, 4.200000001423520146, -1.664158040310059983 ) ) ;
#10375 = CARTESIAN_POINT ( 'NONE',  ( 0.6532225779590010717, 4.364219189800570220, -1.549999999994079891 ) ) ;
#10376 = CARTESIAN_POINT ( 'NONE',  ( 5.258268682258000482, 3.280838009472069938, -2.550900167590380185 ) ) ;
#10377 = ORIENTED_EDGE ( 'NONE', *, *, #1820, .T. ) ;
#10378 = CARTESIAN_POINT ( 'NONE',  ( 2.244062823770020643, 3.143874045941543738, -4.090476874492229520 ) ) ;
#10379 = ADVANCED_FACE ( 'NONE', ( #4518, #9520 ), #2993, .F. ) ;
#10380 = DIRECTION ( 'NONE',  ( -1.000000000000000000, -1.275646255181390067E-12, 1.753900063683230031E-13 ) ) ;
#10381 = CARTESIAN_POINT ( 'NONE',  ( 4.496658368790001248, 8.275426652571995945, -2.385006176411998524 ) ) ;
#10382 = VERTEX_POINT ( 'NONE', #3789 ) ;
#10383 = PLANE ( 'NONE',  #9763 ) ;
#10384 = CARTESIAN_POINT ( 'NONE',  ( 0.9749980473564999750, 8.117014359580995375, -4.545956885999003383 ) ) ;
#10385 = FACE_OUTER_BOUND ( 'NONE', #3744, .T. ) ;
#10386 = CARTESIAN_POINT ( 'NONE',  ( 4.624760767282499963, 2.607157009919069957, -3.964155367318859646 ) ) ;
#10387 = DIRECTION ( 'NONE',  ( 0.9998966258754281577, 0.000000000000000000, -0.01437837135889035410 ) ) ;
#10388 = CARTESIAN_POINT ( 'NONE',  ( 6.082234655012999980, 3.012499339455069869, -2.822485504236280196 ) ) ;
#10389 = CARTESIAN_POINT ( 'NONE',  ( 3.853222577960270012, 4.400000001423070017, -5.249999999991080024 ) ) ;
#10390 = DIRECTION ( 'NONE',  ( -2.360002081636334664E-10, 0.000000000000000000, 1.000000000000000000 ) ) ;
#10391 = AXIS2_PLACEMENT_3D ( 'NONE', #7212, #3365, #4946 ) ;
#10392 = CARTESIAN_POINT ( 'NONE',  ( 0.8716856377910010556, 3.097099688196070399, -3.376292538548929745 ) ) ;
#10393 = CARTESIAN_POINT ( 'NONE',  ( 2.650423496282000357, 2.596952963307070039, -3.581609182746880116 ) ) ;
#10394 = CARTESIAN_POINT ( 'NONE',  ( 6.053303909478340294, 2.767903178901190309, -1.063502306784960050 ) ) ;
#10395 = ORIENTED_EDGE ( 'NONE', *, *, #9073, .T. ) ;
#10396 = DIRECTION ( 'NONE',  ( -0.9706197661653157560, 0.000000000000000000, 0.2406185145187040020 ) ) ;
#10397 = CARTESIAN_POINT ( 'NONE',  ( 1.753222700031320080, 2.670002976677069650, -4.449993869428159776 ) ) ;
#10398 = CARTESIAN_POINT ( 'NONE',  ( 4.100000000260000554, 0.7000000014231999579, -6.299999999999999822 ) ) ;
#10399 = VECTOR ( 'NONE', #1954, 1000.000000000000000 ) ;
#10400 = DIRECTION ( 'NONE',  ( 0.000000000000000000, -1.073024830561760027E-15, 1.000000000000000000 ) ) ;
#10401 = EDGE_LOOP ( 'NONE', ( #461, #9728, #5799, #989 ) ) ;
#10402 = CARTESIAN_POINT ( 'NONE',  ( 5.253222577961000006, 2.250294765869069735, -1.549999999994079891 ) ) ;
#10403 = DIRECTION ( 'NONE',  ( 0.000000000000000000, 1.070816960479510155E-15, -1.000000000000000000 ) ) ;
#10404 = VERTEX_POINT ( 'NONE', #2941 ) ;
#10405 = AXIS2_PLACEMENT_3D ( 'NONE', #7614, #2812, #6034 ) ;
#10406 = ORIENTED_EDGE ( 'NONE', *, *, #1883, .F. ) ;
#10407 = LINE ( 'NONE', #7312, #2221 ) ;
#10408 = DIRECTION ( 'NONE',  ( -1.823613310203245015E-12, 1.000000000000000000, -1.090236451181999875E-12 ) ) ;
#10409 = CARTESIAN_POINT ( 'NONE',  ( 5.876751256277331414, 3.219456815165017360, -3.980432594663332324 ) ) ;
#10410 = EDGE_CURVE ( 'NONE', #1951, #5694, #8800, .T. ) ;
#10411 = ORIENTED_EDGE ( 'NONE', *, *, #453, .F. ) ;
#10412 = EDGE_CURVE ( 'NONE', #8425, #6465, #4255, .T. ) ;
#10413 = FACE_OUTER_BOUND ( 'NONE', #9880, .T. ) ;
#10414 = LINE ( 'NONE', #8793, #300 ) ;
#10415 = EDGE_LOOP ( 'NONE', ( #651, #5828, #6655, #3419 ) ) ;
#10416 = VECTOR ( 'NONE', #6104, 1000.000000000000000 ) ;
#10417 = B_SPLINE_SURFACE_WITH_KNOTS ( 'NONE', 3, 3, ( 
 ( #7256, #4094, #1819, #40 ),
 ( #8190, #6516, #7203, #6467 ),
 ( #1662, #4938, #980, #9824 ),
 ( #2614, #4883, #9720, #4189 ),
 ( #8143, #6623, #5826, #5033 ),
 ( #9146, #8345, #1190, #9873 ),
 ( #9294, #8397, #6719, #1975 ),
 ( #2661, #5875, #6778, #4245 ),
 ( #3566, #3455, #2767, #294 ),
 ( #9089, #6826, #2813, #4349 ),
 ( #9982, #7615, #1928, #1134 ),
 ( #6092, #2028, #7457, #4405 ),
 ( #2084, #5142, #404, #246 ),
 ( #3618, #7559, #349, #5192 ),
 ( #5983, #1875, #9193, #10025 ),
 ( #3506, #6035, #9242, #5249 ),
 ( #8450, #9927, #1241, #4451 ),
 ( #7663, #448, #7506, #5935 ),
 ( #8241, #3664, #10074, #2718 ),
 ( #1034, #6875, #5090, #6669 ),
 ( #2870, #8294, #1084, #4298 ),
 ( #3718, #6145, #3926, #719 ),
 ( #2925, #10182, #1446, #2135 ),
 ( #9551, #6193, #9393, #10133 ),
 ( #6984, #2288, #5507, #9340 ),
 ( #4498, #8707, #1499, #5346 ),
 ( #2241, #2184, #2972, #8549 ),
 ( #10295, #5399, #4715, #8607 ),
 ( #1398, #4611, #662, #3871 ),
 ( #501, #7922, #1341, #8658 ),
 ( #6933, #4553, #5455, #7089 ),
 ( #7141, #7767, #7815, #4662 ),
 ( #561, #3771, #609, #3820 ),
 ( #7032, #10235, #7866, #3026 ),
 ( #6346, #3081, #6247, #9447 ),
 ( #6299, #9500, #10344, #1290 ),
 ( #3128, #5295, #8500, #7713 ) ),
 .UNSPECIFIED., .F., .F., .F.,
 ( 4, 1, 1, 1, 1, 1, 1, 1, 1, 1, 1, 1, 1, 1, 1, 1, 1, 1, 1, 1, 1, 1, 1, 1, 1, 1, 1, 1, 1, 1, 1, 1, 1, 1, 4 ),
 ( 4, 4 ),
 ( 0.000000000000000000, 0.01045846005544039982, 0.02269762908908700208, 0.05451778011859410161, 0.08633793114810110747, 0.1181580821775790047, 0.1499782332070860036, 0.1817983842365930025, 0.2136185352660999737, 0.2454386862957049775, 0.2772588373251139715, 0.3090789883546209982, 0.3408991393842260020, 0.3727192904136349960, 0.4045394414432399999, 0.4363595924727470265, 0.4681797435021559650, 0.4999998945317610244, 0.5318200455612690503, 0.5636401965906779887, 0.5954603476202829926, 0.6272804986498879964, 0.6591006496791990132, 0.6909208007088040171, 0.7227409517384090210, 0.7545611027678180704, 0.7863812537973249306, 0.8182014048267339801, 0.8500215558563389839, 0.8818417068858459551, 0.9136618579152550046, 0.9454820089448600084, 0.9773021599744649013, 0.9895415334842950772, 1.000000000000000000 ),
 ( 0.000000000000000000, 1.000000000000000000 ),
 .UNSPECIFIED. ) ;
#10418 = CARTESIAN_POINT ( 'NONE',  ( 0.8700289918217009033, 2.695395952824069852, -3.399907989019070431 ) ) ;
#10419 = CARTESIAN_POINT ( 'NONE',  ( 2.676056090662899845, 3.344466468485069566, -2.992828825086159661 ) ) ;
#10420 = CARTESIAN_POINT ( 'NONE',  ( 4.656540179800300550, 2.934752600440069692, -3.968202695935380220 ) ) ;
ENDSEC;
END-ISO-10303-21;
